persona,camara,emocion,paths_joined
s1,HS_100fps,Negativo,C:\Users\iRoti\Desktop\tt\SMIC\SMIC_all_raw\HS\s1\micro\negative\s1_ne_01\image559740.bmp|C:\Users\iRoti\Desktop\tt\SMIC\SMIC_all_raw\HS\s1\micro\negative\s1_ne_01\image559741.bmp|C:\Users\iRoti\Desktop\tt\SMIC\SMIC_all_raw\HS\s1\micro\negative\s1_ne_01\image559742.bmp|C:\Users\iRoti\Desktop\tt\SMIC\SMIC_all_raw\HS\s1\micro\negative\s1_ne_01\image559743.bmp|C:\Users\iRoti\Desktop\tt\SMIC\SMIC_all_raw\HS\s1\micro\negative\s1_ne_01\image559744.bmp|C:\Users\iRoti\Desktop\tt\SMIC\SMIC_all_raw\HS\s1\micro\negative\s1_ne_01\image559745.bmp|C:\Users\iRoti\Desktop\tt\SMIC\SMIC_all_raw\HS\s1\micro\negative\s1_ne_01\image559746.bmp|C:\Users\iRoti\Desktop\tt\SMIC\SMIC_all_raw\HS\s1\micro\negative\s1_ne_01\image559747.bmp|C:\Users\iRoti\Desktop\tt\SMIC\SMIC_all_raw\HS\s1\micro\negative\s1_ne_01\image559748.bmp|C:\Users\iRoti\Desktop\tt\SMIC\SMIC_all_raw\HS\s1\micro\negative\s1_ne_01\image559749.bmp|C:\Users\iRoti\Desktop\tt\SMIC\SMIC_all_raw\HS\s1\micro\negative\s1_ne_01\image559750.bmp|C:\Users\iRoti\Desktop\tt\SMIC\SMIC_all_raw\HS\s1\micro\negative\s1_ne_01\image559751.bmp|C:\Users\iRoti\Desktop\tt\SMIC\SMIC_all_raw\HS\s1\micro\negative\s1_ne_01\image559752.bmp|C:\Users\iRoti\Desktop\tt\SMIC\SMIC_all_raw\HS\s1\micro\negative\s1_ne_01\image559753.bmp|C:\Users\iRoti\Desktop\tt\SMIC\SMIC_all_raw\HS\s1\micro\negative\s1_ne_01\image559754.bmp|C:\Users\iRoti\Desktop\tt\SMIC\SMIC_all_raw\HS\s1\micro\negative\s1_ne_01\image559755.bmp|C:\Users\iRoti\Desktop\tt\SMIC\SMIC_all_raw\HS\s1\micro\negative\s1_ne_01\image559756.bmp|C:\Users\iRoti\Desktop\tt\SMIC\SMIC_all_raw\HS\s1\micro\negative\s1_ne_01\image559757.bmp|C:\Users\iRoti\Desktop\tt\SMIC\SMIC_all_raw\HS\s1\micro\negative\s1_ne_01\image559758.bmp|C:\Users\iRoti\Desktop\tt\SMIC\SMIC_all_raw\HS\s1\micro\negative\s1_ne_01\image559759.bmp|C:\Users\iRoti\Desktop\tt\SMIC\SMIC_all_raw\HS\s1\micro\negative\s1_ne_01\image559760.bmp|C:\Users\iRoti\Desktop\tt\SMIC\SMIC_all_raw\HS\s1\micro\negative\s1_ne_01\image559761.bmp|C:\Users\iRoti\Desktop\tt\SMIC\SMIC_all_raw\HS\s1\micro\negative\s1_ne_01\image559762.bmp|C:\Users\iRoti\Desktop\tt\SMIC\SMIC_all_raw\HS\s1\micro\negative\s1_ne_01\image559763.bmp|C:\Users\iRoti\Desktop\tt\SMIC\SMIC_all_raw\HS\s1\micro\negative\s1_ne_01\image559764.bmp|C:\Users\iRoti\Desktop\tt\SMIC\SMIC_all_raw\HS\s1\micro\negative\s1_ne_01\image559765.bmp|C:\Users\iRoti\Desktop\tt\SMIC\SMIC_all_raw\HS\s1\micro\negative\s1_ne_01\image559766.bmp|C:\Users\iRoti\Desktop\tt\SMIC\SMIC_all_raw\HS\s1\micro\negative\s1_ne_01\image559767.bmp|C:\Users\iRoti\Desktop\tt\SMIC\SMIC_all_raw\HS\s1\micro\negative\s1_ne_01\image559768.bmp|C:\Users\iRoti\Desktop\tt\SMIC\SMIC_all_raw\HS\s1\micro\negative\s1_ne_01\image559769.bmp|C:\Users\iRoti\Desktop\tt\SMIC\SMIC_all_raw\HS\s1\micro\negative\s1_ne_01\image559770.bmp|C:\Users\iRoti\Desktop\tt\SMIC\SMIC_all_raw\HS\s1\micro\negative\s1_ne_01\image559771.bmp|C:\Users\iRoti\Desktop\tt\SMIC\SMIC_all_raw\HS\s1\micro\negative\s1_ne_01\image559772.bmp|C:\Users\iRoti\Desktop\tt\SMIC\SMIC_all_raw\HS\s1\micro\negative\s1_ne_01\image559773.bmp|C:\Users\iRoti\Desktop\tt\SMIC\SMIC_all_raw\HS\s1\micro\negative\s1_ne_01\image559774.bmp|C:\Users\iRoti\Desktop\tt\SMIC\SMIC_all_raw\HS\s1\micro\negative\s1_ne_01\image559775.bmp
s1,HS_100fps,Negativo,C:\Users\iRoti\Desktop\tt\SMIC\SMIC_all_raw\HS\s1\micro\negative\s1_ne_02\image563854.bmp|C:\Users\iRoti\Desktop\tt\SMIC\SMIC_all_raw\HS\s1\micro\negative\s1_ne_02\image563855.bmp|C:\Users\iRoti\Desktop\tt\SMIC\SMIC_all_raw\HS\s1\micro\negative\s1_ne_02\image563856.bmp|C:\Users\iRoti\Desktop\tt\SMIC\SMIC_all_raw\HS\s1\micro\negative\s1_ne_02\image563857.bmp|C:\Users\iRoti\Desktop\tt\SMIC\SMIC_all_raw\HS\s1\micro\negative\s1_ne_02\image563858.bmp|C:\Users\iRoti\Desktop\tt\SMIC\SMIC_all_raw\HS\s1\micro\negative\s1_ne_02\image563859.bmp|C:\Users\iRoti\Desktop\tt\SMIC\SMIC_all_raw\HS\s1\micro\negative\s1_ne_02\image563860.bmp|C:\Users\iRoti\Desktop\tt\SMIC\SMIC_all_raw\HS\s1\micro\negative\s1_ne_02\image563861.bmp|C:\Users\iRoti\Desktop\tt\SMIC\SMIC_all_raw\HS\s1\micro\negative\s1_ne_02\image563862.bmp|C:\Users\iRoti\Desktop\tt\SMIC\SMIC_all_raw\HS\s1\micro\negative\s1_ne_02\image563863.bmp|C:\Users\iRoti\Desktop\tt\SMIC\SMIC_all_raw\HS\s1\micro\negative\s1_ne_02\image563864.bmp|C:\Users\iRoti\Desktop\tt\SMIC\SMIC_all_raw\HS\s1\micro\negative\s1_ne_02\image563865.bmp|C:\Users\iRoti\Desktop\tt\SMIC\SMIC_all_raw\HS\s1\micro\negative\s1_ne_02\image563866.bmp|C:\Users\iRoti\Desktop\tt\SMIC\SMIC_all_raw\HS\s1\micro\negative\s1_ne_02\image563867.bmp|C:\Users\iRoti\Desktop\tt\SMIC\SMIC_all_raw\HS\s1\micro\negative\s1_ne_02\image563868.bmp|C:\Users\iRoti\Desktop\tt\SMIC\SMIC_all_raw\HS\s1\micro\negative\s1_ne_02\image563869.bmp|C:\Users\iRoti\Desktop\tt\SMIC\SMIC_all_raw\HS\s1\micro\negative\s1_ne_02\image563870.bmp|C:\Users\iRoti\Desktop\tt\SMIC\SMIC_all_raw\HS\s1\micro\negative\s1_ne_02\image563871.bmp|C:\Users\iRoti\Desktop\tt\SMIC\SMIC_all_raw\HS\s1\micro\negative\s1_ne_02\image563872.bmp|C:\Users\iRoti\Desktop\tt\SMIC\SMIC_all_raw\HS\s1\micro\negative\s1_ne_02\image563873.bmp|C:\Users\iRoti\Desktop\tt\SMIC\SMIC_all_raw\HS\s1\micro\negative\s1_ne_02\image563874.bmp|C:\Users\iRoti\Desktop\tt\SMIC\SMIC_all_raw\HS\s1\micro\negative\s1_ne_02\image563875.bmp|C:\Users\iRoti\Desktop\tt\SMIC\SMIC_all_raw\HS\s1\micro\negative\s1_ne_02\image563876.bmp|C:\Users\iRoti\Desktop\tt\SMIC\SMIC_all_raw\HS\s1\micro\negative\s1_ne_02\image563877.bmp|C:\Users\iRoti\Desktop\tt\SMIC\SMIC_all_raw\HS\s1\micro\negative\s1_ne_02\image563878.bmp|C:\Users\iRoti\Desktop\tt\SMIC\SMIC_all_raw\HS\s1\micro\negative\s1_ne_02\image563879.bmp|C:\Users\iRoti\Desktop\tt\SMIC\SMIC_all_raw\HS\s1\micro\negative\s1_ne_02\image563880.bmp|C:\Users\iRoti\Desktop\tt\SMIC\SMIC_all_raw\HS\s1\micro\negative\s1_ne_02\image563881.bmp|C:\Users\iRoti\Desktop\tt\SMIC\SMIC_all_raw\HS\s1\micro\negative\s1_ne_02\image563882.bmp|C:\Users\iRoti\Desktop\tt\SMIC\SMIC_all_raw\HS\s1\micro\negative\s1_ne_02\image563883.bmp|C:\Users\iRoti\Desktop\tt\SMIC\SMIC_all_raw\HS\s1\micro\negative\s1_ne_02\image563884.bmp|C:\Users\iRoti\Desktop\tt\SMIC\SMIC_all_raw\HS\s1\micro\negative\s1_ne_02\image563885.bmp
s1,HS_100fps,Negativo,C:\Users\iRoti\Desktop\tt\SMIC\SMIC_all_raw\HS\s1\micro\negative\s1_ne_03\image658536.bmp|C:\Users\iRoti\Desktop\tt\SMIC\SMIC_all_raw\HS\s1\micro\negative\s1_ne_03\image658537.bmp|C:\Users\iRoti\Desktop\tt\SMIC\SMIC_all_raw\HS\s1\micro\negative\s1_ne_03\image658538.bmp|C:\Users\iRoti\Desktop\tt\SMIC\SMIC_all_raw\HS\s1\micro\negative\s1_ne_03\image658539.bmp|C:\Users\iRoti\Desktop\tt\SMIC\SMIC_all_raw\HS\s1\micro\negative\s1_ne_03\image658540.bmp|C:\Users\iRoti\Desktop\tt\SMIC\SMIC_all_raw\HS\s1\micro\negative\s1_ne_03\image658541.bmp|C:\Users\iRoti\Desktop\tt\SMIC\SMIC_all_raw\HS\s1\micro\negative\s1_ne_03\image658542.bmp|C:\Users\iRoti\Desktop\tt\SMIC\SMIC_all_raw\HS\s1\micro\negative\s1_ne_03\image658543.bmp|C:\Users\iRoti\Desktop\tt\SMIC\SMIC_all_raw\HS\s1\micro\negative\s1_ne_03\image658544.bmp|C:\Users\iRoti\Desktop\tt\SMIC\SMIC_all_raw\HS\s1\micro\negative\s1_ne_03\image658545.bmp|C:\Users\iRoti\Desktop\tt\SMIC\SMIC_all_raw\HS\s1\micro\negative\s1_ne_03\image658546.bmp|C:\Users\iRoti\Desktop\tt\SMIC\SMIC_all_raw\HS\s1\micro\negative\s1_ne_03\image658547.bmp|C:\Users\iRoti\Desktop\tt\SMIC\SMIC_all_raw\HS\s1\micro\negative\s1_ne_03\image658548.bmp|C:\Users\iRoti\Desktop\tt\SMIC\SMIC_all_raw\HS\s1\micro\negative\s1_ne_03\image658549.bmp|C:\Users\iRoti\Desktop\tt\SMIC\SMIC_all_raw\HS\s1\micro\negative\s1_ne_03\image658550.bmp|C:\Users\iRoti\Desktop\tt\SMIC\SMIC_all_raw\HS\s1\micro\negative\s1_ne_03\image658551.bmp|C:\Users\iRoti\Desktop\tt\SMIC\SMIC_all_raw\HS\s1\micro\negative\s1_ne_03\image658552.bmp|C:\Users\iRoti\Desktop\tt\SMIC\SMIC_all_raw\HS\s1\micro\negative\s1_ne_03\image658553.bmp|C:\Users\iRoti\Desktop\tt\SMIC\SMIC_all_raw\HS\s1\micro\negative\s1_ne_03\image658554.bmp|C:\Users\iRoti\Desktop\tt\SMIC\SMIC_all_raw\HS\s1\micro\negative\s1_ne_03\image658555.bmp|C:\Users\iRoti\Desktop\tt\SMIC\SMIC_all_raw\HS\s1\micro\negative\s1_ne_03\image658556.bmp|C:\Users\iRoti\Desktop\tt\SMIC\SMIC_all_raw\HS\s1\micro\negative\s1_ne_03\image658557.bmp|C:\Users\iRoti\Desktop\tt\SMIC\SMIC_all_raw\HS\s1\micro\negative\s1_ne_03\image658558.bmp|C:\Users\iRoti\Desktop\tt\SMIC\SMIC_all_raw\HS\s1\micro\negative\s1_ne_03\image658559.bmp|C:\Users\iRoti\Desktop\tt\SMIC\SMIC_all_raw\HS\s1\micro\negative\s1_ne_03\image658560.bmp|C:\Users\iRoti\Desktop\tt\SMIC\SMIC_all_raw\HS\s1\micro\negative\s1_ne_03\image658561.bmp|C:\Users\iRoti\Desktop\tt\SMIC\SMIC_all_raw\HS\s1\micro\negative\s1_ne_03\image658562.bmp
s1,HS_100fps,Felicidad,C:\Users\iRoti\Desktop\tt\SMIC\SMIC_all_raw\HS\s1\micro\positive\s1_po_01\image701843.bmp|C:\Users\iRoti\Desktop\tt\SMIC\SMIC_all_raw\HS\s1\micro\positive\s1_po_01\image701844.bmp|C:\Users\iRoti\Desktop\tt\SMIC\SMIC_all_raw\HS\s1\micro\positive\s1_po_01\image701845.bmp|C:\Users\iRoti\Desktop\tt\SMIC\SMIC_all_raw\HS\s1\micro\positive\s1_po_01\image701846.bmp|C:\Users\iRoti\Desktop\tt\SMIC\SMIC_all_raw\HS\s1\micro\positive\s1_po_01\image701847.bmp|C:\Users\iRoti\Desktop\tt\SMIC\SMIC_all_raw\HS\s1\micro\positive\s1_po_01\image701848.bmp|C:\Users\iRoti\Desktop\tt\SMIC\SMIC_all_raw\HS\s1\micro\positive\s1_po_01\image701849.bmp|C:\Users\iRoti\Desktop\tt\SMIC\SMIC_all_raw\HS\s1\micro\positive\s1_po_01\image701850.bmp|C:\Users\iRoti\Desktop\tt\SMIC\SMIC_all_raw\HS\s1\micro\positive\s1_po_01\image701851.bmp|C:\Users\iRoti\Desktop\tt\SMIC\SMIC_all_raw\HS\s1\micro\positive\s1_po_01\image701852.bmp|C:\Users\iRoti\Desktop\tt\SMIC\SMIC_all_raw\HS\s1\micro\positive\s1_po_01\image701853.bmp|C:\Users\iRoti\Desktop\tt\SMIC\SMIC_all_raw\HS\s1\micro\positive\s1_po_01\image701854.bmp|C:\Users\iRoti\Desktop\tt\SMIC\SMIC_all_raw\HS\s1\micro\positive\s1_po_01\image701855.bmp|C:\Users\iRoti\Desktop\tt\SMIC\SMIC_all_raw\HS\s1\micro\positive\s1_po_01\image701856.bmp|C:\Users\iRoti\Desktop\tt\SMIC\SMIC_all_raw\HS\s1\micro\positive\s1_po_01\image701857.bmp|C:\Users\iRoti\Desktop\tt\SMIC\SMIC_all_raw\HS\s1\micro\positive\s1_po_01\image701858.bmp|C:\Users\iRoti\Desktop\tt\SMIC\SMIC_all_raw\HS\s1\micro\positive\s1_po_01\image701859.bmp|C:\Users\iRoti\Desktop\tt\SMIC\SMIC_all_raw\HS\s1\micro\positive\s1_po_01\image701860.bmp|C:\Users\iRoti\Desktop\tt\SMIC\SMIC_all_raw\HS\s1\micro\positive\s1_po_01\image701861.bmp|C:\Users\iRoti\Desktop\tt\SMIC\SMIC_all_raw\HS\s1\micro\positive\s1_po_01\image701862.bmp|C:\Users\iRoti\Desktop\tt\SMIC\SMIC_all_raw\HS\s1\micro\positive\s1_po_01\image701863.bmp|C:\Users\iRoti\Desktop\tt\SMIC\SMIC_all_raw\HS\s1\micro\positive\s1_po_01\image701864.bmp|C:\Users\iRoti\Desktop\tt\SMIC\SMIC_all_raw\HS\s1\micro\positive\s1_po_01\image701865.bmp
s1,HS_100fps,Felicidad,C:\Users\iRoti\Desktop\tt\SMIC\SMIC_all_raw\HS\s1\micro\positive\s1_po_02\image702609.bmp|C:\Users\iRoti\Desktop\tt\SMIC\SMIC_all_raw\HS\s1\micro\positive\s1_po_02\image702610.bmp|C:\Users\iRoti\Desktop\tt\SMIC\SMIC_all_raw\HS\s1\micro\positive\s1_po_02\image702611.bmp|C:\Users\iRoti\Desktop\tt\SMIC\SMIC_all_raw\HS\s1\micro\positive\s1_po_02\image702612.bmp|C:\Users\iRoti\Desktop\tt\SMIC\SMIC_all_raw\HS\s1\micro\positive\s1_po_02\image702613.bmp|C:\Users\iRoti\Desktop\tt\SMIC\SMIC_all_raw\HS\s1\micro\positive\s1_po_02\image702614.bmp|C:\Users\iRoti\Desktop\tt\SMIC\SMIC_all_raw\HS\s1\micro\positive\s1_po_02\image702615.bmp|C:\Users\iRoti\Desktop\tt\SMIC\SMIC_all_raw\HS\s1\micro\positive\s1_po_02\image702616.bmp|C:\Users\iRoti\Desktop\tt\SMIC\SMIC_all_raw\HS\s1\micro\positive\s1_po_02\image702617.bmp|C:\Users\iRoti\Desktop\tt\SMIC\SMIC_all_raw\HS\s1\micro\positive\s1_po_02\image702618.bmp|C:\Users\iRoti\Desktop\tt\SMIC\SMIC_all_raw\HS\s1\micro\positive\s1_po_02\image702619.bmp|C:\Users\iRoti\Desktop\tt\SMIC\SMIC_all_raw\HS\s1\micro\positive\s1_po_02\image702620.bmp|C:\Users\iRoti\Desktop\tt\SMIC\SMIC_all_raw\HS\s1\micro\positive\s1_po_02\image702621.bmp|C:\Users\iRoti\Desktop\tt\SMIC\SMIC_all_raw\HS\s1\micro\positive\s1_po_02\image702622.bmp|C:\Users\iRoti\Desktop\tt\SMIC\SMIC_all_raw\HS\s1\micro\positive\s1_po_02\image702623.bmp|C:\Users\iRoti\Desktop\tt\SMIC\SMIC_all_raw\HS\s1\micro\positive\s1_po_02\image702624.bmp|C:\Users\iRoti\Desktop\tt\SMIC\SMIC_all_raw\HS\s1\micro\positive\s1_po_02\image702625.bmp|C:\Users\iRoti\Desktop\tt\SMIC\SMIC_all_raw\HS\s1\micro\positive\s1_po_02\image702626.bmp|C:\Users\iRoti\Desktop\tt\SMIC\SMIC_all_raw\HS\s1\micro\positive\s1_po_02\image702627.bmp|C:\Users\iRoti\Desktop\tt\SMIC\SMIC_all_raw\HS\s1\micro\positive\s1_po_02\image702628.bmp|C:\Users\iRoti\Desktop\tt\SMIC\SMIC_all_raw\HS\s1\micro\positive\s1_po_02\image702629.bmp|C:\Users\iRoti\Desktop\tt\SMIC\SMIC_all_raw\HS\s1\micro\positive\s1_po_02\image702630.bmp|C:\Users\iRoti\Desktop\tt\SMIC\SMIC_all_raw\HS\s1\micro\positive\s1_po_02\image702631.bmp|C:\Users\iRoti\Desktop\tt\SMIC\SMIC_all_raw\HS\s1\micro\positive\s1_po_02\image702632.bmp|C:\Users\iRoti\Desktop\tt\SMIC\SMIC_all_raw\HS\s1\micro\positive\s1_po_02\image702633.bmp|C:\Users\iRoti\Desktop\tt\SMIC\SMIC_all_raw\HS\s1\micro\positive\s1_po_02\image702634.bmp|C:\Users\iRoti\Desktop\tt\SMIC\SMIC_all_raw\HS\s1\micro\positive\s1_po_02\image702635.bmp|C:\Users\iRoti\Desktop\tt\SMIC\SMIC_all_raw\HS\s1\micro\positive\s1_po_02\image702636.bmp|C:\Users\iRoti\Desktop\tt\SMIC\SMIC_all_raw\HS\s1\micro\positive\s1_po_02\image702637.bmp|C:\Users\iRoti\Desktop\tt\SMIC\SMIC_all_raw\HS\s1\micro\positive\s1_po_02\image702638.bmp
s1,HS_100fps,Sorpresa,C:\Users\iRoti\Desktop\tt\SMIC\SMIC_all_raw\HS\s1\micro\surprise\s1_sur_01\image549990.bmp|C:\Users\iRoti\Desktop\tt\SMIC\SMIC_all_raw\HS\s1\micro\surprise\s1_sur_01\image549991.bmp|C:\Users\iRoti\Desktop\tt\SMIC\SMIC_all_raw\HS\s1\micro\surprise\s1_sur_01\image549992.bmp|C:\Users\iRoti\Desktop\tt\SMIC\SMIC_all_raw\HS\s1\micro\surprise\s1_sur_01\image549993.bmp|C:\Users\iRoti\Desktop\tt\SMIC\SMIC_all_raw\HS\s1\micro\surprise\s1_sur_01\image549994.bmp|C:\Users\iRoti\Desktop\tt\SMIC\SMIC_all_raw\HS\s1\micro\surprise\s1_sur_01\image549995.bmp|C:\Users\iRoti\Desktop\tt\SMIC\SMIC_all_raw\HS\s1\micro\surprise\s1_sur_01\image549996.bmp|C:\Users\iRoti\Desktop\tt\SMIC\SMIC_all_raw\HS\s1\micro\surprise\s1_sur_01\image549997.bmp|C:\Users\iRoti\Desktop\tt\SMIC\SMIC_all_raw\HS\s1\micro\surprise\s1_sur_01\image549998.bmp|C:\Users\iRoti\Desktop\tt\SMIC\SMIC_all_raw\HS\s1\micro\surprise\s1_sur_01\image549999.bmp|C:\Users\iRoti\Desktop\tt\SMIC\SMIC_all_raw\HS\s1\micro\surprise\s1_sur_01\image550000.bmp|C:\Users\iRoti\Desktop\tt\SMIC\SMIC_all_raw\HS\s1\micro\surprise\s1_sur_01\image550001.bmp|C:\Users\iRoti\Desktop\tt\SMIC\SMIC_all_raw\HS\s1\micro\surprise\s1_sur_01\image550002.bmp|C:\Users\iRoti\Desktop\tt\SMIC\SMIC_all_raw\HS\s1\micro\surprise\s1_sur_01\image550003.bmp|C:\Users\iRoti\Desktop\tt\SMIC\SMIC_all_raw\HS\s1\micro\surprise\s1_sur_01\image550004.bmp|C:\Users\iRoti\Desktop\tt\SMIC\SMIC_all_raw\HS\s1\micro\surprise\s1_sur_01\image550005.bmp|C:\Users\iRoti\Desktop\tt\SMIC\SMIC_all_raw\HS\s1\micro\surprise\s1_sur_01\image550006.bmp|C:\Users\iRoti\Desktop\tt\SMIC\SMIC_all_raw\HS\s1\micro\surprise\s1_sur_01\image550007.bmp|C:\Users\iRoti\Desktop\tt\SMIC\SMIC_all_raw\HS\s1\micro\surprise\s1_sur_01\image550008.bmp|C:\Users\iRoti\Desktop\tt\SMIC\SMIC_all_raw\HS\s1\micro\surprise\s1_sur_01\image550009.bmp|C:\Users\iRoti\Desktop\tt\SMIC\SMIC_all_raw\HS\s1\micro\surprise\s1_sur_01\image550010.bmp|C:\Users\iRoti\Desktop\tt\SMIC\SMIC_all_raw\HS\s1\micro\surprise\s1_sur_01\image550011.bmp|C:\Users\iRoti\Desktop\tt\SMIC\SMIC_all_raw\HS\s1\micro\surprise\s1_sur_01\image550012.bmp|C:\Users\iRoti\Desktop\tt\SMIC\SMIC_all_raw\HS\s1\micro\surprise\s1_sur_01\image550013.bmp|C:\Users\iRoti\Desktop\tt\SMIC\SMIC_all_raw\HS\s1\micro\surprise\s1_sur_01\image550014.bmp|C:\Users\iRoti\Desktop\tt\SMIC\SMIC_all_raw\HS\s1\micro\surprise\s1_sur_01\image550015.bmp|C:\Users\iRoti\Desktop\tt\SMIC\SMIC_all_raw\HS\s1\micro\surprise\s1_sur_01\image550016.bmp|C:\Users\iRoti\Desktop\tt\SMIC\SMIC_all_raw\HS\s1\micro\surprise\s1_sur_01\image550017.bmp|C:\Users\iRoti\Desktop\tt\SMIC\SMIC_all_raw\HS\s1\micro\surprise\s1_sur_01\image550018.bmp|C:\Users\iRoti\Desktop\tt\SMIC\SMIC_all_raw\HS\s1\micro\surprise\s1_sur_01\image550019.bmp|C:\Users\iRoti\Desktop\tt\SMIC\SMIC_all_raw\HS\s1\micro\surprise\s1_sur_01\image550020.bmp|C:\Users\iRoti\Desktop\tt\SMIC\SMIC_all_raw\HS\s1\micro\surprise\s1_sur_01\image550021.bmp|C:\Users\iRoti\Desktop\tt\SMIC\SMIC_all_raw\HS\s1\micro\surprise\s1_sur_01\image550022.bmp
s1,HS_100fps,Neutral,C:\Users\iRoti\Desktop\tt\SMIC\SMIC_all_raw\HS\s1\non_micro\s1_n1\image655788.bmp|C:\Users\iRoti\Desktop\tt\SMIC\SMIC_all_raw\HS\s1\non_micro\s1_n1\image655789.bmp|C:\Users\iRoti\Desktop\tt\SMIC\SMIC_all_raw\HS\s1\non_micro\s1_n1\image655790.bmp|C:\Users\iRoti\Desktop\tt\SMIC\SMIC_all_raw\HS\s1\non_micro\s1_n1\image655791.bmp|C:\Users\iRoti\Desktop\tt\SMIC\SMIC_all_raw\HS\s1\non_micro\s1_n1\image655792.bmp|C:\Users\iRoti\Desktop\tt\SMIC\SMIC_all_raw\HS\s1\non_micro\s1_n1\image655793.bmp|C:\Users\iRoti\Desktop\tt\SMIC\SMIC_all_raw\HS\s1\non_micro\s1_n1\image655794.bmp|C:\Users\iRoti\Desktop\tt\SMIC\SMIC_all_raw\HS\s1\non_micro\s1_n1\image655795.bmp|C:\Users\iRoti\Desktop\tt\SMIC\SMIC_all_raw\HS\s1\non_micro\s1_n1\image655796.bmp|C:\Users\iRoti\Desktop\tt\SMIC\SMIC_all_raw\HS\s1\non_micro\s1_n1\image655797.bmp|C:\Users\iRoti\Desktop\tt\SMIC\SMIC_all_raw\HS\s1\non_micro\s1_n1\image655798.bmp|C:\Users\iRoti\Desktop\tt\SMIC\SMIC_all_raw\HS\s1\non_micro\s1_n1\image655799.bmp|C:\Users\iRoti\Desktop\tt\SMIC\SMIC_all_raw\HS\s1\non_micro\s1_n1\image655800.bmp|C:\Users\iRoti\Desktop\tt\SMIC\SMIC_all_raw\HS\s1\non_micro\s1_n1\image655801.bmp|C:\Users\iRoti\Desktop\tt\SMIC\SMIC_all_raw\HS\s1\non_micro\s1_n1\image655802.bmp|C:\Users\iRoti\Desktop\tt\SMIC\SMIC_all_raw\HS\s1\non_micro\s1_n1\image655803.bmp|C:\Users\iRoti\Desktop\tt\SMIC\SMIC_all_raw\HS\s1\non_micro\s1_n1\image655804.bmp|C:\Users\iRoti\Desktop\tt\SMIC\SMIC_all_raw\HS\s1\non_micro\s1_n1\image655805.bmp|C:\Users\iRoti\Desktop\tt\SMIC\SMIC_all_raw\HS\s1\non_micro\s1_n1\image655806.bmp|C:\Users\iRoti\Desktop\tt\SMIC\SMIC_all_raw\HS\s1\non_micro\s1_n1\image655807.bmp|C:\Users\iRoti\Desktop\tt\SMIC\SMIC_all_raw\HS\s1\non_micro\s1_n1\image655808.bmp|C:\Users\iRoti\Desktop\tt\SMIC\SMIC_all_raw\HS\s1\non_micro\s1_n1\image655809.bmp|C:\Users\iRoti\Desktop\tt\SMIC\SMIC_all_raw\HS\s1\non_micro\s1_n1\image655810.bmp|C:\Users\iRoti\Desktop\tt\SMIC\SMIC_all_raw\HS\s1\non_micro\s1_n1\image655811.bmp
s1,HS_100fps,Neutral,C:\Users\iRoti\Desktop\tt\SMIC\SMIC_all_raw\HS\s1\non_micro\s1_n2\image655846.bmp|C:\Users\iRoti\Desktop\tt\SMIC\SMIC_all_raw\HS\s1\non_micro\s1_n2\image655847.bmp|C:\Users\iRoti\Desktop\tt\SMIC\SMIC_all_raw\HS\s1\non_micro\s1_n2\image655848.bmp|C:\Users\iRoti\Desktop\tt\SMIC\SMIC_all_raw\HS\s1\non_micro\s1_n2\image655849.bmp|C:\Users\iRoti\Desktop\tt\SMIC\SMIC_all_raw\HS\s1\non_micro\s1_n2\image655850.bmp|C:\Users\iRoti\Desktop\tt\SMIC\SMIC_all_raw\HS\s1\non_micro\s1_n2\image655851.bmp|C:\Users\iRoti\Desktop\tt\SMIC\SMIC_all_raw\HS\s1\non_micro\s1_n2\image655852.bmp|C:\Users\iRoti\Desktop\tt\SMIC\SMIC_all_raw\HS\s1\non_micro\s1_n2\image655853.bmp|C:\Users\iRoti\Desktop\tt\SMIC\SMIC_all_raw\HS\s1\non_micro\s1_n2\image655854.bmp|C:\Users\iRoti\Desktop\tt\SMIC\SMIC_all_raw\HS\s1\non_micro\s1_n2\image655855.bmp|C:\Users\iRoti\Desktop\tt\SMIC\SMIC_all_raw\HS\s1\non_micro\s1_n2\image655856.bmp|C:\Users\iRoti\Desktop\tt\SMIC\SMIC_all_raw\HS\s1\non_micro\s1_n2\image655857.bmp|C:\Users\iRoti\Desktop\tt\SMIC\SMIC_all_raw\HS\s1\non_micro\s1_n2\image655858.bmp|C:\Users\iRoti\Desktop\tt\SMIC\SMIC_all_raw\HS\s1\non_micro\s1_n2\image655859.bmp|C:\Users\iRoti\Desktop\tt\SMIC\SMIC_all_raw\HS\s1\non_micro\s1_n2\image655860.bmp
s1,HS_100fps,Neutral,C:\Users\iRoti\Desktop\tt\SMIC\SMIC_all_raw\HS\s1\non_micro\s1_n3\image655872.bmp|C:\Users\iRoti\Desktop\tt\SMIC\SMIC_all_raw\HS\s1\non_micro\s1_n3\image655873.bmp|C:\Users\iRoti\Desktop\tt\SMIC\SMIC_all_raw\HS\s1\non_micro\s1_n3\image655874.bmp|C:\Users\iRoti\Desktop\tt\SMIC\SMIC_all_raw\HS\s1\non_micro\s1_n3\image655875.bmp|C:\Users\iRoti\Desktop\tt\SMIC\SMIC_all_raw\HS\s1\non_micro\s1_n3\image655876.bmp|C:\Users\iRoti\Desktop\tt\SMIC\SMIC_all_raw\HS\s1\non_micro\s1_n3\image655877.bmp|C:\Users\iRoti\Desktop\tt\SMIC\SMIC_all_raw\HS\s1\non_micro\s1_n3\image655878.bmp|C:\Users\iRoti\Desktop\tt\SMIC\SMIC_all_raw\HS\s1\non_micro\s1_n3\image655879.bmp|C:\Users\iRoti\Desktop\tt\SMIC\SMIC_all_raw\HS\s1\non_micro\s1_n3\image655880.bmp|C:\Users\iRoti\Desktop\tt\SMIC\SMIC_all_raw\HS\s1\non_micro\s1_n3\image655881.bmp|C:\Users\iRoti\Desktop\tt\SMIC\SMIC_all_raw\HS\s1\non_micro\s1_n3\image655882.bmp|C:\Users\iRoti\Desktop\tt\SMIC\SMIC_all_raw\HS\s1\non_micro\s1_n3\image655883.bmp|C:\Users\iRoti\Desktop\tt\SMIC\SMIC_all_raw\HS\s1\non_micro\s1_n3\image655884.bmp|C:\Users\iRoti\Desktop\tt\SMIC\SMIC_all_raw\HS\s1\non_micro\s1_n3\image655885.bmp|C:\Users\iRoti\Desktop\tt\SMIC\SMIC_all_raw\HS\s1\non_micro\s1_n3\image655886.bmp|C:\Users\iRoti\Desktop\tt\SMIC\SMIC_all_raw\HS\s1\non_micro\s1_n3\image655887.bmp|C:\Users\iRoti\Desktop\tt\SMIC\SMIC_all_raw\HS\s1\non_micro\s1_n3\image655888.bmp|C:\Users\iRoti\Desktop\tt\SMIC\SMIC_all_raw\HS\s1\non_micro\s1_n3\image655889.bmp|C:\Users\iRoti\Desktop\tt\SMIC\SMIC_all_raw\HS\s1\non_micro\s1_n3\image655890.bmp|C:\Users\iRoti\Desktop\tt\SMIC\SMIC_all_raw\HS\s1\non_micro\s1_n3\image655891.bmp
s1,HS_100fps,Neutral,C:\Users\iRoti\Desktop\tt\SMIC\SMIC_all_raw\HS\s1\non_micro\s1_n4\image655893.bmp|C:\Users\iRoti\Desktop\tt\SMIC\SMIC_all_raw\HS\s1\non_micro\s1_n4\image655894.bmp|C:\Users\iRoti\Desktop\tt\SMIC\SMIC_all_raw\HS\s1\non_micro\s1_n4\image655895.bmp|C:\Users\iRoti\Desktop\tt\SMIC\SMIC_all_raw\HS\s1\non_micro\s1_n4\image655896.bmp|C:\Users\iRoti\Desktop\tt\SMIC\SMIC_all_raw\HS\s1\non_micro\s1_n4\image655897.bmp|C:\Users\iRoti\Desktop\tt\SMIC\SMIC_all_raw\HS\s1\non_micro\s1_n4\image655898.bmp|C:\Users\iRoti\Desktop\tt\SMIC\SMIC_all_raw\HS\s1\non_micro\s1_n4\image655899.bmp|C:\Users\iRoti\Desktop\tt\SMIC\SMIC_all_raw\HS\s1\non_micro\s1_n4\image655900.bmp|C:\Users\iRoti\Desktop\tt\SMIC\SMIC_all_raw\HS\s1\non_micro\s1_n4\image655901.bmp|C:\Users\iRoti\Desktop\tt\SMIC\SMIC_all_raw\HS\s1\non_micro\s1_n4\image655902.bmp|C:\Users\iRoti\Desktop\tt\SMIC\SMIC_all_raw\HS\s1\non_micro\s1_n4\image655903.bmp|C:\Users\iRoti\Desktop\tt\SMIC\SMIC_all_raw\HS\s1\non_micro\s1_n4\image655904.bmp|C:\Users\iRoti\Desktop\tt\SMIC\SMIC_all_raw\HS\s1\non_micro\s1_n4\image655905.bmp|C:\Users\iRoti\Desktop\tt\SMIC\SMIC_all_raw\HS\s1\non_micro\s1_n4\image655906.bmp|C:\Users\iRoti\Desktop\tt\SMIC\SMIC_all_raw\HS\s1\non_micro\s1_n4\image655907.bmp|C:\Users\iRoti\Desktop\tt\SMIC\SMIC_all_raw\HS\s1\non_micro\s1_n4\image655908.bmp|C:\Users\iRoti\Desktop\tt\SMIC\SMIC_all_raw\HS\s1\non_micro\s1_n4\image655909.bmp|C:\Users\iRoti\Desktop\tt\SMIC\SMIC_all_raw\HS\s1\non_micro\s1_n4\image655910.bmp|C:\Users\iRoti\Desktop\tt\SMIC\SMIC_all_raw\HS\s1\non_micro\s1_n4\image655911.bmp|C:\Users\iRoti\Desktop\tt\SMIC\SMIC_all_raw\HS\s1\non_micro\s1_n4\image655912.bmp|C:\Users\iRoti\Desktop\tt\SMIC\SMIC_all_raw\HS\s1\non_micro\s1_n4\image655913.bmp|C:\Users\iRoti\Desktop\tt\SMIC\SMIC_all_raw\HS\s1\non_micro\s1_n4\image655914.bmp|C:\Users\iRoti\Desktop\tt\SMIC\SMIC_all_raw\HS\s1\non_micro\s1_n4\image655915.bmp|C:\Users\iRoti\Desktop\tt\SMIC\SMIC_all_raw\HS\s1\non_micro\s1_n4\image655916.bmp
s1,HS_100fps,Neutral,C:\Users\iRoti\Desktop\tt\SMIC\SMIC_all_raw\HS\s1\non_micro\s1_n5\image655913.bmp|C:\Users\iRoti\Desktop\tt\SMIC\SMIC_all_raw\HS\s1\non_micro\s1_n5\image655914.bmp|C:\Users\iRoti\Desktop\tt\SMIC\SMIC_all_raw\HS\s1\non_micro\s1_n5\image655915.bmp|C:\Users\iRoti\Desktop\tt\SMIC\SMIC_all_raw\HS\s1\non_micro\s1_n5\image655916.bmp|C:\Users\iRoti\Desktop\tt\SMIC\SMIC_all_raw\HS\s1\non_micro\s1_n5\image655917.bmp|C:\Users\iRoti\Desktop\tt\SMIC\SMIC_all_raw\HS\s1\non_micro\s1_n5\image655918.bmp|C:\Users\iRoti\Desktop\tt\SMIC\SMIC_all_raw\HS\s1\non_micro\s1_n5\image655919.bmp|C:\Users\iRoti\Desktop\tt\SMIC\SMIC_all_raw\HS\s1\non_micro\s1_n5\image655920.bmp|C:\Users\iRoti\Desktop\tt\SMIC\SMIC_all_raw\HS\s1\non_micro\s1_n5\image655921.bmp|C:\Users\iRoti\Desktop\tt\SMIC\SMIC_all_raw\HS\s1\non_micro\s1_n5\image655922.bmp|C:\Users\iRoti\Desktop\tt\SMIC\SMIC_all_raw\HS\s1\non_micro\s1_n5\image655923.bmp|C:\Users\iRoti\Desktop\tt\SMIC\SMIC_all_raw\HS\s1\non_micro\s1_n5\image655924.bmp|C:\Users\iRoti\Desktop\tt\SMIC\SMIC_all_raw\HS\s1\non_micro\s1_n5\image655925.bmp|C:\Users\iRoti\Desktop\tt\SMIC\SMIC_all_raw\HS\s1\non_micro\s1_n5\image655926.bmp|C:\Users\iRoti\Desktop\tt\SMIC\SMIC_all_raw\HS\s1\non_micro\s1_n5\image655927.bmp|C:\Users\iRoti\Desktop\tt\SMIC\SMIC_all_raw\HS\s1\non_micro\s1_n5\image655928.bmp|C:\Users\iRoti\Desktop\tt\SMIC\SMIC_all_raw\HS\s1\non_micro\s1_n5\image655929.bmp|C:\Users\iRoti\Desktop\tt\SMIC\SMIC_all_raw\HS\s1\non_micro\s1_n5\image655930.bmp|C:\Users\iRoti\Desktop\tt\SMIC\SMIC_all_raw\HS\s1\non_micro\s1_n5\image655931.bmp
s1,HS_100fps,Neutral,C:\Users\iRoti\Desktop\tt\SMIC\SMIC_all_raw\HS\s1\non_micro\s1_n6\image655952.bmp|C:\Users\iRoti\Desktop\tt\SMIC\SMIC_all_raw\HS\s1\non_micro\s1_n6\image655953.bmp|C:\Users\iRoti\Desktop\tt\SMIC\SMIC_all_raw\HS\s1\non_micro\s1_n6\image655954.bmp|C:\Users\iRoti\Desktop\tt\SMIC\SMIC_all_raw\HS\s1\non_micro\s1_n6\image655955.bmp|C:\Users\iRoti\Desktop\tt\SMIC\SMIC_all_raw\HS\s1\non_micro\s1_n6\image655956.bmp|C:\Users\iRoti\Desktop\tt\SMIC\SMIC_all_raw\HS\s1\non_micro\s1_n6\image655957.bmp|C:\Users\iRoti\Desktop\tt\SMIC\SMIC_all_raw\HS\s1\non_micro\s1_n6\image655958.bmp|C:\Users\iRoti\Desktop\tt\SMIC\SMIC_all_raw\HS\s1\non_micro\s1_n6\image655959.bmp|C:\Users\iRoti\Desktop\tt\SMIC\SMIC_all_raw\HS\s1\non_micro\s1_n6\image655960.bmp|C:\Users\iRoti\Desktop\tt\SMIC\SMIC_all_raw\HS\s1\non_micro\s1_n6\image655961.bmp|C:\Users\iRoti\Desktop\tt\SMIC\SMIC_all_raw\HS\s1\non_micro\s1_n6\image655962.bmp|C:\Users\iRoti\Desktop\tt\SMIC\SMIC_all_raw\HS\s1\non_micro\s1_n6\image655963.bmp|C:\Users\iRoti\Desktop\tt\SMIC\SMIC_all_raw\HS\s1\non_micro\s1_n6\image655964.bmp|C:\Users\iRoti\Desktop\tt\SMIC\SMIC_all_raw\HS\s1\non_micro\s1_n6\image655965.bmp|C:\Users\iRoti\Desktop\tt\SMIC\SMIC_all_raw\HS\s1\non_micro\s1_n6\image655966.bmp|C:\Users\iRoti\Desktop\tt\SMIC\SMIC_all_raw\HS\s1\non_micro\s1_n6\image655967.bmp|C:\Users\iRoti\Desktop\tt\SMIC\SMIC_all_raw\HS\s1\non_micro\s1_n6\image655968.bmp|C:\Users\iRoti\Desktop\tt\SMIC\SMIC_all_raw\HS\s1\non_micro\s1_n6\image655969.bmp
s11,HS_100fps,Negativo,C:\Users\iRoti\Desktop\tt\SMIC\SMIC_all_raw\HS\s11\micro\negative\s11_ne_01\image425358.bmp|C:\Users\iRoti\Desktop\tt\SMIC\SMIC_all_raw\HS\s11\micro\negative\s11_ne_01\image425359.bmp|C:\Users\iRoti\Desktop\tt\SMIC\SMIC_all_raw\HS\s11\micro\negative\s11_ne_01\image425360.bmp|C:\Users\iRoti\Desktop\tt\SMIC\SMIC_all_raw\HS\s11\micro\negative\s11_ne_01\image425361.bmp|C:\Users\iRoti\Desktop\tt\SMIC\SMIC_all_raw\HS\s11\micro\negative\s11_ne_01\image425362.bmp|C:\Users\iRoti\Desktop\tt\SMIC\SMIC_all_raw\HS\s11\micro\negative\s11_ne_01\image425363.bmp|C:\Users\iRoti\Desktop\tt\SMIC\SMIC_all_raw\HS\s11\micro\negative\s11_ne_01\image425364.bmp|C:\Users\iRoti\Desktop\tt\SMIC\SMIC_all_raw\HS\s11\micro\negative\s11_ne_01\image425365.bmp|C:\Users\iRoti\Desktop\tt\SMIC\SMIC_all_raw\HS\s11\micro\negative\s11_ne_01\image425366.bmp|C:\Users\iRoti\Desktop\tt\SMIC\SMIC_all_raw\HS\s11\micro\negative\s11_ne_01\image425367.bmp|C:\Users\iRoti\Desktop\tt\SMIC\SMIC_all_raw\HS\s11\micro\negative\s11_ne_01\image425368.bmp|C:\Users\iRoti\Desktop\tt\SMIC\SMIC_all_raw\HS\s11\micro\negative\s11_ne_01\image425369.bmp|C:\Users\iRoti\Desktop\tt\SMIC\SMIC_all_raw\HS\s11\micro\negative\s11_ne_01\image425370.bmp|C:\Users\iRoti\Desktop\tt\SMIC\SMIC_all_raw\HS\s11\micro\negative\s11_ne_01\image425371.bmp|C:\Users\iRoti\Desktop\tt\SMIC\SMIC_all_raw\HS\s11\micro\negative\s11_ne_01\image425372.bmp|C:\Users\iRoti\Desktop\tt\SMIC\SMIC_all_raw\HS\s11\micro\negative\s11_ne_01\image425373.bmp|C:\Users\iRoti\Desktop\tt\SMIC\SMIC_all_raw\HS\s11\micro\negative\s11_ne_01\image425374.bmp|C:\Users\iRoti\Desktop\tt\SMIC\SMIC_all_raw\HS\s11\micro\negative\s11_ne_01\image425375.bmp|C:\Users\iRoti\Desktop\tt\SMIC\SMIC_all_raw\HS\s11\micro\negative\s11_ne_01\image425376.bmp|C:\Users\iRoti\Desktop\tt\SMIC\SMIC_all_raw\HS\s11\micro\negative\s11_ne_01\image425377.bmp|C:\Users\iRoti\Desktop\tt\SMIC\SMIC_all_raw\HS\s11\micro\negative\s11_ne_01\image425378.bmp
s11,HS_100fps,Negativo,C:\Users\iRoti\Desktop\tt\SMIC\SMIC_all_raw\HS\s11\micro\negative\s11_ne_02\image514569.bmp|C:\Users\iRoti\Desktop\tt\SMIC\SMIC_all_raw\HS\s11\micro\negative\s11_ne_02\image514570.bmp|C:\Users\iRoti\Desktop\tt\SMIC\SMIC_all_raw\HS\s11\micro\negative\s11_ne_02\image514571.bmp|C:\Users\iRoti\Desktop\tt\SMIC\SMIC_all_raw\HS\s11\micro\negative\s11_ne_02\image514572.bmp|C:\Users\iRoti\Desktop\tt\SMIC\SMIC_all_raw\HS\s11\micro\negative\s11_ne_02\image514573.bmp|C:\Users\iRoti\Desktop\tt\SMIC\SMIC_all_raw\HS\s11\micro\negative\s11_ne_02\image514574.bmp|C:\Users\iRoti\Desktop\tt\SMIC\SMIC_all_raw\HS\s11\micro\negative\s11_ne_02\image514575.bmp|C:\Users\iRoti\Desktop\tt\SMIC\SMIC_all_raw\HS\s11\micro\negative\s11_ne_02\image514576.bmp|C:\Users\iRoti\Desktop\tt\SMIC\SMIC_all_raw\HS\s11\micro\negative\s11_ne_02\image514577.bmp|C:\Users\iRoti\Desktop\tt\SMIC\SMIC_all_raw\HS\s11\micro\negative\s11_ne_02\image514578.bmp|C:\Users\iRoti\Desktop\tt\SMIC\SMIC_all_raw\HS\s11\micro\negative\s11_ne_02\image514579.bmp|C:\Users\iRoti\Desktop\tt\SMIC\SMIC_all_raw\HS\s11\micro\negative\s11_ne_02\image514580.bmp|C:\Users\iRoti\Desktop\tt\SMIC\SMIC_all_raw\HS\s11\micro\negative\s11_ne_02\image514581.bmp|C:\Users\iRoti\Desktop\tt\SMIC\SMIC_all_raw\HS\s11\micro\negative\s11_ne_02\image514582.bmp|C:\Users\iRoti\Desktop\tt\SMIC\SMIC_all_raw\HS\s11\micro\negative\s11_ne_02\image514583.bmp|C:\Users\iRoti\Desktop\tt\SMIC\SMIC_all_raw\HS\s11\micro\negative\s11_ne_02\image514584.bmp|C:\Users\iRoti\Desktop\tt\SMIC\SMIC_all_raw\HS\s11\micro\negative\s11_ne_02\image514585.bmp|C:\Users\iRoti\Desktop\tt\SMIC\SMIC_all_raw\HS\s11\micro\negative\s11_ne_02\image514586.bmp|C:\Users\iRoti\Desktop\tt\SMIC\SMIC_all_raw\HS\s11\micro\negative\s11_ne_02\image514587.bmp|C:\Users\iRoti\Desktop\tt\SMIC\SMIC_all_raw\HS\s11\micro\negative\s11_ne_02\image514588.bmp|C:\Users\iRoti\Desktop\tt\SMIC\SMIC_all_raw\HS\s11\micro\negative\s11_ne_02\image514589.bmp|C:\Users\iRoti\Desktop\tt\SMIC\SMIC_all_raw\HS\s11\micro\negative\s11_ne_02\image514590.bmp|C:\Users\iRoti\Desktop\tt\SMIC\SMIC_all_raw\HS\s11\micro\negative\s11_ne_02\image514591.bmp|C:\Users\iRoti\Desktop\tt\SMIC\SMIC_all_raw\HS\s11\micro\negative\s11_ne_02\image514592.bmp|C:\Users\iRoti\Desktop\tt\SMIC\SMIC_all_raw\HS\s11\micro\negative\s11_ne_02\image514593.bmp|C:\Users\iRoti\Desktop\tt\SMIC\SMIC_all_raw\HS\s11\micro\negative\s11_ne_02\image514594.bmp|C:\Users\iRoti\Desktop\tt\SMIC\SMIC_all_raw\HS\s11\micro\negative\s11_ne_02\image514595.bmp|C:\Users\iRoti\Desktop\tt\SMIC\SMIC_all_raw\HS\s11\micro\negative\s11_ne_02\image514596.bmp|C:\Users\iRoti\Desktop\tt\SMIC\SMIC_all_raw\HS\s11\micro\negative\s11_ne_02\image514597.bmp|C:\Users\iRoti\Desktop\tt\SMIC\SMIC_all_raw\HS\s11\micro\negative\s11_ne_02\image514598.bmp|C:\Users\iRoti\Desktop\tt\SMIC\SMIC_all_raw\HS\s11\micro\negative\s11_ne_02\image514599.bmp
s11,HS_100fps,Negativo,C:\Users\iRoti\Desktop\tt\SMIC\SMIC_all_raw\HS\s11\micro\negative\s11_ne_03\image559504.bmp|C:\Users\iRoti\Desktop\tt\SMIC\SMIC_all_raw\HS\s11\micro\negative\s11_ne_03\image559505.bmp|C:\Users\iRoti\Desktop\tt\SMIC\SMIC_all_raw\HS\s11\micro\negative\s11_ne_03\image559506.bmp|C:\Users\iRoti\Desktop\tt\SMIC\SMIC_all_raw\HS\s11\micro\negative\s11_ne_03\image559507.bmp|C:\Users\iRoti\Desktop\tt\SMIC\SMIC_all_raw\HS\s11\micro\negative\s11_ne_03\image559508.bmp|C:\Users\iRoti\Desktop\tt\SMIC\SMIC_all_raw\HS\s11\micro\negative\s11_ne_03\image559509.bmp|C:\Users\iRoti\Desktop\tt\SMIC\SMIC_all_raw\HS\s11\micro\negative\s11_ne_03\image559510.bmp|C:\Users\iRoti\Desktop\tt\SMIC\SMIC_all_raw\HS\s11\micro\negative\s11_ne_03\image559511.bmp|C:\Users\iRoti\Desktop\tt\SMIC\SMIC_all_raw\HS\s11\micro\negative\s11_ne_03\image559512.bmp|C:\Users\iRoti\Desktop\tt\SMIC\SMIC_all_raw\HS\s11\micro\negative\s11_ne_03\image559513.bmp|C:\Users\iRoti\Desktop\tt\SMIC\SMIC_all_raw\HS\s11\micro\negative\s11_ne_03\image559514.bmp|C:\Users\iRoti\Desktop\tt\SMIC\SMIC_all_raw\HS\s11\micro\negative\s11_ne_03\image559515.bmp|C:\Users\iRoti\Desktop\tt\SMIC\SMIC_all_raw\HS\s11\micro\negative\s11_ne_03\image559516.bmp|C:\Users\iRoti\Desktop\tt\SMIC\SMIC_all_raw\HS\s11\micro\negative\s11_ne_03\image559517.bmp|C:\Users\iRoti\Desktop\tt\SMIC\SMIC_all_raw\HS\s11\micro\negative\s11_ne_03\image559518.bmp|C:\Users\iRoti\Desktop\tt\SMIC\SMIC_all_raw\HS\s11\micro\negative\s11_ne_03\image559519.bmp|C:\Users\iRoti\Desktop\tt\SMIC\SMIC_all_raw\HS\s11\micro\negative\s11_ne_03\image559520.bmp|C:\Users\iRoti\Desktop\tt\SMIC\SMIC_all_raw\HS\s11\micro\negative\s11_ne_03\image559521.bmp|C:\Users\iRoti\Desktop\tt\SMIC\SMIC_all_raw\HS\s11\micro\negative\s11_ne_03\image559522.bmp|C:\Users\iRoti\Desktop\tt\SMIC\SMIC_all_raw\HS\s11\micro\negative\s11_ne_03\image559523.bmp|C:\Users\iRoti\Desktop\tt\SMIC\SMIC_all_raw\HS\s11\micro\negative\s11_ne_03\image559524.bmp|C:\Users\iRoti\Desktop\tt\SMIC\SMIC_all_raw\HS\s11\micro\negative\s11_ne_03\image559525.bmp|C:\Users\iRoti\Desktop\tt\SMIC\SMIC_all_raw\HS\s11\micro\negative\s11_ne_03\image559526.bmp|C:\Users\iRoti\Desktop\tt\SMIC\SMIC_all_raw\HS\s11\micro\negative\s11_ne_03\image559527.bmp|C:\Users\iRoti\Desktop\tt\SMIC\SMIC_all_raw\HS\s11\micro\negative\s11_ne_03\image559528.bmp|C:\Users\iRoti\Desktop\tt\SMIC\SMIC_all_raw\HS\s11\micro\negative\s11_ne_03\image559529.bmp|C:\Users\iRoti\Desktop\tt\SMIC\SMIC_all_raw\HS\s11\micro\negative\s11_ne_03\image559530.bmp|C:\Users\iRoti\Desktop\tt\SMIC\SMIC_all_raw\HS\s11\micro\negative\s11_ne_03\image559531.bmp|C:\Users\iRoti\Desktop\tt\SMIC\SMIC_all_raw\HS\s11\micro\negative\s11_ne_03\image559532.bmp|C:\Users\iRoti\Desktop\tt\SMIC\SMIC_all_raw\HS\s11\micro\negative\s11_ne_03\image559533.bmp|C:\Users\iRoti\Desktop\tt\SMIC\SMIC_all_raw\HS\s11\micro\negative\s11_ne_03\image559534.bmp|C:\Users\iRoti\Desktop\tt\SMIC\SMIC_all_raw\HS\s11\micro\negative\s11_ne_03\image559535.bmp|C:\Users\iRoti\Desktop\tt\SMIC\SMIC_all_raw\HS\s11\micro\negative\s11_ne_03\image559536.bmp|C:\Users\iRoti\Desktop\tt\SMIC\SMIC_all_raw\HS\s11\micro\negative\s11_ne_03\image559537.bmp|C:\Users\iRoti\Desktop\tt\SMIC\SMIC_all_raw\HS\s11\micro\negative\s11_ne_03\image559538.bmp|C:\Users\iRoti\Desktop\tt\SMIC\SMIC_all_raw\HS\s11\micro\negative\s11_ne_03\image559539.bmp|C:\Users\iRoti\Desktop\tt\SMIC\SMIC_all_raw\HS\s11\micro\negative\s11_ne_03\image559540.bmp|C:\Users\iRoti\Desktop\tt\SMIC\SMIC_all_raw\HS\s11\micro\negative\s11_ne_03\image559541.bmp|C:\Users\iRoti\Desktop\tt\SMIC\SMIC_all_raw\HS\s11\micro\negative\s11_ne_03\image559542.bmp|C:\Users\iRoti\Desktop\tt\SMIC\SMIC_all_raw\HS\s11\micro\negative\s11_ne_03\image559543.bmp|C:\Users\iRoti\Desktop\tt\SMIC\SMIC_all_raw\HS\s11\micro\negative\s11_ne_03\image559544.bmp
s11,HS_100fps,Felicidad,C:\Users\iRoti\Desktop\tt\SMIC\SMIC_all_raw\HS\s11\micro\positive\s11_po_01\image472873.bmp|C:\Users\iRoti\Desktop\tt\SMIC\SMIC_all_raw\HS\s11\micro\positive\s11_po_01\image472874.bmp|C:\Users\iRoti\Desktop\tt\SMIC\SMIC_all_raw\HS\s11\micro\positive\s11_po_01\image472875.bmp|C:\Users\iRoti\Desktop\tt\SMIC\SMIC_all_raw\HS\s11\micro\positive\s11_po_01\image472876.bmp|C:\Users\iRoti\Desktop\tt\SMIC\SMIC_all_raw\HS\s11\micro\positive\s11_po_01\image472877.bmp|C:\Users\iRoti\Desktop\tt\SMIC\SMIC_all_raw\HS\s11\micro\positive\s11_po_01\image472878.bmp|C:\Users\iRoti\Desktop\tt\SMIC\SMIC_all_raw\HS\s11\micro\positive\s11_po_01\image472879.bmp|C:\Users\iRoti\Desktop\tt\SMIC\SMIC_all_raw\HS\s11\micro\positive\s11_po_01\image472880.bmp|C:\Users\iRoti\Desktop\tt\SMIC\SMIC_all_raw\HS\s11\micro\positive\s11_po_01\image472881.bmp|C:\Users\iRoti\Desktop\tt\SMIC\SMIC_all_raw\HS\s11\micro\positive\s11_po_01\image472882.bmp|C:\Users\iRoti\Desktop\tt\SMIC\SMIC_all_raw\HS\s11\micro\positive\s11_po_01\image472883.bmp|C:\Users\iRoti\Desktop\tt\SMIC\SMIC_all_raw\HS\s11\micro\positive\s11_po_01\image472884.bmp|C:\Users\iRoti\Desktop\tt\SMIC\SMIC_all_raw\HS\s11\micro\positive\s11_po_01\image472885.bmp|C:\Users\iRoti\Desktop\tt\SMIC\SMIC_all_raw\HS\s11\micro\positive\s11_po_01\image472886.bmp|C:\Users\iRoti\Desktop\tt\SMIC\SMIC_all_raw\HS\s11\micro\positive\s11_po_01\image472887.bmp|C:\Users\iRoti\Desktop\tt\SMIC\SMIC_all_raw\HS\s11\micro\positive\s11_po_01\image472888.bmp|C:\Users\iRoti\Desktop\tt\SMIC\SMIC_all_raw\HS\s11\micro\positive\s11_po_01\image472889.bmp|C:\Users\iRoti\Desktop\tt\SMIC\SMIC_all_raw\HS\s11\micro\positive\s11_po_01\image472890.bmp|C:\Users\iRoti\Desktop\tt\SMIC\SMIC_all_raw\HS\s11\micro\positive\s11_po_01\image472891.bmp|C:\Users\iRoti\Desktop\tt\SMIC\SMIC_all_raw\HS\s11\micro\positive\s11_po_01\image472892.bmp|C:\Users\iRoti\Desktop\tt\SMIC\SMIC_all_raw\HS\s11\micro\positive\s11_po_01\image472893.bmp|C:\Users\iRoti\Desktop\tt\SMIC\SMIC_all_raw\HS\s11\micro\positive\s11_po_01\image472894.bmp|C:\Users\iRoti\Desktop\tt\SMIC\SMIC_all_raw\HS\s11\micro\positive\s11_po_01\image472895.bmp|C:\Users\iRoti\Desktop\tt\SMIC\SMIC_all_raw\HS\s11\micro\positive\s11_po_01\image472896.bmp|C:\Users\iRoti\Desktop\tt\SMIC\SMIC_all_raw\HS\s11\micro\positive\s11_po_01\image472897.bmp|C:\Users\iRoti\Desktop\tt\SMIC\SMIC_all_raw\HS\s11\micro\positive\s11_po_01\image472898.bmp|C:\Users\iRoti\Desktop\tt\SMIC\SMIC_all_raw\HS\s11\micro\positive\s11_po_01\image472899.bmp|C:\Users\iRoti\Desktop\tt\SMIC\SMIC_all_raw\HS\s11\micro\positive\s11_po_01\image472900.bmp|C:\Users\iRoti\Desktop\tt\SMIC\SMIC_all_raw\HS\s11\micro\positive\s11_po_01\image472901.bmp|C:\Users\iRoti\Desktop\tt\SMIC\SMIC_all_raw\HS\s11\micro\positive\s11_po_01\image472902.bmp|C:\Users\iRoti\Desktop\tt\SMIC\SMIC_all_raw\HS\s11\micro\positive\s11_po_01\image472903.bmp|C:\Users\iRoti\Desktop\tt\SMIC\SMIC_all_raw\HS\s11\micro\positive\s11_po_01\image472904.bmp|C:\Users\iRoti\Desktop\tt\SMIC\SMIC_all_raw\HS\s11\micro\positive\s11_po_01\image472905.bmp|C:\Users\iRoti\Desktop\tt\SMIC\SMIC_all_raw\HS\s11\micro\positive\s11_po_01\image472906.bmp|C:\Users\iRoti\Desktop\tt\SMIC\SMIC_all_raw\HS\s11\micro\positive\s11_po_01\image472907.bmp|C:\Users\iRoti\Desktop\tt\SMIC\SMIC_all_raw\HS\s11\micro\positive\s11_po_01\image472908.bmp|C:\Users\iRoti\Desktop\tt\SMIC\SMIC_all_raw\HS\s11\micro\positive\s11_po_01\image472909.bmp|C:\Users\iRoti\Desktop\tt\SMIC\SMIC_all_raw\HS\s11\micro\positive\s11_po_01\image472910.bmp|C:\Users\iRoti\Desktop\tt\SMIC\SMIC_all_raw\HS\s11\micro\positive\s11_po_01\image472911.bmp|C:\Users\iRoti\Desktop\tt\SMIC\SMIC_all_raw\HS\s11\micro\positive\s11_po_01\image472912.bmp|C:\Users\iRoti\Desktop\tt\SMIC\SMIC_all_raw\HS\s11\micro\positive\s11_po_01\image472913.bmp|C:\Users\iRoti\Desktop\tt\SMIC\SMIC_all_raw\HS\s11\micro\positive\s11_po_01\image472914.bmp|C:\Users\iRoti\Desktop\tt\SMIC\SMIC_all_raw\HS\s11\micro\positive\s11_po_01\image472915.bmp|C:\Users\iRoti\Desktop\tt\SMIC\SMIC_all_raw\HS\s11\micro\positive\s11_po_01\image472916.bmp|C:\Users\iRoti\Desktop\tt\SMIC\SMIC_all_raw\HS\s11\micro\positive\s11_po_01\image472917.bmp|C:\Users\iRoti\Desktop\tt\SMIC\SMIC_all_raw\HS\s11\micro\positive\s11_po_01\image472918.bmp|C:\Users\iRoti\Desktop\tt\SMIC\SMIC_all_raw\HS\s11\micro\positive\s11_po_01\image472919.bmp|C:\Users\iRoti\Desktop\tt\SMIC\SMIC_all_raw\HS\s11\micro\positive\s11_po_01\image472920.bmp|C:\Users\iRoti\Desktop\tt\SMIC\SMIC_all_raw\HS\s11\micro\positive\s11_po_01\image472921.bmp
s11,HS_100fps,Felicidad,C:\Users\iRoti\Desktop\tt\SMIC\SMIC_all_raw\HS\s11\micro\positive\s11_po_02\image609978.bmp|C:\Users\iRoti\Desktop\tt\SMIC\SMIC_all_raw\HS\s11\micro\positive\s11_po_02\image609979.bmp|C:\Users\iRoti\Desktop\tt\SMIC\SMIC_all_raw\HS\s11\micro\positive\s11_po_02\image609980.bmp|C:\Users\iRoti\Desktop\tt\SMIC\SMIC_all_raw\HS\s11\micro\positive\s11_po_02\image609981.bmp|C:\Users\iRoti\Desktop\tt\SMIC\SMIC_all_raw\HS\s11\micro\positive\s11_po_02\image609982.bmp|C:\Users\iRoti\Desktop\tt\SMIC\SMIC_all_raw\HS\s11\micro\positive\s11_po_02\image609983.bmp|C:\Users\iRoti\Desktop\tt\SMIC\SMIC_all_raw\HS\s11\micro\positive\s11_po_02\image609984.bmp|C:\Users\iRoti\Desktop\tt\SMIC\SMIC_all_raw\HS\s11\micro\positive\s11_po_02\image609985.bmp|C:\Users\iRoti\Desktop\tt\SMIC\SMIC_all_raw\HS\s11\micro\positive\s11_po_02\image609986.bmp|C:\Users\iRoti\Desktop\tt\SMIC\SMIC_all_raw\HS\s11\micro\positive\s11_po_02\image609987.bmp|C:\Users\iRoti\Desktop\tt\SMIC\SMIC_all_raw\HS\s11\micro\positive\s11_po_02\image609988.bmp|C:\Users\iRoti\Desktop\tt\SMIC\SMIC_all_raw\HS\s11\micro\positive\s11_po_02\image609989.bmp|C:\Users\iRoti\Desktop\tt\SMIC\SMIC_all_raw\HS\s11\micro\positive\s11_po_02\image609990.bmp|C:\Users\iRoti\Desktop\tt\SMIC\SMIC_all_raw\HS\s11\micro\positive\s11_po_02\image609991.bmp|C:\Users\iRoti\Desktop\tt\SMIC\SMIC_all_raw\HS\s11\micro\positive\s11_po_02\image609992.bmp|C:\Users\iRoti\Desktop\tt\SMIC\SMIC_all_raw\HS\s11\micro\positive\s11_po_02\image609993.bmp|C:\Users\iRoti\Desktop\tt\SMIC\SMIC_all_raw\HS\s11\micro\positive\s11_po_02\image609994.bmp|C:\Users\iRoti\Desktop\tt\SMIC\SMIC_all_raw\HS\s11\micro\positive\s11_po_02\image609995.bmp|C:\Users\iRoti\Desktop\tt\SMIC\SMIC_all_raw\HS\s11\micro\positive\s11_po_02\image609996.bmp|C:\Users\iRoti\Desktop\tt\SMIC\SMIC_all_raw\HS\s11\micro\positive\s11_po_02\image609997.bmp|C:\Users\iRoti\Desktop\tt\SMIC\SMIC_all_raw\HS\s11\micro\positive\s11_po_02\image609998.bmp|C:\Users\iRoti\Desktop\tt\SMIC\SMIC_all_raw\HS\s11\micro\positive\s11_po_02\image609999.bmp|C:\Users\iRoti\Desktop\tt\SMIC\SMIC_all_raw\HS\s11\micro\positive\s11_po_02\image610000.bmp|C:\Users\iRoti\Desktop\tt\SMIC\SMIC_all_raw\HS\s11\micro\positive\s11_po_02\image610001.bmp|C:\Users\iRoti\Desktop\tt\SMIC\SMIC_all_raw\HS\s11\micro\positive\s11_po_02\image610002.bmp|C:\Users\iRoti\Desktop\tt\SMIC\SMIC_all_raw\HS\s11\micro\positive\s11_po_02\image610003.bmp|C:\Users\iRoti\Desktop\tt\SMIC\SMIC_all_raw\HS\s11\micro\positive\s11_po_02\image610004.bmp|C:\Users\iRoti\Desktop\tt\SMIC\SMIC_all_raw\HS\s11\micro\positive\s11_po_02\image610005.bmp|C:\Users\iRoti\Desktop\tt\SMIC\SMIC_all_raw\HS\s11\micro\positive\s11_po_02\image610006.bmp|C:\Users\iRoti\Desktop\tt\SMIC\SMIC_all_raw\HS\s11\micro\positive\s11_po_02\image610007.bmp|C:\Users\iRoti\Desktop\tt\SMIC\SMIC_all_raw\HS\s11\micro\positive\s11_po_02\image610008.bmp|C:\Users\iRoti\Desktop\tt\SMIC\SMIC_all_raw\HS\s11\micro\positive\s11_po_02\image610009.bmp|C:\Users\iRoti\Desktop\tt\SMIC\SMIC_all_raw\HS\s11\micro\positive\s11_po_02\image610010.bmp|C:\Users\iRoti\Desktop\tt\SMIC\SMIC_all_raw\HS\s11\micro\positive\s11_po_02\image610011.bmp|C:\Users\iRoti\Desktop\tt\SMIC\SMIC_all_raw\HS\s11\micro\positive\s11_po_02\image610012.bmp|C:\Users\iRoti\Desktop\tt\SMIC\SMIC_all_raw\HS\s11\micro\positive\s11_po_02\image610013.bmp|C:\Users\iRoti\Desktop\tt\SMIC\SMIC_all_raw\HS\s11\micro\positive\s11_po_02\image610014.bmp|C:\Users\iRoti\Desktop\tt\SMIC\SMIC_all_raw\HS\s11\micro\positive\s11_po_02\image610015.bmp|C:\Users\iRoti\Desktop\tt\SMIC\SMIC_all_raw\HS\s11\micro\positive\s11_po_02\image610016.bmp|C:\Users\iRoti\Desktop\tt\SMIC\SMIC_all_raw\HS\s11\micro\positive\s11_po_02\image610017.bmp|C:\Users\iRoti\Desktop\tt\SMIC\SMIC_all_raw\HS\s11\micro\positive\s11_po_02\image610018.bmp|C:\Users\iRoti\Desktop\tt\SMIC\SMIC_all_raw\HS\s11\micro\positive\s11_po_02\image610019.bmp|C:\Users\iRoti\Desktop\tt\SMIC\SMIC_all_raw\HS\s11\micro\positive\s11_po_02\image610020.bmp|C:\Users\iRoti\Desktop\tt\SMIC\SMIC_all_raw\HS\s11\micro\positive\s11_po_02\image610021.bmp|C:\Users\iRoti\Desktop\tt\SMIC\SMIC_all_raw\HS\s11\micro\positive\s11_po_02\image610022.bmp|C:\Users\iRoti\Desktop\tt\SMIC\SMIC_all_raw\HS\s11\micro\positive\s11_po_02\image610023.bmp|C:\Users\iRoti\Desktop\tt\SMIC\SMIC_all_raw\HS\s11\micro\positive\s11_po_02\image610024.bmp|C:\Users\iRoti\Desktop\tt\SMIC\SMIC_all_raw\HS\s11\micro\positive\s11_po_02\image610025.bmp
s11,HS_100fps,Felicidad,C:\Users\iRoti\Desktop\tt\SMIC\SMIC_all_raw\HS\s11\micro\positive\s11_po_03\image622777.bmp|C:\Users\iRoti\Desktop\tt\SMIC\SMIC_all_raw\HS\s11\micro\positive\s11_po_03\image622778.bmp|C:\Users\iRoti\Desktop\tt\SMIC\SMIC_all_raw\HS\s11\micro\positive\s11_po_03\image622779.bmp|C:\Users\iRoti\Desktop\tt\SMIC\SMIC_all_raw\HS\s11\micro\positive\s11_po_03\image622780.bmp|C:\Users\iRoti\Desktop\tt\SMIC\SMIC_all_raw\HS\s11\micro\positive\s11_po_03\image622781.bmp|C:\Users\iRoti\Desktop\tt\SMIC\SMIC_all_raw\HS\s11\micro\positive\s11_po_03\image622782.bmp|C:\Users\iRoti\Desktop\tt\SMIC\SMIC_all_raw\HS\s11\micro\positive\s11_po_03\image622783.bmp|C:\Users\iRoti\Desktop\tt\SMIC\SMIC_all_raw\HS\s11\micro\positive\s11_po_03\image622784.bmp|C:\Users\iRoti\Desktop\tt\SMIC\SMIC_all_raw\HS\s11\micro\positive\s11_po_03\image622785.bmp|C:\Users\iRoti\Desktop\tt\SMIC\SMIC_all_raw\HS\s11\micro\positive\s11_po_03\image622786.bmp|C:\Users\iRoti\Desktop\tt\SMIC\SMIC_all_raw\HS\s11\micro\positive\s11_po_03\image622787.bmp|C:\Users\iRoti\Desktop\tt\SMIC\SMIC_all_raw\HS\s11\micro\positive\s11_po_03\image622788.bmp|C:\Users\iRoti\Desktop\tt\SMIC\SMIC_all_raw\HS\s11\micro\positive\s11_po_03\image622789.bmp|C:\Users\iRoti\Desktop\tt\SMIC\SMIC_all_raw\HS\s11\micro\positive\s11_po_03\image622790.bmp|C:\Users\iRoti\Desktop\tt\SMIC\SMIC_all_raw\HS\s11\micro\positive\s11_po_03\image622791.bmp|C:\Users\iRoti\Desktop\tt\SMIC\SMIC_all_raw\HS\s11\micro\positive\s11_po_03\image622792.bmp|C:\Users\iRoti\Desktop\tt\SMIC\SMIC_all_raw\HS\s11\micro\positive\s11_po_03\image622793.bmp|C:\Users\iRoti\Desktop\tt\SMIC\SMIC_all_raw\HS\s11\micro\positive\s11_po_03\image622794.bmp|C:\Users\iRoti\Desktop\tt\SMIC\SMIC_all_raw\HS\s11\micro\positive\s11_po_03\image622795.bmp|C:\Users\iRoti\Desktop\tt\SMIC\SMIC_all_raw\HS\s11\micro\positive\s11_po_03\image622796.bmp|C:\Users\iRoti\Desktop\tt\SMIC\SMIC_all_raw\HS\s11\micro\positive\s11_po_03\image622797.bmp|C:\Users\iRoti\Desktop\tt\SMIC\SMIC_all_raw\HS\s11\micro\positive\s11_po_03\image622798.bmp|C:\Users\iRoti\Desktop\tt\SMIC\SMIC_all_raw\HS\s11\micro\positive\s11_po_03\image622799.bmp|C:\Users\iRoti\Desktop\tt\SMIC\SMIC_all_raw\HS\s11\micro\positive\s11_po_03\image622800.bmp|C:\Users\iRoti\Desktop\tt\SMIC\SMIC_all_raw\HS\s11\micro\positive\s11_po_03\image622801.bmp|C:\Users\iRoti\Desktop\tt\SMIC\SMIC_all_raw\HS\s11\micro\positive\s11_po_03\image622802.bmp|C:\Users\iRoti\Desktop\tt\SMIC\SMIC_all_raw\HS\s11\micro\positive\s11_po_03\image622803.bmp|C:\Users\iRoti\Desktop\tt\SMIC\SMIC_all_raw\HS\s11\micro\positive\s11_po_03\image622804.bmp|C:\Users\iRoti\Desktop\tt\SMIC\SMIC_all_raw\HS\s11\micro\positive\s11_po_03\image622805.bmp|C:\Users\iRoti\Desktop\tt\SMIC\SMIC_all_raw\HS\s11\micro\positive\s11_po_03\image622806.bmp|C:\Users\iRoti\Desktop\tt\SMIC\SMIC_all_raw\HS\s11\micro\positive\s11_po_03\image622807.bmp|C:\Users\iRoti\Desktop\tt\SMIC\SMIC_all_raw\HS\s11\micro\positive\s11_po_03\image622808.bmp|C:\Users\iRoti\Desktop\tt\SMIC\SMIC_all_raw\HS\s11\micro\positive\s11_po_03\image622809.bmp|C:\Users\iRoti\Desktop\tt\SMIC\SMIC_all_raw\HS\s11\micro\positive\s11_po_03\image622810.bmp|C:\Users\iRoti\Desktop\tt\SMIC\SMIC_all_raw\HS\s11\micro\positive\s11_po_03\image622811.bmp|C:\Users\iRoti\Desktop\tt\SMIC\SMIC_all_raw\HS\s11\micro\positive\s11_po_03\image622812.bmp|C:\Users\iRoti\Desktop\tt\SMIC\SMIC_all_raw\HS\s11\micro\positive\s11_po_03\image622813.bmp|C:\Users\iRoti\Desktop\tt\SMIC\SMIC_all_raw\HS\s11\micro\positive\s11_po_03\image622814.bmp|C:\Users\iRoti\Desktop\tt\SMIC\SMIC_all_raw\HS\s11\micro\positive\s11_po_03\image622815.bmp|C:\Users\iRoti\Desktop\tt\SMIC\SMIC_all_raw\HS\s11\micro\positive\s11_po_03\image622816.bmp|C:\Users\iRoti\Desktop\tt\SMIC\SMIC_all_raw\HS\s11\micro\positive\s11_po_03\image622817.bmp|C:\Users\iRoti\Desktop\tt\SMIC\SMIC_all_raw\HS\s11\micro\positive\s11_po_03\image622818.bmp|C:\Users\iRoti\Desktop\tt\SMIC\SMIC_all_raw\HS\s11\micro\positive\s11_po_03\image622819.bmp|C:\Users\iRoti\Desktop\tt\SMIC\SMIC_all_raw\HS\s11\micro\positive\s11_po_03\image622820.bmp
s11,HS_100fps,Sorpresa,C:\Users\iRoti\Desktop\tt\SMIC\SMIC_all_raw\HS\s11\micro\surprise\s11_sur_01\image653392.bmp|C:\Users\iRoti\Desktop\tt\SMIC\SMIC_all_raw\HS\s11\micro\surprise\s11_sur_01\image653393.bmp|C:\Users\iRoti\Desktop\tt\SMIC\SMIC_all_raw\HS\s11\micro\surprise\s11_sur_01\image653394.bmp|C:\Users\iRoti\Desktop\tt\SMIC\SMIC_all_raw\HS\s11\micro\surprise\s11_sur_01\image653395.bmp|C:\Users\iRoti\Desktop\tt\SMIC\SMIC_all_raw\HS\s11\micro\surprise\s11_sur_01\image653396.bmp|C:\Users\iRoti\Desktop\tt\SMIC\SMIC_all_raw\HS\s11\micro\surprise\s11_sur_01\image653397.bmp|C:\Users\iRoti\Desktop\tt\SMIC\SMIC_all_raw\HS\s11\micro\surprise\s11_sur_01\image653398.bmp|C:\Users\iRoti\Desktop\tt\SMIC\SMIC_all_raw\HS\s11\micro\surprise\s11_sur_01\image653399.bmp|C:\Users\iRoti\Desktop\tt\SMIC\SMIC_all_raw\HS\s11\micro\surprise\s11_sur_01\image653400.bmp|C:\Users\iRoti\Desktop\tt\SMIC\SMIC_all_raw\HS\s11\micro\surprise\s11_sur_01\image653401.bmp|C:\Users\iRoti\Desktop\tt\SMIC\SMIC_all_raw\HS\s11\micro\surprise\s11_sur_01\image653402.bmp|C:\Users\iRoti\Desktop\tt\SMIC\SMIC_all_raw\HS\s11\micro\surprise\s11_sur_01\image653403.bmp|C:\Users\iRoti\Desktop\tt\SMIC\SMIC_all_raw\HS\s11\micro\surprise\s11_sur_01\image653404.bmp|C:\Users\iRoti\Desktop\tt\SMIC\SMIC_all_raw\HS\s11\micro\surprise\s11_sur_01\image653405.bmp|C:\Users\iRoti\Desktop\tt\SMIC\SMIC_all_raw\HS\s11\micro\surprise\s11_sur_01\image653406.bmp|C:\Users\iRoti\Desktop\tt\SMIC\SMIC_all_raw\HS\s11\micro\surprise\s11_sur_01\image653407.bmp|C:\Users\iRoti\Desktop\tt\SMIC\SMIC_all_raw\HS\s11\micro\surprise\s11_sur_01\image653408.bmp|C:\Users\iRoti\Desktop\tt\SMIC\SMIC_all_raw\HS\s11\micro\surprise\s11_sur_01\image653409.bmp|C:\Users\iRoti\Desktop\tt\SMIC\SMIC_all_raw\HS\s11\micro\surprise\s11_sur_01\image653410.bmp|C:\Users\iRoti\Desktop\tt\SMIC\SMIC_all_raw\HS\s11\micro\surprise\s11_sur_01\image653411.bmp|C:\Users\iRoti\Desktop\tt\SMIC\SMIC_all_raw\HS\s11\micro\surprise\s11_sur_01\image653412.bmp|C:\Users\iRoti\Desktop\tt\SMIC\SMIC_all_raw\HS\s11\micro\surprise\s11_sur_01\image653413.bmp|C:\Users\iRoti\Desktop\tt\SMIC\SMIC_all_raw\HS\s11\micro\surprise\s11_sur_01\image653414.bmp|C:\Users\iRoti\Desktop\tt\SMIC\SMIC_all_raw\HS\s11\micro\surprise\s11_sur_01\image653415.bmp|C:\Users\iRoti\Desktop\tt\SMIC\SMIC_all_raw\HS\s11\micro\surprise\s11_sur_01\image653416.bmp|C:\Users\iRoti\Desktop\tt\SMIC\SMIC_all_raw\HS\s11\micro\surprise\s11_sur_01\image653417.bmp|C:\Users\iRoti\Desktop\tt\SMIC\SMIC_all_raw\HS\s11\micro\surprise\s11_sur_01\image653418.bmp|C:\Users\iRoti\Desktop\tt\SMIC\SMIC_all_raw\HS\s11\micro\surprise\s11_sur_01\image653419.bmp|C:\Users\iRoti\Desktop\tt\SMIC\SMIC_all_raw\HS\s11\micro\surprise\s11_sur_01\image653420.bmp|C:\Users\iRoti\Desktop\tt\SMIC\SMIC_all_raw\HS\s11\micro\surprise\s11_sur_01\image653421.bmp|C:\Users\iRoti\Desktop\tt\SMIC\SMIC_all_raw\HS\s11\micro\surprise\s11_sur_01\image653422.bmp|C:\Users\iRoti\Desktop\tt\SMIC\SMIC_all_raw\HS\s11\micro\surprise\s11_sur_01\image653423.bmp
s11,HS_100fps,Neutral,C:\Users\iRoti\Desktop\tt\SMIC\SMIC_all_raw\HS\s11\non_micro\s11_n1\image488968.bmp|C:\Users\iRoti\Desktop\tt\SMIC\SMIC_all_raw\HS\s11\non_micro\s11_n1\image488969.bmp|C:\Users\iRoti\Desktop\tt\SMIC\SMIC_all_raw\HS\s11\non_micro\s11_n1\image488970.bmp|C:\Users\iRoti\Desktop\tt\SMIC\SMIC_all_raw\HS\s11\non_micro\s11_n1\image488971.bmp|C:\Users\iRoti\Desktop\tt\SMIC\SMIC_all_raw\HS\s11\non_micro\s11_n1\image488972.bmp|C:\Users\iRoti\Desktop\tt\SMIC\SMIC_all_raw\HS\s11\non_micro\s11_n1\image488973.bmp|C:\Users\iRoti\Desktop\tt\SMIC\SMIC_all_raw\HS\s11\non_micro\s11_n1\image488974.bmp|C:\Users\iRoti\Desktop\tt\SMIC\SMIC_all_raw\HS\s11\non_micro\s11_n1\image488975.bmp|C:\Users\iRoti\Desktop\tt\SMIC\SMIC_all_raw\HS\s11\non_micro\s11_n1\image488976.bmp|C:\Users\iRoti\Desktop\tt\SMIC\SMIC_all_raw\HS\s11\non_micro\s11_n1\image488977.bmp|C:\Users\iRoti\Desktop\tt\SMIC\SMIC_all_raw\HS\s11\non_micro\s11_n1\image488978.bmp|C:\Users\iRoti\Desktop\tt\SMIC\SMIC_all_raw\HS\s11\non_micro\s11_n1\image488979.bmp|C:\Users\iRoti\Desktop\tt\SMIC\SMIC_all_raw\HS\s11\non_micro\s11_n1\image488980.bmp|C:\Users\iRoti\Desktop\tt\SMIC\SMIC_all_raw\HS\s11\non_micro\s11_n1\image488981.bmp|C:\Users\iRoti\Desktop\tt\SMIC\SMIC_all_raw\HS\s11\non_micro\s11_n1\image488982.bmp|C:\Users\iRoti\Desktop\tt\SMIC\SMIC_all_raw\HS\s11\non_micro\s11_n1\image488983.bmp|C:\Users\iRoti\Desktop\tt\SMIC\SMIC_all_raw\HS\s11\non_micro\s11_n1\image488984.bmp|C:\Users\iRoti\Desktop\tt\SMIC\SMIC_all_raw\HS\s11\non_micro\s11_n1\image488985.bmp|C:\Users\iRoti\Desktop\tt\SMIC\SMIC_all_raw\HS\s11\non_micro\s11_n1\image488986.bmp|C:\Users\iRoti\Desktop\tt\SMIC\SMIC_all_raw\HS\s11\non_micro\s11_n1\image488987.bmp|C:\Users\iRoti\Desktop\tt\SMIC\SMIC_all_raw\HS\s11\non_micro\s11_n1\image488988.bmp|C:\Users\iRoti\Desktop\tt\SMIC\SMIC_all_raw\HS\s11\non_micro\s11_n1\image488989.bmp|C:\Users\iRoti\Desktop\tt\SMIC\SMIC_all_raw\HS\s11\non_micro\s11_n1\image488990.bmp|C:\Users\iRoti\Desktop\tt\SMIC\SMIC_all_raw\HS\s11\non_micro\s11_n1\image488991.bmp|C:\Users\iRoti\Desktop\tt\SMIC\SMIC_all_raw\HS\s11\non_micro\s11_n1\image488992.bmp|C:\Users\iRoti\Desktop\tt\SMIC\SMIC_all_raw\HS\s11\non_micro\s11_n1\image488993.bmp|C:\Users\iRoti\Desktop\tt\SMIC\SMIC_all_raw\HS\s11\non_micro\s11_n1\image488994.bmp|C:\Users\iRoti\Desktop\tt\SMIC\SMIC_all_raw\HS\s11\non_micro\s11_n1\image488995.bmp
s11,HS_100fps,Neutral,C:\Users\iRoti\Desktop\tt\SMIC\SMIC_all_raw\HS\s11\non_micro\s11_n2\image512256.bmp|C:\Users\iRoti\Desktop\tt\SMIC\SMIC_all_raw\HS\s11\non_micro\s11_n2\image512257.bmp|C:\Users\iRoti\Desktop\tt\SMIC\SMIC_all_raw\HS\s11\non_micro\s11_n2\image512258.bmp|C:\Users\iRoti\Desktop\tt\SMIC\SMIC_all_raw\HS\s11\non_micro\s11_n2\image512259.bmp|C:\Users\iRoti\Desktop\tt\SMIC\SMIC_all_raw\HS\s11\non_micro\s11_n2\image512260.bmp|C:\Users\iRoti\Desktop\tt\SMIC\SMIC_all_raw\HS\s11\non_micro\s11_n2\image512261.bmp|C:\Users\iRoti\Desktop\tt\SMIC\SMIC_all_raw\HS\s11\non_micro\s11_n2\image512262.bmp|C:\Users\iRoti\Desktop\tt\SMIC\SMIC_all_raw\HS\s11\non_micro\s11_n2\image512263.bmp|C:\Users\iRoti\Desktop\tt\SMIC\SMIC_all_raw\HS\s11\non_micro\s11_n2\image512264.bmp|C:\Users\iRoti\Desktop\tt\SMIC\SMIC_all_raw\HS\s11\non_micro\s11_n2\image512265.bmp|C:\Users\iRoti\Desktop\tt\SMIC\SMIC_all_raw\HS\s11\non_micro\s11_n2\image512266.bmp|C:\Users\iRoti\Desktop\tt\SMIC\SMIC_all_raw\HS\s11\non_micro\s11_n2\image512267.bmp|C:\Users\iRoti\Desktop\tt\SMIC\SMIC_all_raw\HS\s11\non_micro\s11_n2\image512268.bmp|C:\Users\iRoti\Desktop\tt\SMIC\SMIC_all_raw\HS\s11\non_micro\s11_n2\image512269.bmp|C:\Users\iRoti\Desktop\tt\SMIC\SMIC_all_raw\HS\s11\non_micro\s11_n2\image512270.bmp|C:\Users\iRoti\Desktop\tt\SMIC\SMIC_all_raw\HS\s11\non_micro\s11_n2\image512271.bmp|C:\Users\iRoti\Desktop\tt\SMIC\SMIC_all_raw\HS\s11\non_micro\s11_n2\image512272.bmp|C:\Users\iRoti\Desktop\tt\SMIC\SMIC_all_raw\HS\s11\non_micro\s11_n2\image512273.bmp|C:\Users\iRoti\Desktop\tt\SMIC\SMIC_all_raw\HS\s11\non_micro\s11_n2\image512274.bmp|C:\Users\iRoti\Desktop\tt\SMIC\SMIC_all_raw\HS\s11\non_micro\s11_n2\image512275.bmp|C:\Users\iRoti\Desktop\tt\SMIC\SMIC_all_raw\HS\s11\non_micro\s11_n2\image512276.bmp|C:\Users\iRoti\Desktop\tt\SMIC\SMIC_all_raw\HS\s11\non_micro\s11_n2\image512277.bmp|C:\Users\iRoti\Desktop\tt\SMIC\SMIC_all_raw\HS\s11\non_micro\s11_n2\image512278.bmp|C:\Users\iRoti\Desktop\tt\SMIC\SMIC_all_raw\HS\s11\non_micro\s11_n2\image512279.bmp|C:\Users\iRoti\Desktop\tt\SMIC\SMIC_all_raw\HS\s11\non_micro\s11_n2\image512280.bmp|C:\Users\iRoti\Desktop\tt\SMIC\SMIC_all_raw\HS\s11\non_micro\s11_n2\image512281.bmp|C:\Users\iRoti\Desktop\tt\SMIC\SMIC_all_raw\HS\s11\non_micro\s11_n2\image512282.bmp|C:\Users\iRoti\Desktop\tt\SMIC\SMIC_all_raw\HS\s11\non_micro\s11_n2\image512283.bmp|C:\Users\iRoti\Desktop\tt\SMIC\SMIC_all_raw\HS\s11\non_micro\s11_n2\image512284.bmp|C:\Users\iRoti\Desktop\tt\SMIC\SMIC_all_raw\HS\s11\non_micro\s11_n2\image512285.bmp|C:\Users\iRoti\Desktop\tt\SMIC\SMIC_all_raw\HS\s11\non_micro\s11_n2\image512286.bmp|C:\Users\iRoti\Desktop\tt\SMIC\SMIC_all_raw\HS\s11\non_micro\s11_n2\image512287.bmp
s11,HS_100fps,Neutral,C:\Users\iRoti\Desktop\tt\SMIC\SMIC_all_raw\HS\s11\non_micro\s11_n3\image468408.bmp|C:\Users\iRoti\Desktop\tt\SMIC\SMIC_all_raw\HS\s11\non_micro\s11_n3\image468409.bmp|C:\Users\iRoti\Desktop\tt\SMIC\SMIC_all_raw\HS\s11\non_micro\s11_n3\image468410.bmp|C:\Users\iRoti\Desktop\tt\SMIC\SMIC_all_raw\HS\s11\non_micro\s11_n3\image468411.bmp|C:\Users\iRoti\Desktop\tt\SMIC\SMIC_all_raw\HS\s11\non_micro\s11_n3\image468412.bmp|C:\Users\iRoti\Desktop\tt\SMIC\SMIC_all_raw\HS\s11\non_micro\s11_n3\image468413.bmp|C:\Users\iRoti\Desktop\tt\SMIC\SMIC_all_raw\HS\s11\non_micro\s11_n3\image468414.bmp|C:\Users\iRoti\Desktop\tt\SMIC\SMIC_all_raw\HS\s11\non_micro\s11_n3\image468415.bmp|C:\Users\iRoti\Desktop\tt\SMIC\SMIC_all_raw\HS\s11\non_micro\s11_n3\image468416.bmp|C:\Users\iRoti\Desktop\tt\SMIC\SMIC_all_raw\HS\s11\non_micro\s11_n3\image468417.bmp|C:\Users\iRoti\Desktop\tt\SMIC\SMIC_all_raw\HS\s11\non_micro\s11_n3\image468418.bmp|C:\Users\iRoti\Desktop\tt\SMIC\SMIC_all_raw\HS\s11\non_micro\s11_n3\image468419.bmp|C:\Users\iRoti\Desktop\tt\SMIC\SMIC_all_raw\HS\s11\non_micro\s11_n3\image468420.bmp|C:\Users\iRoti\Desktop\tt\SMIC\SMIC_all_raw\HS\s11\non_micro\s11_n3\image468421.bmp|C:\Users\iRoti\Desktop\tt\SMIC\SMIC_all_raw\HS\s11\non_micro\s11_n3\image468422.bmp|C:\Users\iRoti\Desktop\tt\SMIC\SMIC_all_raw\HS\s11\non_micro\s11_n3\image468423.bmp|C:\Users\iRoti\Desktop\tt\SMIC\SMIC_all_raw\HS\s11\non_micro\s11_n3\image468424.bmp|C:\Users\iRoti\Desktop\tt\SMIC\SMIC_all_raw\HS\s11\non_micro\s11_n3\image468425.bmp|C:\Users\iRoti\Desktop\tt\SMIC\SMIC_all_raw\HS\s11\non_micro\s11_n3\image468426.bmp|C:\Users\iRoti\Desktop\tt\SMIC\SMIC_all_raw\HS\s11\non_micro\s11_n3\image468427.bmp|C:\Users\iRoti\Desktop\tt\SMIC\SMIC_all_raw\HS\s11\non_micro\s11_n3\image468428.bmp|C:\Users\iRoti\Desktop\tt\SMIC\SMIC_all_raw\HS\s11\non_micro\s11_n3\image468429.bmp|C:\Users\iRoti\Desktop\tt\SMIC\SMIC_all_raw\HS\s11\non_micro\s11_n3\image468430.bmp|C:\Users\iRoti\Desktop\tt\SMIC\SMIC_all_raw\HS\s11\non_micro\s11_n3\image468431.bmp|C:\Users\iRoti\Desktop\tt\SMIC\SMIC_all_raw\HS\s11\non_micro\s11_n3\image468432.bmp|C:\Users\iRoti\Desktop\tt\SMIC\SMIC_all_raw\HS\s11\non_micro\s11_n3\image468433.bmp|C:\Users\iRoti\Desktop\tt\SMIC\SMIC_all_raw\HS\s11\non_micro\s11_n3\image468434.bmp|C:\Users\iRoti\Desktop\tt\SMIC\SMIC_all_raw\HS\s11\non_micro\s11_n3\image468435.bmp|C:\Users\iRoti\Desktop\tt\SMIC\SMIC_all_raw\HS\s11\non_micro\s11_n3\image468436.bmp|C:\Users\iRoti\Desktop\tt\SMIC\SMIC_all_raw\HS\s11\non_micro\s11_n3\image468437.bmp|C:\Users\iRoti\Desktop\tt\SMIC\SMIC_all_raw\HS\s11\non_micro\s11_n3\image468438.bmp|C:\Users\iRoti\Desktop\tt\SMIC\SMIC_all_raw\HS\s11\non_micro\s11_n3\image468439.bmp|C:\Users\iRoti\Desktop\tt\SMIC\SMIC_all_raw\HS\s11\non_micro\s11_n3\image468440.bmp|C:\Users\iRoti\Desktop\tt\SMIC\SMIC_all_raw\HS\s11\non_micro\s11_n3\image468441.bmp|C:\Users\iRoti\Desktop\tt\SMIC\SMIC_all_raw\HS\s11\non_micro\s11_n3\image468442.bmp|C:\Users\iRoti\Desktop\tt\SMIC\SMIC_all_raw\HS\s11\non_micro\s11_n3\image468443.bmp|C:\Users\iRoti\Desktop\tt\SMIC\SMIC_all_raw\HS\s11\non_micro\s11_n3\image468444.bmp|C:\Users\iRoti\Desktop\tt\SMIC\SMIC_all_raw\HS\s11\non_micro\s11_n3\image468445.bmp|C:\Users\iRoti\Desktop\tt\SMIC\SMIC_all_raw\HS\s11\non_micro\s11_n3\image468446.bmp|C:\Users\iRoti\Desktop\tt\SMIC\SMIC_all_raw\HS\s11\non_micro\s11_n3\image468447.bmp|C:\Users\iRoti\Desktop\tt\SMIC\SMIC_all_raw\HS\s11\non_micro\s11_n3\image468448.bmp|C:\Users\iRoti\Desktop\tt\SMIC\SMIC_all_raw\HS\s11\non_micro\s11_n3\image468449.bmp|C:\Users\iRoti\Desktop\tt\SMIC\SMIC_all_raw\HS\s11\non_micro\s11_n3\image468450.bmp|C:\Users\iRoti\Desktop\tt\SMIC\SMIC_all_raw\HS\s11\non_micro\s11_n3\image468451.bmp
s11,HS_100fps,Neutral,C:\Users\iRoti\Desktop\tt\SMIC\SMIC_all_raw\HS\s11\non_micro\s11_n4\image655640.bmp|C:\Users\iRoti\Desktop\tt\SMIC\SMIC_all_raw\HS\s11\non_micro\s11_n4\image655641.bmp|C:\Users\iRoti\Desktop\tt\SMIC\SMIC_all_raw\HS\s11\non_micro\s11_n4\image655642.bmp|C:\Users\iRoti\Desktop\tt\SMIC\SMIC_all_raw\HS\s11\non_micro\s11_n4\image655643.bmp|C:\Users\iRoti\Desktop\tt\SMIC\SMIC_all_raw\HS\s11\non_micro\s11_n4\image655644.bmp|C:\Users\iRoti\Desktop\tt\SMIC\SMIC_all_raw\HS\s11\non_micro\s11_n4\image655645.bmp|C:\Users\iRoti\Desktop\tt\SMIC\SMIC_all_raw\HS\s11\non_micro\s11_n4\image655646.bmp|C:\Users\iRoti\Desktop\tt\SMIC\SMIC_all_raw\HS\s11\non_micro\s11_n4\image655647.bmp|C:\Users\iRoti\Desktop\tt\SMIC\SMIC_all_raw\HS\s11\non_micro\s11_n4\image655648.bmp|C:\Users\iRoti\Desktop\tt\SMIC\SMIC_all_raw\HS\s11\non_micro\s11_n4\image655649.bmp|C:\Users\iRoti\Desktop\tt\SMIC\SMIC_all_raw\HS\s11\non_micro\s11_n4\image655650.bmp|C:\Users\iRoti\Desktop\tt\SMIC\SMIC_all_raw\HS\s11\non_micro\s11_n4\image655651.bmp|C:\Users\iRoti\Desktop\tt\SMIC\SMIC_all_raw\HS\s11\non_micro\s11_n4\image655652.bmp|C:\Users\iRoti\Desktop\tt\SMIC\SMIC_all_raw\HS\s11\non_micro\s11_n4\image655653.bmp|C:\Users\iRoti\Desktop\tt\SMIC\SMIC_all_raw\HS\s11\non_micro\s11_n4\image655654.bmp|C:\Users\iRoti\Desktop\tt\SMIC\SMIC_all_raw\HS\s11\non_micro\s11_n4\image655655.bmp|C:\Users\iRoti\Desktop\tt\SMIC\SMIC_all_raw\HS\s11\non_micro\s11_n4\image655656.bmp|C:\Users\iRoti\Desktop\tt\SMIC\SMIC_all_raw\HS\s11\non_micro\s11_n4\image655657.bmp|C:\Users\iRoti\Desktop\tt\SMIC\SMIC_all_raw\HS\s11\non_micro\s11_n4\image655658.bmp|C:\Users\iRoti\Desktop\tt\SMIC\SMIC_all_raw\HS\s11\non_micro\s11_n4\image655659.bmp|C:\Users\iRoti\Desktop\tt\SMIC\SMIC_all_raw\HS\s11\non_micro\s11_n4\image655660.bmp|C:\Users\iRoti\Desktop\tt\SMIC\SMIC_all_raw\HS\s11\non_micro\s11_n4\image655661.bmp|C:\Users\iRoti\Desktop\tt\SMIC\SMIC_all_raw\HS\s11\non_micro\s11_n4\image655662.bmp|C:\Users\iRoti\Desktop\tt\SMIC\SMIC_all_raw\HS\s11\non_micro\s11_n4\image655663.bmp|C:\Users\iRoti\Desktop\tt\SMIC\SMIC_all_raw\HS\s11\non_micro\s11_n4\image655664.bmp|C:\Users\iRoti\Desktop\tt\SMIC\SMIC_all_raw\HS\s11\non_micro\s11_n4\image655665.bmp|C:\Users\iRoti\Desktop\tt\SMIC\SMIC_all_raw\HS\s11\non_micro\s11_n4\image655666.bmp|C:\Users\iRoti\Desktop\tt\SMIC\SMIC_all_raw\HS\s11\non_micro\s11_n4\image655667.bmp|C:\Users\iRoti\Desktop\tt\SMIC\SMIC_all_raw\HS\s11\non_micro\s11_n4\image655668.bmp|C:\Users\iRoti\Desktop\tt\SMIC\SMIC_all_raw\HS\s11\non_micro\s11_n4\image655669.bmp|C:\Users\iRoti\Desktop\tt\SMIC\SMIC_all_raw\HS\s11\non_micro\s11_n4\image655670.bmp|C:\Users\iRoti\Desktop\tt\SMIC\SMIC_all_raw\HS\s11\non_micro\s11_n4\image655671.bmp|C:\Users\iRoti\Desktop\tt\SMIC\SMIC_all_raw\HS\s11\non_micro\s11_n4\image655672.bmp|C:\Users\iRoti\Desktop\tt\SMIC\SMIC_all_raw\HS\s11\non_micro\s11_n4\image655673.bmp|C:\Users\iRoti\Desktop\tt\SMIC\SMIC_all_raw\HS\s11\non_micro\s11_n4\image655674.bmp|C:\Users\iRoti\Desktop\tt\SMIC\SMIC_all_raw\HS\s11\non_micro\s11_n4\image655675.bmp|C:\Users\iRoti\Desktop\tt\SMIC\SMIC_all_raw\HS\s11\non_micro\s11_n4\image655676.bmp|C:\Users\iRoti\Desktop\tt\SMIC\SMIC_all_raw\HS\s11\non_micro\s11_n4\image655677.bmp|C:\Users\iRoti\Desktop\tt\SMIC\SMIC_all_raw\HS\s11\non_micro\s11_n4\image655678.bmp|C:\Users\iRoti\Desktop\tt\SMIC\SMIC_all_raw\HS\s11\non_micro\s11_n4\image655679.bmp
s11,HS_100fps,Neutral,C:\Users\iRoti\Desktop\tt\SMIC\SMIC_all_raw\HS\s11\non_micro\s11_n5\image603864.bmp|C:\Users\iRoti\Desktop\tt\SMIC\SMIC_all_raw\HS\s11\non_micro\s11_n5\image603865.bmp|C:\Users\iRoti\Desktop\tt\SMIC\SMIC_all_raw\HS\s11\non_micro\s11_n5\image603866.bmp|C:\Users\iRoti\Desktop\tt\SMIC\SMIC_all_raw\HS\s11\non_micro\s11_n5\image603867.bmp|C:\Users\iRoti\Desktop\tt\SMIC\SMIC_all_raw\HS\s11\non_micro\s11_n5\image603868.bmp|C:\Users\iRoti\Desktop\tt\SMIC\SMIC_all_raw\HS\s11\non_micro\s11_n5\image603869.bmp|C:\Users\iRoti\Desktop\tt\SMIC\SMIC_all_raw\HS\s11\non_micro\s11_n5\image603870.bmp|C:\Users\iRoti\Desktop\tt\SMIC\SMIC_all_raw\HS\s11\non_micro\s11_n5\image603871.bmp|C:\Users\iRoti\Desktop\tt\SMIC\SMIC_all_raw\HS\s11\non_micro\s11_n5\image603872.bmp|C:\Users\iRoti\Desktop\tt\SMIC\SMIC_all_raw\HS\s11\non_micro\s11_n5\image603873.bmp|C:\Users\iRoti\Desktop\tt\SMIC\SMIC_all_raw\HS\s11\non_micro\s11_n5\image603874.bmp|C:\Users\iRoti\Desktop\tt\SMIC\SMIC_all_raw\HS\s11\non_micro\s11_n5\image603875.bmp|C:\Users\iRoti\Desktop\tt\SMIC\SMIC_all_raw\HS\s11\non_micro\s11_n5\image603876.bmp|C:\Users\iRoti\Desktop\tt\SMIC\SMIC_all_raw\HS\s11\non_micro\s11_n5\image603877.bmp|C:\Users\iRoti\Desktop\tt\SMIC\SMIC_all_raw\HS\s11\non_micro\s11_n5\image603878.bmp|C:\Users\iRoti\Desktop\tt\SMIC\SMIC_all_raw\HS\s11\non_micro\s11_n5\image603879.bmp|C:\Users\iRoti\Desktop\tt\SMIC\SMIC_all_raw\HS\s11\non_micro\s11_n5\image603880.bmp|C:\Users\iRoti\Desktop\tt\SMIC\SMIC_all_raw\HS\s11\non_micro\s11_n5\image603881.bmp|C:\Users\iRoti\Desktop\tt\SMIC\SMIC_all_raw\HS\s11\non_micro\s11_n5\image603882.bmp|C:\Users\iRoti\Desktop\tt\SMIC\SMIC_all_raw\HS\s11\non_micro\s11_n5\image603883.bmp|C:\Users\iRoti\Desktop\tt\SMIC\SMIC_all_raw\HS\s11\non_micro\s11_n5\image603884.bmp|C:\Users\iRoti\Desktop\tt\SMIC\SMIC_all_raw\HS\s11\non_micro\s11_n5\image603885.bmp|C:\Users\iRoti\Desktop\tt\SMIC\SMIC_all_raw\HS\s11\non_micro\s11_n5\image603886.bmp|C:\Users\iRoti\Desktop\tt\SMIC\SMIC_all_raw\HS\s11\non_micro\s11_n5\image603887.bmp|C:\Users\iRoti\Desktop\tt\SMIC\SMIC_all_raw\HS\s11\non_micro\s11_n5\image603888.bmp|C:\Users\iRoti\Desktop\tt\SMIC\SMIC_all_raw\HS\s11\non_micro\s11_n5\image603889.bmp|C:\Users\iRoti\Desktop\tt\SMIC\SMIC_all_raw\HS\s11\non_micro\s11_n5\image603890.bmp|C:\Users\iRoti\Desktop\tt\SMIC\SMIC_all_raw\HS\s11\non_micro\s11_n5\image603891.bmp|C:\Users\iRoti\Desktop\tt\SMIC\SMIC_all_raw\HS\s11\non_micro\s11_n5\image603892.bmp|C:\Users\iRoti\Desktop\tt\SMIC\SMIC_all_raw\HS\s11\non_micro\s11_n5\image603893.bmp|C:\Users\iRoti\Desktop\tt\SMIC\SMIC_all_raw\HS\s11\non_micro\s11_n5\image603894.bmp|C:\Users\iRoti\Desktop\tt\SMIC\SMIC_all_raw\HS\s11\non_micro\s11_n5\image603895.bmp|C:\Users\iRoti\Desktop\tt\SMIC\SMIC_all_raw\HS\s11\non_micro\s11_n5\image603896.bmp|C:\Users\iRoti\Desktop\tt\SMIC\SMIC_all_raw\HS\s11\non_micro\s11_n5\image603897.bmp|C:\Users\iRoti\Desktop\tt\SMIC\SMIC_all_raw\HS\s11\non_micro\s11_n5\image603898.bmp|C:\Users\iRoti\Desktop\tt\SMIC\SMIC_all_raw\HS\s11\non_micro\s11_n5\image603899.bmp
s11,HS_100fps,Neutral,C:\Users\iRoti\Desktop\tt\SMIC\SMIC_all_raw\HS\s11\non_micro\s11_n6\image688020.bmp|C:\Users\iRoti\Desktop\tt\SMIC\SMIC_all_raw\HS\s11\non_micro\s11_n6\image688021.bmp|C:\Users\iRoti\Desktop\tt\SMIC\SMIC_all_raw\HS\s11\non_micro\s11_n6\image688022.bmp|C:\Users\iRoti\Desktop\tt\SMIC\SMIC_all_raw\HS\s11\non_micro\s11_n6\image688023.bmp|C:\Users\iRoti\Desktop\tt\SMIC\SMIC_all_raw\HS\s11\non_micro\s11_n6\image688024.bmp|C:\Users\iRoti\Desktop\tt\SMIC\SMIC_all_raw\HS\s11\non_micro\s11_n6\image688025.bmp|C:\Users\iRoti\Desktop\tt\SMIC\SMIC_all_raw\HS\s11\non_micro\s11_n6\image688026.bmp|C:\Users\iRoti\Desktop\tt\SMIC\SMIC_all_raw\HS\s11\non_micro\s11_n6\image688027.bmp|C:\Users\iRoti\Desktop\tt\SMIC\SMIC_all_raw\HS\s11\non_micro\s11_n6\image688028.bmp|C:\Users\iRoti\Desktop\tt\SMIC\SMIC_all_raw\HS\s11\non_micro\s11_n6\image688029.bmp|C:\Users\iRoti\Desktop\tt\SMIC\SMIC_all_raw\HS\s11\non_micro\s11_n6\image688030.bmp|C:\Users\iRoti\Desktop\tt\SMIC\SMIC_all_raw\HS\s11\non_micro\s11_n6\image688031.bmp|C:\Users\iRoti\Desktop\tt\SMIC\SMIC_all_raw\HS\s11\non_micro\s11_n6\image688032.bmp|C:\Users\iRoti\Desktop\tt\SMIC\SMIC_all_raw\HS\s11\non_micro\s11_n6\image688033.bmp|C:\Users\iRoti\Desktop\tt\SMIC\SMIC_all_raw\HS\s11\non_micro\s11_n6\image688034.bmp|C:\Users\iRoti\Desktop\tt\SMIC\SMIC_all_raw\HS\s11\non_micro\s11_n6\image688035.bmp|C:\Users\iRoti\Desktop\tt\SMIC\SMIC_all_raw\HS\s11\non_micro\s11_n6\image688036.bmp|C:\Users\iRoti\Desktop\tt\SMIC\SMIC_all_raw\HS\s11\non_micro\s11_n6\image688037.bmp|C:\Users\iRoti\Desktop\tt\SMIC\SMIC_all_raw\HS\s11\non_micro\s11_n6\image688038.bmp|C:\Users\iRoti\Desktop\tt\SMIC\SMIC_all_raw\HS\s11\non_micro\s11_n6\image688039.bmp|C:\Users\iRoti\Desktop\tt\SMIC\SMIC_all_raw\HS\s11\non_micro\s11_n6\image688040.bmp|C:\Users\iRoti\Desktop\tt\SMIC\SMIC_all_raw\HS\s11\non_micro\s11_n6\image688041.bmp|C:\Users\iRoti\Desktop\tt\SMIC\SMIC_all_raw\HS\s11\non_micro\s11_n6\image688042.bmp|C:\Users\iRoti\Desktop\tt\SMIC\SMIC_all_raw\HS\s11\non_micro\s11_n6\image688043.bmp|C:\Users\iRoti\Desktop\tt\SMIC\SMIC_all_raw\HS\s11\non_micro\s11_n6\image688044.bmp|C:\Users\iRoti\Desktop\tt\SMIC\SMIC_all_raw\HS\s11\non_micro\s11_n6\image688045.bmp|C:\Users\iRoti\Desktop\tt\SMIC\SMIC_all_raw\HS\s11\non_micro\s11_n6\image688046.bmp|C:\Users\iRoti\Desktop\tt\SMIC\SMIC_all_raw\HS\s11\non_micro\s11_n6\image688047.bmp
s11,HS_100fps,Neutral,C:\Users\iRoti\Desktop\tt\SMIC\SMIC_all_raw\HS\s11\non_micro\s11_n7\image533632.bmp|C:\Users\iRoti\Desktop\tt\SMIC\SMIC_all_raw\HS\s11\non_micro\s11_n7\image533633.bmp|C:\Users\iRoti\Desktop\tt\SMIC\SMIC_all_raw\HS\s11\non_micro\s11_n7\image533634.bmp|C:\Users\iRoti\Desktop\tt\SMIC\SMIC_all_raw\HS\s11\non_micro\s11_n7\image533635.bmp|C:\Users\iRoti\Desktop\tt\SMIC\SMIC_all_raw\HS\s11\non_micro\s11_n7\image533636.bmp|C:\Users\iRoti\Desktop\tt\SMIC\SMIC_all_raw\HS\s11\non_micro\s11_n7\image533637.bmp|C:\Users\iRoti\Desktop\tt\SMIC\SMIC_all_raw\HS\s11\non_micro\s11_n7\image533638.bmp|C:\Users\iRoti\Desktop\tt\SMIC\SMIC_all_raw\HS\s11\non_micro\s11_n7\image533639.bmp|C:\Users\iRoti\Desktop\tt\SMIC\SMIC_all_raw\HS\s11\non_micro\s11_n7\image533640.bmp|C:\Users\iRoti\Desktop\tt\SMIC\SMIC_all_raw\HS\s11\non_micro\s11_n7\image533641.bmp|C:\Users\iRoti\Desktop\tt\SMIC\SMIC_all_raw\HS\s11\non_micro\s11_n7\image533642.bmp|C:\Users\iRoti\Desktop\tt\SMIC\SMIC_all_raw\HS\s11\non_micro\s11_n7\image533643.bmp|C:\Users\iRoti\Desktop\tt\SMIC\SMIC_all_raw\HS\s11\non_micro\s11_n7\image533644.bmp|C:\Users\iRoti\Desktop\tt\SMIC\SMIC_all_raw\HS\s11\non_micro\s11_n7\image533645.bmp|C:\Users\iRoti\Desktop\tt\SMIC\SMIC_all_raw\HS\s11\non_micro\s11_n7\image533646.bmp|C:\Users\iRoti\Desktop\tt\SMIC\SMIC_all_raw\HS\s11\non_micro\s11_n7\image533647.bmp|C:\Users\iRoti\Desktop\tt\SMIC\SMIC_all_raw\HS\s11\non_micro\s11_n7\image533648.bmp|C:\Users\iRoti\Desktop\tt\SMIC\SMIC_all_raw\HS\s11\non_micro\s11_n7\image533649.bmp|C:\Users\iRoti\Desktop\tt\SMIC\SMIC_all_raw\HS\s11\non_micro\s11_n7\image533650.bmp|C:\Users\iRoti\Desktop\tt\SMIC\SMIC_all_raw\HS\s11\non_micro\s11_n7\image533651.bmp|C:\Users\iRoti\Desktop\tt\SMIC\SMIC_all_raw\HS\s11\non_micro\s11_n7\image533652.bmp|C:\Users\iRoti\Desktop\tt\SMIC\SMIC_all_raw\HS\s11\non_micro\s11_n7\image533653.bmp|C:\Users\iRoti\Desktop\tt\SMIC\SMIC_all_raw\HS\s11\non_micro\s11_n7\image533654.bmp|C:\Users\iRoti\Desktop\tt\SMIC\SMIC_all_raw\HS\s11\non_micro\s11_n7\image533655.bmp|C:\Users\iRoti\Desktop\tt\SMIC\SMIC_all_raw\HS\s11\non_micro\s11_n7\image533656.bmp|C:\Users\iRoti\Desktop\tt\SMIC\SMIC_all_raw\HS\s11\non_micro\s11_n7\image533657.bmp|C:\Users\iRoti\Desktop\tt\SMIC\SMIC_all_raw\HS\s11\non_micro\s11_n7\image533658.bmp|C:\Users\iRoti\Desktop\tt\SMIC\SMIC_all_raw\HS\s11\non_micro\s11_n7\image533659.bmp|C:\Users\iRoti\Desktop\tt\SMIC\SMIC_all_raw\HS\s11\non_micro\s11_n7\image533660.bmp|C:\Users\iRoti\Desktop\tt\SMIC\SMIC_all_raw\HS\s11\non_micro\s11_n7\image533661.bmp|C:\Users\iRoti\Desktop\tt\SMIC\SMIC_all_raw\HS\s11\non_micro\s11_n7\image533662.bmp|C:\Users\iRoti\Desktop\tt\SMIC\SMIC_all_raw\HS\s11\non_micro\s11_n7\image533663.bmp|C:\Users\iRoti\Desktop\tt\SMIC\SMIC_all_raw\HS\s11\non_micro\s11_n7\image533664.bmp|C:\Users\iRoti\Desktop\tt\SMIC\SMIC_all_raw\HS\s11\non_micro\s11_n7\image533665.bmp|C:\Users\iRoti\Desktop\tt\SMIC\SMIC_all_raw\HS\s11\non_micro\s11_n7\image533666.bmp|C:\Users\iRoti\Desktop\tt\SMIC\SMIC_all_raw\HS\s11\non_micro\s11_n7\image533667.bmp|C:\Users\iRoti\Desktop\tt\SMIC\SMIC_all_raw\HS\s11\non_micro\s11_n7\image533668.bmp|C:\Users\iRoti\Desktop\tt\SMIC\SMIC_all_raw\HS\s11\non_micro\s11_n7\image533669.bmp|C:\Users\iRoti\Desktop\tt\SMIC\SMIC_all_raw\HS\s11\non_micro\s11_n7\image533670.bmp|C:\Users\iRoti\Desktop\tt\SMIC\SMIC_all_raw\HS\s11\non_micro\s11_n7\image533671.bmp
s12,HS_100fps,Felicidad,C:\Users\iRoti\Desktop\tt\SMIC\SMIC_all_raw\HS\s12\micro\positive\s12_po_01\image8463663.bmp|C:\Users\iRoti\Desktop\tt\SMIC\SMIC_all_raw\HS\s12\micro\positive\s12_po_01\image8463664.bmp|C:\Users\iRoti\Desktop\tt\SMIC\SMIC_all_raw\HS\s12\micro\positive\s12_po_01\image8463665.bmp|C:\Users\iRoti\Desktop\tt\SMIC\SMIC_all_raw\HS\s12\micro\positive\s12_po_01\image8463666.bmp|C:\Users\iRoti\Desktop\tt\SMIC\SMIC_all_raw\HS\s12\micro\positive\s12_po_01\image8463667.bmp|C:\Users\iRoti\Desktop\tt\SMIC\SMIC_all_raw\HS\s12\micro\positive\s12_po_01\image8463668.bmp|C:\Users\iRoti\Desktop\tt\SMIC\SMIC_all_raw\HS\s12\micro\positive\s12_po_01\image8463669.bmp|C:\Users\iRoti\Desktop\tt\SMIC\SMIC_all_raw\HS\s12\micro\positive\s12_po_01\image8463670.bmp|C:\Users\iRoti\Desktop\tt\SMIC\SMIC_all_raw\HS\s12\micro\positive\s12_po_01\image8463671.bmp|C:\Users\iRoti\Desktop\tt\SMIC\SMIC_all_raw\HS\s12\micro\positive\s12_po_01\image8463672.bmp|C:\Users\iRoti\Desktop\tt\SMIC\SMIC_all_raw\HS\s12\micro\positive\s12_po_01\image8463673.bmp|C:\Users\iRoti\Desktop\tt\SMIC\SMIC_all_raw\HS\s12\micro\positive\s12_po_01\image8463674.bmp|C:\Users\iRoti\Desktop\tt\SMIC\SMIC_all_raw\HS\s12\micro\positive\s12_po_01\image8463675.bmp|C:\Users\iRoti\Desktop\tt\SMIC\SMIC_all_raw\HS\s12\micro\positive\s12_po_01\image8463676.bmp|C:\Users\iRoti\Desktop\tt\SMIC\SMIC_all_raw\HS\s12\micro\positive\s12_po_01\image8463677.bmp|C:\Users\iRoti\Desktop\tt\SMIC\SMIC_all_raw\HS\s12\micro\positive\s12_po_01\image8463678.bmp|C:\Users\iRoti\Desktop\tt\SMIC\SMIC_all_raw\HS\s12\micro\positive\s12_po_01\image8463679.bmp|C:\Users\iRoti\Desktop\tt\SMIC\SMIC_all_raw\HS\s12\micro\positive\s12_po_01\image8463680.bmp|C:\Users\iRoti\Desktop\tt\SMIC\SMIC_all_raw\HS\s12\micro\positive\s12_po_01\image8463681.bmp|C:\Users\iRoti\Desktop\tt\SMIC\SMIC_all_raw\HS\s12\micro\positive\s12_po_01\image8463682.bmp|C:\Users\iRoti\Desktop\tt\SMIC\SMIC_all_raw\HS\s12\micro\positive\s12_po_01\image8463683.bmp|C:\Users\iRoti\Desktop\tt\SMIC\SMIC_all_raw\HS\s12\micro\positive\s12_po_01\image8463684.bmp|C:\Users\iRoti\Desktop\tt\SMIC\SMIC_all_raw\HS\s12\micro\positive\s12_po_01\image8463685.bmp|C:\Users\iRoti\Desktop\tt\SMIC\SMIC_all_raw\HS\s12\micro\positive\s12_po_01\image8463686.bmp|C:\Users\iRoti\Desktop\tt\SMIC\SMIC_all_raw\HS\s12\micro\positive\s12_po_01\image8463687.bmp|C:\Users\iRoti\Desktop\tt\SMIC\SMIC_all_raw\HS\s12\micro\positive\s12_po_01\image8463688.bmp|C:\Users\iRoti\Desktop\tt\SMIC\SMIC_all_raw\HS\s12\micro\positive\s12_po_01\image8463689.bmp|C:\Users\iRoti\Desktop\tt\SMIC\SMIC_all_raw\HS\s12\micro\positive\s12_po_01\image8463690.bmp|C:\Users\iRoti\Desktop\tt\SMIC\SMIC_all_raw\HS\s12\micro\positive\s12_po_01\image8463691.bmp|C:\Users\iRoti\Desktop\tt\SMIC\SMIC_all_raw\HS\s12\micro\positive\s12_po_01\image8463692.bmp|C:\Users\iRoti\Desktop\tt\SMIC\SMIC_all_raw\HS\s12\micro\positive\s12_po_01\image8463693.bmp|C:\Users\iRoti\Desktop\tt\SMIC\SMIC_all_raw\HS\s12\micro\positive\s12_po_01\image8463694.bmp|C:\Users\iRoti\Desktop\tt\SMIC\SMIC_all_raw\HS\s12\micro\positive\s12_po_01\image8463695.bmp|C:\Users\iRoti\Desktop\tt\SMIC\SMIC_all_raw\HS\s12\micro\positive\s12_po_01\image8463696.bmp|C:\Users\iRoti\Desktop\tt\SMIC\SMIC_all_raw\HS\s12\micro\positive\s12_po_01\image8463697.bmp|C:\Users\iRoti\Desktop\tt\SMIC\SMIC_all_raw\HS\s12\micro\positive\s12_po_01\image8463698.bmp|C:\Users\iRoti\Desktop\tt\SMIC\SMIC_all_raw\HS\s12\micro\positive\s12_po_01\image8463699.bmp|C:\Users\iRoti\Desktop\tt\SMIC\SMIC_all_raw\HS\s12\micro\positive\s12_po_01\image8463700.bmp|C:\Users\iRoti\Desktop\tt\SMIC\SMIC_all_raw\HS\s12\micro\positive\s12_po_01\image8463701.bmp|C:\Users\iRoti\Desktop\tt\SMIC\SMIC_all_raw\HS\s12\micro\positive\s12_po_01\image8463702.bmp|C:\Users\iRoti\Desktop\tt\SMIC\SMIC_all_raw\HS\s12\micro\positive\s12_po_01\image8463703.bmp|C:\Users\iRoti\Desktop\tt\SMIC\SMIC_all_raw\HS\s12\micro\positive\s12_po_01\image8463704.bmp|C:\Users\iRoti\Desktop\tt\SMIC\SMIC_all_raw\HS\s12\micro\positive\s12_po_01\image8463705.bmp|C:\Users\iRoti\Desktop\tt\SMIC\SMIC_all_raw\HS\s12\micro\positive\s12_po_01\image8463706.bmp|C:\Users\iRoti\Desktop\tt\SMIC\SMIC_all_raw\HS\s12\micro\positive\s12_po_01\image8463707.bmp|C:\Users\iRoti\Desktop\tt\SMIC\SMIC_all_raw\HS\s12\micro\positive\s12_po_01\image8463708.bmp|C:\Users\iRoti\Desktop\tt\SMIC\SMIC_all_raw\HS\s12\micro\positive\s12_po_01\image8463709.bmp|C:\Users\iRoti\Desktop\tt\SMIC\SMIC_all_raw\HS\s12\micro\positive\s12_po_01\image8463710.bmp|C:\Users\iRoti\Desktop\tt\SMIC\SMIC_all_raw\HS\s12\micro\positive\s12_po_01\image8463711.bmp|C:\Users\iRoti\Desktop\tt\SMIC\SMIC_all_raw\HS\s12\micro\positive\s12_po_01\image8463712.bmp
s12,HS_100fps,Felicidad,C:\Users\iRoti\Desktop\tt\SMIC\SMIC_all_raw\HS\s12\micro\positive\s12_po_02\image8468220.bmp|C:\Users\iRoti\Desktop\tt\SMIC\SMIC_all_raw\HS\s12\micro\positive\s12_po_02\image8468221.bmp|C:\Users\iRoti\Desktop\tt\SMIC\SMIC_all_raw\HS\s12\micro\positive\s12_po_02\image8468222.bmp|C:\Users\iRoti\Desktop\tt\SMIC\SMIC_all_raw\HS\s12\micro\positive\s12_po_02\image8468223.bmp|C:\Users\iRoti\Desktop\tt\SMIC\SMIC_all_raw\HS\s12\micro\positive\s12_po_02\image8468224.bmp|C:\Users\iRoti\Desktop\tt\SMIC\SMIC_all_raw\HS\s12\micro\positive\s12_po_02\image8468225.bmp|C:\Users\iRoti\Desktop\tt\SMIC\SMIC_all_raw\HS\s12\micro\positive\s12_po_02\image8468226.bmp|C:\Users\iRoti\Desktop\tt\SMIC\SMIC_all_raw\HS\s12\micro\positive\s12_po_02\image8468227.bmp|C:\Users\iRoti\Desktop\tt\SMIC\SMIC_all_raw\HS\s12\micro\positive\s12_po_02\image8468228.bmp|C:\Users\iRoti\Desktop\tt\SMIC\SMIC_all_raw\HS\s12\micro\positive\s12_po_02\image8468229.bmp|C:\Users\iRoti\Desktop\tt\SMIC\SMIC_all_raw\HS\s12\micro\positive\s12_po_02\image8468230.bmp|C:\Users\iRoti\Desktop\tt\SMIC\SMIC_all_raw\HS\s12\micro\positive\s12_po_02\image8468231.bmp|C:\Users\iRoti\Desktop\tt\SMIC\SMIC_all_raw\HS\s12\micro\positive\s12_po_02\image8468232.bmp|C:\Users\iRoti\Desktop\tt\SMIC\SMIC_all_raw\HS\s12\micro\positive\s12_po_02\image8468233.bmp|C:\Users\iRoti\Desktop\tt\SMIC\SMIC_all_raw\HS\s12\micro\positive\s12_po_02\image8468234.bmp|C:\Users\iRoti\Desktop\tt\SMIC\SMIC_all_raw\HS\s12\micro\positive\s12_po_02\image8468235.bmp|C:\Users\iRoti\Desktop\tt\SMIC\SMIC_all_raw\HS\s12\micro\positive\s12_po_02\image8468236.bmp|C:\Users\iRoti\Desktop\tt\SMIC\SMIC_all_raw\HS\s12\micro\positive\s12_po_02\image8468237.bmp|C:\Users\iRoti\Desktop\tt\SMIC\SMIC_all_raw\HS\s12\micro\positive\s12_po_02\image8468238.bmp|C:\Users\iRoti\Desktop\tt\SMIC\SMIC_all_raw\HS\s12\micro\positive\s12_po_02\image8468239.bmp|C:\Users\iRoti\Desktop\tt\SMIC\SMIC_all_raw\HS\s12\micro\positive\s12_po_02\image8468240.bmp|C:\Users\iRoti\Desktop\tt\SMIC\SMIC_all_raw\HS\s12\micro\positive\s12_po_02\image8468241.bmp|C:\Users\iRoti\Desktop\tt\SMIC\SMIC_all_raw\HS\s12\micro\positive\s12_po_02\image8468242.bmp|C:\Users\iRoti\Desktop\tt\SMIC\SMIC_all_raw\HS\s12\micro\positive\s12_po_02\image8468243.bmp|C:\Users\iRoti\Desktop\tt\SMIC\SMIC_all_raw\HS\s12\micro\positive\s12_po_02\image8468244.bmp|C:\Users\iRoti\Desktop\tt\SMIC\SMIC_all_raw\HS\s12\micro\positive\s12_po_02\image8468245.bmp
s12,HS_100fps,Felicidad,C:\Users\iRoti\Desktop\tt\SMIC\SMIC_all_raw\HS\s12\micro\positive\s12_po_03\image8473248.bmp|C:\Users\iRoti\Desktop\tt\SMIC\SMIC_all_raw\HS\s12\micro\positive\s12_po_03\image8473249.bmp|C:\Users\iRoti\Desktop\tt\SMIC\SMIC_all_raw\HS\s12\micro\positive\s12_po_03\image8473250.bmp|C:\Users\iRoti\Desktop\tt\SMIC\SMIC_all_raw\HS\s12\micro\positive\s12_po_03\image8473251.bmp|C:\Users\iRoti\Desktop\tt\SMIC\SMIC_all_raw\HS\s12\micro\positive\s12_po_03\image8473252.bmp|C:\Users\iRoti\Desktop\tt\SMIC\SMIC_all_raw\HS\s12\micro\positive\s12_po_03\image8473253.bmp|C:\Users\iRoti\Desktop\tt\SMIC\SMIC_all_raw\HS\s12\micro\positive\s12_po_03\image8473254.bmp|C:\Users\iRoti\Desktop\tt\SMIC\SMIC_all_raw\HS\s12\micro\positive\s12_po_03\image8473255.bmp|C:\Users\iRoti\Desktop\tt\SMIC\SMIC_all_raw\HS\s12\micro\positive\s12_po_03\image8473256.bmp|C:\Users\iRoti\Desktop\tt\SMIC\SMIC_all_raw\HS\s12\micro\positive\s12_po_03\image8473257.bmp|C:\Users\iRoti\Desktop\tt\SMIC\SMIC_all_raw\HS\s12\micro\positive\s12_po_03\image8473258.bmp|C:\Users\iRoti\Desktop\tt\SMIC\SMIC_all_raw\HS\s12\micro\positive\s12_po_03\image8473259.bmp|C:\Users\iRoti\Desktop\tt\SMIC\SMIC_all_raw\HS\s12\micro\positive\s12_po_03\image8473260.bmp|C:\Users\iRoti\Desktop\tt\SMIC\SMIC_all_raw\HS\s12\micro\positive\s12_po_03\image8473261.bmp|C:\Users\iRoti\Desktop\tt\SMIC\SMIC_all_raw\HS\s12\micro\positive\s12_po_03\image8473262.bmp|C:\Users\iRoti\Desktop\tt\SMIC\SMIC_all_raw\HS\s12\micro\positive\s12_po_03\image8473263.bmp|C:\Users\iRoti\Desktop\tt\SMIC\SMIC_all_raw\HS\s12\micro\positive\s12_po_03\image8473264.bmp|C:\Users\iRoti\Desktop\tt\SMIC\SMIC_all_raw\HS\s12\micro\positive\s12_po_03\image8473265.bmp|C:\Users\iRoti\Desktop\tt\SMIC\SMIC_all_raw\HS\s12\micro\positive\s12_po_03\image8473266.bmp|C:\Users\iRoti\Desktop\tt\SMIC\SMIC_all_raw\HS\s12\micro\positive\s12_po_03\image8473267.bmp|C:\Users\iRoti\Desktop\tt\SMIC\SMIC_all_raw\HS\s12\micro\positive\s12_po_03\image8473268.bmp|C:\Users\iRoti\Desktop\tt\SMIC\SMIC_all_raw\HS\s12\micro\positive\s12_po_03\image8473269.bmp|C:\Users\iRoti\Desktop\tt\SMIC\SMIC_all_raw\HS\s12\micro\positive\s12_po_03\image8473270.bmp|C:\Users\iRoti\Desktop\tt\SMIC\SMIC_all_raw\HS\s12\micro\positive\s12_po_03\image8473271.bmp|C:\Users\iRoti\Desktop\tt\SMIC\SMIC_all_raw\HS\s12\micro\positive\s12_po_03\image8473272.bmp|C:\Users\iRoti\Desktop\tt\SMIC\SMIC_all_raw\HS\s12\micro\positive\s12_po_03\image8473273.bmp|C:\Users\iRoti\Desktop\tt\SMIC\SMIC_all_raw\HS\s12\micro\positive\s12_po_03\image8473274.bmp|C:\Users\iRoti\Desktop\tt\SMIC\SMIC_all_raw\HS\s12\micro\positive\s12_po_03\image8473275.bmp|C:\Users\iRoti\Desktop\tt\SMIC\SMIC_all_raw\HS\s12\micro\positive\s12_po_03\image8473276.bmp|C:\Users\iRoti\Desktop\tt\SMIC\SMIC_all_raw\HS\s12\micro\positive\s12_po_03\image8473277.bmp|C:\Users\iRoti\Desktop\tt\SMIC\SMIC_all_raw\HS\s12\micro\positive\s12_po_03\image8473278.bmp|C:\Users\iRoti\Desktop\tt\SMIC\SMIC_all_raw\HS\s12\micro\positive\s12_po_03\image8473279.bmp|C:\Users\iRoti\Desktop\tt\SMIC\SMIC_all_raw\HS\s12\micro\positive\s12_po_03\image8473280.bmp|C:\Users\iRoti\Desktop\tt\SMIC\SMIC_all_raw\HS\s12\micro\positive\s12_po_03\image8473281.bmp|C:\Users\iRoti\Desktop\tt\SMIC\SMIC_all_raw\HS\s12\micro\positive\s12_po_03\image8473282.bmp|C:\Users\iRoti\Desktop\tt\SMIC\SMIC_all_raw\HS\s12\micro\positive\s12_po_03\image8473283.bmp|C:\Users\iRoti\Desktop\tt\SMIC\SMIC_all_raw\HS\s12\micro\positive\s12_po_03\image8473284.bmp|C:\Users\iRoti\Desktop\tt\SMIC\SMIC_all_raw\HS\s12\micro\positive\s12_po_03\image8473285.bmp|C:\Users\iRoti\Desktop\tt\SMIC\SMIC_all_raw\HS\s12\micro\positive\s12_po_03\image8473286.bmp|C:\Users\iRoti\Desktop\tt\SMIC\SMIC_all_raw\HS\s12\micro\positive\s12_po_03\image8473287.bmp|C:\Users\iRoti\Desktop\tt\SMIC\SMIC_all_raw\HS\s12\micro\positive\s12_po_03\image8473288.bmp|C:\Users\iRoti\Desktop\tt\SMIC\SMIC_all_raw\HS\s12\micro\positive\s12_po_03\image8473289.bmp|C:\Users\iRoti\Desktop\tt\SMIC\SMIC_all_raw\HS\s12\micro\positive\s12_po_03\image8473290.bmp|C:\Users\iRoti\Desktop\tt\SMIC\SMIC_all_raw\HS\s12\micro\positive\s12_po_03\image8473291.bmp|C:\Users\iRoti\Desktop\tt\SMIC\SMIC_all_raw\HS\s12\micro\positive\s12_po_03\image8473292.bmp|C:\Users\iRoti\Desktop\tt\SMIC\SMIC_all_raw\HS\s12\micro\positive\s12_po_03\image8473293.bmp|C:\Users\iRoti\Desktop\tt\SMIC\SMIC_all_raw\HS\s12\micro\positive\s12_po_03\image8473294.bmp
s12,HS_100fps,Felicidad,C:\Users\iRoti\Desktop\tt\SMIC\SMIC_all_raw\HS\s12\micro\positive\s12_po_04\image8556703.bmp|C:\Users\iRoti\Desktop\tt\SMIC\SMIC_all_raw\HS\s12\micro\positive\s12_po_04\image8556704.bmp|C:\Users\iRoti\Desktop\tt\SMIC\SMIC_all_raw\HS\s12\micro\positive\s12_po_04\image8556705.bmp|C:\Users\iRoti\Desktop\tt\SMIC\SMIC_all_raw\HS\s12\micro\positive\s12_po_04\image8556706.bmp|C:\Users\iRoti\Desktop\tt\SMIC\SMIC_all_raw\HS\s12\micro\positive\s12_po_04\image8556707.bmp|C:\Users\iRoti\Desktop\tt\SMIC\SMIC_all_raw\HS\s12\micro\positive\s12_po_04\image8556708.bmp|C:\Users\iRoti\Desktop\tt\SMIC\SMIC_all_raw\HS\s12\micro\positive\s12_po_04\image8556709.bmp|C:\Users\iRoti\Desktop\tt\SMIC\SMIC_all_raw\HS\s12\micro\positive\s12_po_04\image8556710.bmp|C:\Users\iRoti\Desktop\tt\SMIC\SMIC_all_raw\HS\s12\micro\positive\s12_po_04\image8556711.bmp|C:\Users\iRoti\Desktop\tt\SMIC\SMIC_all_raw\HS\s12\micro\positive\s12_po_04\image8556712.bmp|C:\Users\iRoti\Desktop\tt\SMIC\SMIC_all_raw\HS\s12\micro\positive\s12_po_04\image8556713.bmp|C:\Users\iRoti\Desktop\tt\SMIC\SMIC_all_raw\HS\s12\micro\positive\s12_po_04\image8556714.bmp|C:\Users\iRoti\Desktop\tt\SMIC\SMIC_all_raw\HS\s12\micro\positive\s12_po_04\image8556715.bmp|C:\Users\iRoti\Desktop\tt\SMIC\SMIC_all_raw\HS\s12\micro\positive\s12_po_04\image8556716.bmp|C:\Users\iRoti\Desktop\tt\SMIC\SMIC_all_raw\HS\s12\micro\positive\s12_po_04\image8556717.bmp|C:\Users\iRoti\Desktop\tt\SMIC\SMIC_all_raw\HS\s12\micro\positive\s12_po_04\image8556718.bmp|C:\Users\iRoti\Desktop\tt\SMIC\SMIC_all_raw\HS\s12\micro\positive\s12_po_04\image8556719.bmp|C:\Users\iRoti\Desktop\tt\SMIC\SMIC_all_raw\HS\s12\micro\positive\s12_po_04\image8556720.bmp|C:\Users\iRoti\Desktop\tt\SMIC\SMIC_all_raw\HS\s12\micro\positive\s12_po_04\image8556721.bmp|C:\Users\iRoti\Desktop\tt\SMIC\SMIC_all_raw\HS\s12\micro\positive\s12_po_04\image8556722.bmp|C:\Users\iRoti\Desktop\tt\SMIC\SMIC_all_raw\HS\s12\micro\positive\s12_po_04\image8556723.bmp|C:\Users\iRoti\Desktop\tt\SMIC\SMIC_all_raw\HS\s12\micro\positive\s12_po_04\image8556724.bmp|C:\Users\iRoti\Desktop\tt\SMIC\SMIC_all_raw\HS\s12\micro\positive\s12_po_04\image8556725.bmp|C:\Users\iRoti\Desktop\tt\SMIC\SMIC_all_raw\HS\s12\micro\positive\s12_po_04\image8556726.bmp|C:\Users\iRoti\Desktop\tt\SMIC\SMIC_all_raw\HS\s12\micro\positive\s12_po_04\image8556727.bmp|C:\Users\iRoti\Desktop\tt\SMIC\SMIC_all_raw\HS\s12\micro\positive\s12_po_04\image8556728.bmp|C:\Users\iRoti\Desktop\tt\SMIC\SMIC_all_raw\HS\s12\micro\positive\s12_po_04\image8556729.bmp|C:\Users\iRoti\Desktop\tt\SMIC\SMIC_all_raw\HS\s12\micro\positive\s12_po_04\image8556730.bmp
s12,HS_100fps,Felicidad,C:\Users\iRoti\Desktop\tt\SMIC\SMIC_all_raw\HS\s12\micro\positive\s12_po_05\image8557042.bmp|C:\Users\iRoti\Desktop\tt\SMIC\SMIC_all_raw\HS\s12\micro\positive\s12_po_05\image8557043.bmp|C:\Users\iRoti\Desktop\tt\SMIC\SMIC_all_raw\HS\s12\micro\positive\s12_po_05\image8557044.bmp|C:\Users\iRoti\Desktop\tt\SMIC\SMIC_all_raw\HS\s12\micro\positive\s12_po_05\image8557045.bmp|C:\Users\iRoti\Desktop\tt\SMIC\SMIC_all_raw\HS\s12\micro\positive\s12_po_05\image8557046.bmp|C:\Users\iRoti\Desktop\tt\SMIC\SMIC_all_raw\HS\s12\micro\positive\s12_po_05\image8557047.bmp|C:\Users\iRoti\Desktop\tt\SMIC\SMIC_all_raw\HS\s12\micro\positive\s12_po_05\image8557048.bmp|C:\Users\iRoti\Desktop\tt\SMIC\SMIC_all_raw\HS\s12\micro\positive\s12_po_05\image8557049.bmp|C:\Users\iRoti\Desktop\tt\SMIC\SMIC_all_raw\HS\s12\micro\positive\s12_po_05\image8557050.bmp|C:\Users\iRoti\Desktop\tt\SMIC\SMIC_all_raw\HS\s12\micro\positive\s12_po_05\image8557051.bmp|C:\Users\iRoti\Desktop\tt\SMIC\SMIC_all_raw\HS\s12\micro\positive\s12_po_05\image8557052.bmp|C:\Users\iRoti\Desktop\tt\SMIC\SMIC_all_raw\HS\s12\micro\positive\s12_po_05\image8557053.bmp|C:\Users\iRoti\Desktop\tt\SMIC\SMIC_all_raw\HS\s12\micro\positive\s12_po_05\image8557054.bmp|C:\Users\iRoti\Desktop\tt\SMIC\SMIC_all_raw\HS\s12\micro\positive\s12_po_05\image8557055.bmp|C:\Users\iRoti\Desktop\tt\SMIC\SMIC_all_raw\HS\s12\micro\positive\s12_po_05\image8557056.bmp|C:\Users\iRoti\Desktop\tt\SMIC\SMIC_all_raw\HS\s12\micro\positive\s12_po_05\image8557057.bmp|C:\Users\iRoti\Desktop\tt\SMIC\SMIC_all_raw\HS\s12\micro\positive\s12_po_05\image8557058.bmp|C:\Users\iRoti\Desktop\tt\SMIC\SMIC_all_raw\HS\s12\micro\positive\s12_po_05\image8557059.bmp|C:\Users\iRoti\Desktop\tt\SMIC\SMIC_all_raw\HS\s12\micro\positive\s12_po_05\image8557060.bmp|C:\Users\iRoti\Desktop\tt\SMIC\SMIC_all_raw\HS\s12\micro\positive\s12_po_05\image8557061.bmp|C:\Users\iRoti\Desktop\tt\SMIC\SMIC_all_raw\HS\s12\micro\positive\s12_po_05\image8557062.bmp|C:\Users\iRoti\Desktop\tt\SMIC\SMIC_all_raw\HS\s12\micro\positive\s12_po_05\image8557063.bmp|C:\Users\iRoti\Desktop\tt\SMIC\SMIC_all_raw\HS\s12\micro\positive\s12_po_05\image8557064.bmp|C:\Users\iRoti\Desktop\tt\SMIC\SMIC_all_raw\HS\s12\micro\positive\s12_po_05\image8557065.bmp|C:\Users\iRoti\Desktop\tt\SMIC\SMIC_all_raw\HS\s12\micro\positive\s12_po_05\image8557066.bmp|C:\Users\iRoti\Desktop\tt\SMIC\SMIC_all_raw\HS\s12\micro\positive\s12_po_05\image8557067.bmp|C:\Users\iRoti\Desktop\tt\SMIC\SMIC_all_raw\HS\s12\micro\positive\s12_po_05\image8557068.bmp|C:\Users\iRoti\Desktop\tt\SMIC\SMIC_all_raw\HS\s12\micro\positive\s12_po_05\image8557069.bmp|C:\Users\iRoti\Desktop\tt\SMIC\SMIC_all_raw\HS\s12\micro\positive\s12_po_05\image8557070.bmp|C:\Users\iRoti\Desktop\tt\SMIC\SMIC_all_raw\HS\s12\micro\positive\s12_po_05\image8557071.bmp|C:\Users\iRoti\Desktop\tt\SMIC\SMIC_all_raw\HS\s12\micro\positive\s12_po_05\image8557072.bmp
s12,HS_100fps,Felicidad,C:\Users\iRoti\Desktop\tt\SMIC\SMIC_all_raw\HS\s12\micro\positive\s12_po_06\image8559942.bmp|C:\Users\iRoti\Desktop\tt\SMIC\SMIC_all_raw\HS\s12\micro\positive\s12_po_06\image8559943.bmp|C:\Users\iRoti\Desktop\tt\SMIC\SMIC_all_raw\HS\s12\micro\positive\s12_po_06\image8559944.bmp|C:\Users\iRoti\Desktop\tt\SMIC\SMIC_all_raw\HS\s12\micro\positive\s12_po_06\image8559945.bmp|C:\Users\iRoti\Desktop\tt\SMIC\SMIC_all_raw\HS\s12\micro\positive\s12_po_06\image8559946.bmp|C:\Users\iRoti\Desktop\tt\SMIC\SMIC_all_raw\HS\s12\micro\positive\s12_po_06\image8559947.bmp|C:\Users\iRoti\Desktop\tt\SMIC\SMIC_all_raw\HS\s12\micro\positive\s12_po_06\image8559948.bmp|C:\Users\iRoti\Desktop\tt\SMIC\SMIC_all_raw\HS\s12\micro\positive\s12_po_06\image8559949.bmp|C:\Users\iRoti\Desktop\tt\SMIC\SMIC_all_raw\HS\s12\micro\positive\s12_po_06\image8559950.bmp|C:\Users\iRoti\Desktop\tt\SMIC\SMIC_all_raw\HS\s12\micro\positive\s12_po_06\image8559951.bmp|C:\Users\iRoti\Desktop\tt\SMIC\SMIC_all_raw\HS\s12\micro\positive\s12_po_06\image8559952.bmp|C:\Users\iRoti\Desktop\tt\SMIC\SMIC_all_raw\HS\s12\micro\positive\s12_po_06\image8559953.bmp|C:\Users\iRoti\Desktop\tt\SMIC\SMIC_all_raw\HS\s12\micro\positive\s12_po_06\image8559954.bmp|C:\Users\iRoti\Desktop\tt\SMIC\SMIC_all_raw\HS\s12\micro\positive\s12_po_06\image8559955.bmp|C:\Users\iRoti\Desktop\tt\SMIC\SMIC_all_raw\HS\s12\micro\positive\s12_po_06\image8559956.bmp|C:\Users\iRoti\Desktop\tt\SMIC\SMIC_all_raw\HS\s12\micro\positive\s12_po_06\image8559957.bmp|C:\Users\iRoti\Desktop\tt\SMIC\SMIC_all_raw\HS\s12\micro\positive\s12_po_06\image8559958.bmp|C:\Users\iRoti\Desktop\tt\SMIC\SMIC_all_raw\HS\s12\micro\positive\s12_po_06\image8559959.bmp|C:\Users\iRoti\Desktop\tt\SMIC\SMIC_all_raw\HS\s12\micro\positive\s12_po_06\image8559960.bmp|C:\Users\iRoti\Desktop\tt\SMIC\SMIC_all_raw\HS\s12\micro\positive\s12_po_06\image8559961.bmp|C:\Users\iRoti\Desktop\tt\SMIC\SMIC_all_raw\HS\s12\micro\positive\s12_po_06\image8559962.bmp|C:\Users\iRoti\Desktop\tt\SMIC\SMIC_all_raw\HS\s12\micro\positive\s12_po_06\image8559963.bmp|C:\Users\iRoti\Desktop\tt\SMIC\SMIC_all_raw\HS\s12\micro\positive\s12_po_06\image8559964.bmp|C:\Users\iRoti\Desktop\tt\SMIC\SMIC_all_raw\HS\s12\micro\positive\s12_po_06\image8559965.bmp|C:\Users\iRoti\Desktop\tt\SMIC\SMIC_all_raw\HS\s12\micro\positive\s12_po_06\image8559966.bmp|C:\Users\iRoti\Desktop\tt\SMIC\SMIC_all_raw\HS\s12\micro\positive\s12_po_06\image8559967.bmp|C:\Users\iRoti\Desktop\tt\SMIC\SMIC_all_raw\HS\s12\micro\positive\s12_po_06\image8559968.bmp|C:\Users\iRoti\Desktop\tt\SMIC\SMIC_all_raw\HS\s12\micro\positive\s12_po_06\image8559969.bmp|C:\Users\iRoti\Desktop\tt\SMIC\SMIC_all_raw\HS\s12\micro\positive\s12_po_06\image8559970.bmp|C:\Users\iRoti\Desktop\tt\SMIC\SMIC_all_raw\HS\s12\micro\positive\s12_po_06\image8559971.bmp|C:\Users\iRoti\Desktop\tt\SMIC\SMIC_all_raw\HS\s12\micro\positive\s12_po_06\image8559972.bmp|C:\Users\iRoti\Desktop\tt\SMIC\SMIC_all_raw\HS\s12\micro\positive\s12_po_06\image8559973.bmp|C:\Users\iRoti\Desktop\tt\SMIC\SMIC_all_raw\HS\s12\micro\positive\s12_po_06\image8559974.bmp|C:\Users\iRoti\Desktop\tt\SMIC\SMIC_all_raw\HS\s12\micro\positive\s12_po_06\image8559975.bmp|C:\Users\iRoti\Desktop\tt\SMIC\SMIC_all_raw\HS\s12\micro\positive\s12_po_06\image8559976.bmp|C:\Users\iRoti\Desktop\tt\SMIC\SMIC_all_raw\HS\s12\micro\positive\s12_po_06\image8559977.bmp|C:\Users\iRoti\Desktop\tt\SMIC\SMIC_all_raw\HS\s12\micro\positive\s12_po_06\image8559978.bmp|C:\Users\iRoti\Desktop\tt\SMIC\SMIC_all_raw\HS\s12\micro\positive\s12_po_06\image8559979.bmp|C:\Users\iRoti\Desktop\tt\SMIC\SMIC_all_raw\HS\s12\micro\positive\s12_po_06\image8559980.bmp|C:\Users\iRoti\Desktop\tt\SMIC\SMIC_all_raw\HS\s12\micro\positive\s12_po_06\image8559981.bmp
s12,HS_100fps,Felicidad,C:\Users\iRoti\Desktop\tt\SMIC\SMIC_all_raw\HS\s12\micro\positive\s12_po_07\image8596344.bmp|C:\Users\iRoti\Desktop\tt\SMIC\SMIC_all_raw\HS\s12\micro\positive\s12_po_07\image8596345.bmp|C:\Users\iRoti\Desktop\tt\SMIC\SMIC_all_raw\HS\s12\micro\positive\s12_po_07\image8596346.bmp|C:\Users\iRoti\Desktop\tt\SMIC\SMIC_all_raw\HS\s12\micro\positive\s12_po_07\image8596347.bmp|C:\Users\iRoti\Desktop\tt\SMIC\SMIC_all_raw\HS\s12\micro\positive\s12_po_07\image8596348.bmp|C:\Users\iRoti\Desktop\tt\SMIC\SMIC_all_raw\HS\s12\micro\positive\s12_po_07\image8596349.bmp|C:\Users\iRoti\Desktop\tt\SMIC\SMIC_all_raw\HS\s12\micro\positive\s12_po_07\image8596350.bmp|C:\Users\iRoti\Desktop\tt\SMIC\SMIC_all_raw\HS\s12\micro\positive\s12_po_07\image8596351.bmp|C:\Users\iRoti\Desktop\tt\SMIC\SMIC_all_raw\HS\s12\micro\positive\s12_po_07\image8596352.bmp|C:\Users\iRoti\Desktop\tt\SMIC\SMIC_all_raw\HS\s12\micro\positive\s12_po_07\image8596353.bmp|C:\Users\iRoti\Desktop\tt\SMIC\SMIC_all_raw\HS\s12\micro\positive\s12_po_07\image8596354.bmp|C:\Users\iRoti\Desktop\tt\SMIC\SMIC_all_raw\HS\s12\micro\positive\s12_po_07\image8596355.bmp|C:\Users\iRoti\Desktop\tt\SMIC\SMIC_all_raw\HS\s12\micro\positive\s12_po_07\image8596356.bmp|C:\Users\iRoti\Desktop\tt\SMIC\SMIC_all_raw\HS\s12\micro\positive\s12_po_07\image8596357.bmp|C:\Users\iRoti\Desktop\tt\SMIC\SMIC_all_raw\HS\s12\micro\positive\s12_po_07\image8596358.bmp|C:\Users\iRoti\Desktop\tt\SMIC\SMIC_all_raw\HS\s12\micro\positive\s12_po_07\image8596359.bmp|C:\Users\iRoti\Desktop\tt\SMIC\SMIC_all_raw\HS\s12\micro\positive\s12_po_07\image8596360.bmp|C:\Users\iRoti\Desktop\tt\SMIC\SMIC_all_raw\HS\s12\micro\positive\s12_po_07\image8596361.bmp|C:\Users\iRoti\Desktop\tt\SMIC\SMIC_all_raw\HS\s12\micro\positive\s12_po_07\image8596362.bmp|C:\Users\iRoti\Desktop\tt\SMIC\SMIC_all_raw\HS\s12\micro\positive\s12_po_07\image8596363.bmp|C:\Users\iRoti\Desktop\tt\SMIC\SMIC_all_raw\HS\s12\micro\positive\s12_po_07\image8596364.bmp|C:\Users\iRoti\Desktop\tt\SMIC\SMIC_all_raw\HS\s12\micro\positive\s12_po_07\image8596365.bmp|C:\Users\iRoti\Desktop\tt\SMIC\SMIC_all_raw\HS\s12\micro\positive\s12_po_07\image8596366.bmp|C:\Users\iRoti\Desktop\tt\SMIC\SMIC_all_raw\HS\s12\micro\positive\s12_po_07\image8596367.bmp|C:\Users\iRoti\Desktop\tt\SMIC\SMIC_all_raw\HS\s12\micro\positive\s12_po_07\image8596368.bmp|C:\Users\iRoti\Desktop\tt\SMIC\SMIC_all_raw\HS\s12\micro\positive\s12_po_07\image8596369.bmp|C:\Users\iRoti\Desktop\tt\SMIC\SMIC_all_raw\HS\s12\micro\positive\s12_po_07\image8596370.bmp|C:\Users\iRoti\Desktop\tt\SMIC\SMIC_all_raw\HS\s12\micro\positive\s12_po_07\image8596371.bmp|C:\Users\iRoti\Desktop\tt\SMIC\SMIC_all_raw\HS\s12\micro\positive\s12_po_07\image8596372.bmp|C:\Users\iRoti\Desktop\tt\SMIC\SMIC_all_raw\HS\s12\micro\positive\s12_po_07\image8596373.bmp|C:\Users\iRoti\Desktop\tt\SMIC\SMIC_all_raw\HS\s12\micro\positive\s12_po_07\image8596374.bmp|C:\Users\iRoti\Desktop\tt\SMIC\SMIC_all_raw\HS\s12\micro\positive\s12_po_07\image8596375.bmp|C:\Users\iRoti\Desktop\tt\SMIC\SMIC_all_raw\HS\s12\micro\positive\s12_po_07\image8596376.bmp|C:\Users\iRoti\Desktop\tt\SMIC\SMIC_all_raw\HS\s12\micro\positive\s12_po_07\image8596377.bmp|C:\Users\iRoti\Desktop\tt\SMIC\SMIC_all_raw\HS\s12\micro\positive\s12_po_07\image8596378.bmp|C:\Users\iRoti\Desktop\tt\SMIC\SMIC_all_raw\HS\s12\micro\positive\s12_po_07\image8596379.bmp|C:\Users\iRoti\Desktop\tt\SMIC\SMIC_all_raw\HS\s12\micro\positive\s12_po_07\image8596380.bmp|C:\Users\iRoti\Desktop\tt\SMIC\SMIC_all_raw\HS\s12\micro\positive\s12_po_07\image8596381.bmp|C:\Users\iRoti\Desktop\tt\SMIC\SMIC_all_raw\HS\s12\micro\positive\s12_po_07\image8596382.bmp|C:\Users\iRoti\Desktop\tt\SMIC\SMIC_all_raw\HS\s12\micro\positive\s12_po_07\image8596383.bmp|C:\Users\iRoti\Desktop\tt\SMIC\SMIC_all_raw\HS\s12\micro\positive\s12_po_07\image8596384.bmp|C:\Users\iRoti\Desktop\tt\SMIC\SMIC_all_raw\HS\s12\micro\positive\s12_po_07\image8596385.bmp|C:\Users\iRoti\Desktop\tt\SMIC\SMIC_all_raw\HS\s12\micro\positive\s12_po_07\image8596386.bmp|C:\Users\iRoti\Desktop\tt\SMIC\SMIC_all_raw\HS\s12\micro\positive\s12_po_07\image8596387.bmp|C:\Users\iRoti\Desktop\tt\SMIC\SMIC_all_raw\HS\s12\micro\positive\s12_po_07\image8596388.bmp|C:\Users\iRoti\Desktop\tt\SMIC\SMIC_all_raw\HS\s12\micro\positive\s12_po_07\image8596389.bmp|C:\Users\iRoti\Desktop\tt\SMIC\SMIC_all_raw\HS\s12\micro\positive\s12_po_07\image8596390.bmp|C:\Users\iRoti\Desktop\tt\SMIC\SMIC_all_raw\HS\s12\micro\positive\s12_po_07\image8596391.bmp|C:\Users\iRoti\Desktop\tt\SMIC\SMIC_all_raw\HS\s12\micro\positive\s12_po_07\image8596392.bmp|C:\Users\iRoti\Desktop\tt\SMIC\SMIC_all_raw\HS\s12\micro\positive\s12_po_07\image8596393.bmp
s12,HS_100fps,Felicidad,C:\Users\iRoti\Desktop\tt\SMIC\SMIC_all_raw\HS\s12\micro\positive\s12_po_08\image8641010.bmp|C:\Users\iRoti\Desktop\tt\SMIC\SMIC_all_raw\HS\s12\micro\positive\s12_po_08\image8641011.bmp|C:\Users\iRoti\Desktop\tt\SMIC\SMIC_all_raw\HS\s12\micro\positive\s12_po_08\image8641012.bmp|C:\Users\iRoti\Desktop\tt\SMIC\SMIC_all_raw\HS\s12\micro\positive\s12_po_08\image8641013.bmp|C:\Users\iRoti\Desktop\tt\SMIC\SMIC_all_raw\HS\s12\micro\positive\s12_po_08\image8641014.bmp|C:\Users\iRoti\Desktop\tt\SMIC\SMIC_all_raw\HS\s12\micro\positive\s12_po_08\image8641015.bmp|C:\Users\iRoti\Desktop\tt\SMIC\SMIC_all_raw\HS\s12\micro\positive\s12_po_08\image8641016.bmp|C:\Users\iRoti\Desktop\tt\SMIC\SMIC_all_raw\HS\s12\micro\positive\s12_po_08\image8641017.bmp|C:\Users\iRoti\Desktop\tt\SMIC\SMIC_all_raw\HS\s12\micro\positive\s12_po_08\image8641018.bmp|C:\Users\iRoti\Desktop\tt\SMIC\SMIC_all_raw\HS\s12\micro\positive\s12_po_08\image8641019.bmp|C:\Users\iRoti\Desktop\tt\SMIC\SMIC_all_raw\HS\s12\micro\positive\s12_po_08\image8641020.bmp|C:\Users\iRoti\Desktop\tt\SMIC\SMIC_all_raw\HS\s12\micro\positive\s12_po_08\image8641021.bmp|C:\Users\iRoti\Desktop\tt\SMIC\SMIC_all_raw\HS\s12\micro\positive\s12_po_08\image8641022.bmp|C:\Users\iRoti\Desktop\tt\SMIC\SMIC_all_raw\HS\s12\micro\positive\s12_po_08\image8641023.bmp|C:\Users\iRoti\Desktop\tt\SMIC\SMIC_all_raw\HS\s12\micro\positive\s12_po_08\image8641024.bmp|C:\Users\iRoti\Desktop\tt\SMIC\SMIC_all_raw\HS\s12\micro\positive\s12_po_08\image8641025.bmp|C:\Users\iRoti\Desktop\tt\SMIC\SMIC_all_raw\HS\s12\micro\positive\s12_po_08\image8641026.bmp|C:\Users\iRoti\Desktop\tt\SMIC\SMIC_all_raw\HS\s12\micro\positive\s12_po_08\image8641027.bmp|C:\Users\iRoti\Desktop\tt\SMIC\SMIC_all_raw\HS\s12\micro\positive\s12_po_08\image8641028.bmp|C:\Users\iRoti\Desktop\tt\SMIC\SMIC_all_raw\HS\s12\micro\positive\s12_po_08\image8641029.bmp|C:\Users\iRoti\Desktop\tt\SMIC\SMIC_all_raw\HS\s12\micro\positive\s12_po_08\image8641030.bmp|C:\Users\iRoti\Desktop\tt\SMIC\SMIC_all_raw\HS\s12\micro\positive\s12_po_08\image8641031.bmp|C:\Users\iRoti\Desktop\tt\SMIC\SMIC_all_raw\HS\s12\micro\positive\s12_po_08\image8641032.bmp|C:\Users\iRoti\Desktop\tt\SMIC\SMIC_all_raw\HS\s12\micro\positive\s12_po_08\image8641033.bmp|C:\Users\iRoti\Desktop\tt\SMIC\SMIC_all_raw\HS\s12\micro\positive\s12_po_08\image8641034.bmp|C:\Users\iRoti\Desktop\tt\SMIC\SMIC_all_raw\HS\s12\micro\positive\s12_po_08\image8641035.bmp|C:\Users\iRoti\Desktop\tt\SMIC\SMIC_all_raw\HS\s12\micro\positive\s12_po_08\image8641036.bmp|C:\Users\iRoti\Desktop\tt\SMIC\SMIC_all_raw\HS\s12\micro\positive\s12_po_08\image8641037.bmp|C:\Users\iRoti\Desktop\tt\SMIC\SMIC_all_raw\HS\s12\micro\positive\s12_po_08\image8641038.bmp|C:\Users\iRoti\Desktop\tt\SMIC\SMIC_all_raw\HS\s12\micro\positive\s12_po_08\image8641039.bmp|C:\Users\iRoti\Desktop\tt\SMIC\SMIC_all_raw\HS\s12\micro\positive\s12_po_08\image8641040.bmp|C:\Users\iRoti\Desktop\tt\SMIC\SMIC_all_raw\HS\s12\micro\positive\s12_po_08\image8641041.bmp|C:\Users\iRoti\Desktop\tt\SMIC\SMIC_all_raw\HS\s12\micro\positive\s12_po_08\image8641042.bmp|C:\Users\iRoti\Desktop\tt\SMIC\SMIC_all_raw\HS\s12\micro\positive\s12_po_08\image8641043.bmp|C:\Users\iRoti\Desktop\tt\SMIC\SMIC_all_raw\HS\s12\micro\positive\s12_po_08\image8641044.bmp|C:\Users\iRoti\Desktop\tt\SMIC\SMIC_all_raw\HS\s12\micro\positive\s12_po_08\image8641045.bmp|C:\Users\iRoti\Desktop\tt\SMIC\SMIC_all_raw\HS\s12\micro\positive\s12_po_08\image8641046.bmp|C:\Users\iRoti\Desktop\tt\SMIC\SMIC_all_raw\HS\s12\micro\positive\s12_po_08\image8641047.bmp|C:\Users\iRoti\Desktop\tt\SMIC\SMIC_all_raw\HS\s12\micro\positive\s12_po_08\image8641048.bmp|C:\Users\iRoti\Desktop\tt\SMIC\SMIC_all_raw\HS\s12\micro\positive\s12_po_08\image8641049.bmp|C:\Users\iRoti\Desktop\tt\SMIC\SMIC_all_raw\HS\s12\micro\positive\s12_po_08\image8641050.bmp
s12,HS_100fps,Sorpresa,C:\Users\iRoti\Desktop\tt\SMIC\SMIC_all_raw\HS\s12\micro\surprise\s12_sur_01\image8394314.bmp|C:\Users\iRoti\Desktop\tt\SMIC\SMIC_all_raw\HS\s12\micro\surprise\s12_sur_01\image8394315.bmp|C:\Users\iRoti\Desktop\tt\SMIC\SMIC_all_raw\HS\s12\micro\surprise\s12_sur_01\image8394316.bmp|C:\Users\iRoti\Desktop\tt\SMIC\SMIC_all_raw\HS\s12\micro\surprise\s12_sur_01\image8394317.bmp|C:\Users\iRoti\Desktop\tt\SMIC\SMIC_all_raw\HS\s12\micro\surprise\s12_sur_01\image8394318.bmp|C:\Users\iRoti\Desktop\tt\SMIC\SMIC_all_raw\HS\s12\micro\surprise\s12_sur_01\image8394319.bmp|C:\Users\iRoti\Desktop\tt\SMIC\SMIC_all_raw\HS\s12\micro\surprise\s12_sur_01\image8394320.bmp|C:\Users\iRoti\Desktop\tt\SMIC\SMIC_all_raw\HS\s12\micro\surprise\s12_sur_01\image8394321.bmp|C:\Users\iRoti\Desktop\tt\SMIC\SMIC_all_raw\HS\s12\micro\surprise\s12_sur_01\image8394322.bmp|C:\Users\iRoti\Desktop\tt\SMIC\SMIC_all_raw\HS\s12\micro\surprise\s12_sur_01\image8394323.bmp|C:\Users\iRoti\Desktop\tt\SMIC\SMIC_all_raw\HS\s12\micro\surprise\s12_sur_01\image8394324.bmp|C:\Users\iRoti\Desktop\tt\SMIC\SMIC_all_raw\HS\s12\micro\surprise\s12_sur_01\image8394325.bmp|C:\Users\iRoti\Desktop\tt\SMIC\SMIC_all_raw\HS\s12\micro\surprise\s12_sur_01\image8394326.bmp|C:\Users\iRoti\Desktop\tt\SMIC\SMIC_all_raw\HS\s12\micro\surprise\s12_sur_01\image8394327.bmp|C:\Users\iRoti\Desktop\tt\SMIC\SMIC_all_raw\HS\s12\micro\surprise\s12_sur_01\image8394328.bmp|C:\Users\iRoti\Desktop\tt\SMIC\SMIC_all_raw\HS\s12\micro\surprise\s12_sur_01\image8394329.bmp|C:\Users\iRoti\Desktop\tt\SMIC\SMIC_all_raw\HS\s12\micro\surprise\s12_sur_01\image8394330.bmp|C:\Users\iRoti\Desktop\tt\SMIC\SMIC_all_raw\HS\s12\micro\surprise\s12_sur_01\image8394331.bmp|C:\Users\iRoti\Desktop\tt\SMIC\SMIC_all_raw\HS\s12\micro\surprise\s12_sur_01\image8394332.bmp|C:\Users\iRoti\Desktop\tt\SMIC\SMIC_all_raw\HS\s12\micro\surprise\s12_sur_01\image8394333.bmp|C:\Users\iRoti\Desktop\tt\SMIC\SMIC_all_raw\HS\s12\micro\surprise\s12_sur_01\image8394334.bmp|C:\Users\iRoti\Desktop\tt\SMIC\SMIC_all_raw\HS\s12\micro\surprise\s12_sur_01\image8394335.bmp|C:\Users\iRoti\Desktop\tt\SMIC\SMIC_all_raw\HS\s12\micro\surprise\s12_sur_01\image8394336.bmp|C:\Users\iRoti\Desktop\tt\SMIC\SMIC_all_raw\HS\s12\micro\surprise\s12_sur_01\image8394337.bmp|C:\Users\iRoti\Desktop\tt\SMIC\SMIC_all_raw\HS\s12\micro\surprise\s12_sur_01\image8394338.bmp|C:\Users\iRoti\Desktop\tt\SMIC\SMIC_all_raw\HS\s12\micro\surprise\s12_sur_01\image8394339.bmp|C:\Users\iRoti\Desktop\tt\SMIC\SMIC_all_raw\HS\s12\micro\surprise\s12_sur_01\image8394340.bmp|C:\Users\iRoti\Desktop\tt\SMIC\SMIC_all_raw\HS\s12\micro\surprise\s12_sur_01\image8394341.bmp|C:\Users\iRoti\Desktop\tt\SMIC\SMIC_all_raw\HS\s12\micro\surprise\s12_sur_01\image8394342.bmp|C:\Users\iRoti\Desktop\tt\SMIC\SMIC_all_raw\HS\s12\micro\surprise\s12_sur_01\image8394343.bmp|C:\Users\iRoti\Desktop\tt\SMIC\SMIC_all_raw\HS\s12\micro\surprise\s12_sur_01\image8394344.bmp|C:\Users\iRoti\Desktop\tt\SMIC\SMIC_all_raw\HS\s12\micro\surprise\s12_sur_01\image8394345.bmp|C:\Users\iRoti\Desktop\tt\SMIC\SMIC_all_raw\HS\s12\micro\surprise\s12_sur_01\image8394346.bmp|C:\Users\iRoti\Desktop\tt\SMIC\SMIC_all_raw\HS\s12\micro\surprise\s12_sur_01\image8394347.bmp|C:\Users\iRoti\Desktop\tt\SMIC\SMIC_all_raw\HS\s12\micro\surprise\s12_sur_01\image8394348.bmp|C:\Users\iRoti\Desktop\tt\SMIC\SMIC_all_raw\HS\s12\micro\surprise\s12_sur_01\image8394349.bmp|C:\Users\iRoti\Desktop\tt\SMIC\SMIC_all_raw\HS\s12\micro\surprise\s12_sur_01\image8394350.bmp|C:\Users\iRoti\Desktop\tt\SMIC\SMIC_all_raw\HS\s12\micro\surprise\s12_sur_01\image8394351.bmp
s12,HS_100fps,Neutral,C:\Users\iRoti\Desktop\tt\SMIC\SMIC_all_raw\HS\s12\non_micro\s12_n1\image8577647.bmp|C:\Users\iRoti\Desktop\tt\SMIC\SMIC_all_raw\HS\s12\non_micro\s12_n1\image8577648.bmp|C:\Users\iRoti\Desktop\tt\SMIC\SMIC_all_raw\HS\s12\non_micro\s12_n1\image8577649.bmp|C:\Users\iRoti\Desktop\tt\SMIC\SMIC_all_raw\HS\s12\non_micro\s12_n1\image8577650.bmp|C:\Users\iRoti\Desktop\tt\SMIC\SMIC_all_raw\HS\s12\non_micro\s12_n1\image8577651.bmp|C:\Users\iRoti\Desktop\tt\SMIC\SMIC_all_raw\HS\s12\non_micro\s12_n1\image8577652.bmp|C:\Users\iRoti\Desktop\tt\SMIC\SMIC_all_raw\HS\s12\non_micro\s12_n1\image8577653.bmp|C:\Users\iRoti\Desktop\tt\SMIC\SMIC_all_raw\HS\s12\non_micro\s12_n1\image8577654.bmp|C:\Users\iRoti\Desktop\tt\SMIC\SMIC_all_raw\HS\s12\non_micro\s12_n1\image8577655.bmp|C:\Users\iRoti\Desktop\tt\SMIC\SMIC_all_raw\HS\s12\non_micro\s12_n1\image8577656.bmp|C:\Users\iRoti\Desktop\tt\SMIC\SMIC_all_raw\HS\s12\non_micro\s12_n1\image8577657.bmp|C:\Users\iRoti\Desktop\tt\SMIC\SMIC_all_raw\HS\s12\non_micro\s12_n1\image8577658.bmp|C:\Users\iRoti\Desktop\tt\SMIC\SMIC_all_raw\HS\s12\non_micro\s12_n1\image8577659.bmp|C:\Users\iRoti\Desktop\tt\SMIC\SMIC_all_raw\HS\s12\non_micro\s12_n1\image8577660.bmp|C:\Users\iRoti\Desktop\tt\SMIC\SMIC_all_raw\HS\s12\non_micro\s12_n1\image8577661.bmp|C:\Users\iRoti\Desktop\tt\SMIC\SMIC_all_raw\HS\s12\non_micro\s12_n1\image8577662.bmp|C:\Users\iRoti\Desktop\tt\SMIC\SMIC_all_raw\HS\s12\non_micro\s12_n1\image8577663.bmp|C:\Users\iRoti\Desktop\tt\SMIC\SMIC_all_raw\HS\s12\non_micro\s12_n1\image8577664.bmp|C:\Users\iRoti\Desktop\tt\SMIC\SMIC_all_raw\HS\s12\non_micro\s12_n1\image8577665.bmp|C:\Users\iRoti\Desktop\tt\SMIC\SMIC_all_raw\HS\s12\non_micro\s12_n1\image8577666.bmp|C:\Users\iRoti\Desktop\tt\SMIC\SMIC_all_raw\HS\s12\non_micro\s12_n1\image8577667.bmp|C:\Users\iRoti\Desktop\tt\SMIC\SMIC_all_raw\HS\s12\non_micro\s12_n1\image8577668.bmp|C:\Users\iRoti\Desktop\tt\SMIC\SMIC_all_raw\HS\s12\non_micro\s12_n1\image8577669.bmp|C:\Users\iRoti\Desktop\tt\SMIC\SMIC_all_raw\HS\s12\non_micro\s12_n1\image8577670.bmp|C:\Users\iRoti\Desktop\tt\SMIC\SMIC_all_raw\HS\s12\non_micro\s12_n1\image8577671.bmp|C:\Users\iRoti\Desktop\tt\SMIC\SMIC_all_raw\HS\s12\non_micro\s12_n1\image8577672.bmp|C:\Users\iRoti\Desktop\tt\SMIC\SMIC_all_raw\HS\s12\non_micro\s12_n1\image8577673.bmp|C:\Users\iRoti\Desktop\tt\SMIC\SMIC_all_raw\HS\s12\non_micro\s12_n1\image8577674.bmp|C:\Users\iRoti\Desktop\tt\SMIC\SMIC_all_raw\HS\s12\non_micro\s12_n1\image8577675.bmp|C:\Users\iRoti\Desktop\tt\SMIC\SMIC_all_raw\HS\s12\non_micro\s12_n1\image8577676.bmp|C:\Users\iRoti\Desktop\tt\SMIC\SMIC_all_raw\HS\s12\non_micro\s12_n1\image8577677.bmp|C:\Users\iRoti\Desktop\tt\SMIC\SMIC_all_raw\HS\s12\non_micro\s12_n1\image8577678.bmp|C:\Users\iRoti\Desktop\tt\SMIC\SMIC_all_raw\HS\s12\non_micro\s12_n1\image8577679.bmp|C:\Users\iRoti\Desktop\tt\SMIC\SMIC_all_raw\HS\s12\non_micro\s12_n1\image8577680.bmp|C:\Users\iRoti\Desktop\tt\SMIC\SMIC_all_raw\HS\s12\non_micro\s12_n1\image8577681.bmp|C:\Users\iRoti\Desktop\tt\SMIC\SMIC_all_raw\HS\s12\non_micro\s12_n1\image8577682.bmp|C:\Users\iRoti\Desktop\tt\SMIC\SMIC_all_raw\HS\s12\non_micro\s12_n1\image8577683.bmp|C:\Users\iRoti\Desktop\tt\SMIC\SMIC_all_raw\HS\s12\non_micro\s12_n1\image8577684.bmp|C:\Users\iRoti\Desktop\tt\SMIC\SMIC_all_raw\HS\s12\non_micro\s12_n1\image8577685.bmp|C:\Users\iRoti\Desktop\tt\SMIC\SMIC_all_raw\HS\s12\non_micro\s12_n1\image8577686.bmp|C:\Users\iRoti\Desktop\tt\SMIC\SMIC_all_raw\HS\s12\non_micro\s12_n1\image8577687.bmp|C:\Users\iRoti\Desktop\tt\SMIC\SMIC_all_raw\HS\s12\non_micro\s12_n1\image8577688.bmp|C:\Users\iRoti\Desktop\tt\SMIC\SMIC_all_raw\HS\s12\non_micro\s12_n1\image8577689.bmp|C:\Users\iRoti\Desktop\tt\SMIC\SMIC_all_raw\HS\s12\non_micro\s12_n1\image8577690.bmp
s12,HS_100fps,Neutral,C:\Users\iRoti\Desktop\tt\SMIC\SMIC_all_raw\HS\s12\non_micro\s12_n2\image8539727.bmp|C:\Users\iRoti\Desktop\tt\SMIC\SMIC_all_raw\HS\s12\non_micro\s12_n2\image8539728.bmp|C:\Users\iRoti\Desktop\tt\SMIC\SMIC_all_raw\HS\s12\non_micro\s12_n2\image8539729.bmp|C:\Users\iRoti\Desktop\tt\SMIC\SMIC_all_raw\HS\s12\non_micro\s12_n2\image8539730.bmp|C:\Users\iRoti\Desktop\tt\SMIC\SMIC_all_raw\HS\s12\non_micro\s12_n2\image8539731.bmp|C:\Users\iRoti\Desktop\tt\SMIC\SMIC_all_raw\HS\s12\non_micro\s12_n2\image8539732.bmp|C:\Users\iRoti\Desktop\tt\SMIC\SMIC_all_raw\HS\s12\non_micro\s12_n2\image8539733.bmp|C:\Users\iRoti\Desktop\tt\SMIC\SMIC_all_raw\HS\s12\non_micro\s12_n2\image8539734.bmp|C:\Users\iRoti\Desktop\tt\SMIC\SMIC_all_raw\HS\s12\non_micro\s12_n2\image8539735.bmp|C:\Users\iRoti\Desktop\tt\SMIC\SMIC_all_raw\HS\s12\non_micro\s12_n2\image8539736.bmp|C:\Users\iRoti\Desktop\tt\SMIC\SMIC_all_raw\HS\s12\non_micro\s12_n2\image8539737.bmp|C:\Users\iRoti\Desktop\tt\SMIC\SMIC_all_raw\HS\s12\non_micro\s12_n2\image8539738.bmp|C:\Users\iRoti\Desktop\tt\SMIC\SMIC_all_raw\HS\s12\non_micro\s12_n2\image8539739.bmp|C:\Users\iRoti\Desktop\tt\SMIC\SMIC_all_raw\HS\s12\non_micro\s12_n2\image8539740.bmp|C:\Users\iRoti\Desktop\tt\SMIC\SMIC_all_raw\HS\s12\non_micro\s12_n2\image8539741.bmp|C:\Users\iRoti\Desktop\tt\SMIC\SMIC_all_raw\HS\s12\non_micro\s12_n2\image8539742.bmp|C:\Users\iRoti\Desktop\tt\SMIC\SMIC_all_raw\HS\s12\non_micro\s12_n2\image8539743.bmp|C:\Users\iRoti\Desktop\tt\SMIC\SMIC_all_raw\HS\s12\non_micro\s12_n2\image8539744.bmp|C:\Users\iRoti\Desktop\tt\SMIC\SMIC_all_raw\HS\s12\non_micro\s12_n2\image8539745.bmp|C:\Users\iRoti\Desktop\tt\SMIC\SMIC_all_raw\HS\s12\non_micro\s12_n2\image8539746.bmp|C:\Users\iRoti\Desktop\tt\SMIC\SMIC_all_raw\HS\s12\non_micro\s12_n2\image8539747.bmp|C:\Users\iRoti\Desktop\tt\SMIC\SMIC_all_raw\HS\s12\non_micro\s12_n2\image8539748.bmp|C:\Users\iRoti\Desktop\tt\SMIC\SMIC_all_raw\HS\s12\non_micro\s12_n2\image8539749.bmp|C:\Users\iRoti\Desktop\tt\SMIC\SMIC_all_raw\HS\s12\non_micro\s12_n2\image8539750.bmp|C:\Users\iRoti\Desktop\tt\SMIC\SMIC_all_raw\HS\s12\non_micro\s12_n2\image8539751.bmp|C:\Users\iRoti\Desktop\tt\SMIC\SMIC_all_raw\HS\s12\non_micro\s12_n2\image8539752.bmp|C:\Users\iRoti\Desktop\tt\SMIC\SMIC_all_raw\HS\s12\non_micro\s12_n2\image8539753.bmp|C:\Users\iRoti\Desktop\tt\SMIC\SMIC_all_raw\HS\s12\non_micro\s12_n2\image8539754.bmp|C:\Users\iRoti\Desktop\tt\SMIC\SMIC_all_raw\HS\s12\non_micro\s12_n2\image8539755.bmp|C:\Users\iRoti\Desktop\tt\SMIC\SMIC_all_raw\HS\s12\non_micro\s12_n2\image8539756.bmp|C:\Users\iRoti\Desktop\tt\SMIC\SMIC_all_raw\HS\s12\non_micro\s12_n2\image8539757.bmp|C:\Users\iRoti\Desktop\tt\SMIC\SMIC_all_raw\HS\s12\non_micro\s12_n2\image8539758.bmp
s12,HS_100fps,Neutral,C:\Users\iRoti\Desktop\tt\SMIC\SMIC_all_raw\HS\s12\non_micro\s12_n3\image8469027.bmp|C:\Users\iRoti\Desktop\tt\SMIC\SMIC_all_raw\HS\s12\non_micro\s12_n3\image8469028.bmp|C:\Users\iRoti\Desktop\tt\SMIC\SMIC_all_raw\HS\s12\non_micro\s12_n3\image8469029.bmp|C:\Users\iRoti\Desktop\tt\SMIC\SMIC_all_raw\HS\s12\non_micro\s12_n3\image8469030.bmp|C:\Users\iRoti\Desktop\tt\SMIC\SMIC_all_raw\HS\s12\non_micro\s12_n3\image8469031.bmp|C:\Users\iRoti\Desktop\tt\SMIC\SMIC_all_raw\HS\s12\non_micro\s12_n3\image8469032.bmp|C:\Users\iRoti\Desktop\tt\SMIC\SMIC_all_raw\HS\s12\non_micro\s12_n3\image8469033.bmp|C:\Users\iRoti\Desktop\tt\SMIC\SMIC_all_raw\HS\s12\non_micro\s12_n3\image8469034.bmp|C:\Users\iRoti\Desktop\tt\SMIC\SMIC_all_raw\HS\s12\non_micro\s12_n3\image8469035.bmp|C:\Users\iRoti\Desktop\tt\SMIC\SMIC_all_raw\HS\s12\non_micro\s12_n3\image8469036.bmp|C:\Users\iRoti\Desktop\tt\SMIC\SMIC_all_raw\HS\s12\non_micro\s12_n3\image8469037.bmp|C:\Users\iRoti\Desktop\tt\SMIC\SMIC_all_raw\HS\s12\non_micro\s12_n3\image8469038.bmp|C:\Users\iRoti\Desktop\tt\SMIC\SMIC_all_raw\HS\s12\non_micro\s12_n3\image8469039.bmp|C:\Users\iRoti\Desktop\tt\SMIC\SMIC_all_raw\HS\s12\non_micro\s12_n3\image8469040.bmp|C:\Users\iRoti\Desktop\tt\SMIC\SMIC_all_raw\HS\s12\non_micro\s12_n3\image8469041.bmp|C:\Users\iRoti\Desktop\tt\SMIC\SMIC_all_raw\HS\s12\non_micro\s12_n3\image8469042.bmp|C:\Users\iRoti\Desktop\tt\SMIC\SMIC_all_raw\HS\s12\non_micro\s12_n3\image8469043.bmp|C:\Users\iRoti\Desktop\tt\SMIC\SMIC_all_raw\HS\s12\non_micro\s12_n3\image8469044.bmp|C:\Users\iRoti\Desktop\tt\SMIC\SMIC_all_raw\HS\s12\non_micro\s12_n3\image8469045.bmp|C:\Users\iRoti\Desktop\tt\SMIC\SMIC_all_raw\HS\s12\non_micro\s12_n3\image8469046.bmp|C:\Users\iRoti\Desktop\tt\SMIC\SMIC_all_raw\HS\s12\non_micro\s12_n3\image8469047.bmp|C:\Users\iRoti\Desktop\tt\SMIC\SMIC_all_raw\HS\s12\non_micro\s12_n3\image8469048.bmp|C:\Users\iRoti\Desktop\tt\SMIC\SMIC_all_raw\HS\s12\non_micro\s12_n3\image8469049.bmp|C:\Users\iRoti\Desktop\tt\SMIC\SMIC_all_raw\HS\s12\non_micro\s12_n3\image8469050.bmp|C:\Users\iRoti\Desktop\tt\SMIC\SMIC_all_raw\HS\s12\non_micro\s12_n3\image8469051.bmp|C:\Users\iRoti\Desktop\tt\SMIC\SMIC_all_raw\HS\s12\non_micro\s12_n3\image8469052.bmp|C:\Users\iRoti\Desktop\tt\SMIC\SMIC_all_raw\HS\s12\non_micro\s12_n3\image8469053.bmp|C:\Users\iRoti\Desktop\tt\SMIC\SMIC_all_raw\HS\s12\non_micro\s12_n3\image8469054.bmp|C:\Users\iRoti\Desktop\tt\SMIC\SMIC_all_raw\HS\s12\non_micro\s12_n3\image8469055.bmp|C:\Users\iRoti\Desktop\tt\SMIC\SMIC_all_raw\HS\s12\non_micro\s12_n3\image8469056.bmp|C:\Users\iRoti\Desktop\tt\SMIC\SMIC_all_raw\HS\s12\non_micro\s12_n3\image8469057.bmp|C:\Users\iRoti\Desktop\tt\SMIC\SMIC_all_raw\HS\s12\non_micro\s12_n3\image8469058.bmp|C:\Users\iRoti\Desktop\tt\SMIC\SMIC_all_raw\HS\s12\non_micro\s12_n3\image8469059.bmp|C:\Users\iRoti\Desktop\tt\SMIC\SMIC_all_raw\HS\s12\non_micro\s12_n3\image8469060.bmp|C:\Users\iRoti\Desktop\tt\SMIC\SMIC_all_raw\HS\s12\non_micro\s12_n3\image8469061.bmp|C:\Users\iRoti\Desktop\tt\SMIC\SMIC_all_raw\HS\s12\non_micro\s12_n3\image8469062.bmp
s12,HS_100fps,Neutral,C:\Users\iRoti\Desktop\tt\SMIC\SMIC_all_raw\HS\s12\non_micro\s12_n4\image8608083.bmp|C:\Users\iRoti\Desktop\tt\SMIC\SMIC_all_raw\HS\s12\non_micro\s12_n4\image8608084.bmp|C:\Users\iRoti\Desktop\tt\SMIC\SMIC_all_raw\HS\s12\non_micro\s12_n4\image8608085.bmp|C:\Users\iRoti\Desktop\tt\SMIC\SMIC_all_raw\HS\s12\non_micro\s12_n4\image8608086.bmp|C:\Users\iRoti\Desktop\tt\SMIC\SMIC_all_raw\HS\s12\non_micro\s12_n4\image8608087.bmp|C:\Users\iRoti\Desktop\tt\SMIC\SMIC_all_raw\HS\s12\non_micro\s12_n4\image8608088.bmp|C:\Users\iRoti\Desktop\tt\SMIC\SMIC_all_raw\HS\s12\non_micro\s12_n4\image8608089.bmp|C:\Users\iRoti\Desktop\tt\SMIC\SMIC_all_raw\HS\s12\non_micro\s12_n4\image8608090.bmp|C:\Users\iRoti\Desktop\tt\SMIC\SMIC_all_raw\HS\s12\non_micro\s12_n4\image8608091.bmp|C:\Users\iRoti\Desktop\tt\SMIC\SMIC_all_raw\HS\s12\non_micro\s12_n4\image8608092.bmp|C:\Users\iRoti\Desktop\tt\SMIC\SMIC_all_raw\HS\s12\non_micro\s12_n4\image8608093.bmp|C:\Users\iRoti\Desktop\tt\SMIC\SMIC_all_raw\HS\s12\non_micro\s12_n4\image8608094.bmp|C:\Users\iRoti\Desktop\tt\SMIC\SMIC_all_raw\HS\s12\non_micro\s12_n4\image8608095.bmp|C:\Users\iRoti\Desktop\tt\SMIC\SMIC_all_raw\HS\s12\non_micro\s12_n4\image8608096.bmp|C:\Users\iRoti\Desktop\tt\SMIC\SMIC_all_raw\HS\s12\non_micro\s12_n4\image8608097.bmp|C:\Users\iRoti\Desktop\tt\SMIC\SMIC_all_raw\HS\s12\non_micro\s12_n4\image8608098.bmp|C:\Users\iRoti\Desktop\tt\SMIC\SMIC_all_raw\HS\s12\non_micro\s12_n4\image8608099.bmp|C:\Users\iRoti\Desktop\tt\SMIC\SMIC_all_raw\HS\s12\non_micro\s12_n4\image8608100.bmp|C:\Users\iRoti\Desktop\tt\SMIC\SMIC_all_raw\HS\s12\non_micro\s12_n4\image8608101.bmp|C:\Users\iRoti\Desktop\tt\SMIC\SMIC_all_raw\HS\s12\non_micro\s12_n4\image8608102.bmp|C:\Users\iRoti\Desktop\tt\SMIC\SMIC_all_raw\HS\s12\non_micro\s12_n4\image8608103.bmp|C:\Users\iRoti\Desktop\tt\SMIC\SMIC_all_raw\HS\s12\non_micro\s12_n4\image8608104.bmp|C:\Users\iRoti\Desktop\tt\SMIC\SMIC_all_raw\HS\s12\non_micro\s12_n4\image8608105.bmp|C:\Users\iRoti\Desktop\tt\SMIC\SMIC_all_raw\HS\s12\non_micro\s12_n4\image8608106.bmp|C:\Users\iRoti\Desktop\tt\SMIC\SMIC_all_raw\HS\s12\non_micro\s12_n4\image8608107.bmp|C:\Users\iRoti\Desktop\tt\SMIC\SMIC_all_raw\HS\s12\non_micro\s12_n4\image8608108.bmp|C:\Users\iRoti\Desktop\tt\SMIC\SMIC_all_raw\HS\s12\non_micro\s12_n4\image8608109.bmp|C:\Users\iRoti\Desktop\tt\SMIC\SMIC_all_raw\HS\s12\non_micro\s12_n4\image8608110.bmp|C:\Users\iRoti\Desktop\tt\SMIC\SMIC_all_raw\HS\s12\non_micro\s12_n4\image8608111.bmp|C:\Users\iRoti\Desktop\tt\SMIC\SMIC_all_raw\HS\s12\non_micro\s12_n4\image8608112.bmp|C:\Users\iRoti\Desktop\tt\SMIC\SMIC_all_raw\HS\s12\non_micro\s12_n4\image8608113.bmp|C:\Users\iRoti\Desktop\tt\SMIC\SMIC_all_raw\HS\s12\non_micro\s12_n4\image8608114.bmp|C:\Users\iRoti\Desktop\tt\SMIC\SMIC_all_raw\HS\s12\non_micro\s12_n4\image8608115.bmp|C:\Users\iRoti\Desktop\tt\SMIC\SMIC_all_raw\HS\s12\non_micro\s12_n4\image8608116.bmp|C:\Users\iRoti\Desktop\tt\SMIC\SMIC_all_raw\HS\s12\non_micro\s12_n4\image8608117.bmp|C:\Users\iRoti\Desktop\tt\SMIC\SMIC_all_raw\HS\s12\non_micro\s12_n4\image8608118.bmp
s12,HS_100fps,Neutral,C:\Users\iRoti\Desktop\tt\SMIC\SMIC_all_raw\HS\s12\non_micro\s12_n5\image8619827.bmp|C:\Users\iRoti\Desktop\tt\SMIC\SMIC_all_raw\HS\s12\non_micro\s12_n5\image8619828.bmp|C:\Users\iRoti\Desktop\tt\SMIC\SMIC_all_raw\HS\s12\non_micro\s12_n5\image8619829.bmp|C:\Users\iRoti\Desktop\tt\SMIC\SMIC_all_raw\HS\s12\non_micro\s12_n5\image8619830.bmp|C:\Users\iRoti\Desktop\tt\SMIC\SMIC_all_raw\HS\s12\non_micro\s12_n5\image8619831.bmp|C:\Users\iRoti\Desktop\tt\SMIC\SMIC_all_raw\HS\s12\non_micro\s12_n5\image8619832.bmp|C:\Users\iRoti\Desktop\tt\SMIC\SMIC_all_raw\HS\s12\non_micro\s12_n5\image8619833.bmp|C:\Users\iRoti\Desktop\tt\SMIC\SMIC_all_raw\HS\s12\non_micro\s12_n5\image8619834.bmp|C:\Users\iRoti\Desktop\tt\SMIC\SMIC_all_raw\HS\s12\non_micro\s12_n5\image8619835.bmp|C:\Users\iRoti\Desktop\tt\SMIC\SMIC_all_raw\HS\s12\non_micro\s12_n5\image8619836.bmp|C:\Users\iRoti\Desktop\tt\SMIC\SMIC_all_raw\HS\s12\non_micro\s12_n5\image8619837.bmp|C:\Users\iRoti\Desktop\tt\SMIC\SMIC_all_raw\HS\s12\non_micro\s12_n5\image8619838.bmp|C:\Users\iRoti\Desktop\tt\SMIC\SMIC_all_raw\HS\s12\non_micro\s12_n5\image8619839.bmp|C:\Users\iRoti\Desktop\tt\SMIC\SMIC_all_raw\HS\s12\non_micro\s12_n5\image8619840.bmp|C:\Users\iRoti\Desktop\tt\SMIC\SMIC_all_raw\HS\s12\non_micro\s12_n5\image8619841.bmp|C:\Users\iRoti\Desktop\tt\SMIC\SMIC_all_raw\HS\s12\non_micro\s12_n5\image8619842.bmp|C:\Users\iRoti\Desktop\tt\SMIC\SMIC_all_raw\HS\s12\non_micro\s12_n5\image8619843.bmp|C:\Users\iRoti\Desktop\tt\SMIC\SMIC_all_raw\HS\s12\non_micro\s12_n5\image8619844.bmp|C:\Users\iRoti\Desktop\tt\SMIC\SMIC_all_raw\HS\s12\non_micro\s12_n5\image8619845.bmp|C:\Users\iRoti\Desktop\tt\SMIC\SMIC_all_raw\HS\s12\non_micro\s12_n5\image8619846.bmp|C:\Users\iRoti\Desktop\tt\SMIC\SMIC_all_raw\HS\s12\non_micro\s12_n5\image8619847.bmp|C:\Users\iRoti\Desktop\tt\SMIC\SMIC_all_raw\HS\s12\non_micro\s12_n5\image8619848.bmp|C:\Users\iRoti\Desktop\tt\SMIC\SMIC_all_raw\HS\s12\non_micro\s12_n5\image8619849.bmp|C:\Users\iRoti\Desktop\tt\SMIC\SMIC_all_raw\HS\s12\non_micro\s12_n5\image8619850.bmp|C:\Users\iRoti\Desktop\tt\SMIC\SMIC_all_raw\HS\s12\non_micro\s12_n5\image8619851.bmp|C:\Users\iRoti\Desktop\tt\SMIC\SMIC_all_raw\HS\s12\non_micro\s12_n5\image8619852.bmp|C:\Users\iRoti\Desktop\tt\SMIC\SMIC_all_raw\HS\s12\non_micro\s12_n5\image8619853.bmp|C:\Users\iRoti\Desktop\tt\SMIC\SMIC_all_raw\HS\s12\non_micro\s12_n5\image8619854.bmp|C:\Users\iRoti\Desktop\tt\SMIC\SMIC_all_raw\HS\s12\non_micro\s12_n5\image8619855.bmp|C:\Users\iRoti\Desktop\tt\SMIC\SMIC_all_raw\HS\s12\non_micro\s12_n5\image8619856.bmp|C:\Users\iRoti\Desktop\tt\SMIC\SMIC_all_raw\HS\s12\non_micro\s12_n5\image8619857.bmp|C:\Users\iRoti\Desktop\tt\SMIC\SMIC_all_raw\HS\s12\non_micro\s12_n5\image8619858.bmp|C:\Users\iRoti\Desktop\tt\SMIC\SMIC_all_raw\HS\s12\non_micro\s12_n5\image8619859.bmp|C:\Users\iRoti\Desktop\tt\SMIC\SMIC_all_raw\HS\s12\non_micro\s12_n5\image8619860.bmp|C:\Users\iRoti\Desktop\tt\SMIC\SMIC_all_raw\HS\s12\non_micro\s12_n5\image8619861.bmp|C:\Users\iRoti\Desktop\tt\SMIC\SMIC_all_raw\HS\s12\non_micro\s12_n5\image8619862.bmp|C:\Users\iRoti\Desktop\tt\SMIC\SMIC_all_raw\HS\s12\non_micro\s12_n5\image8619863.bmp|C:\Users\iRoti\Desktop\tt\SMIC\SMIC_all_raw\HS\s12\non_micro\s12_n5\image8619864.bmp|C:\Users\iRoti\Desktop\tt\SMIC\SMIC_all_raw\HS\s12\non_micro\s12_n5\image8619865.bmp|C:\Users\iRoti\Desktop\tt\SMIC\SMIC_all_raw\HS\s12\non_micro\s12_n5\image8619866.bmp
s12,HS_100fps,Neutral,C:\Users\iRoti\Desktop\tt\SMIC\SMIC_all_raw\HS\s12\non_micro\s12_n6\image8411195.bmp|C:\Users\iRoti\Desktop\tt\SMIC\SMIC_all_raw\HS\s12\non_micro\s12_n6\image8411196.bmp|C:\Users\iRoti\Desktop\tt\SMIC\SMIC_all_raw\HS\s12\non_micro\s12_n6\image8411197.bmp|C:\Users\iRoti\Desktop\tt\SMIC\SMIC_all_raw\HS\s12\non_micro\s12_n6\image8411198.bmp|C:\Users\iRoti\Desktop\tt\SMIC\SMIC_all_raw\HS\s12\non_micro\s12_n6\image8411199.bmp|C:\Users\iRoti\Desktop\tt\SMIC\SMIC_all_raw\HS\s12\non_micro\s12_n6\image8411200.bmp|C:\Users\iRoti\Desktop\tt\SMIC\SMIC_all_raw\HS\s12\non_micro\s12_n6\image8411201.bmp|C:\Users\iRoti\Desktop\tt\SMIC\SMIC_all_raw\HS\s12\non_micro\s12_n6\image8411202.bmp|C:\Users\iRoti\Desktop\tt\SMIC\SMIC_all_raw\HS\s12\non_micro\s12_n6\image8411203.bmp|C:\Users\iRoti\Desktop\tt\SMIC\SMIC_all_raw\HS\s12\non_micro\s12_n6\image8411204.bmp|C:\Users\iRoti\Desktop\tt\SMIC\SMIC_all_raw\HS\s12\non_micro\s12_n6\image8411205.bmp|C:\Users\iRoti\Desktop\tt\SMIC\SMIC_all_raw\HS\s12\non_micro\s12_n6\image8411206.bmp|C:\Users\iRoti\Desktop\tt\SMIC\SMIC_all_raw\HS\s12\non_micro\s12_n6\image8411207.bmp|C:\Users\iRoti\Desktop\tt\SMIC\SMIC_all_raw\HS\s12\non_micro\s12_n6\image8411208.bmp|C:\Users\iRoti\Desktop\tt\SMIC\SMIC_all_raw\HS\s12\non_micro\s12_n6\image8411209.bmp|C:\Users\iRoti\Desktop\tt\SMIC\SMIC_all_raw\HS\s12\non_micro\s12_n6\image8411210.bmp|C:\Users\iRoti\Desktop\tt\SMIC\SMIC_all_raw\HS\s12\non_micro\s12_n6\image8411211.bmp|C:\Users\iRoti\Desktop\tt\SMIC\SMIC_all_raw\HS\s12\non_micro\s12_n6\image8411212.bmp|C:\Users\iRoti\Desktop\tt\SMIC\SMIC_all_raw\HS\s12\non_micro\s12_n6\image8411213.bmp|C:\Users\iRoti\Desktop\tt\SMIC\SMIC_all_raw\HS\s12\non_micro\s12_n6\image8411214.bmp|C:\Users\iRoti\Desktop\tt\SMIC\SMIC_all_raw\HS\s12\non_micro\s12_n6\image8411215.bmp|C:\Users\iRoti\Desktop\tt\SMIC\SMIC_all_raw\HS\s12\non_micro\s12_n6\image8411216.bmp|C:\Users\iRoti\Desktop\tt\SMIC\SMIC_all_raw\HS\s12\non_micro\s12_n6\image8411217.bmp|C:\Users\iRoti\Desktop\tt\SMIC\SMIC_all_raw\HS\s12\non_micro\s12_n6\image8411218.bmp|C:\Users\iRoti\Desktop\tt\SMIC\SMIC_all_raw\HS\s12\non_micro\s12_n6\image8411219.bmp|C:\Users\iRoti\Desktop\tt\SMIC\SMIC_all_raw\HS\s12\non_micro\s12_n6\image8411220.bmp|C:\Users\iRoti\Desktop\tt\SMIC\SMIC_all_raw\HS\s12\non_micro\s12_n6\image8411221.bmp|C:\Users\iRoti\Desktop\tt\SMIC\SMIC_all_raw\HS\s12\non_micro\s12_n6\image8411222.bmp|C:\Users\iRoti\Desktop\tt\SMIC\SMIC_all_raw\HS\s12\non_micro\s12_n6\image8411223.bmp|C:\Users\iRoti\Desktop\tt\SMIC\SMIC_all_raw\HS\s12\non_micro\s12_n6\image8411224.bmp|C:\Users\iRoti\Desktop\tt\SMIC\SMIC_all_raw\HS\s12\non_micro\s12_n6\image8411225.bmp|C:\Users\iRoti\Desktop\tt\SMIC\SMIC_all_raw\HS\s12\non_micro\s12_n6\image8411226.bmp
s12,HS_100fps,Neutral,C:\Users\iRoti\Desktop\tt\SMIC\SMIC_all_raw\HS\s12\non_micro\s12_n7\image8677155.bmp|C:\Users\iRoti\Desktop\tt\SMIC\SMIC_all_raw\HS\s12\non_micro\s12_n7\image8677156.bmp|C:\Users\iRoti\Desktop\tt\SMIC\SMIC_all_raw\HS\s12\non_micro\s12_n7\image8677157.bmp|C:\Users\iRoti\Desktop\tt\SMIC\SMIC_all_raw\HS\s12\non_micro\s12_n7\image8677158.bmp|C:\Users\iRoti\Desktop\tt\SMIC\SMIC_all_raw\HS\s12\non_micro\s12_n7\image8677159.bmp|C:\Users\iRoti\Desktop\tt\SMIC\SMIC_all_raw\HS\s12\non_micro\s12_n7\image8677160.bmp|C:\Users\iRoti\Desktop\tt\SMIC\SMIC_all_raw\HS\s12\non_micro\s12_n7\image8677161.bmp|C:\Users\iRoti\Desktop\tt\SMIC\SMIC_all_raw\HS\s12\non_micro\s12_n7\image8677162.bmp|C:\Users\iRoti\Desktop\tt\SMIC\SMIC_all_raw\HS\s12\non_micro\s12_n7\image8677163.bmp|C:\Users\iRoti\Desktop\tt\SMIC\SMIC_all_raw\HS\s12\non_micro\s12_n7\image8677164.bmp|C:\Users\iRoti\Desktop\tt\SMIC\SMIC_all_raw\HS\s12\non_micro\s12_n7\image8677165.bmp|C:\Users\iRoti\Desktop\tt\SMIC\SMIC_all_raw\HS\s12\non_micro\s12_n7\image8677166.bmp|C:\Users\iRoti\Desktop\tt\SMIC\SMIC_all_raw\HS\s12\non_micro\s12_n7\image8677167.bmp|C:\Users\iRoti\Desktop\tt\SMIC\SMIC_all_raw\HS\s12\non_micro\s12_n7\image8677168.bmp|C:\Users\iRoti\Desktop\tt\SMIC\SMIC_all_raw\HS\s12\non_micro\s12_n7\image8677169.bmp|C:\Users\iRoti\Desktop\tt\SMIC\SMIC_all_raw\HS\s12\non_micro\s12_n7\image8677170.bmp|C:\Users\iRoti\Desktop\tt\SMIC\SMIC_all_raw\HS\s12\non_micro\s12_n7\image8677171.bmp|C:\Users\iRoti\Desktop\tt\SMIC\SMIC_all_raw\HS\s12\non_micro\s12_n7\image8677172.bmp|C:\Users\iRoti\Desktop\tt\SMIC\SMIC_all_raw\HS\s12\non_micro\s12_n7\image8677173.bmp|C:\Users\iRoti\Desktop\tt\SMIC\SMIC_all_raw\HS\s12\non_micro\s12_n7\image8677174.bmp|C:\Users\iRoti\Desktop\tt\SMIC\SMIC_all_raw\HS\s12\non_micro\s12_n7\image8677175.bmp|C:\Users\iRoti\Desktop\tt\SMIC\SMIC_all_raw\HS\s12\non_micro\s12_n7\image8677176.bmp|C:\Users\iRoti\Desktop\tt\SMIC\SMIC_all_raw\HS\s12\non_micro\s12_n7\image8677177.bmp|C:\Users\iRoti\Desktop\tt\SMIC\SMIC_all_raw\HS\s12\non_micro\s12_n7\image8677178.bmp|C:\Users\iRoti\Desktop\tt\SMIC\SMIC_all_raw\HS\s12\non_micro\s12_n7\image8677179.bmp|C:\Users\iRoti\Desktop\tt\SMIC\SMIC_all_raw\HS\s12\non_micro\s12_n7\image8677180.bmp|C:\Users\iRoti\Desktop\tt\SMIC\SMIC_all_raw\HS\s12\non_micro\s12_n7\image8677181.bmp|C:\Users\iRoti\Desktop\tt\SMIC\SMIC_all_raw\HS\s12\non_micro\s12_n7\image8677182.bmp|C:\Users\iRoti\Desktop\tt\SMIC\SMIC_all_raw\HS\s12\non_micro\s12_n7\image8677183.bmp|C:\Users\iRoti\Desktop\tt\SMIC\SMIC_all_raw\HS\s12\non_micro\s12_n7\image8677184.bmp|C:\Users\iRoti\Desktop\tt\SMIC\SMIC_all_raw\HS\s12\non_micro\s12_n7\image8677185.bmp|C:\Users\iRoti\Desktop\tt\SMIC\SMIC_all_raw\HS\s12\non_micro\s12_n7\image8677186.bmp
s12,HS_100fps,Neutral,C:\Users\iRoti\Desktop\tt\SMIC\SMIC_all_raw\HS\s12\non_micro\s12_n8\image8437863.bmp|C:\Users\iRoti\Desktop\tt\SMIC\SMIC_all_raw\HS\s12\non_micro\s12_n8\image8437864.bmp|C:\Users\iRoti\Desktop\tt\SMIC\SMIC_all_raw\HS\s12\non_micro\s12_n8\image8437865.bmp|C:\Users\iRoti\Desktop\tt\SMIC\SMIC_all_raw\HS\s12\non_micro\s12_n8\image8437866.bmp|C:\Users\iRoti\Desktop\tt\SMIC\SMIC_all_raw\HS\s12\non_micro\s12_n8\image8437867.bmp|C:\Users\iRoti\Desktop\tt\SMIC\SMIC_all_raw\HS\s12\non_micro\s12_n8\image8437868.bmp|C:\Users\iRoti\Desktop\tt\SMIC\SMIC_all_raw\HS\s12\non_micro\s12_n8\image8437869.bmp|C:\Users\iRoti\Desktop\tt\SMIC\SMIC_all_raw\HS\s12\non_micro\s12_n8\image8437870.bmp|C:\Users\iRoti\Desktop\tt\SMIC\SMIC_all_raw\HS\s12\non_micro\s12_n8\image8437871.bmp|C:\Users\iRoti\Desktop\tt\SMIC\SMIC_all_raw\HS\s12\non_micro\s12_n8\image8437872.bmp|C:\Users\iRoti\Desktop\tt\SMIC\SMIC_all_raw\HS\s12\non_micro\s12_n8\image8437873.bmp|C:\Users\iRoti\Desktop\tt\SMIC\SMIC_all_raw\HS\s12\non_micro\s12_n8\image8437874.bmp|C:\Users\iRoti\Desktop\tt\SMIC\SMIC_all_raw\HS\s12\non_micro\s12_n8\image8437875.bmp|C:\Users\iRoti\Desktop\tt\SMIC\SMIC_all_raw\HS\s12\non_micro\s12_n8\image8437876.bmp|C:\Users\iRoti\Desktop\tt\SMIC\SMIC_all_raw\HS\s12\non_micro\s12_n8\image8437877.bmp|C:\Users\iRoti\Desktop\tt\SMIC\SMIC_all_raw\HS\s12\non_micro\s12_n8\image8437878.bmp|C:\Users\iRoti\Desktop\tt\SMIC\SMIC_all_raw\HS\s12\non_micro\s12_n8\image8437879.bmp|C:\Users\iRoti\Desktop\tt\SMIC\SMIC_all_raw\HS\s12\non_micro\s12_n8\image8437880.bmp|C:\Users\iRoti\Desktop\tt\SMIC\SMIC_all_raw\HS\s12\non_micro\s12_n8\image8437881.bmp|C:\Users\iRoti\Desktop\tt\SMIC\SMIC_all_raw\HS\s12\non_micro\s12_n8\image8437882.bmp|C:\Users\iRoti\Desktop\tt\SMIC\SMIC_all_raw\HS\s12\non_micro\s12_n8\image8437883.bmp|C:\Users\iRoti\Desktop\tt\SMIC\SMIC_all_raw\HS\s12\non_micro\s12_n8\image8437884.bmp|C:\Users\iRoti\Desktop\tt\SMIC\SMIC_all_raw\HS\s12\non_micro\s12_n8\image8437885.bmp|C:\Users\iRoti\Desktop\tt\SMIC\SMIC_all_raw\HS\s12\non_micro\s12_n8\image8437886.bmp|C:\Users\iRoti\Desktop\tt\SMIC\SMIC_all_raw\HS\s12\non_micro\s12_n8\image8437887.bmp|C:\Users\iRoti\Desktop\tt\SMIC\SMIC_all_raw\HS\s12\non_micro\s12_n8\image8437888.bmp|C:\Users\iRoti\Desktop\tt\SMIC\SMIC_all_raw\HS\s12\non_micro\s12_n8\image8437889.bmp|C:\Users\iRoti\Desktop\tt\SMIC\SMIC_all_raw\HS\s12\non_micro\s12_n8\image8437890.bmp|C:\Users\iRoti\Desktop\tt\SMIC\SMIC_all_raw\HS\s12\non_micro\s12_n8\image8437891.bmp|C:\Users\iRoti\Desktop\tt\SMIC\SMIC_all_raw\HS\s12\non_micro\s12_n8\image8437892.bmp|C:\Users\iRoti\Desktop\tt\SMIC\SMIC_all_raw\HS\s12\non_micro\s12_n8\image8437893.bmp|C:\Users\iRoti\Desktop\tt\SMIC\SMIC_all_raw\HS\s12\non_micro\s12_n8\image8437894.bmp|C:\Users\iRoti\Desktop\tt\SMIC\SMIC_all_raw\HS\s12\non_micro\s12_n8\image8437895.bmp|C:\Users\iRoti\Desktop\tt\SMIC\SMIC_all_raw\HS\s12\non_micro\s12_n8\image8437896.bmp|C:\Users\iRoti\Desktop\tt\SMIC\SMIC_all_raw\HS\s12\non_micro\s12_n8\image8437897.bmp|C:\Users\iRoti\Desktop\tt\SMIC\SMIC_all_raw\HS\s12\non_micro\s12_n8\image8437898.bmp
s12,HS_100fps,Neutral,C:\Users\iRoti\Desktop\tt\SMIC\SMIC_all_raw\HS\s12\non_micro\s12_n9\image8472103.bmp|C:\Users\iRoti\Desktop\tt\SMIC\SMIC_all_raw\HS\s12\non_micro\s12_n9\image8472104.bmp|C:\Users\iRoti\Desktop\tt\SMIC\SMIC_all_raw\HS\s12\non_micro\s12_n9\image8472105.bmp|C:\Users\iRoti\Desktop\tt\SMIC\SMIC_all_raw\HS\s12\non_micro\s12_n9\image8472106.bmp|C:\Users\iRoti\Desktop\tt\SMIC\SMIC_all_raw\HS\s12\non_micro\s12_n9\image8472107.bmp|C:\Users\iRoti\Desktop\tt\SMIC\SMIC_all_raw\HS\s12\non_micro\s12_n9\image8472108.bmp|C:\Users\iRoti\Desktop\tt\SMIC\SMIC_all_raw\HS\s12\non_micro\s12_n9\image8472109.bmp|C:\Users\iRoti\Desktop\tt\SMIC\SMIC_all_raw\HS\s12\non_micro\s12_n9\image8472110.bmp|C:\Users\iRoti\Desktop\tt\SMIC\SMIC_all_raw\HS\s12\non_micro\s12_n9\image8472111.bmp|C:\Users\iRoti\Desktop\tt\SMIC\SMIC_all_raw\HS\s12\non_micro\s12_n9\image8472112.bmp|C:\Users\iRoti\Desktop\tt\SMIC\SMIC_all_raw\HS\s12\non_micro\s12_n9\image8472113.bmp|C:\Users\iRoti\Desktop\tt\SMIC\SMIC_all_raw\HS\s12\non_micro\s12_n9\image8472114.bmp|C:\Users\iRoti\Desktop\tt\SMIC\SMIC_all_raw\HS\s12\non_micro\s12_n9\image8472115.bmp|C:\Users\iRoti\Desktop\tt\SMIC\SMIC_all_raw\HS\s12\non_micro\s12_n9\image8472116.bmp|C:\Users\iRoti\Desktop\tt\SMIC\SMIC_all_raw\HS\s12\non_micro\s12_n9\image8472117.bmp|C:\Users\iRoti\Desktop\tt\SMIC\SMIC_all_raw\HS\s12\non_micro\s12_n9\image8472118.bmp|C:\Users\iRoti\Desktop\tt\SMIC\SMIC_all_raw\HS\s12\non_micro\s12_n9\image8472119.bmp|C:\Users\iRoti\Desktop\tt\SMIC\SMIC_all_raw\HS\s12\non_micro\s12_n9\image8472120.bmp|C:\Users\iRoti\Desktop\tt\SMIC\SMIC_all_raw\HS\s12\non_micro\s12_n9\image8472121.bmp|C:\Users\iRoti\Desktop\tt\SMIC\SMIC_all_raw\HS\s12\non_micro\s12_n9\image8472122.bmp|C:\Users\iRoti\Desktop\tt\SMIC\SMIC_all_raw\HS\s12\non_micro\s12_n9\image8472123.bmp|C:\Users\iRoti\Desktop\tt\SMIC\SMIC_all_raw\HS\s12\non_micro\s12_n9\image8472124.bmp|C:\Users\iRoti\Desktop\tt\SMIC\SMIC_all_raw\HS\s12\non_micro\s12_n9\image8472125.bmp|C:\Users\iRoti\Desktop\tt\SMIC\SMIC_all_raw\HS\s12\non_micro\s12_n9\image8472126.bmp|C:\Users\iRoti\Desktop\tt\SMIC\SMIC_all_raw\HS\s12\non_micro\s12_n9\image8472127.bmp|C:\Users\iRoti\Desktop\tt\SMIC\SMIC_all_raw\HS\s12\non_micro\s12_n9\image8472128.bmp|C:\Users\iRoti\Desktop\tt\SMIC\SMIC_all_raw\HS\s12\non_micro\s12_n9\image8472129.bmp|C:\Users\iRoti\Desktop\tt\SMIC\SMIC_all_raw\HS\s12\non_micro\s12_n9\image8472130.bmp|C:\Users\iRoti\Desktop\tt\SMIC\SMIC_all_raw\HS\s12\non_micro\s12_n9\image8472131.bmp|C:\Users\iRoti\Desktop\tt\SMIC\SMIC_all_raw\HS\s12\non_micro\s12_n9\image8472132.bmp|C:\Users\iRoti\Desktop\tt\SMIC\SMIC_all_raw\HS\s12\non_micro\s12_n9\image8472133.bmp|C:\Users\iRoti\Desktop\tt\SMIC\SMIC_all_raw\HS\s12\non_micro\s12_n9\image8472134.bmp|C:\Users\iRoti\Desktop\tt\SMIC\SMIC_all_raw\HS\s12\non_micro\s12_n9\image8472135.bmp|C:\Users\iRoti\Desktop\tt\SMIC\SMIC_all_raw\HS\s12\non_micro\s12_n9\image8472136.bmp|C:\Users\iRoti\Desktop\tt\SMIC\SMIC_all_raw\HS\s12\non_micro\s12_n9\image8472137.bmp|C:\Users\iRoti\Desktop\tt\SMIC\SMIC_all_raw\HS\s12\non_micro\s12_n9\image8472138.bmp|C:\Users\iRoti\Desktop\tt\SMIC\SMIC_all_raw\HS\s12\non_micro\s12_n9\image8472139.bmp|C:\Users\iRoti\Desktop\tt\SMIC\SMIC_all_raw\HS\s12\non_micro\s12_n9\image8472140.bmp|C:\Users\iRoti\Desktop\tt\SMIC\SMIC_all_raw\HS\s12\non_micro\s12_n9\image8472141.bmp|C:\Users\iRoti\Desktop\tt\SMIC\SMIC_all_raw\HS\s12\non_micro\s12_n9\image8472142.bmp|C:\Users\iRoti\Desktop\tt\SMIC\SMIC_all_raw\HS\s12\non_micro\s12_n9\image8472143.bmp|C:\Users\iRoti\Desktop\tt\SMIC\SMIC_all_raw\HS\s12\non_micro\s12_n9\image8472144.bmp|C:\Users\iRoti\Desktop\tt\SMIC\SMIC_all_raw\HS\s12\non_micro\s12_n9\image8472145.bmp|C:\Users\iRoti\Desktop\tt\SMIC\SMIC_all_raw\HS\s12\non_micro\s12_n9\image8472146.bmp
s13,HS_100fps,Felicidad,C:\Users\iRoti\Desktop\tt\SMIC\SMIC_all_raw\HS\s13\micro\positive\s13_po_01\image090884.bmp|C:\Users\iRoti\Desktop\tt\SMIC\SMIC_all_raw\HS\s13\micro\positive\s13_po_01\image090885.bmp|C:\Users\iRoti\Desktop\tt\SMIC\SMIC_all_raw\HS\s13\micro\positive\s13_po_01\image090886.bmp|C:\Users\iRoti\Desktop\tt\SMIC\SMIC_all_raw\HS\s13\micro\positive\s13_po_01\image090887.bmp|C:\Users\iRoti\Desktop\tt\SMIC\SMIC_all_raw\HS\s13\micro\positive\s13_po_01\image090888.bmp|C:\Users\iRoti\Desktop\tt\SMIC\SMIC_all_raw\HS\s13\micro\positive\s13_po_01\image090889.bmp|C:\Users\iRoti\Desktop\tt\SMIC\SMIC_all_raw\HS\s13\micro\positive\s13_po_01\image090890.bmp|C:\Users\iRoti\Desktop\tt\SMIC\SMIC_all_raw\HS\s13\micro\positive\s13_po_01\image090891.bmp|C:\Users\iRoti\Desktop\tt\SMIC\SMIC_all_raw\HS\s13\micro\positive\s13_po_01\image090892.bmp|C:\Users\iRoti\Desktop\tt\SMIC\SMIC_all_raw\HS\s13\micro\positive\s13_po_01\image090893.bmp|C:\Users\iRoti\Desktop\tt\SMIC\SMIC_all_raw\HS\s13\micro\positive\s13_po_01\image090894.bmp|C:\Users\iRoti\Desktop\tt\SMIC\SMIC_all_raw\HS\s13\micro\positive\s13_po_01\image090895.bmp|C:\Users\iRoti\Desktop\tt\SMIC\SMIC_all_raw\HS\s13\micro\positive\s13_po_01\image090896.bmp|C:\Users\iRoti\Desktop\tt\SMIC\SMIC_all_raw\HS\s13\micro\positive\s13_po_01\image090897.bmp|C:\Users\iRoti\Desktop\tt\SMIC\SMIC_all_raw\HS\s13\micro\positive\s13_po_01\image090898.bmp|C:\Users\iRoti\Desktop\tt\SMIC\SMIC_all_raw\HS\s13\micro\positive\s13_po_01\image090899.bmp|C:\Users\iRoti\Desktop\tt\SMIC\SMIC_all_raw\HS\s13\micro\positive\s13_po_01\image090900.bmp|C:\Users\iRoti\Desktop\tt\SMIC\SMIC_all_raw\HS\s13\micro\positive\s13_po_01\image090901.bmp|C:\Users\iRoti\Desktop\tt\SMIC\SMIC_all_raw\HS\s13\micro\positive\s13_po_01\image090902.bmp|C:\Users\iRoti\Desktop\tt\SMIC\SMIC_all_raw\HS\s13\micro\positive\s13_po_01\image090903.bmp|C:\Users\iRoti\Desktop\tt\SMIC\SMIC_all_raw\HS\s13\micro\positive\s13_po_01\image090904.bmp|C:\Users\iRoti\Desktop\tt\SMIC\SMIC_all_raw\HS\s13\micro\positive\s13_po_01\image090905.bmp|C:\Users\iRoti\Desktop\tt\SMIC\SMIC_all_raw\HS\s13\micro\positive\s13_po_01\image090906.bmp|C:\Users\iRoti\Desktop\tt\SMIC\SMIC_all_raw\HS\s13\micro\positive\s13_po_01\image090907.bmp|C:\Users\iRoti\Desktop\tt\SMIC\SMIC_all_raw\HS\s13\micro\positive\s13_po_01\image090908.bmp|C:\Users\iRoti\Desktop\tt\SMIC\SMIC_all_raw\HS\s13\micro\positive\s13_po_01\image090909.bmp|C:\Users\iRoti\Desktop\tt\SMIC\SMIC_all_raw\HS\s13\micro\positive\s13_po_01\image090910.bmp|C:\Users\iRoti\Desktop\tt\SMIC\SMIC_all_raw\HS\s13\micro\positive\s13_po_01\image090911.bmp|C:\Users\iRoti\Desktop\tt\SMIC\SMIC_all_raw\HS\s13\micro\positive\s13_po_01\image090912.bmp|C:\Users\iRoti\Desktop\tt\SMIC\SMIC_all_raw\HS\s13\micro\positive\s13_po_01\image090913.bmp|C:\Users\iRoti\Desktop\tt\SMIC\SMIC_all_raw\HS\s13\micro\positive\s13_po_01\image090914.bmp|C:\Users\iRoti\Desktop\tt\SMIC\SMIC_all_raw\HS\s13\micro\positive\s13_po_01\image090915.bmp|C:\Users\iRoti\Desktop\tt\SMIC\SMIC_all_raw\HS\s13\micro\positive\s13_po_01\image090916.bmp|C:\Users\iRoti\Desktop\tt\SMIC\SMIC_all_raw\HS\s13\micro\positive\s13_po_01\image090917.bmp|C:\Users\iRoti\Desktop\tt\SMIC\SMIC_all_raw\HS\s13\micro\positive\s13_po_01\image090918.bmp|C:\Users\iRoti\Desktop\tt\SMIC\SMIC_all_raw\HS\s13\micro\positive\s13_po_01\image090919.bmp|C:\Users\iRoti\Desktop\tt\SMIC\SMIC_all_raw\HS\s13\micro\positive\s13_po_01\image090920.bmp|C:\Users\iRoti\Desktop\tt\SMIC\SMIC_all_raw\HS\s13\micro\positive\s13_po_01\image090921.bmp|C:\Users\iRoti\Desktop\tt\SMIC\SMIC_all_raw\HS\s13\micro\positive\s13_po_01\image090922.bmp|C:\Users\iRoti\Desktop\tt\SMIC\SMIC_all_raw\HS\s13\micro\positive\s13_po_01\image090923.bmp|C:\Users\iRoti\Desktop\tt\SMIC\SMIC_all_raw\HS\s13\micro\positive\s13_po_01\image090924.bmp|C:\Users\iRoti\Desktop\tt\SMIC\SMIC_all_raw\HS\s13\micro\positive\s13_po_01\image090925.bmp|C:\Users\iRoti\Desktop\tt\SMIC\SMIC_all_raw\HS\s13\micro\positive\s13_po_01\image090926.bmp|C:\Users\iRoti\Desktop\tt\SMIC\SMIC_all_raw\HS\s13\micro\positive\s13_po_01\image090927.bmp|C:\Users\iRoti\Desktop\tt\SMIC\SMIC_all_raw\HS\s13\micro\positive\s13_po_01\image090928.bmp|C:\Users\iRoti\Desktop\tt\SMIC\SMIC_all_raw\HS\s13\micro\positive\s13_po_01\image090929.bmp
s13,HS_100fps,Felicidad,C:\Users\iRoti\Desktop\tt\SMIC\SMIC_all_raw\HS\s13\micro\positive\s13_po_02\image092721.bmp|C:\Users\iRoti\Desktop\tt\SMIC\SMIC_all_raw\HS\s13\micro\positive\s13_po_02\image092722.bmp|C:\Users\iRoti\Desktop\tt\SMIC\SMIC_all_raw\HS\s13\micro\positive\s13_po_02\image092723.bmp|C:\Users\iRoti\Desktop\tt\SMIC\SMIC_all_raw\HS\s13\micro\positive\s13_po_02\image092724.bmp|C:\Users\iRoti\Desktop\tt\SMIC\SMIC_all_raw\HS\s13\micro\positive\s13_po_02\image092725.bmp|C:\Users\iRoti\Desktop\tt\SMIC\SMIC_all_raw\HS\s13\micro\positive\s13_po_02\image092726.bmp|C:\Users\iRoti\Desktop\tt\SMIC\SMIC_all_raw\HS\s13\micro\positive\s13_po_02\image092727.bmp|C:\Users\iRoti\Desktop\tt\SMIC\SMIC_all_raw\HS\s13\micro\positive\s13_po_02\image092728.bmp|C:\Users\iRoti\Desktop\tt\SMIC\SMIC_all_raw\HS\s13\micro\positive\s13_po_02\image092729.bmp|C:\Users\iRoti\Desktop\tt\SMIC\SMIC_all_raw\HS\s13\micro\positive\s13_po_02\image092730.bmp|C:\Users\iRoti\Desktop\tt\SMIC\SMIC_all_raw\HS\s13\micro\positive\s13_po_02\image092731.bmp|C:\Users\iRoti\Desktop\tt\SMIC\SMIC_all_raw\HS\s13\micro\positive\s13_po_02\image092732.bmp|C:\Users\iRoti\Desktop\tt\SMIC\SMIC_all_raw\HS\s13\micro\positive\s13_po_02\image092733.bmp|C:\Users\iRoti\Desktop\tt\SMIC\SMIC_all_raw\HS\s13\micro\positive\s13_po_02\image092734.bmp|C:\Users\iRoti\Desktop\tt\SMIC\SMIC_all_raw\HS\s13\micro\positive\s13_po_02\image092735.bmp|C:\Users\iRoti\Desktop\tt\SMIC\SMIC_all_raw\HS\s13\micro\positive\s13_po_02\image092736.bmp|C:\Users\iRoti\Desktop\tt\SMIC\SMIC_all_raw\HS\s13\micro\positive\s13_po_02\image092737.bmp|C:\Users\iRoti\Desktop\tt\SMIC\SMIC_all_raw\HS\s13\micro\positive\s13_po_02\image092738.bmp|C:\Users\iRoti\Desktop\tt\SMIC\SMIC_all_raw\HS\s13\micro\positive\s13_po_02\image092739.bmp|C:\Users\iRoti\Desktop\tt\SMIC\SMIC_all_raw\HS\s13\micro\positive\s13_po_02\image092740.bmp|C:\Users\iRoti\Desktop\tt\SMIC\SMIC_all_raw\HS\s13\micro\positive\s13_po_02\image092741.bmp|C:\Users\iRoti\Desktop\tt\SMIC\SMIC_all_raw\HS\s13\micro\positive\s13_po_02\image092742.bmp|C:\Users\iRoti\Desktop\tt\SMIC\SMIC_all_raw\HS\s13\micro\positive\s13_po_02\image092743.bmp|C:\Users\iRoti\Desktop\tt\SMIC\SMIC_all_raw\HS\s13\micro\positive\s13_po_02\image092744.bmp|C:\Users\iRoti\Desktop\tt\SMIC\SMIC_all_raw\HS\s13\micro\positive\s13_po_02\image092745.bmp|C:\Users\iRoti\Desktop\tt\SMIC\SMIC_all_raw\HS\s13\micro\positive\s13_po_02\image092746.bmp|C:\Users\iRoti\Desktop\tt\SMIC\SMIC_all_raw\HS\s13\micro\positive\s13_po_02\image092747.bmp|C:\Users\iRoti\Desktop\tt\SMIC\SMIC_all_raw\HS\s13\micro\positive\s13_po_02\image092748.bmp|C:\Users\iRoti\Desktop\tt\SMIC\SMIC_all_raw\HS\s13\micro\positive\s13_po_02\image092749.bmp|C:\Users\iRoti\Desktop\tt\SMIC\SMIC_all_raw\HS\s13\micro\positive\s13_po_02\image092750.bmp|C:\Users\iRoti\Desktop\tt\SMIC\SMIC_all_raw\HS\s13\micro\positive\s13_po_02\image092751.bmp|C:\Users\iRoti\Desktop\tt\SMIC\SMIC_all_raw\HS\s13\micro\positive\s13_po_02\image092752.bmp|C:\Users\iRoti\Desktop\tt\SMIC\SMIC_all_raw\HS\s13\micro\positive\s13_po_02\image092753.bmp
s13,HS_100fps,Felicidad,C:\Users\iRoti\Desktop\tt\SMIC\SMIC_all_raw\HS\s13\micro\positive\s13_po_03\image093081.bmp|C:\Users\iRoti\Desktop\tt\SMIC\SMIC_all_raw\HS\s13\micro\positive\s13_po_03\image093082.bmp|C:\Users\iRoti\Desktop\tt\SMIC\SMIC_all_raw\HS\s13\micro\positive\s13_po_03\image093083.bmp|C:\Users\iRoti\Desktop\tt\SMIC\SMIC_all_raw\HS\s13\micro\positive\s13_po_03\image093084.bmp|C:\Users\iRoti\Desktop\tt\SMIC\SMIC_all_raw\HS\s13\micro\positive\s13_po_03\image093085.bmp|C:\Users\iRoti\Desktop\tt\SMIC\SMIC_all_raw\HS\s13\micro\positive\s13_po_03\image093086.bmp|C:\Users\iRoti\Desktop\tt\SMIC\SMIC_all_raw\HS\s13\micro\positive\s13_po_03\image093087.bmp|C:\Users\iRoti\Desktop\tt\SMIC\SMIC_all_raw\HS\s13\micro\positive\s13_po_03\image093088.bmp|C:\Users\iRoti\Desktop\tt\SMIC\SMIC_all_raw\HS\s13\micro\positive\s13_po_03\image093089.bmp|C:\Users\iRoti\Desktop\tt\SMIC\SMIC_all_raw\HS\s13\micro\positive\s13_po_03\image093090.bmp|C:\Users\iRoti\Desktop\tt\SMIC\SMIC_all_raw\HS\s13\micro\positive\s13_po_03\image093091.bmp|C:\Users\iRoti\Desktop\tt\SMIC\SMIC_all_raw\HS\s13\micro\positive\s13_po_03\image093092.bmp|C:\Users\iRoti\Desktop\tt\SMIC\SMIC_all_raw\HS\s13\micro\positive\s13_po_03\image093093.bmp|C:\Users\iRoti\Desktop\tt\SMIC\SMIC_all_raw\HS\s13\micro\positive\s13_po_03\image093094.bmp|C:\Users\iRoti\Desktop\tt\SMIC\SMIC_all_raw\HS\s13\micro\positive\s13_po_03\image093095.bmp|C:\Users\iRoti\Desktop\tt\SMIC\SMIC_all_raw\HS\s13\micro\positive\s13_po_03\image093096.bmp|C:\Users\iRoti\Desktop\tt\SMIC\SMIC_all_raw\HS\s13\micro\positive\s13_po_03\image093097.bmp|C:\Users\iRoti\Desktop\tt\SMIC\SMIC_all_raw\HS\s13\micro\positive\s13_po_03\image093098.bmp|C:\Users\iRoti\Desktop\tt\SMIC\SMIC_all_raw\HS\s13\micro\positive\s13_po_03\image093099.bmp|C:\Users\iRoti\Desktop\tt\SMIC\SMIC_all_raw\HS\s13\micro\positive\s13_po_03\image093100.bmp|C:\Users\iRoti\Desktop\tt\SMIC\SMIC_all_raw\HS\s13\micro\positive\s13_po_03\image093101.bmp|C:\Users\iRoti\Desktop\tt\SMIC\SMIC_all_raw\HS\s13\micro\positive\s13_po_03\image093102.bmp|C:\Users\iRoti\Desktop\tt\SMIC\SMIC_all_raw\HS\s13\micro\positive\s13_po_03\image093103.bmp|C:\Users\iRoti\Desktop\tt\SMIC\SMIC_all_raw\HS\s13\micro\positive\s13_po_03\image093104.bmp|C:\Users\iRoti\Desktop\tt\SMIC\SMIC_all_raw\HS\s13\micro\positive\s13_po_03\image093105.bmp|C:\Users\iRoti\Desktop\tt\SMIC\SMIC_all_raw\HS\s13\micro\positive\s13_po_03\image093106.bmp|C:\Users\iRoti\Desktop\tt\SMIC\SMIC_all_raw\HS\s13\micro\positive\s13_po_03\image093107.bmp|C:\Users\iRoti\Desktop\tt\SMIC\SMIC_all_raw\HS\s13\micro\positive\s13_po_03\image093108.bmp|C:\Users\iRoti\Desktop\tt\SMIC\SMIC_all_raw\HS\s13\micro\positive\s13_po_03\image093109.bmp|C:\Users\iRoti\Desktop\tt\SMIC\SMIC_all_raw\HS\s13\micro\positive\s13_po_03\image093110.bmp|C:\Users\iRoti\Desktop\tt\SMIC\SMIC_all_raw\HS\s13\micro\positive\s13_po_03\image093111.bmp|C:\Users\iRoti\Desktop\tt\SMIC\SMIC_all_raw\HS\s13\micro\positive\s13_po_03\image093112.bmp|C:\Users\iRoti\Desktop\tt\SMIC\SMIC_all_raw\HS\s13\micro\positive\s13_po_03\image093113.bmp|C:\Users\iRoti\Desktop\tt\SMIC\SMIC_all_raw\HS\s13\micro\positive\s13_po_03\image093114.bmp|C:\Users\iRoti\Desktop\tt\SMIC\SMIC_all_raw\HS\s13\micro\positive\s13_po_03\image093115.bmp|C:\Users\iRoti\Desktop\tt\SMIC\SMIC_all_raw\HS\s13\micro\positive\s13_po_03\image093116.bmp|C:\Users\iRoti\Desktop\tt\SMIC\SMIC_all_raw\HS\s13\micro\positive\s13_po_03\image093117.bmp
s13,HS_100fps,Felicidad,C:\Users\iRoti\Desktop\tt\SMIC\SMIC_all_raw\HS\s13\micro\positive\s13_po_04\image093850.bmp|C:\Users\iRoti\Desktop\tt\SMIC\SMIC_all_raw\HS\s13\micro\positive\s13_po_04\image093851.bmp|C:\Users\iRoti\Desktop\tt\SMIC\SMIC_all_raw\HS\s13\micro\positive\s13_po_04\image093852.bmp|C:\Users\iRoti\Desktop\tt\SMIC\SMIC_all_raw\HS\s13\micro\positive\s13_po_04\image093853.bmp|C:\Users\iRoti\Desktop\tt\SMIC\SMIC_all_raw\HS\s13\micro\positive\s13_po_04\image093854.bmp|C:\Users\iRoti\Desktop\tt\SMIC\SMIC_all_raw\HS\s13\micro\positive\s13_po_04\image093855.bmp|C:\Users\iRoti\Desktop\tt\SMIC\SMIC_all_raw\HS\s13\micro\positive\s13_po_04\image093856.bmp|C:\Users\iRoti\Desktop\tt\SMIC\SMIC_all_raw\HS\s13\micro\positive\s13_po_04\image093857.bmp|C:\Users\iRoti\Desktop\tt\SMIC\SMIC_all_raw\HS\s13\micro\positive\s13_po_04\image093858.bmp|C:\Users\iRoti\Desktop\tt\SMIC\SMIC_all_raw\HS\s13\micro\positive\s13_po_04\image093859.bmp|C:\Users\iRoti\Desktop\tt\SMIC\SMIC_all_raw\HS\s13\micro\positive\s13_po_04\image093860.bmp|C:\Users\iRoti\Desktop\tt\SMIC\SMIC_all_raw\HS\s13\micro\positive\s13_po_04\image093861.bmp|C:\Users\iRoti\Desktop\tt\SMIC\SMIC_all_raw\HS\s13\micro\positive\s13_po_04\image093862.bmp|C:\Users\iRoti\Desktop\tt\SMIC\SMIC_all_raw\HS\s13\micro\positive\s13_po_04\image093863.bmp|C:\Users\iRoti\Desktop\tt\SMIC\SMIC_all_raw\HS\s13\micro\positive\s13_po_04\image093864.bmp|C:\Users\iRoti\Desktop\tt\SMIC\SMIC_all_raw\HS\s13\micro\positive\s13_po_04\image093865.bmp|C:\Users\iRoti\Desktop\tt\SMIC\SMIC_all_raw\HS\s13\micro\positive\s13_po_04\image093866.bmp|C:\Users\iRoti\Desktop\tt\SMIC\SMIC_all_raw\HS\s13\micro\positive\s13_po_04\image093867.bmp|C:\Users\iRoti\Desktop\tt\SMIC\SMIC_all_raw\HS\s13\micro\positive\s13_po_04\image093868.bmp|C:\Users\iRoti\Desktop\tt\SMIC\SMIC_all_raw\HS\s13\micro\positive\s13_po_04\image093869.bmp|C:\Users\iRoti\Desktop\tt\SMIC\SMIC_all_raw\HS\s13\micro\positive\s13_po_04\image093870.bmp|C:\Users\iRoti\Desktop\tt\SMIC\SMIC_all_raw\HS\s13\micro\positive\s13_po_04\image093871.bmp|C:\Users\iRoti\Desktop\tt\SMIC\SMIC_all_raw\HS\s13\micro\positive\s13_po_04\image093872.bmp|C:\Users\iRoti\Desktop\tt\SMIC\SMIC_all_raw\HS\s13\micro\positive\s13_po_04\image093873.bmp|C:\Users\iRoti\Desktop\tt\SMIC\SMIC_all_raw\HS\s13\micro\positive\s13_po_04\image093874.bmp|C:\Users\iRoti\Desktop\tt\SMIC\SMIC_all_raw\HS\s13\micro\positive\s13_po_04\image093875.bmp|C:\Users\iRoti\Desktop\tt\SMIC\SMIC_all_raw\HS\s13\micro\positive\s13_po_04\image093876.bmp|C:\Users\iRoti\Desktop\tt\SMIC\SMIC_all_raw\HS\s13\micro\positive\s13_po_04\image093877.bmp|C:\Users\iRoti\Desktop\tt\SMIC\SMIC_all_raw\HS\s13\micro\positive\s13_po_04\image093878.bmp|C:\Users\iRoti\Desktop\tt\SMIC\SMIC_all_raw\HS\s13\micro\positive\s13_po_04\image093879.bmp|C:\Users\iRoti\Desktop\tt\SMIC\SMIC_all_raw\HS\s13\micro\positive\s13_po_04\image093880.bmp|C:\Users\iRoti\Desktop\tt\SMIC\SMIC_all_raw\HS\s13\micro\positive\s13_po_04\image093881.bmp|C:\Users\iRoti\Desktop\tt\SMIC\SMIC_all_raw\HS\s13\micro\positive\s13_po_04\image093882.bmp|C:\Users\iRoti\Desktop\tt\SMIC\SMIC_all_raw\HS\s13\micro\positive\s13_po_04\image093883.bmp|C:\Users\iRoti\Desktop\tt\SMIC\SMIC_all_raw\HS\s13\micro\positive\s13_po_04\image093884.bmp|C:\Users\iRoti\Desktop\tt\SMIC\SMIC_all_raw\HS\s13\micro\positive\s13_po_04\image093885.bmp|C:\Users\iRoti\Desktop\tt\SMIC\SMIC_all_raw\HS\s13\micro\positive\s13_po_04\image093886.bmp|C:\Users\iRoti\Desktop\tt\SMIC\SMIC_all_raw\HS\s13\micro\positive\s13_po_04\image093887.bmp|C:\Users\iRoti\Desktop\tt\SMIC\SMIC_all_raw\HS\s13\micro\positive\s13_po_04\image093888.bmp|C:\Users\iRoti\Desktop\tt\SMIC\SMIC_all_raw\HS\s13\micro\positive\s13_po_04\image093889.bmp|C:\Users\iRoti\Desktop\tt\SMIC\SMIC_all_raw\HS\s13\micro\positive\s13_po_04\image093890.bmp|C:\Users\iRoti\Desktop\tt\SMIC\SMIC_all_raw\HS\s13\micro\positive\s13_po_04\image093891.bmp|C:\Users\iRoti\Desktop\tt\SMIC\SMIC_all_raw\HS\s13\micro\positive\s13_po_04\image093892.bmp|C:\Users\iRoti\Desktop\tt\SMIC\SMIC_all_raw\HS\s13\micro\positive\s13_po_04\image093893.bmp|C:\Users\iRoti\Desktop\tt\SMIC\SMIC_all_raw\HS\s13\micro\positive\s13_po_04\image093894.bmp|C:\Users\iRoti\Desktop\tt\SMIC\SMIC_all_raw\HS\s13\micro\positive\s13_po_04\image093895.bmp|C:\Users\iRoti\Desktop\tt\SMIC\SMIC_all_raw\HS\s13\micro\positive\s13_po_04\image093896.bmp|C:\Users\iRoti\Desktop\tt\SMIC\SMIC_all_raw\HS\s13\micro\positive\s13_po_04\image093897.bmp|C:\Users\iRoti\Desktop\tt\SMIC\SMIC_all_raw\HS\s13\micro\positive\s13_po_04\image093898.bmp|C:\Users\iRoti\Desktop\tt\SMIC\SMIC_all_raw\HS\s13\micro\positive\s13_po_04\image093899.bmp
s13,HS_100fps,Felicidad,C:\Users\iRoti\Desktop\tt\SMIC\SMIC_all_raw\HS\s13\micro\positive\s13_po_05\image094312.bmp|C:\Users\iRoti\Desktop\tt\SMIC\SMIC_all_raw\HS\s13\micro\positive\s13_po_05\image094313.bmp|C:\Users\iRoti\Desktop\tt\SMIC\SMIC_all_raw\HS\s13\micro\positive\s13_po_05\image094314.bmp|C:\Users\iRoti\Desktop\tt\SMIC\SMIC_all_raw\HS\s13\micro\positive\s13_po_05\image094315.bmp|C:\Users\iRoti\Desktop\tt\SMIC\SMIC_all_raw\HS\s13\micro\positive\s13_po_05\image094316.bmp|C:\Users\iRoti\Desktop\tt\SMIC\SMIC_all_raw\HS\s13\micro\positive\s13_po_05\image094317.bmp|C:\Users\iRoti\Desktop\tt\SMIC\SMIC_all_raw\HS\s13\micro\positive\s13_po_05\image094318.bmp|C:\Users\iRoti\Desktop\tt\SMIC\SMIC_all_raw\HS\s13\micro\positive\s13_po_05\image094319.bmp|C:\Users\iRoti\Desktop\tt\SMIC\SMIC_all_raw\HS\s13\micro\positive\s13_po_05\image094320.bmp|C:\Users\iRoti\Desktop\tt\SMIC\SMIC_all_raw\HS\s13\micro\positive\s13_po_05\image094321.bmp|C:\Users\iRoti\Desktop\tt\SMIC\SMIC_all_raw\HS\s13\micro\positive\s13_po_05\image094322.bmp|C:\Users\iRoti\Desktop\tt\SMIC\SMIC_all_raw\HS\s13\micro\positive\s13_po_05\image094323.bmp|C:\Users\iRoti\Desktop\tt\SMIC\SMIC_all_raw\HS\s13\micro\positive\s13_po_05\image094324.bmp|C:\Users\iRoti\Desktop\tt\SMIC\SMIC_all_raw\HS\s13\micro\positive\s13_po_05\image094325.bmp|C:\Users\iRoti\Desktop\tt\SMIC\SMIC_all_raw\HS\s13\micro\positive\s13_po_05\image094326.bmp|C:\Users\iRoti\Desktop\tt\SMIC\SMIC_all_raw\HS\s13\micro\positive\s13_po_05\image094327.bmp|C:\Users\iRoti\Desktop\tt\SMIC\SMIC_all_raw\HS\s13\micro\positive\s13_po_05\image094328.bmp|C:\Users\iRoti\Desktop\tt\SMIC\SMIC_all_raw\HS\s13\micro\positive\s13_po_05\image094329.bmp|C:\Users\iRoti\Desktop\tt\SMIC\SMIC_all_raw\HS\s13\micro\positive\s13_po_05\image094330.bmp|C:\Users\iRoti\Desktop\tt\SMIC\SMIC_all_raw\HS\s13\micro\positive\s13_po_05\image094331.bmp|C:\Users\iRoti\Desktop\tt\SMIC\SMIC_all_raw\HS\s13\micro\positive\s13_po_05\image094332.bmp|C:\Users\iRoti\Desktop\tt\SMIC\SMIC_all_raw\HS\s13\micro\positive\s13_po_05\image094333.bmp|C:\Users\iRoti\Desktop\tt\SMIC\SMIC_all_raw\HS\s13\micro\positive\s13_po_05\image094334.bmp|C:\Users\iRoti\Desktop\tt\SMIC\SMIC_all_raw\HS\s13\micro\positive\s13_po_05\image094335.bmp|C:\Users\iRoti\Desktop\tt\SMIC\SMIC_all_raw\HS\s13\micro\positive\s13_po_05\image094336.bmp|C:\Users\iRoti\Desktop\tt\SMIC\SMIC_all_raw\HS\s13\micro\positive\s13_po_05\image094337.bmp|C:\Users\iRoti\Desktop\tt\SMIC\SMIC_all_raw\HS\s13\micro\positive\s13_po_05\image094338.bmp|C:\Users\iRoti\Desktop\tt\SMIC\SMIC_all_raw\HS\s13\micro\positive\s13_po_05\image094339.bmp|C:\Users\iRoti\Desktop\tt\SMIC\SMIC_all_raw\HS\s13\micro\positive\s13_po_05\image094340.bmp|C:\Users\iRoti\Desktop\tt\SMIC\SMIC_all_raw\HS\s13\micro\positive\s13_po_05\image094341.bmp|C:\Users\iRoti\Desktop\tt\SMIC\SMIC_all_raw\HS\s13\micro\positive\s13_po_05\image094342.bmp|C:\Users\iRoti\Desktop\tt\SMIC\SMIC_all_raw\HS\s13\micro\positive\s13_po_05\image094343.bmp|C:\Users\iRoti\Desktop\tt\SMIC\SMIC_all_raw\HS\s13\micro\positive\s13_po_05\image094344.bmp|C:\Users\iRoti\Desktop\tt\SMIC\SMIC_all_raw\HS\s13\micro\positive\s13_po_05\image094345.bmp|C:\Users\iRoti\Desktop\tt\SMIC\SMIC_all_raw\HS\s13\micro\positive\s13_po_05\image094346.bmp|C:\Users\iRoti\Desktop\tt\SMIC\SMIC_all_raw\HS\s13\micro\positive\s13_po_05\image094347.bmp|C:\Users\iRoti\Desktop\tt\SMIC\SMIC_all_raw\HS\s13\micro\positive\s13_po_05\image094348.bmp|C:\Users\iRoti\Desktop\tt\SMIC\SMIC_all_raw\HS\s13\micro\positive\s13_po_05\image094349.bmp|C:\Users\iRoti\Desktop\tt\SMIC\SMIC_all_raw\HS\s13\micro\positive\s13_po_05\image094350.bmp|C:\Users\iRoti\Desktop\tt\SMIC\SMIC_all_raw\HS\s13\micro\positive\s13_po_05\image094351.bmp|C:\Users\iRoti\Desktop\tt\SMIC\SMIC_all_raw\HS\s13\micro\positive\s13_po_05\image094352.bmp|C:\Users\iRoti\Desktop\tt\SMIC\SMIC_all_raw\HS\s13\micro\positive\s13_po_05\image094353.bmp|C:\Users\iRoti\Desktop\tt\SMIC\SMIC_all_raw\HS\s13\micro\positive\s13_po_05\image094354.bmp|C:\Users\iRoti\Desktop\tt\SMIC\SMIC_all_raw\HS\s13\micro\positive\s13_po_05\image094355.bmp|C:\Users\iRoti\Desktop\tt\SMIC\SMIC_all_raw\HS\s13\micro\positive\s13_po_05\image094356.bmp|C:\Users\iRoti\Desktop\tt\SMIC\SMIC_all_raw\HS\s13\micro\positive\s13_po_05\image094357.bmp|C:\Users\iRoti\Desktop\tt\SMIC\SMIC_all_raw\HS\s13\micro\positive\s13_po_05\image094358.bmp
s13,HS_100fps,Felicidad,C:\Users\iRoti\Desktop\tt\SMIC\SMIC_all_raw\HS\s13\micro\positive\s13_po_06\image103371.bmp|C:\Users\iRoti\Desktop\tt\SMIC\SMIC_all_raw\HS\s13\micro\positive\s13_po_06\image103372.bmp|C:\Users\iRoti\Desktop\tt\SMIC\SMIC_all_raw\HS\s13\micro\positive\s13_po_06\image103373.bmp|C:\Users\iRoti\Desktop\tt\SMIC\SMIC_all_raw\HS\s13\micro\positive\s13_po_06\image103374.bmp|C:\Users\iRoti\Desktop\tt\SMIC\SMIC_all_raw\HS\s13\micro\positive\s13_po_06\image103375.bmp|C:\Users\iRoti\Desktop\tt\SMIC\SMIC_all_raw\HS\s13\micro\positive\s13_po_06\image103376.bmp|C:\Users\iRoti\Desktop\tt\SMIC\SMIC_all_raw\HS\s13\micro\positive\s13_po_06\image103377.bmp|C:\Users\iRoti\Desktop\tt\SMIC\SMIC_all_raw\HS\s13\micro\positive\s13_po_06\image103378.bmp|C:\Users\iRoti\Desktop\tt\SMIC\SMIC_all_raw\HS\s13\micro\positive\s13_po_06\image103379.bmp|C:\Users\iRoti\Desktop\tt\SMIC\SMIC_all_raw\HS\s13\micro\positive\s13_po_06\image103380.bmp|C:\Users\iRoti\Desktop\tt\SMIC\SMIC_all_raw\HS\s13\micro\positive\s13_po_06\image103381.bmp|C:\Users\iRoti\Desktop\tt\SMIC\SMIC_all_raw\HS\s13\micro\positive\s13_po_06\image103382.bmp|C:\Users\iRoti\Desktop\tt\SMIC\SMIC_all_raw\HS\s13\micro\positive\s13_po_06\image103383.bmp|C:\Users\iRoti\Desktop\tt\SMIC\SMIC_all_raw\HS\s13\micro\positive\s13_po_06\image103384.bmp|C:\Users\iRoti\Desktop\tt\SMIC\SMIC_all_raw\HS\s13\micro\positive\s13_po_06\image103385.bmp|C:\Users\iRoti\Desktop\tt\SMIC\SMIC_all_raw\HS\s13\micro\positive\s13_po_06\image103386.bmp|C:\Users\iRoti\Desktop\tt\SMIC\SMIC_all_raw\HS\s13\micro\positive\s13_po_06\image103387.bmp|C:\Users\iRoti\Desktop\tt\SMIC\SMIC_all_raw\HS\s13\micro\positive\s13_po_06\image103388.bmp|C:\Users\iRoti\Desktop\tt\SMIC\SMIC_all_raw\HS\s13\micro\positive\s13_po_06\image103389.bmp|C:\Users\iRoti\Desktop\tt\SMIC\SMIC_all_raw\HS\s13\micro\positive\s13_po_06\image103390.bmp|C:\Users\iRoti\Desktop\tt\SMIC\SMIC_all_raw\HS\s13\micro\positive\s13_po_06\image103391.bmp|C:\Users\iRoti\Desktop\tt\SMIC\SMIC_all_raw\HS\s13\micro\positive\s13_po_06\image103392.bmp|C:\Users\iRoti\Desktop\tt\SMIC\SMIC_all_raw\HS\s13\micro\positive\s13_po_06\image103393.bmp|C:\Users\iRoti\Desktop\tt\SMIC\SMIC_all_raw\HS\s13\micro\positive\s13_po_06\image103394.bmp|C:\Users\iRoti\Desktop\tt\SMIC\SMIC_all_raw\HS\s13\micro\positive\s13_po_06\image103395.bmp|C:\Users\iRoti\Desktop\tt\SMIC\SMIC_all_raw\HS\s13\micro\positive\s13_po_06\image103396.bmp|C:\Users\iRoti\Desktop\tt\SMIC\SMIC_all_raw\HS\s13\micro\positive\s13_po_06\image103397.bmp|C:\Users\iRoti\Desktop\tt\SMIC\SMIC_all_raw\HS\s13\micro\positive\s13_po_06\image103398.bmp|C:\Users\iRoti\Desktop\tt\SMIC\SMIC_all_raw\HS\s13\micro\positive\s13_po_06\image103399.bmp|C:\Users\iRoti\Desktop\tt\SMIC\SMIC_all_raw\HS\s13\micro\positive\s13_po_06\image103400.bmp|C:\Users\iRoti\Desktop\tt\SMIC\SMIC_all_raw\HS\s13\micro\positive\s13_po_06\image103401.bmp|C:\Users\iRoti\Desktop\tt\SMIC\SMIC_all_raw\HS\s13\micro\positive\s13_po_06\image103402.bmp|C:\Users\iRoti\Desktop\tt\SMIC\SMIC_all_raw\HS\s13\micro\positive\s13_po_06\image103403.bmp|C:\Users\iRoti\Desktop\tt\SMIC\SMIC_all_raw\HS\s13\micro\positive\s13_po_06\image103404.bmp|C:\Users\iRoti\Desktop\tt\SMIC\SMIC_all_raw\HS\s13\micro\positive\s13_po_06\image103405.bmp|C:\Users\iRoti\Desktop\tt\SMIC\SMIC_all_raw\HS\s13\micro\positive\s13_po_06\image103406.bmp|C:\Users\iRoti\Desktop\tt\SMIC\SMIC_all_raw\HS\s13\micro\positive\s13_po_06\image103407.bmp|C:\Users\iRoti\Desktop\tt\SMIC\SMIC_all_raw\HS\s13\micro\positive\s13_po_06\image103408.bmp|C:\Users\iRoti\Desktop\tt\SMIC\SMIC_all_raw\HS\s13\micro\positive\s13_po_06\image103409.bmp|C:\Users\iRoti\Desktop\tt\SMIC\SMIC_all_raw\HS\s13\micro\positive\s13_po_06\image103410.bmp|C:\Users\iRoti\Desktop\tt\SMIC\SMIC_all_raw\HS\s13\micro\positive\s13_po_06\image103411.bmp|C:\Users\iRoti\Desktop\tt\SMIC\SMIC_all_raw\HS\s13\micro\positive\s13_po_06\image103412.bmp
s13,HS_100fps,Felicidad,C:\Users\iRoti\Desktop\tt\SMIC\SMIC_all_raw\HS\s13\micro\positive\s13_po_07\image109647.bmp|C:\Users\iRoti\Desktop\tt\SMIC\SMIC_all_raw\HS\s13\micro\positive\s13_po_07\image109648.bmp|C:\Users\iRoti\Desktop\tt\SMIC\SMIC_all_raw\HS\s13\micro\positive\s13_po_07\image109649.bmp|C:\Users\iRoti\Desktop\tt\SMIC\SMIC_all_raw\HS\s13\micro\positive\s13_po_07\image109650.bmp|C:\Users\iRoti\Desktop\tt\SMIC\SMIC_all_raw\HS\s13\micro\positive\s13_po_07\image109651.bmp|C:\Users\iRoti\Desktop\tt\SMIC\SMIC_all_raw\HS\s13\micro\positive\s13_po_07\image109652.bmp|C:\Users\iRoti\Desktop\tt\SMIC\SMIC_all_raw\HS\s13\micro\positive\s13_po_07\image109653.bmp|C:\Users\iRoti\Desktop\tt\SMIC\SMIC_all_raw\HS\s13\micro\positive\s13_po_07\image109654.bmp|C:\Users\iRoti\Desktop\tt\SMIC\SMIC_all_raw\HS\s13\micro\positive\s13_po_07\image109655.bmp|C:\Users\iRoti\Desktop\tt\SMIC\SMIC_all_raw\HS\s13\micro\positive\s13_po_07\image109656.bmp|C:\Users\iRoti\Desktop\tt\SMIC\SMIC_all_raw\HS\s13\micro\positive\s13_po_07\image109657.bmp|C:\Users\iRoti\Desktop\tt\SMIC\SMIC_all_raw\HS\s13\micro\positive\s13_po_07\image109658.bmp|C:\Users\iRoti\Desktop\tt\SMIC\SMIC_all_raw\HS\s13\micro\positive\s13_po_07\image109659.bmp|C:\Users\iRoti\Desktop\tt\SMIC\SMIC_all_raw\HS\s13\micro\positive\s13_po_07\image109660.bmp|C:\Users\iRoti\Desktop\tt\SMIC\SMIC_all_raw\HS\s13\micro\positive\s13_po_07\image109661.bmp|C:\Users\iRoti\Desktop\tt\SMIC\SMIC_all_raw\HS\s13\micro\positive\s13_po_07\image109662.bmp|C:\Users\iRoti\Desktop\tt\SMIC\SMIC_all_raw\HS\s13\micro\positive\s13_po_07\image109663.bmp|C:\Users\iRoti\Desktop\tt\SMIC\SMIC_all_raw\HS\s13\micro\positive\s13_po_07\image109664.bmp|C:\Users\iRoti\Desktop\tt\SMIC\SMIC_all_raw\HS\s13\micro\positive\s13_po_07\image109665.bmp|C:\Users\iRoti\Desktop\tt\SMIC\SMIC_all_raw\HS\s13\micro\positive\s13_po_07\image109666.bmp|C:\Users\iRoti\Desktop\tt\SMIC\SMIC_all_raw\HS\s13\micro\positive\s13_po_07\image109667.bmp|C:\Users\iRoti\Desktop\tt\SMIC\SMIC_all_raw\HS\s13\micro\positive\s13_po_07\image109668.bmp|C:\Users\iRoti\Desktop\tt\SMIC\SMIC_all_raw\HS\s13\micro\positive\s13_po_07\image109669.bmp|C:\Users\iRoti\Desktop\tt\SMIC\SMIC_all_raw\HS\s13\micro\positive\s13_po_07\image109670.bmp|C:\Users\iRoti\Desktop\tt\SMIC\SMIC_all_raw\HS\s13\micro\positive\s13_po_07\image109671.bmp|C:\Users\iRoti\Desktop\tt\SMIC\SMIC_all_raw\HS\s13\micro\positive\s13_po_07\image109672.bmp|C:\Users\iRoti\Desktop\tt\SMIC\SMIC_all_raw\HS\s13\micro\positive\s13_po_07\image109673.bmp|C:\Users\iRoti\Desktop\tt\SMIC\SMIC_all_raw\HS\s13\micro\positive\s13_po_07\image109674.bmp|C:\Users\iRoti\Desktop\tt\SMIC\SMIC_all_raw\HS\s13\micro\positive\s13_po_07\image109675.bmp|C:\Users\iRoti\Desktop\tt\SMIC\SMIC_all_raw\HS\s13\micro\positive\s13_po_07\image109676.bmp|C:\Users\iRoti\Desktop\tt\SMIC\SMIC_all_raw\HS\s13\micro\positive\s13_po_07\image109677.bmp
s13,HS_100fps,Felicidad,C:\Users\iRoti\Desktop\tt\SMIC\SMIC_all_raw\HS\s13\micro\positive\s13_po_08\image110314.bmp|C:\Users\iRoti\Desktop\tt\SMIC\SMIC_all_raw\HS\s13\micro\positive\s13_po_08\image110315.bmp|C:\Users\iRoti\Desktop\tt\SMIC\SMIC_all_raw\HS\s13\micro\positive\s13_po_08\image110316.bmp|C:\Users\iRoti\Desktop\tt\SMIC\SMIC_all_raw\HS\s13\micro\positive\s13_po_08\image110317.bmp|C:\Users\iRoti\Desktop\tt\SMIC\SMIC_all_raw\HS\s13\micro\positive\s13_po_08\image110318.bmp|C:\Users\iRoti\Desktop\tt\SMIC\SMIC_all_raw\HS\s13\micro\positive\s13_po_08\image110319.bmp|C:\Users\iRoti\Desktop\tt\SMIC\SMIC_all_raw\HS\s13\micro\positive\s13_po_08\image110320.bmp|C:\Users\iRoti\Desktop\tt\SMIC\SMIC_all_raw\HS\s13\micro\positive\s13_po_08\image110321.bmp|C:\Users\iRoti\Desktop\tt\SMIC\SMIC_all_raw\HS\s13\micro\positive\s13_po_08\image110322.bmp|C:\Users\iRoti\Desktop\tt\SMIC\SMIC_all_raw\HS\s13\micro\positive\s13_po_08\image110323.bmp|C:\Users\iRoti\Desktop\tt\SMIC\SMIC_all_raw\HS\s13\micro\positive\s13_po_08\image110324.bmp|C:\Users\iRoti\Desktop\tt\SMIC\SMIC_all_raw\HS\s13\micro\positive\s13_po_08\image110325.bmp|C:\Users\iRoti\Desktop\tt\SMIC\SMIC_all_raw\HS\s13\micro\positive\s13_po_08\image110326.bmp|C:\Users\iRoti\Desktop\tt\SMIC\SMIC_all_raw\HS\s13\micro\positive\s13_po_08\image110327.bmp|C:\Users\iRoti\Desktop\tt\SMIC\SMIC_all_raw\HS\s13\micro\positive\s13_po_08\image110328.bmp|C:\Users\iRoti\Desktop\tt\SMIC\SMIC_all_raw\HS\s13\micro\positive\s13_po_08\image110329.bmp|C:\Users\iRoti\Desktop\tt\SMIC\SMIC_all_raw\HS\s13\micro\positive\s13_po_08\image110330.bmp|C:\Users\iRoti\Desktop\tt\SMIC\SMIC_all_raw\HS\s13\micro\positive\s13_po_08\image110331.bmp|C:\Users\iRoti\Desktop\tt\SMIC\SMIC_all_raw\HS\s13\micro\positive\s13_po_08\image110332.bmp|C:\Users\iRoti\Desktop\tt\SMIC\SMIC_all_raw\HS\s13\micro\positive\s13_po_08\image110333.bmp|C:\Users\iRoti\Desktop\tt\SMIC\SMIC_all_raw\HS\s13\micro\positive\s13_po_08\image110334.bmp|C:\Users\iRoti\Desktop\tt\SMIC\SMIC_all_raw\HS\s13\micro\positive\s13_po_08\image110335.bmp|C:\Users\iRoti\Desktop\tt\SMIC\SMIC_all_raw\HS\s13\micro\positive\s13_po_08\image110336.bmp|C:\Users\iRoti\Desktop\tt\SMIC\SMIC_all_raw\HS\s13\micro\positive\s13_po_08\image110337.bmp|C:\Users\iRoti\Desktop\tt\SMIC\SMIC_all_raw\HS\s13\micro\positive\s13_po_08\image110338.bmp|C:\Users\iRoti\Desktop\tt\SMIC\SMIC_all_raw\HS\s13\micro\positive\s13_po_08\image110339.bmp|C:\Users\iRoti\Desktop\tt\SMIC\SMIC_all_raw\HS\s13\micro\positive\s13_po_08\image110340.bmp|C:\Users\iRoti\Desktop\tt\SMIC\SMIC_all_raw\HS\s13\micro\positive\s13_po_08\image110341.bmp|C:\Users\iRoti\Desktop\tt\SMIC\SMIC_all_raw\HS\s13\micro\positive\s13_po_08\image110342.bmp|C:\Users\iRoti\Desktop\tt\SMIC\SMIC_all_raw\HS\s13\micro\positive\s13_po_08\image110343.bmp|C:\Users\iRoti\Desktop\tt\SMIC\SMIC_all_raw\HS\s13\micro\positive\s13_po_08\image110344.bmp|C:\Users\iRoti\Desktop\tt\SMIC\SMIC_all_raw\HS\s13\micro\positive\s13_po_08\image110345.bmp|C:\Users\iRoti\Desktop\tt\SMIC\SMIC_all_raw\HS\s13\micro\positive\s13_po_08\image110346.bmp|C:\Users\iRoti\Desktop\tt\SMIC\SMIC_all_raw\HS\s13\micro\positive\s13_po_08\image110347.bmp|C:\Users\iRoti\Desktop\tt\SMIC\SMIC_all_raw\HS\s13\micro\positive\s13_po_08\image110348.bmp|C:\Users\iRoti\Desktop\tt\SMIC\SMIC_all_raw\HS\s13\micro\positive\s13_po_08\image110349.bmp
s13,HS_100fps,Felicidad,C:\Users\iRoti\Desktop\tt\SMIC\SMIC_all_raw\HS\s13\micro\positive\s13_po_09\image141444.bmp|C:\Users\iRoti\Desktop\tt\SMIC\SMIC_all_raw\HS\s13\micro\positive\s13_po_09\image141445.bmp|C:\Users\iRoti\Desktop\tt\SMIC\SMIC_all_raw\HS\s13\micro\positive\s13_po_09\image141446.bmp|C:\Users\iRoti\Desktop\tt\SMIC\SMIC_all_raw\HS\s13\micro\positive\s13_po_09\image141447.bmp|C:\Users\iRoti\Desktop\tt\SMIC\SMIC_all_raw\HS\s13\micro\positive\s13_po_09\image141448.bmp|C:\Users\iRoti\Desktop\tt\SMIC\SMIC_all_raw\HS\s13\micro\positive\s13_po_09\image141449.bmp|C:\Users\iRoti\Desktop\tt\SMIC\SMIC_all_raw\HS\s13\micro\positive\s13_po_09\image141450.bmp|C:\Users\iRoti\Desktop\tt\SMIC\SMIC_all_raw\HS\s13\micro\positive\s13_po_09\image141451.bmp|C:\Users\iRoti\Desktop\tt\SMIC\SMIC_all_raw\HS\s13\micro\positive\s13_po_09\image141452.bmp|C:\Users\iRoti\Desktop\tt\SMIC\SMIC_all_raw\HS\s13\micro\positive\s13_po_09\image141453.bmp|C:\Users\iRoti\Desktop\tt\SMIC\SMIC_all_raw\HS\s13\micro\positive\s13_po_09\image141454.bmp|C:\Users\iRoti\Desktop\tt\SMIC\SMIC_all_raw\HS\s13\micro\positive\s13_po_09\image141455.bmp|C:\Users\iRoti\Desktop\tt\SMIC\SMIC_all_raw\HS\s13\micro\positive\s13_po_09\image141456.bmp|C:\Users\iRoti\Desktop\tt\SMIC\SMIC_all_raw\HS\s13\micro\positive\s13_po_09\image141457.bmp|C:\Users\iRoti\Desktop\tt\SMIC\SMIC_all_raw\HS\s13\micro\positive\s13_po_09\image141458.bmp|C:\Users\iRoti\Desktop\tt\SMIC\SMIC_all_raw\HS\s13\micro\positive\s13_po_09\image141459.bmp|C:\Users\iRoti\Desktop\tt\SMIC\SMIC_all_raw\HS\s13\micro\positive\s13_po_09\image141460.bmp|C:\Users\iRoti\Desktop\tt\SMIC\SMIC_all_raw\HS\s13\micro\positive\s13_po_09\image141461.bmp|C:\Users\iRoti\Desktop\tt\SMIC\SMIC_all_raw\HS\s13\micro\positive\s13_po_09\image141462.bmp|C:\Users\iRoti\Desktop\tt\SMIC\SMIC_all_raw\HS\s13\micro\positive\s13_po_09\image141463.bmp|C:\Users\iRoti\Desktop\tt\SMIC\SMIC_all_raw\HS\s13\micro\positive\s13_po_09\image141464.bmp|C:\Users\iRoti\Desktop\tt\SMIC\SMIC_all_raw\HS\s13\micro\positive\s13_po_09\image141465.bmp|C:\Users\iRoti\Desktop\tt\SMIC\SMIC_all_raw\HS\s13\micro\positive\s13_po_09\image141466.bmp|C:\Users\iRoti\Desktop\tt\SMIC\SMIC_all_raw\HS\s13\micro\positive\s13_po_09\image141467.bmp|C:\Users\iRoti\Desktop\tt\SMIC\SMIC_all_raw\HS\s13\micro\positive\s13_po_09\image141468.bmp|C:\Users\iRoti\Desktop\tt\SMIC\SMIC_all_raw\HS\s13\micro\positive\s13_po_09\image141469.bmp|C:\Users\iRoti\Desktop\tt\SMIC\SMIC_all_raw\HS\s13\micro\positive\s13_po_09\image141470.bmp|C:\Users\iRoti\Desktop\tt\SMIC\SMIC_all_raw\HS\s13\micro\positive\s13_po_09\image141471.bmp|C:\Users\iRoti\Desktop\tt\SMIC\SMIC_all_raw\HS\s13\micro\positive\s13_po_09\image141472.bmp|C:\Users\iRoti\Desktop\tt\SMIC\SMIC_all_raw\HS\s13\micro\positive\s13_po_09\image141473.bmp|C:\Users\iRoti\Desktop\tt\SMIC\SMIC_all_raw\HS\s13\micro\positive\s13_po_09\image141474.bmp|C:\Users\iRoti\Desktop\tt\SMIC\SMIC_all_raw\HS\s13\micro\positive\s13_po_09\image141475.bmp|C:\Users\iRoti\Desktop\tt\SMIC\SMIC_all_raw\HS\s13\micro\positive\s13_po_09\image141476.bmp|C:\Users\iRoti\Desktop\tt\SMIC\SMIC_all_raw\HS\s13\micro\positive\s13_po_09\image141477.bmp|C:\Users\iRoti\Desktop\tt\SMIC\SMIC_all_raw\HS\s13\micro\positive\s13_po_09\image141478.bmp|C:\Users\iRoti\Desktop\tt\SMIC\SMIC_all_raw\HS\s13\micro\positive\s13_po_09\image141479.bmp|C:\Users\iRoti\Desktop\tt\SMIC\SMIC_all_raw\HS\s13\micro\positive\s13_po_09\image141480.bmp|C:\Users\iRoti\Desktop\tt\SMIC\SMIC_all_raw\HS\s13\micro\positive\s13_po_09\image141481.bmp|C:\Users\iRoti\Desktop\tt\SMIC\SMIC_all_raw\HS\s13\micro\positive\s13_po_09\image141482.bmp|C:\Users\iRoti\Desktop\tt\SMIC\SMIC_all_raw\HS\s13\micro\positive\s13_po_09\image141483.bmp|C:\Users\iRoti\Desktop\tt\SMIC\SMIC_all_raw\HS\s13\micro\positive\s13_po_09\image141484.bmp
s13,HS_100fps,Felicidad,C:\Users\iRoti\Desktop\tt\SMIC\SMIC_all_raw\HS\s13\micro\positive\s13_po_10\image143012.bmp|C:\Users\iRoti\Desktop\tt\SMIC\SMIC_all_raw\HS\s13\micro\positive\s13_po_10\image143013.bmp|C:\Users\iRoti\Desktop\tt\SMIC\SMIC_all_raw\HS\s13\micro\positive\s13_po_10\image143014.bmp|C:\Users\iRoti\Desktop\tt\SMIC\SMIC_all_raw\HS\s13\micro\positive\s13_po_10\image143015.bmp|C:\Users\iRoti\Desktop\tt\SMIC\SMIC_all_raw\HS\s13\micro\positive\s13_po_10\image143016.bmp|C:\Users\iRoti\Desktop\tt\SMIC\SMIC_all_raw\HS\s13\micro\positive\s13_po_10\image143017.bmp|C:\Users\iRoti\Desktop\tt\SMIC\SMIC_all_raw\HS\s13\micro\positive\s13_po_10\image143018.bmp|C:\Users\iRoti\Desktop\tt\SMIC\SMIC_all_raw\HS\s13\micro\positive\s13_po_10\image143019.bmp|C:\Users\iRoti\Desktop\tt\SMIC\SMIC_all_raw\HS\s13\micro\positive\s13_po_10\image143020.bmp|C:\Users\iRoti\Desktop\tt\SMIC\SMIC_all_raw\HS\s13\micro\positive\s13_po_10\image143021.bmp|C:\Users\iRoti\Desktop\tt\SMIC\SMIC_all_raw\HS\s13\micro\positive\s13_po_10\image143022.bmp|C:\Users\iRoti\Desktop\tt\SMIC\SMIC_all_raw\HS\s13\micro\positive\s13_po_10\image143023.bmp|C:\Users\iRoti\Desktop\tt\SMIC\SMIC_all_raw\HS\s13\micro\positive\s13_po_10\image143024.bmp|C:\Users\iRoti\Desktop\tt\SMIC\SMIC_all_raw\HS\s13\micro\positive\s13_po_10\image143025.bmp|C:\Users\iRoti\Desktop\tt\SMIC\SMIC_all_raw\HS\s13\micro\positive\s13_po_10\image143026.bmp|C:\Users\iRoti\Desktop\tt\SMIC\SMIC_all_raw\HS\s13\micro\positive\s13_po_10\image143027.bmp|C:\Users\iRoti\Desktop\tt\SMIC\SMIC_all_raw\HS\s13\micro\positive\s13_po_10\image143028.bmp|C:\Users\iRoti\Desktop\tt\SMIC\SMIC_all_raw\HS\s13\micro\positive\s13_po_10\image143029.bmp|C:\Users\iRoti\Desktop\tt\SMIC\SMIC_all_raw\HS\s13\micro\positive\s13_po_10\image143030.bmp|C:\Users\iRoti\Desktop\tt\SMIC\SMIC_all_raw\HS\s13\micro\positive\s13_po_10\image143031.bmp|C:\Users\iRoti\Desktop\tt\SMIC\SMIC_all_raw\HS\s13\micro\positive\s13_po_10\image143032.bmp|C:\Users\iRoti\Desktop\tt\SMIC\SMIC_all_raw\HS\s13\micro\positive\s13_po_10\image143033.bmp|C:\Users\iRoti\Desktop\tt\SMIC\SMIC_all_raw\HS\s13\micro\positive\s13_po_10\image143034.bmp|C:\Users\iRoti\Desktop\tt\SMIC\SMIC_all_raw\HS\s13\micro\positive\s13_po_10\image143035.bmp|C:\Users\iRoti\Desktop\tt\SMIC\SMIC_all_raw\HS\s13\micro\positive\s13_po_10\image143036.bmp|C:\Users\iRoti\Desktop\tt\SMIC\SMIC_all_raw\HS\s13\micro\positive\s13_po_10\image143037.bmp|C:\Users\iRoti\Desktop\tt\SMIC\SMIC_all_raw\HS\s13\micro\positive\s13_po_10\image143038.bmp|C:\Users\iRoti\Desktop\tt\SMIC\SMIC_all_raw\HS\s13\micro\positive\s13_po_10\image143039.bmp|C:\Users\iRoti\Desktop\tt\SMIC\SMIC_all_raw\HS\s13\micro\positive\s13_po_10\image143040.bmp|C:\Users\iRoti\Desktop\tt\SMIC\SMIC_all_raw\HS\s13\micro\positive\s13_po_10\image143041.bmp|C:\Users\iRoti\Desktop\tt\SMIC\SMIC_all_raw\HS\s13\micro\positive\s13_po_10\image143042.bmp|C:\Users\iRoti\Desktop\tt\SMIC\SMIC_all_raw\HS\s13\micro\positive\s13_po_10\image143043.bmp|C:\Users\iRoti\Desktop\tt\SMIC\SMIC_all_raw\HS\s13\micro\positive\s13_po_10\image143044.bmp|C:\Users\iRoti\Desktop\tt\SMIC\SMIC_all_raw\HS\s13\micro\positive\s13_po_10\image143045.bmp|C:\Users\iRoti\Desktop\tt\SMIC\SMIC_all_raw\HS\s13\micro\positive\s13_po_10\image143046.bmp|C:\Users\iRoti\Desktop\tt\SMIC\SMIC_all_raw\HS\s13\micro\positive\s13_po_10\image143047.bmp|C:\Users\iRoti\Desktop\tt\SMIC\SMIC_all_raw\HS\s13\micro\positive\s13_po_10\image143048.bmp|C:\Users\iRoti\Desktop\tt\SMIC\SMIC_all_raw\HS\s13\micro\positive\s13_po_10\image143049.bmp|C:\Users\iRoti\Desktop\tt\SMIC\SMIC_all_raw\HS\s13\micro\positive\s13_po_10\image143050.bmp|C:\Users\iRoti\Desktop\tt\SMIC\SMIC_all_raw\HS\s13\micro\positive\s13_po_10\image143051.bmp|C:\Users\iRoti\Desktop\tt\SMIC\SMIC_all_raw\HS\s13\micro\positive\s13_po_10\image143052.bmp|C:\Users\iRoti\Desktop\tt\SMIC\SMIC_all_raw\HS\s13\micro\positive\s13_po_10\image143053.bmp|C:\Users\iRoti\Desktop\tt\SMIC\SMIC_all_raw\HS\s13\micro\positive\s13_po_10\image143054.bmp|C:\Users\iRoti\Desktop\tt\SMIC\SMIC_all_raw\HS\s13\micro\positive\s13_po_10\image143055.bmp|C:\Users\iRoti\Desktop\tt\SMIC\SMIC_all_raw\HS\s13\micro\positive\s13_po_10\image143056.bmp|C:\Users\iRoti\Desktop\tt\SMIC\SMIC_all_raw\HS\s13\micro\positive\s13_po_10\image143057.bmp
s13,HS_100fps,Neutral,C:\Users\iRoti\Desktop\tt\SMIC\SMIC_all_raw\HS\s13\non_micro\s13_n1\image036692.bmp|C:\Users\iRoti\Desktop\tt\SMIC\SMIC_all_raw\HS\s13\non_micro\s13_n1\image036693.bmp|C:\Users\iRoti\Desktop\tt\SMIC\SMIC_all_raw\HS\s13\non_micro\s13_n1\image036694.bmp|C:\Users\iRoti\Desktop\tt\SMIC\SMIC_all_raw\HS\s13\non_micro\s13_n1\image036695.bmp|C:\Users\iRoti\Desktop\tt\SMIC\SMIC_all_raw\HS\s13\non_micro\s13_n1\image036696.bmp|C:\Users\iRoti\Desktop\tt\SMIC\SMIC_all_raw\HS\s13\non_micro\s13_n1\image036697.bmp|C:\Users\iRoti\Desktop\tt\SMIC\SMIC_all_raw\HS\s13\non_micro\s13_n1\image036698.bmp|C:\Users\iRoti\Desktop\tt\SMIC\SMIC_all_raw\HS\s13\non_micro\s13_n1\image036699.bmp|C:\Users\iRoti\Desktop\tt\SMIC\SMIC_all_raw\HS\s13\non_micro\s13_n1\image036700.bmp|C:\Users\iRoti\Desktop\tt\SMIC\SMIC_all_raw\HS\s13\non_micro\s13_n1\image036701.bmp|C:\Users\iRoti\Desktop\tt\SMIC\SMIC_all_raw\HS\s13\non_micro\s13_n1\image036702.bmp|C:\Users\iRoti\Desktop\tt\SMIC\SMIC_all_raw\HS\s13\non_micro\s13_n1\image036703.bmp|C:\Users\iRoti\Desktop\tt\SMIC\SMIC_all_raw\HS\s13\non_micro\s13_n1\image036704.bmp|C:\Users\iRoti\Desktop\tt\SMIC\SMIC_all_raw\HS\s13\non_micro\s13_n1\image036705.bmp|C:\Users\iRoti\Desktop\tt\SMIC\SMIC_all_raw\HS\s13\non_micro\s13_n1\image036706.bmp|C:\Users\iRoti\Desktop\tt\SMIC\SMIC_all_raw\HS\s13\non_micro\s13_n1\image036707.bmp|C:\Users\iRoti\Desktop\tt\SMIC\SMIC_all_raw\HS\s13\non_micro\s13_n1\image036708.bmp|C:\Users\iRoti\Desktop\tt\SMIC\SMIC_all_raw\HS\s13\non_micro\s13_n1\image036709.bmp|C:\Users\iRoti\Desktop\tt\SMIC\SMIC_all_raw\HS\s13\non_micro\s13_n1\image036710.bmp|C:\Users\iRoti\Desktop\tt\SMIC\SMIC_all_raw\HS\s13\non_micro\s13_n1\image036711.bmp|C:\Users\iRoti\Desktop\tt\SMIC\SMIC_all_raw\HS\s13\non_micro\s13_n1\image036712.bmp|C:\Users\iRoti\Desktop\tt\SMIC\SMIC_all_raw\HS\s13\non_micro\s13_n1\image036713.bmp|C:\Users\iRoti\Desktop\tt\SMIC\SMIC_all_raw\HS\s13\non_micro\s13_n1\image036714.bmp|C:\Users\iRoti\Desktop\tt\SMIC\SMIC_all_raw\HS\s13\non_micro\s13_n1\image036715.bmp|C:\Users\iRoti\Desktop\tt\SMIC\SMIC_all_raw\HS\s13\non_micro\s13_n1\image036716.bmp|C:\Users\iRoti\Desktop\tt\SMIC\SMIC_all_raw\HS\s13\non_micro\s13_n1\image036717.bmp|C:\Users\iRoti\Desktop\tt\SMIC\SMIC_all_raw\HS\s13\non_micro\s13_n1\image036718.bmp|C:\Users\iRoti\Desktop\tt\SMIC\SMIC_all_raw\HS\s13\non_micro\s13_n1\image036719.bmp|C:\Users\iRoti\Desktop\tt\SMIC\SMIC_all_raw\HS\s13\non_micro\s13_n1\image036720.bmp|C:\Users\iRoti\Desktop\tt\SMIC\SMIC_all_raw\HS\s13\non_micro\s13_n1\image036721.bmp|C:\Users\iRoti\Desktop\tt\SMIC\SMIC_all_raw\HS\s13\non_micro\s13_n1\image036722.bmp|C:\Users\iRoti\Desktop\tt\SMIC\SMIC_all_raw\HS\s13\non_micro\s13_n1\image036723.bmp|C:\Users\iRoti\Desktop\tt\SMIC\SMIC_all_raw\HS\s13\non_micro\s13_n1\image036724.bmp|C:\Users\iRoti\Desktop\tt\SMIC\SMIC_all_raw\HS\s13\non_micro\s13_n1\image036725.bmp|C:\Users\iRoti\Desktop\tt\SMIC\SMIC_all_raw\HS\s13\non_micro\s13_n1\image036726.bmp|C:\Users\iRoti\Desktop\tt\SMIC\SMIC_all_raw\HS\s13\non_micro\s13_n1\image036727.bmp
s13,HS_100fps,Neutral,C:\Users\iRoti\Desktop\tt\SMIC\SMIC_all_raw\HS\s13\non_micro\s13_n10\image318600.bmp|C:\Users\iRoti\Desktop\tt\SMIC\SMIC_all_raw\HS\s13\non_micro\s13_n10\image318601.bmp|C:\Users\iRoti\Desktop\tt\SMIC\SMIC_all_raw\HS\s13\non_micro\s13_n10\image318602.bmp|C:\Users\iRoti\Desktop\tt\SMIC\SMIC_all_raw\HS\s13\non_micro\s13_n10\image318603.bmp|C:\Users\iRoti\Desktop\tt\SMIC\SMIC_all_raw\HS\s13\non_micro\s13_n10\image318604.bmp|C:\Users\iRoti\Desktop\tt\SMIC\SMIC_all_raw\HS\s13\non_micro\s13_n10\image318605.bmp|C:\Users\iRoti\Desktop\tt\SMIC\SMIC_all_raw\HS\s13\non_micro\s13_n10\image318606.bmp|C:\Users\iRoti\Desktop\tt\SMIC\SMIC_all_raw\HS\s13\non_micro\s13_n10\image318607.bmp|C:\Users\iRoti\Desktop\tt\SMIC\SMIC_all_raw\HS\s13\non_micro\s13_n10\image318608.bmp|C:\Users\iRoti\Desktop\tt\SMIC\SMIC_all_raw\HS\s13\non_micro\s13_n10\image318609.bmp|C:\Users\iRoti\Desktop\tt\SMIC\SMIC_all_raw\HS\s13\non_micro\s13_n10\image318610.bmp|C:\Users\iRoti\Desktop\tt\SMIC\SMIC_all_raw\HS\s13\non_micro\s13_n10\image318611.bmp|C:\Users\iRoti\Desktop\tt\SMIC\SMIC_all_raw\HS\s13\non_micro\s13_n10\image318612.bmp|C:\Users\iRoti\Desktop\tt\SMIC\SMIC_all_raw\HS\s13\non_micro\s13_n10\image318613.bmp|C:\Users\iRoti\Desktop\tt\SMIC\SMIC_all_raw\HS\s13\non_micro\s13_n10\image318614.bmp|C:\Users\iRoti\Desktop\tt\SMIC\SMIC_all_raw\HS\s13\non_micro\s13_n10\image318615.bmp|C:\Users\iRoti\Desktop\tt\SMIC\SMIC_all_raw\HS\s13\non_micro\s13_n10\image318616.bmp|C:\Users\iRoti\Desktop\tt\SMIC\SMIC_all_raw\HS\s13\non_micro\s13_n10\image318617.bmp|C:\Users\iRoti\Desktop\tt\SMIC\SMIC_all_raw\HS\s13\non_micro\s13_n10\image318618.bmp|C:\Users\iRoti\Desktop\tt\SMIC\SMIC_all_raw\HS\s13\non_micro\s13_n10\image318619.bmp|C:\Users\iRoti\Desktop\tt\SMIC\SMIC_all_raw\HS\s13\non_micro\s13_n10\image318620.bmp|C:\Users\iRoti\Desktop\tt\SMIC\SMIC_all_raw\HS\s13\non_micro\s13_n10\image318621.bmp|C:\Users\iRoti\Desktop\tt\SMIC\SMIC_all_raw\HS\s13\non_micro\s13_n10\image318622.bmp|C:\Users\iRoti\Desktop\tt\SMIC\SMIC_all_raw\HS\s13\non_micro\s13_n10\image318623.bmp|C:\Users\iRoti\Desktop\tt\SMIC\SMIC_all_raw\HS\s13\non_micro\s13_n10\image318624.bmp|C:\Users\iRoti\Desktop\tt\SMIC\SMIC_all_raw\HS\s13\non_micro\s13_n10\image318625.bmp|C:\Users\iRoti\Desktop\tt\SMIC\SMIC_all_raw\HS\s13\non_micro\s13_n10\image318626.bmp|C:\Users\iRoti\Desktop\tt\SMIC\SMIC_all_raw\HS\s13\non_micro\s13_n10\image318627.bmp|C:\Users\iRoti\Desktop\tt\SMIC\SMIC_all_raw\HS\s13\non_micro\s13_n10\image318628.bmp|C:\Users\iRoti\Desktop\tt\SMIC\SMIC_all_raw\HS\s13\non_micro\s13_n10\image318629.bmp|C:\Users\iRoti\Desktop\tt\SMIC\SMIC_all_raw\HS\s13\non_micro\s13_n10\image318630.bmp|C:\Users\iRoti\Desktop\tt\SMIC\SMIC_all_raw\HS\s13\non_micro\s13_n10\image318631.bmp|C:\Users\iRoti\Desktop\tt\SMIC\SMIC_all_raw\HS\s13\non_micro\s13_n10\image318632.bmp|C:\Users\iRoti\Desktop\tt\SMIC\SMIC_all_raw\HS\s13\non_micro\s13_n10\image318633.bmp|C:\Users\iRoti\Desktop\tt\SMIC\SMIC_all_raw\HS\s13\non_micro\s13_n10\image318634.bmp|C:\Users\iRoti\Desktop\tt\SMIC\SMIC_all_raw\HS\s13\non_micro\s13_n10\image318635.bmp|C:\Users\iRoti\Desktop\tt\SMIC\SMIC_all_raw\HS\s13\non_micro\s13_n10\image318636.bmp|C:\Users\iRoti\Desktop\tt\SMIC\SMIC_all_raw\HS\s13\non_micro\s13_n10\image318637.bmp|C:\Users\iRoti\Desktop\tt\SMIC\SMIC_all_raw\HS\s13\non_micro\s13_n10\image318638.bmp|C:\Users\iRoti\Desktop\tt\SMIC\SMIC_all_raw\HS\s13\non_micro\s13_n10\image318639.bmp
s13,HS_100fps,Neutral,C:\Users\iRoti\Desktop\tt\SMIC\SMIC_all_raw\HS\s13\non_micro\s13_n2\image199112.bmp|C:\Users\iRoti\Desktop\tt\SMIC\SMIC_all_raw\HS\s13\non_micro\s13_n2\image199113.bmp|C:\Users\iRoti\Desktop\tt\SMIC\SMIC_all_raw\HS\s13\non_micro\s13_n2\image199114.bmp|C:\Users\iRoti\Desktop\tt\SMIC\SMIC_all_raw\HS\s13\non_micro\s13_n2\image199115.bmp|C:\Users\iRoti\Desktop\tt\SMIC\SMIC_all_raw\HS\s13\non_micro\s13_n2\image199116.bmp|C:\Users\iRoti\Desktop\tt\SMIC\SMIC_all_raw\HS\s13\non_micro\s13_n2\image199117.bmp|C:\Users\iRoti\Desktop\tt\SMIC\SMIC_all_raw\HS\s13\non_micro\s13_n2\image199118.bmp|C:\Users\iRoti\Desktop\tt\SMIC\SMIC_all_raw\HS\s13\non_micro\s13_n2\image199119.bmp|C:\Users\iRoti\Desktop\tt\SMIC\SMIC_all_raw\HS\s13\non_micro\s13_n2\image199120.bmp|C:\Users\iRoti\Desktop\tt\SMIC\SMIC_all_raw\HS\s13\non_micro\s13_n2\image199121.bmp|C:\Users\iRoti\Desktop\tt\SMIC\SMIC_all_raw\HS\s13\non_micro\s13_n2\image199122.bmp|C:\Users\iRoti\Desktop\tt\SMIC\SMIC_all_raw\HS\s13\non_micro\s13_n2\image199123.bmp|C:\Users\iRoti\Desktop\tt\SMIC\SMIC_all_raw\HS\s13\non_micro\s13_n2\image199124.bmp|C:\Users\iRoti\Desktop\tt\SMIC\SMIC_all_raw\HS\s13\non_micro\s13_n2\image199125.bmp|C:\Users\iRoti\Desktop\tt\SMIC\SMIC_all_raw\HS\s13\non_micro\s13_n2\image199126.bmp|C:\Users\iRoti\Desktop\tt\SMIC\SMIC_all_raw\HS\s13\non_micro\s13_n2\image199127.bmp|C:\Users\iRoti\Desktop\tt\SMIC\SMIC_all_raw\HS\s13\non_micro\s13_n2\image199128.bmp|C:\Users\iRoti\Desktop\tt\SMIC\SMIC_all_raw\HS\s13\non_micro\s13_n2\image199129.bmp|C:\Users\iRoti\Desktop\tt\SMIC\SMIC_all_raw\HS\s13\non_micro\s13_n2\image199130.bmp|C:\Users\iRoti\Desktop\tt\SMIC\SMIC_all_raw\HS\s13\non_micro\s13_n2\image199131.bmp|C:\Users\iRoti\Desktop\tt\SMIC\SMIC_all_raw\HS\s13\non_micro\s13_n2\image199132.bmp|C:\Users\iRoti\Desktop\tt\SMIC\SMIC_all_raw\HS\s13\non_micro\s13_n2\image199133.bmp|C:\Users\iRoti\Desktop\tt\SMIC\SMIC_all_raw\HS\s13\non_micro\s13_n2\image199134.bmp|C:\Users\iRoti\Desktop\tt\SMIC\SMIC_all_raw\HS\s13\non_micro\s13_n2\image199135.bmp|C:\Users\iRoti\Desktop\tt\SMIC\SMIC_all_raw\HS\s13\non_micro\s13_n2\image199136.bmp|C:\Users\iRoti\Desktop\tt\SMIC\SMIC_all_raw\HS\s13\non_micro\s13_n2\image199137.bmp|C:\Users\iRoti\Desktop\tt\SMIC\SMIC_all_raw\HS\s13\non_micro\s13_n2\image199138.bmp|C:\Users\iRoti\Desktop\tt\SMIC\SMIC_all_raw\HS\s13\non_micro\s13_n2\image199139.bmp|C:\Users\iRoti\Desktop\tt\SMIC\SMIC_all_raw\HS\s13\non_micro\s13_n2\image199140.bmp|C:\Users\iRoti\Desktop\tt\SMIC\SMIC_all_raw\HS\s13\non_micro\s13_n2\image199141.bmp|C:\Users\iRoti\Desktop\tt\SMIC\SMIC_all_raw\HS\s13\non_micro\s13_n2\image199142.bmp|C:\Users\iRoti\Desktop\tt\SMIC\SMIC_all_raw\HS\s13\non_micro\s13_n2\image199143.bmp|C:\Users\iRoti\Desktop\tt\SMIC\SMIC_all_raw\HS\s13\non_micro\s13_n2\image199144.bmp|C:\Users\iRoti\Desktop\tt\SMIC\SMIC_all_raw\HS\s13\non_micro\s13_n2\image199145.bmp|C:\Users\iRoti\Desktop\tt\SMIC\SMIC_all_raw\HS\s13\non_micro\s13_n2\image199146.bmp|C:\Users\iRoti\Desktop\tt\SMIC\SMIC_all_raw\HS\s13\non_micro\s13_n2\image199147.bmp
s13,HS_100fps,Neutral,C:\Users\iRoti\Desktop\tt\SMIC\SMIC_all_raw\HS\s13\non_micro\s13_n3\image300024.bmp|C:\Users\iRoti\Desktop\tt\SMIC\SMIC_all_raw\HS\s13\non_micro\s13_n3\image300025.bmp|C:\Users\iRoti\Desktop\tt\SMIC\SMIC_all_raw\HS\s13\non_micro\s13_n3\image300026.bmp|C:\Users\iRoti\Desktop\tt\SMIC\SMIC_all_raw\HS\s13\non_micro\s13_n3\image300027.bmp|C:\Users\iRoti\Desktop\tt\SMIC\SMIC_all_raw\HS\s13\non_micro\s13_n3\image300028.bmp|C:\Users\iRoti\Desktop\tt\SMIC\SMIC_all_raw\HS\s13\non_micro\s13_n3\image300029.bmp|C:\Users\iRoti\Desktop\tt\SMIC\SMIC_all_raw\HS\s13\non_micro\s13_n3\image300030.bmp|C:\Users\iRoti\Desktop\tt\SMIC\SMIC_all_raw\HS\s13\non_micro\s13_n3\image300031.bmp|C:\Users\iRoti\Desktop\tt\SMIC\SMIC_all_raw\HS\s13\non_micro\s13_n3\image300032.bmp|C:\Users\iRoti\Desktop\tt\SMIC\SMIC_all_raw\HS\s13\non_micro\s13_n3\image300033.bmp|C:\Users\iRoti\Desktop\tt\SMIC\SMIC_all_raw\HS\s13\non_micro\s13_n3\image300034.bmp|C:\Users\iRoti\Desktop\tt\SMIC\SMIC_all_raw\HS\s13\non_micro\s13_n3\image300035.bmp|C:\Users\iRoti\Desktop\tt\SMIC\SMIC_all_raw\HS\s13\non_micro\s13_n3\image300036.bmp|C:\Users\iRoti\Desktop\tt\SMIC\SMIC_all_raw\HS\s13\non_micro\s13_n3\image300037.bmp|C:\Users\iRoti\Desktop\tt\SMIC\SMIC_all_raw\HS\s13\non_micro\s13_n3\image300038.bmp|C:\Users\iRoti\Desktop\tt\SMIC\SMIC_all_raw\HS\s13\non_micro\s13_n3\image300039.bmp|C:\Users\iRoti\Desktop\tt\SMIC\SMIC_all_raw\HS\s13\non_micro\s13_n3\image300040.bmp|C:\Users\iRoti\Desktop\tt\SMIC\SMIC_all_raw\HS\s13\non_micro\s13_n3\image300041.bmp|C:\Users\iRoti\Desktop\tt\SMIC\SMIC_all_raw\HS\s13\non_micro\s13_n3\image300042.bmp|C:\Users\iRoti\Desktop\tt\SMIC\SMIC_all_raw\HS\s13\non_micro\s13_n3\image300043.bmp|C:\Users\iRoti\Desktop\tt\SMIC\SMIC_all_raw\HS\s13\non_micro\s13_n3\image300044.bmp|C:\Users\iRoti\Desktop\tt\SMIC\SMIC_all_raw\HS\s13\non_micro\s13_n3\image300045.bmp|C:\Users\iRoti\Desktop\tt\SMIC\SMIC_all_raw\HS\s13\non_micro\s13_n3\image300046.bmp|C:\Users\iRoti\Desktop\tt\SMIC\SMIC_all_raw\HS\s13\non_micro\s13_n3\image300047.bmp|C:\Users\iRoti\Desktop\tt\SMIC\SMIC_all_raw\HS\s13\non_micro\s13_n3\image300048.bmp|C:\Users\iRoti\Desktop\tt\SMIC\SMIC_all_raw\HS\s13\non_micro\s13_n3\image300049.bmp|C:\Users\iRoti\Desktop\tt\SMIC\SMIC_all_raw\HS\s13\non_micro\s13_n3\image300050.bmp|C:\Users\iRoti\Desktop\tt\SMIC\SMIC_all_raw\HS\s13\non_micro\s13_n3\image300051.bmp|C:\Users\iRoti\Desktop\tt\SMIC\SMIC_all_raw\HS\s13\non_micro\s13_n3\image300052.bmp|C:\Users\iRoti\Desktop\tt\SMIC\SMIC_all_raw\HS\s13\non_micro\s13_n3\image300053.bmp|C:\Users\iRoti\Desktop\tt\SMIC\SMIC_all_raw\HS\s13\non_micro\s13_n3\image300054.bmp|C:\Users\iRoti\Desktop\tt\SMIC\SMIC_all_raw\HS\s13\non_micro\s13_n3\image300055.bmp|C:\Users\iRoti\Desktop\tt\SMIC\SMIC_all_raw\HS\s13\non_micro\s13_n3\image300056.bmp|C:\Users\iRoti\Desktop\tt\SMIC\SMIC_all_raw\HS\s13\non_micro\s13_n3\image300057.bmp|C:\Users\iRoti\Desktop\tt\SMIC\SMIC_all_raw\HS\s13\non_micro\s13_n3\image300058.bmp|C:\Users\iRoti\Desktop\tt\SMIC\SMIC_all_raw\HS\s13\non_micro\s13_n3\image300059.bmp|C:\Users\iRoti\Desktop\tt\SMIC\SMIC_all_raw\HS\s13\non_micro\s13_n3\image300060.bmp|C:\Users\iRoti\Desktop\tt\SMIC\SMIC_all_raw\HS\s13\non_micro\s13_n3\image300061.bmp|C:\Users\iRoti\Desktop\tt\SMIC\SMIC_all_raw\HS\s13\non_micro\s13_n3\image300062.bmp|C:\Users\iRoti\Desktop\tt\SMIC\SMIC_all_raw\HS\s13\non_micro\s13_n3\image300063.bmp|C:\Users\iRoti\Desktop\tt\SMIC\SMIC_all_raw\HS\s13\non_micro\s13_n3\image300064.bmp|C:\Users\iRoti\Desktop\tt\SMIC\SMIC_all_raw\HS\s13\non_micro\s13_n3\image300065.bmp|C:\Users\iRoti\Desktop\tt\SMIC\SMIC_all_raw\HS\s13\non_micro\s13_n3\image300066.bmp|C:\Users\iRoti\Desktop\tt\SMIC\SMIC_all_raw\HS\s13\non_micro\s13_n3\image300067.bmp
s13,HS_100fps,Neutral,C:\Users\iRoti\Desktop\tt\SMIC\SMIC_all_raw\HS\s13\non_micro\s13_n4\image084024.bmp|C:\Users\iRoti\Desktop\tt\SMIC\SMIC_all_raw\HS\s13\non_micro\s13_n4\image084025.bmp|C:\Users\iRoti\Desktop\tt\SMIC\SMIC_all_raw\HS\s13\non_micro\s13_n4\image084026.bmp|C:\Users\iRoti\Desktop\tt\SMIC\SMIC_all_raw\HS\s13\non_micro\s13_n4\image084027.bmp|C:\Users\iRoti\Desktop\tt\SMIC\SMIC_all_raw\HS\s13\non_micro\s13_n4\image084028.bmp|C:\Users\iRoti\Desktop\tt\SMIC\SMIC_all_raw\HS\s13\non_micro\s13_n4\image084029.bmp|C:\Users\iRoti\Desktop\tt\SMIC\SMIC_all_raw\HS\s13\non_micro\s13_n4\image084030.bmp|C:\Users\iRoti\Desktop\tt\SMIC\SMIC_all_raw\HS\s13\non_micro\s13_n4\image084031.bmp|C:\Users\iRoti\Desktop\tt\SMIC\SMIC_all_raw\HS\s13\non_micro\s13_n4\image084032.bmp|C:\Users\iRoti\Desktop\tt\SMIC\SMIC_all_raw\HS\s13\non_micro\s13_n4\image084033.bmp|C:\Users\iRoti\Desktop\tt\SMIC\SMIC_all_raw\HS\s13\non_micro\s13_n4\image084034.bmp|C:\Users\iRoti\Desktop\tt\SMIC\SMIC_all_raw\HS\s13\non_micro\s13_n4\image084035.bmp|C:\Users\iRoti\Desktop\tt\SMIC\SMIC_all_raw\HS\s13\non_micro\s13_n4\image084036.bmp|C:\Users\iRoti\Desktop\tt\SMIC\SMIC_all_raw\HS\s13\non_micro\s13_n4\image084037.bmp|C:\Users\iRoti\Desktop\tt\SMIC\SMIC_all_raw\HS\s13\non_micro\s13_n4\image084038.bmp|C:\Users\iRoti\Desktop\tt\SMIC\SMIC_all_raw\HS\s13\non_micro\s13_n4\image084039.bmp|C:\Users\iRoti\Desktop\tt\SMIC\SMIC_all_raw\HS\s13\non_micro\s13_n4\image084040.bmp|C:\Users\iRoti\Desktop\tt\SMIC\SMIC_all_raw\HS\s13\non_micro\s13_n4\image084041.bmp|C:\Users\iRoti\Desktop\tt\SMIC\SMIC_all_raw\HS\s13\non_micro\s13_n4\image084042.bmp|C:\Users\iRoti\Desktop\tt\SMIC\SMIC_all_raw\HS\s13\non_micro\s13_n4\image084043.bmp|C:\Users\iRoti\Desktop\tt\SMIC\SMIC_all_raw\HS\s13\non_micro\s13_n4\image084044.bmp|C:\Users\iRoti\Desktop\tt\SMIC\SMIC_all_raw\HS\s13\non_micro\s13_n4\image084045.bmp|C:\Users\iRoti\Desktop\tt\SMIC\SMIC_all_raw\HS\s13\non_micro\s13_n4\image084046.bmp|C:\Users\iRoti\Desktop\tt\SMIC\SMIC_all_raw\HS\s13\non_micro\s13_n4\image084047.bmp|C:\Users\iRoti\Desktop\tt\SMIC\SMIC_all_raw\HS\s13\non_micro\s13_n4\image084048.bmp|C:\Users\iRoti\Desktop\tt\SMIC\SMIC_all_raw\HS\s13\non_micro\s13_n4\image084049.bmp|C:\Users\iRoti\Desktop\tt\SMIC\SMIC_all_raw\HS\s13\non_micro\s13_n4\image084050.bmp|C:\Users\iRoti\Desktop\tt\SMIC\SMIC_all_raw\HS\s13\non_micro\s13_n4\image084051.bmp|C:\Users\iRoti\Desktop\tt\SMIC\SMIC_all_raw\HS\s13\non_micro\s13_n4\image084052.bmp|C:\Users\iRoti\Desktop\tt\SMIC\SMIC_all_raw\HS\s13\non_micro\s13_n4\image084053.bmp|C:\Users\iRoti\Desktop\tt\SMIC\SMIC_all_raw\HS\s13\non_micro\s13_n4\image084054.bmp|C:\Users\iRoti\Desktop\tt\SMIC\SMIC_all_raw\HS\s13\non_micro\s13_n4\image084055.bmp|C:\Users\iRoti\Desktop\tt\SMIC\SMIC_all_raw\HS\s13\non_micro\s13_n4\image084056.bmp|C:\Users\iRoti\Desktop\tt\SMIC\SMIC_all_raw\HS\s13\non_micro\s13_n4\image084057.bmp|C:\Users\iRoti\Desktop\tt\SMIC\SMIC_all_raw\HS\s13\non_micro\s13_n4\image084058.bmp|C:\Users\iRoti\Desktop\tt\SMIC\SMIC_all_raw\HS\s13\non_micro\s13_n4\image084059.bmp|C:\Users\iRoti\Desktop\tt\SMIC\SMIC_all_raw\HS\s13\non_micro\s13_n4\image084060.bmp|C:\Users\iRoti\Desktop\tt\SMIC\SMIC_all_raw\HS\s13\non_micro\s13_n4\image084061.bmp|C:\Users\iRoti\Desktop\tt\SMIC\SMIC_all_raw\HS\s13\non_micro\s13_n4\image084062.bmp|C:\Users\iRoti\Desktop\tt\SMIC\SMIC_all_raw\HS\s13\non_micro\s13_n4\image084063.bmp
s13,HS_100fps,Neutral,C:\Users\iRoti\Desktop\tt\SMIC\SMIC_all_raw\HS\s13\non_micro\s13_n5\image225588.bmp|C:\Users\iRoti\Desktop\tt\SMIC\SMIC_all_raw\HS\s13\non_micro\s13_n5\image225589.bmp|C:\Users\iRoti\Desktop\tt\SMIC\SMIC_all_raw\HS\s13\non_micro\s13_n5\image225590.bmp|C:\Users\iRoti\Desktop\tt\SMIC\SMIC_all_raw\HS\s13\non_micro\s13_n5\image225591.bmp|C:\Users\iRoti\Desktop\tt\SMIC\SMIC_all_raw\HS\s13\non_micro\s13_n5\image225592.bmp|C:\Users\iRoti\Desktop\tt\SMIC\SMIC_all_raw\HS\s13\non_micro\s13_n5\image225593.bmp|C:\Users\iRoti\Desktop\tt\SMIC\SMIC_all_raw\HS\s13\non_micro\s13_n5\image225594.bmp|C:\Users\iRoti\Desktop\tt\SMIC\SMIC_all_raw\HS\s13\non_micro\s13_n5\image225595.bmp|C:\Users\iRoti\Desktop\tt\SMIC\SMIC_all_raw\HS\s13\non_micro\s13_n5\image225596.bmp|C:\Users\iRoti\Desktop\tt\SMIC\SMIC_all_raw\HS\s13\non_micro\s13_n5\image225597.bmp|C:\Users\iRoti\Desktop\tt\SMIC\SMIC_all_raw\HS\s13\non_micro\s13_n5\image225598.bmp|C:\Users\iRoti\Desktop\tt\SMIC\SMIC_all_raw\HS\s13\non_micro\s13_n5\image225599.bmp|C:\Users\iRoti\Desktop\tt\SMIC\SMIC_all_raw\HS\s13\non_micro\s13_n5\image225600.bmp|C:\Users\iRoti\Desktop\tt\SMIC\SMIC_all_raw\HS\s13\non_micro\s13_n5\image225601.bmp|C:\Users\iRoti\Desktop\tt\SMIC\SMIC_all_raw\HS\s13\non_micro\s13_n5\image225602.bmp|C:\Users\iRoti\Desktop\tt\SMIC\SMIC_all_raw\HS\s13\non_micro\s13_n5\image225603.bmp|C:\Users\iRoti\Desktop\tt\SMIC\SMIC_all_raw\HS\s13\non_micro\s13_n5\image225604.bmp|C:\Users\iRoti\Desktop\tt\SMIC\SMIC_all_raw\HS\s13\non_micro\s13_n5\image225605.bmp|C:\Users\iRoti\Desktop\tt\SMIC\SMIC_all_raw\HS\s13\non_micro\s13_n5\image225606.bmp|C:\Users\iRoti\Desktop\tt\SMIC\SMIC_all_raw\HS\s13\non_micro\s13_n5\image225607.bmp|C:\Users\iRoti\Desktop\tt\SMIC\SMIC_all_raw\HS\s13\non_micro\s13_n5\image225608.bmp|C:\Users\iRoti\Desktop\tt\SMIC\SMIC_all_raw\HS\s13\non_micro\s13_n5\image225609.bmp|C:\Users\iRoti\Desktop\tt\SMIC\SMIC_all_raw\HS\s13\non_micro\s13_n5\image225610.bmp|C:\Users\iRoti\Desktop\tt\SMIC\SMIC_all_raw\HS\s13\non_micro\s13_n5\image225611.bmp|C:\Users\iRoti\Desktop\tt\SMIC\SMIC_all_raw\HS\s13\non_micro\s13_n5\image225612.bmp|C:\Users\iRoti\Desktop\tt\SMIC\SMIC_all_raw\HS\s13\non_micro\s13_n5\image225613.bmp|C:\Users\iRoti\Desktop\tt\SMIC\SMIC_all_raw\HS\s13\non_micro\s13_n5\image225614.bmp|C:\Users\iRoti\Desktop\tt\SMIC\SMIC_all_raw\HS\s13\non_micro\s13_n5\image225615.bmp|C:\Users\iRoti\Desktop\tt\SMIC\SMIC_all_raw\HS\s13\non_micro\s13_n5\image225616.bmp|C:\Users\iRoti\Desktop\tt\SMIC\SMIC_all_raw\HS\s13\non_micro\s13_n5\image225617.bmp|C:\Users\iRoti\Desktop\tt\SMIC\SMIC_all_raw\HS\s13\non_micro\s13_n5\image225618.bmp|C:\Users\iRoti\Desktop\tt\SMIC\SMIC_all_raw\HS\s13\non_micro\s13_n5\image225619.bmp|C:\Users\iRoti\Desktop\tt\SMIC\SMIC_all_raw\HS\s13\non_micro\s13_n5\image225620.bmp|C:\Users\iRoti\Desktop\tt\SMIC\SMIC_all_raw\HS\s13\non_micro\s13_n5\image225621.bmp|C:\Users\iRoti\Desktop\tt\SMIC\SMIC_all_raw\HS\s13\non_micro\s13_n5\image225622.bmp|C:\Users\iRoti\Desktop\tt\SMIC\SMIC_all_raw\HS\s13\non_micro\s13_n5\image225623.bmp
s13,HS_100fps,Neutral,C:\Users\iRoti\Desktop\tt\SMIC\SMIC_all_raw\HS\s13\non_micro\s13_n6\image315776.bmp|C:\Users\iRoti\Desktop\tt\SMIC\SMIC_all_raw\HS\s13\non_micro\s13_n6\image315777.bmp|C:\Users\iRoti\Desktop\tt\SMIC\SMIC_all_raw\HS\s13\non_micro\s13_n6\image315778.bmp|C:\Users\iRoti\Desktop\tt\SMIC\SMIC_all_raw\HS\s13\non_micro\s13_n6\image315779.bmp|C:\Users\iRoti\Desktop\tt\SMIC\SMIC_all_raw\HS\s13\non_micro\s13_n6\image315780.bmp|C:\Users\iRoti\Desktop\tt\SMIC\SMIC_all_raw\HS\s13\non_micro\s13_n6\image315781.bmp|C:\Users\iRoti\Desktop\tt\SMIC\SMIC_all_raw\HS\s13\non_micro\s13_n6\image315782.bmp|C:\Users\iRoti\Desktop\tt\SMIC\SMIC_all_raw\HS\s13\non_micro\s13_n6\image315783.bmp|C:\Users\iRoti\Desktop\tt\SMIC\SMIC_all_raw\HS\s13\non_micro\s13_n6\image315784.bmp|C:\Users\iRoti\Desktop\tt\SMIC\SMIC_all_raw\HS\s13\non_micro\s13_n6\image315785.bmp|C:\Users\iRoti\Desktop\tt\SMIC\SMIC_all_raw\HS\s13\non_micro\s13_n6\image315786.bmp|C:\Users\iRoti\Desktop\tt\SMIC\SMIC_all_raw\HS\s13\non_micro\s13_n6\image315787.bmp|C:\Users\iRoti\Desktop\tt\SMIC\SMIC_all_raw\HS\s13\non_micro\s13_n6\image315788.bmp|C:\Users\iRoti\Desktop\tt\SMIC\SMIC_all_raw\HS\s13\non_micro\s13_n6\image315789.bmp|C:\Users\iRoti\Desktop\tt\SMIC\SMIC_all_raw\HS\s13\non_micro\s13_n6\image315790.bmp|C:\Users\iRoti\Desktop\tt\SMIC\SMIC_all_raw\HS\s13\non_micro\s13_n6\image315791.bmp|C:\Users\iRoti\Desktop\tt\SMIC\SMIC_all_raw\HS\s13\non_micro\s13_n6\image315792.bmp|C:\Users\iRoti\Desktop\tt\SMIC\SMIC_all_raw\HS\s13\non_micro\s13_n6\image315793.bmp|C:\Users\iRoti\Desktop\tt\SMIC\SMIC_all_raw\HS\s13\non_micro\s13_n6\image315794.bmp|C:\Users\iRoti\Desktop\tt\SMIC\SMIC_all_raw\HS\s13\non_micro\s13_n6\image315795.bmp|C:\Users\iRoti\Desktop\tt\SMIC\SMIC_all_raw\HS\s13\non_micro\s13_n6\image315796.bmp|C:\Users\iRoti\Desktop\tt\SMIC\SMIC_all_raw\HS\s13\non_micro\s13_n6\image315797.bmp|C:\Users\iRoti\Desktop\tt\SMIC\SMIC_all_raw\HS\s13\non_micro\s13_n6\image315798.bmp|C:\Users\iRoti\Desktop\tt\SMIC\SMIC_all_raw\HS\s13\non_micro\s13_n6\image315799.bmp|C:\Users\iRoti\Desktop\tt\SMIC\SMIC_all_raw\HS\s13\non_micro\s13_n6\image315800.bmp|C:\Users\iRoti\Desktop\tt\SMIC\SMIC_all_raw\HS\s13\non_micro\s13_n6\image315801.bmp|C:\Users\iRoti\Desktop\tt\SMIC\SMIC_all_raw\HS\s13\non_micro\s13_n6\image315802.bmp|C:\Users\iRoti\Desktop\tt\SMIC\SMIC_all_raw\HS\s13\non_micro\s13_n6\image315803.bmp|C:\Users\iRoti\Desktop\tt\SMIC\SMIC_all_raw\HS\s13\non_micro\s13_n6\image315804.bmp|C:\Users\iRoti\Desktop\tt\SMIC\SMIC_all_raw\HS\s13\non_micro\s13_n6\image315805.bmp|C:\Users\iRoti\Desktop\tt\SMIC\SMIC_all_raw\HS\s13\non_micro\s13_n6\image315806.bmp|C:\Users\iRoti\Desktop\tt\SMIC\SMIC_all_raw\HS\s13\non_micro\s13_n6\image315807.bmp|C:\Users\iRoti\Desktop\tt\SMIC\SMIC_all_raw\HS\s13\non_micro\s13_n6\image315808.bmp|C:\Users\iRoti\Desktop\tt\SMIC\SMIC_all_raw\HS\s13\non_micro\s13_n6\image315809.bmp|C:\Users\iRoti\Desktop\tt\SMIC\SMIC_all_raw\HS\s13\non_micro\s13_n6\image315810.bmp|C:\Users\iRoti\Desktop\tt\SMIC\SMIC_all_raw\HS\s13\non_micro\s13_n6\image315811.bmp
s13,HS_100fps,Neutral,C:\Users\iRoti\Desktop\tt\SMIC\SMIC_all_raw\HS\s13\non_micro\s13_n7\image233232.bmp|C:\Users\iRoti\Desktop\tt\SMIC\SMIC_all_raw\HS\s13\non_micro\s13_n7\image233233.bmp|C:\Users\iRoti\Desktop\tt\SMIC\SMIC_all_raw\HS\s13\non_micro\s13_n7\image233234.bmp|C:\Users\iRoti\Desktop\tt\SMIC\SMIC_all_raw\HS\s13\non_micro\s13_n7\image233235.bmp|C:\Users\iRoti\Desktop\tt\SMIC\SMIC_all_raw\HS\s13\non_micro\s13_n7\image233236.bmp|C:\Users\iRoti\Desktop\tt\SMIC\SMIC_all_raw\HS\s13\non_micro\s13_n7\image233237.bmp|C:\Users\iRoti\Desktop\tt\SMIC\SMIC_all_raw\HS\s13\non_micro\s13_n7\image233238.bmp|C:\Users\iRoti\Desktop\tt\SMIC\SMIC_all_raw\HS\s13\non_micro\s13_n7\image233239.bmp|C:\Users\iRoti\Desktop\tt\SMIC\SMIC_all_raw\HS\s13\non_micro\s13_n7\image233240.bmp|C:\Users\iRoti\Desktop\tt\SMIC\SMIC_all_raw\HS\s13\non_micro\s13_n7\image233241.bmp|C:\Users\iRoti\Desktop\tt\SMIC\SMIC_all_raw\HS\s13\non_micro\s13_n7\image233242.bmp|C:\Users\iRoti\Desktop\tt\SMIC\SMIC_all_raw\HS\s13\non_micro\s13_n7\image233243.bmp|C:\Users\iRoti\Desktop\tt\SMIC\SMIC_all_raw\HS\s13\non_micro\s13_n7\image233244.bmp|C:\Users\iRoti\Desktop\tt\SMIC\SMIC_all_raw\HS\s13\non_micro\s13_n7\image233245.bmp|C:\Users\iRoti\Desktop\tt\SMIC\SMIC_all_raw\HS\s13\non_micro\s13_n7\image233246.bmp|C:\Users\iRoti\Desktop\tt\SMIC\SMIC_all_raw\HS\s13\non_micro\s13_n7\image233247.bmp|C:\Users\iRoti\Desktop\tt\SMIC\SMIC_all_raw\HS\s13\non_micro\s13_n7\image233248.bmp|C:\Users\iRoti\Desktop\tt\SMIC\SMIC_all_raw\HS\s13\non_micro\s13_n7\image233249.bmp|C:\Users\iRoti\Desktop\tt\SMIC\SMIC_all_raw\HS\s13\non_micro\s13_n7\image233250.bmp|C:\Users\iRoti\Desktop\tt\SMIC\SMIC_all_raw\HS\s13\non_micro\s13_n7\image233251.bmp|C:\Users\iRoti\Desktop\tt\SMIC\SMIC_all_raw\HS\s13\non_micro\s13_n7\image233252.bmp|C:\Users\iRoti\Desktop\tt\SMIC\SMIC_all_raw\HS\s13\non_micro\s13_n7\image233253.bmp|C:\Users\iRoti\Desktop\tt\SMIC\SMIC_all_raw\HS\s13\non_micro\s13_n7\image233254.bmp|C:\Users\iRoti\Desktop\tt\SMIC\SMIC_all_raw\HS\s13\non_micro\s13_n7\image233255.bmp|C:\Users\iRoti\Desktop\tt\SMIC\SMIC_all_raw\HS\s13\non_micro\s13_n7\image233256.bmp|C:\Users\iRoti\Desktop\tt\SMIC\SMIC_all_raw\HS\s13\non_micro\s13_n7\image233257.bmp|C:\Users\iRoti\Desktop\tt\SMIC\SMIC_all_raw\HS\s13\non_micro\s13_n7\image233258.bmp|C:\Users\iRoti\Desktop\tt\SMIC\SMIC_all_raw\HS\s13\non_micro\s13_n7\image233259.bmp|C:\Users\iRoti\Desktop\tt\SMIC\SMIC_all_raw\HS\s13\non_micro\s13_n7\image233260.bmp|C:\Users\iRoti\Desktop\tt\SMIC\SMIC_all_raw\HS\s13\non_micro\s13_n7\image233261.bmp|C:\Users\iRoti\Desktop\tt\SMIC\SMIC_all_raw\HS\s13\non_micro\s13_n7\image233262.bmp|C:\Users\iRoti\Desktop\tt\SMIC\SMIC_all_raw\HS\s13\non_micro\s13_n7\image233263.bmp|C:\Users\iRoti\Desktop\tt\SMIC\SMIC_all_raw\HS\s13\non_micro\s13_n7\image233264.bmp|C:\Users\iRoti\Desktop\tt\SMIC\SMIC_all_raw\HS\s13\non_micro\s13_n7\image233265.bmp|C:\Users\iRoti\Desktop\tt\SMIC\SMIC_all_raw\HS\s13\non_micro\s13_n7\image233266.bmp|C:\Users\iRoti\Desktop\tt\SMIC\SMIC_all_raw\HS\s13\non_micro\s13_n7\image233267.bmp|C:\Users\iRoti\Desktop\tt\SMIC\SMIC_all_raw\HS\s13\non_micro\s13_n7\image233268.bmp|C:\Users\iRoti\Desktop\tt\SMIC\SMIC_all_raw\HS\s13\non_micro\s13_n7\image233269.bmp|C:\Users\iRoti\Desktop\tt\SMIC\SMIC_all_raw\HS\s13\non_micro\s13_n7\image233270.bmp|C:\Users\iRoti\Desktop\tt\SMIC\SMIC_all_raw\HS\s13\non_micro\s13_n7\image233271.bmp|C:\Users\iRoti\Desktop\tt\SMIC\SMIC_all_raw\HS\s13\non_micro\s13_n7\image233272.bmp|C:\Users\iRoti\Desktop\tt\SMIC\SMIC_all_raw\HS\s13\non_micro\s13_n7\image233273.bmp|C:\Users\iRoti\Desktop\tt\SMIC\SMIC_all_raw\HS\s13\non_micro\s13_n7\image233274.bmp|C:\Users\iRoti\Desktop\tt\SMIC\SMIC_all_raw\HS\s13\non_micro\s13_n7\image233275.bmp
s13,HS_100fps,Neutral,C:\Users\iRoti\Desktop\tt\SMIC\SMIC_all_raw\HS\s13\non_micro\s13_n8\image203348.bmp|C:\Users\iRoti\Desktop\tt\SMIC\SMIC_all_raw\HS\s13\non_micro\s13_n8\image203349.bmp|C:\Users\iRoti\Desktop\tt\SMIC\SMIC_all_raw\HS\s13\non_micro\s13_n8\image203350.bmp|C:\Users\iRoti\Desktop\tt\SMIC\SMIC_all_raw\HS\s13\non_micro\s13_n8\image203351.bmp|C:\Users\iRoti\Desktop\tt\SMIC\SMIC_all_raw\HS\s13\non_micro\s13_n8\image203352.bmp|C:\Users\iRoti\Desktop\tt\SMIC\SMIC_all_raw\HS\s13\non_micro\s13_n8\image203353.bmp|C:\Users\iRoti\Desktop\tt\SMIC\SMIC_all_raw\HS\s13\non_micro\s13_n8\image203354.bmp|C:\Users\iRoti\Desktop\tt\SMIC\SMIC_all_raw\HS\s13\non_micro\s13_n8\image203355.bmp|C:\Users\iRoti\Desktop\tt\SMIC\SMIC_all_raw\HS\s13\non_micro\s13_n8\image203356.bmp|C:\Users\iRoti\Desktop\tt\SMIC\SMIC_all_raw\HS\s13\non_micro\s13_n8\image203357.bmp|C:\Users\iRoti\Desktop\tt\SMIC\SMIC_all_raw\HS\s13\non_micro\s13_n8\image203358.bmp|C:\Users\iRoti\Desktop\tt\SMIC\SMIC_all_raw\HS\s13\non_micro\s13_n8\image203359.bmp|C:\Users\iRoti\Desktop\tt\SMIC\SMIC_all_raw\HS\s13\non_micro\s13_n8\image203360.bmp|C:\Users\iRoti\Desktop\tt\SMIC\SMIC_all_raw\HS\s13\non_micro\s13_n8\image203361.bmp|C:\Users\iRoti\Desktop\tt\SMIC\SMIC_all_raw\HS\s13\non_micro\s13_n8\image203362.bmp|C:\Users\iRoti\Desktop\tt\SMIC\SMIC_all_raw\HS\s13\non_micro\s13_n8\image203363.bmp|C:\Users\iRoti\Desktop\tt\SMIC\SMIC_all_raw\HS\s13\non_micro\s13_n8\image203364.bmp|C:\Users\iRoti\Desktop\tt\SMIC\SMIC_all_raw\HS\s13\non_micro\s13_n8\image203365.bmp|C:\Users\iRoti\Desktop\tt\SMIC\SMIC_all_raw\HS\s13\non_micro\s13_n8\image203366.bmp|C:\Users\iRoti\Desktop\tt\SMIC\SMIC_all_raw\HS\s13\non_micro\s13_n8\image203367.bmp|C:\Users\iRoti\Desktop\tt\SMIC\SMIC_all_raw\HS\s13\non_micro\s13_n8\image203368.bmp|C:\Users\iRoti\Desktop\tt\SMIC\SMIC_all_raw\HS\s13\non_micro\s13_n8\image203369.bmp|C:\Users\iRoti\Desktop\tt\SMIC\SMIC_all_raw\HS\s13\non_micro\s13_n8\image203370.bmp|C:\Users\iRoti\Desktop\tt\SMIC\SMIC_all_raw\HS\s13\non_micro\s13_n8\image203371.bmp|C:\Users\iRoti\Desktop\tt\SMIC\SMIC_all_raw\HS\s13\non_micro\s13_n8\image203372.bmp|C:\Users\iRoti\Desktop\tt\SMIC\SMIC_all_raw\HS\s13\non_micro\s13_n8\image203373.bmp|C:\Users\iRoti\Desktop\tt\SMIC\SMIC_all_raw\HS\s13\non_micro\s13_n8\image203374.bmp|C:\Users\iRoti\Desktop\tt\SMIC\SMIC_all_raw\HS\s13\non_micro\s13_n8\image203375.bmp|C:\Users\iRoti\Desktop\tt\SMIC\SMIC_all_raw\HS\s13\non_micro\s13_n8\image203376.bmp|C:\Users\iRoti\Desktop\tt\SMIC\SMIC_all_raw\HS\s13\non_micro\s13_n8\image203377.bmp|C:\Users\iRoti\Desktop\tt\SMIC\SMIC_all_raw\HS\s13\non_micro\s13_n8\image203378.bmp|C:\Users\iRoti\Desktop\tt\SMIC\SMIC_all_raw\HS\s13\non_micro\s13_n8\image203379.bmp|C:\Users\iRoti\Desktop\tt\SMIC\SMIC_all_raw\HS\s13\non_micro\s13_n8\image203380.bmp|C:\Users\iRoti\Desktop\tt\SMIC\SMIC_all_raw\HS\s13\non_micro\s13_n8\image203381.bmp|C:\Users\iRoti\Desktop\tt\SMIC\SMIC_all_raw\HS\s13\non_micro\s13_n8\image203382.bmp|C:\Users\iRoti\Desktop\tt\SMIC\SMIC_all_raw\HS\s13\non_micro\s13_n8\image203383.bmp
s13,HS_100fps,Neutral,C:\Users\iRoti\Desktop\tt\SMIC\SMIC_all_raw\HS\s13\non_micro\s13_n9\image156428.bmp|C:\Users\iRoti\Desktop\tt\SMIC\SMIC_all_raw\HS\s13\non_micro\s13_n9\image156429.bmp|C:\Users\iRoti\Desktop\tt\SMIC\SMIC_all_raw\HS\s13\non_micro\s13_n9\image156430.bmp|C:\Users\iRoti\Desktop\tt\SMIC\SMIC_all_raw\HS\s13\non_micro\s13_n9\image156431.bmp|C:\Users\iRoti\Desktop\tt\SMIC\SMIC_all_raw\HS\s13\non_micro\s13_n9\image156432.bmp|C:\Users\iRoti\Desktop\tt\SMIC\SMIC_all_raw\HS\s13\non_micro\s13_n9\image156433.bmp|C:\Users\iRoti\Desktop\tt\SMIC\SMIC_all_raw\HS\s13\non_micro\s13_n9\image156434.bmp|C:\Users\iRoti\Desktop\tt\SMIC\SMIC_all_raw\HS\s13\non_micro\s13_n9\image156435.bmp|C:\Users\iRoti\Desktop\tt\SMIC\SMIC_all_raw\HS\s13\non_micro\s13_n9\image156436.bmp|C:\Users\iRoti\Desktop\tt\SMIC\SMIC_all_raw\HS\s13\non_micro\s13_n9\image156437.bmp|C:\Users\iRoti\Desktop\tt\SMIC\SMIC_all_raw\HS\s13\non_micro\s13_n9\image156438.bmp|C:\Users\iRoti\Desktop\tt\SMIC\SMIC_all_raw\HS\s13\non_micro\s13_n9\image156439.bmp|C:\Users\iRoti\Desktop\tt\SMIC\SMIC_all_raw\HS\s13\non_micro\s13_n9\image156440.bmp|C:\Users\iRoti\Desktop\tt\SMIC\SMIC_all_raw\HS\s13\non_micro\s13_n9\image156441.bmp|C:\Users\iRoti\Desktop\tt\SMIC\SMIC_all_raw\HS\s13\non_micro\s13_n9\image156442.bmp|C:\Users\iRoti\Desktop\tt\SMIC\SMIC_all_raw\HS\s13\non_micro\s13_n9\image156443.bmp|C:\Users\iRoti\Desktop\tt\SMIC\SMIC_all_raw\HS\s13\non_micro\s13_n9\image156444.bmp|C:\Users\iRoti\Desktop\tt\SMIC\SMIC_all_raw\HS\s13\non_micro\s13_n9\image156445.bmp|C:\Users\iRoti\Desktop\tt\SMIC\SMIC_all_raw\HS\s13\non_micro\s13_n9\image156446.bmp|C:\Users\iRoti\Desktop\tt\SMIC\SMIC_all_raw\HS\s13\non_micro\s13_n9\image156447.bmp|C:\Users\iRoti\Desktop\tt\SMIC\SMIC_all_raw\HS\s13\non_micro\s13_n9\image156448.bmp|C:\Users\iRoti\Desktop\tt\SMIC\SMIC_all_raw\HS\s13\non_micro\s13_n9\image156449.bmp|C:\Users\iRoti\Desktop\tt\SMIC\SMIC_all_raw\HS\s13\non_micro\s13_n9\image156450.bmp|C:\Users\iRoti\Desktop\tt\SMIC\SMIC_all_raw\HS\s13\non_micro\s13_n9\image156451.bmp|C:\Users\iRoti\Desktop\tt\SMIC\SMIC_all_raw\HS\s13\non_micro\s13_n9\image156452.bmp|C:\Users\iRoti\Desktop\tt\SMIC\SMIC_all_raw\HS\s13\non_micro\s13_n9\image156453.bmp|C:\Users\iRoti\Desktop\tt\SMIC\SMIC_all_raw\HS\s13\non_micro\s13_n9\image156454.bmp|C:\Users\iRoti\Desktop\tt\SMIC\SMIC_all_raw\HS\s13\non_micro\s13_n9\image156455.bmp|C:\Users\iRoti\Desktop\tt\SMIC\SMIC_all_raw\HS\s13\non_micro\s13_n9\image156456.bmp|C:\Users\iRoti\Desktop\tt\SMIC\SMIC_all_raw\HS\s13\non_micro\s13_n9\image156457.bmp|C:\Users\iRoti\Desktop\tt\SMIC\SMIC_all_raw\HS\s13\non_micro\s13_n9\image156458.bmp|C:\Users\iRoti\Desktop\tt\SMIC\SMIC_all_raw\HS\s13\non_micro\s13_n9\image156459.bmp|C:\Users\iRoti\Desktop\tt\SMIC\SMIC_all_raw\HS\s13\non_micro\s13_n9\image156460.bmp|C:\Users\iRoti\Desktop\tt\SMIC\SMIC_all_raw\HS\s13\non_micro\s13_n9\image156461.bmp|C:\Users\iRoti\Desktop\tt\SMIC\SMIC_all_raw\HS\s13\non_micro\s13_n9\image156462.bmp|C:\Users\iRoti\Desktop\tt\SMIC\SMIC_all_raw\HS\s13\non_micro\s13_n9\image156463.bmp|C:\Users\iRoti\Desktop\tt\SMIC\SMIC_all_raw\HS\s13\non_micro\s13_n9\image156464.bmp|C:\Users\iRoti\Desktop\tt\SMIC\SMIC_all_raw\HS\s13\non_micro\s13_n9\image156465.bmp|C:\Users\iRoti\Desktop\tt\SMIC\SMIC_all_raw\HS\s13\non_micro\s13_n9\image156466.bmp|C:\Users\iRoti\Desktop\tt\SMIC\SMIC_all_raw\HS\s13\non_micro\s13_n9\image156467.bmp
s14,HS_100fps,Negativo,C:\Users\iRoti\Desktop\tt\SMIC\SMIC_all_raw\HS\s14\micro\negative\s14_ne_01\image034208.bmp|C:\Users\iRoti\Desktop\tt\SMIC\SMIC_all_raw\HS\s14\micro\negative\s14_ne_01\image034209.bmp|C:\Users\iRoti\Desktop\tt\SMIC\SMIC_all_raw\HS\s14\micro\negative\s14_ne_01\image034210.bmp|C:\Users\iRoti\Desktop\tt\SMIC\SMIC_all_raw\HS\s14\micro\negative\s14_ne_01\image034211.bmp|C:\Users\iRoti\Desktop\tt\SMIC\SMIC_all_raw\HS\s14\micro\negative\s14_ne_01\image034212.bmp|C:\Users\iRoti\Desktop\tt\SMIC\SMIC_all_raw\HS\s14\micro\negative\s14_ne_01\image034213.bmp|C:\Users\iRoti\Desktop\tt\SMIC\SMIC_all_raw\HS\s14\micro\negative\s14_ne_01\image034214.bmp|C:\Users\iRoti\Desktop\tt\SMIC\SMIC_all_raw\HS\s14\micro\negative\s14_ne_01\image034215.bmp|C:\Users\iRoti\Desktop\tt\SMIC\SMIC_all_raw\HS\s14\micro\negative\s14_ne_01\image034216.bmp|C:\Users\iRoti\Desktop\tt\SMIC\SMIC_all_raw\HS\s14\micro\negative\s14_ne_01\image034217.bmp|C:\Users\iRoti\Desktop\tt\SMIC\SMIC_all_raw\HS\s14\micro\negative\s14_ne_01\image034218.bmp|C:\Users\iRoti\Desktop\tt\SMIC\SMIC_all_raw\HS\s14\micro\negative\s14_ne_01\image034219.bmp|C:\Users\iRoti\Desktop\tt\SMIC\SMIC_all_raw\HS\s14\micro\negative\s14_ne_01\image034220.bmp|C:\Users\iRoti\Desktop\tt\SMIC\SMIC_all_raw\HS\s14\micro\negative\s14_ne_01\image034221.bmp|C:\Users\iRoti\Desktop\tt\SMIC\SMIC_all_raw\HS\s14\micro\negative\s14_ne_01\image034222.bmp|C:\Users\iRoti\Desktop\tt\SMIC\SMIC_all_raw\HS\s14\micro\negative\s14_ne_01\image034223.bmp|C:\Users\iRoti\Desktop\tt\SMIC\SMIC_all_raw\HS\s14\micro\negative\s14_ne_01\image034224.bmp|C:\Users\iRoti\Desktop\tt\SMIC\SMIC_all_raw\HS\s14\micro\negative\s14_ne_01\image034225.bmp|C:\Users\iRoti\Desktop\tt\SMIC\SMIC_all_raw\HS\s14\micro\negative\s14_ne_01\image034226.bmp|C:\Users\iRoti\Desktop\tt\SMIC\SMIC_all_raw\HS\s14\micro\negative\s14_ne_01\image034227.bmp|C:\Users\iRoti\Desktop\tt\SMIC\SMIC_all_raw\HS\s14\micro\negative\s14_ne_01\image034228.bmp|C:\Users\iRoti\Desktop\tt\SMIC\SMIC_all_raw\HS\s14\micro\negative\s14_ne_01\image034229.bmp|C:\Users\iRoti\Desktop\tt\SMIC\SMIC_all_raw\HS\s14\micro\negative\s14_ne_01\image034230.bmp|C:\Users\iRoti\Desktop\tt\SMIC\SMIC_all_raw\HS\s14\micro\negative\s14_ne_01\image034231.bmp|C:\Users\iRoti\Desktop\tt\SMIC\SMIC_all_raw\HS\s14\micro\negative\s14_ne_01\image034232.bmp|C:\Users\iRoti\Desktop\tt\SMIC\SMIC_all_raw\HS\s14\micro\negative\s14_ne_01\image034233.bmp|C:\Users\iRoti\Desktop\tt\SMIC\SMIC_all_raw\HS\s14\micro\negative\s14_ne_01\image034234.bmp|C:\Users\iRoti\Desktop\tt\SMIC\SMIC_all_raw\HS\s14\micro\negative\s14_ne_01\image034235.bmp|C:\Users\iRoti\Desktop\tt\SMIC\SMIC_all_raw\HS\s14\micro\negative\s14_ne_01\image034236.bmp|C:\Users\iRoti\Desktop\tt\SMIC\SMIC_all_raw\HS\s14\micro\negative\s14_ne_01\image034237.bmp|C:\Users\iRoti\Desktop\tt\SMIC\SMIC_all_raw\HS\s14\micro\negative\s14_ne_01\image034238.bmp|C:\Users\iRoti\Desktop\tt\SMIC\SMIC_all_raw\HS\s14\micro\negative\s14_ne_01\image034239.bmp|C:\Users\iRoti\Desktop\tt\SMIC\SMIC_all_raw\HS\s14\micro\negative\s14_ne_01\image034240.bmp|C:\Users\iRoti\Desktop\tt\SMIC\SMIC_all_raw\HS\s14\micro\negative\s14_ne_01\image034241.bmp|C:\Users\iRoti\Desktop\tt\SMIC\SMIC_all_raw\HS\s14\micro\negative\s14_ne_01\image034242.bmp|C:\Users\iRoti\Desktop\tt\SMIC\SMIC_all_raw\HS\s14\micro\negative\s14_ne_01\image034243.bmp|C:\Users\iRoti\Desktop\tt\SMIC\SMIC_all_raw\HS\s14\micro\negative\s14_ne_01\image034244.bmp|C:\Users\iRoti\Desktop\tt\SMIC\SMIC_all_raw\HS\s14\micro\negative\s14_ne_01\image034245.bmp|C:\Users\iRoti\Desktop\tt\SMIC\SMIC_all_raw\HS\s14\micro\negative\s14_ne_01\image034246.bmp|C:\Users\iRoti\Desktop\tt\SMIC\SMIC_all_raw\HS\s14\micro\negative\s14_ne_01\image034247.bmp|C:\Users\iRoti\Desktop\tt\SMIC\SMIC_all_raw\HS\s14\micro\negative\s14_ne_01\image034248.bmp|C:\Users\iRoti\Desktop\tt\SMIC\SMIC_all_raw\HS\s14\micro\negative\s14_ne_01\image034249.bmp|C:\Users\iRoti\Desktop\tt\SMIC\SMIC_all_raw\HS\s14\micro\negative\s14_ne_01\image034250.bmp|C:\Users\iRoti\Desktop\tt\SMIC\SMIC_all_raw\HS\s14\micro\negative\s14_ne_01\image034251.bmp|C:\Users\iRoti\Desktop\tt\SMIC\SMIC_all_raw\HS\s14\micro\negative\s14_ne_01\image034252.bmp|C:\Users\iRoti\Desktop\tt\SMIC\SMIC_all_raw\HS\s14\micro\negative\s14_ne_01\image034253.bmp|C:\Users\iRoti\Desktop\tt\SMIC\SMIC_all_raw\HS\s14\micro\negative\s14_ne_01\image034254.bmp|C:\Users\iRoti\Desktop\tt\SMIC\SMIC_all_raw\HS\s14\micro\negative\s14_ne_01\image034255.bmp|C:\Users\iRoti\Desktop\tt\SMIC\SMIC_all_raw\HS\s14\micro\negative\s14_ne_01\image034256.bmp|C:\Users\iRoti\Desktop\tt\SMIC\SMIC_all_raw\HS\s14\micro\negative\s14_ne_01\image034257.bmp|C:\Users\iRoti\Desktop\tt\SMIC\SMIC_all_raw\HS\s14\micro\negative\s14_ne_01\image034258.bmp
s14,HS_100fps,Negativo,C:\Users\iRoti\Desktop\tt\SMIC\SMIC_all_raw\HS\s14\micro\negative\s14_ne_02\image037634.bmp|C:\Users\iRoti\Desktop\tt\SMIC\SMIC_all_raw\HS\s14\micro\negative\s14_ne_02\image037635.bmp|C:\Users\iRoti\Desktop\tt\SMIC\SMIC_all_raw\HS\s14\micro\negative\s14_ne_02\image037636.bmp|C:\Users\iRoti\Desktop\tt\SMIC\SMIC_all_raw\HS\s14\micro\negative\s14_ne_02\image037637.bmp|C:\Users\iRoti\Desktop\tt\SMIC\SMIC_all_raw\HS\s14\micro\negative\s14_ne_02\image037638.bmp|C:\Users\iRoti\Desktop\tt\SMIC\SMIC_all_raw\HS\s14\micro\negative\s14_ne_02\image037639.bmp|C:\Users\iRoti\Desktop\tt\SMIC\SMIC_all_raw\HS\s14\micro\negative\s14_ne_02\image037640.bmp|C:\Users\iRoti\Desktop\tt\SMIC\SMIC_all_raw\HS\s14\micro\negative\s14_ne_02\image037641.bmp|C:\Users\iRoti\Desktop\tt\SMIC\SMIC_all_raw\HS\s14\micro\negative\s14_ne_02\image037642.bmp|C:\Users\iRoti\Desktop\tt\SMIC\SMIC_all_raw\HS\s14\micro\negative\s14_ne_02\image037643.bmp|C:\Users\iRoti\Desktop\tt\SMIC\SMIC_all_raw\HS\s14\micro\negative\s14_ne_02\image037644.bmp|C:\Users\iRoti\Desktop\tt\SMIC\SMIC_all_raw\HS\s14\micro\negative\s14_ne_02\image037645.bmp|C:\Users\iRoti\Desktop\tt\SMIC\SMIC_all_raw\HS\s14\micro\negative\s14_ne_02\image037646.bmp|C:\Users\iRoti\Desktop\tt\SMIC\SMIC_all_raw\HS\s14\micro\negative\s14_ne_02\image037647.bmp|C:\Users\iRoti\Desktop\tt\SMIC\SMIC_all_raw\HS\s14\micro\negative\s14_ne_02\image037648.bmp|C:\Users\iRoti\Desktop\tt\SMIC\SMIC_all_raw\HS\s14\micro\negative\s14_ne_02\image037649.bmp|C:\Users\iRoti\Desktop\tt\SMIC\SMIC_all_raw\HS\s14\micro\negative\s14_ne_02\image037650.bmp|C:\Users\iRoti\Desktop\tt\SMIC\SMIC_all_raw\HS\s14\micro\negative\s14_ne_02\image037651.bmp|C:\Users\iRoti\Desktop\tt\SMIC\SMIC_all_raw\HS\s14\micro\negative\s14_ne_02\image037652.bmp|C:\Users\iRoti\Desktop\tt\SMIC\SMIC_all_raw\HS\s14\micro\negative\s14_ne_02\image037653.bmp|C:\Users\iRoti\Desktop\tt\SMIC\SMIC_all_raw\HS\s14\micro\negative\s14_ne_02\image037654.bmp|C:\Users\iRoti\Desktop\tt\SMIC\SMIC_all_raw\HS\s14\micro\negative\s14_ne_02\image037655.bmp|C:\Users\iRoti\Desktop\tt\SMIC\SMIC_all_raw\HS\s14\micro\negative\s14_ne_02\image037656.bmp|C:\Users\iRoti\Desktop\tt\SMIC\SMIC_all_raw\HS\s14\micro\negative\s14_ne_02\image037657.bmp|C:\Users\iRoti\Desktop\tt\SMIC\SMIC_all_raw\HS\s14\micro\negative\s14_ne_02\image037658.bmp|C:\Users\iRoti\Desktop\tt\SMIC\SMIC_all_raw\HS\s14\micro\negative\s14_ne_02\image037659.bmp|C:\Users\iRoti\Desktop\tt\SMIC\SMIC_all_raw\HS\s14\micro\negative\s14_ne_02\image037660.bmp|C:\Users\iRoti\Desktop\tt\SMIC\SMIC_all_raw\HS\s14\micro\negative\s14_ne_02\image037661.bmp|C:\Users\iRoti\Desktop\tt\SMIC\SMIC_all_raw\HS\s14\micro\negative\s14_ne_02\image037662.bmp|C:\Users\iRoti\Desktop\tt\SMIC\SMIC_all_raw\HS\s14\micro\negative\s14_ne_02\image037663.bmp|C:\Users\iRoti\Desktop\tt\SMIC\SMIC_all_raw\HS\s14\micro\negative\s14_ne_02\image037664.bmp|C:\Users\iRoti\Desktop\tt\SMIC\SMIC_all_raw\HS\s14\micro\negative\s14_ne_02\image037665.bmp|C:\Users\iRoti\Desktop\tt\SMIC\SMIC_all_raw\HS\s14\micro\negative\s14_ne_02\image037666.bmp|C:\Users\iRoti\Desktop\tt\SMIC\SMIC_all_raw\HS\s14\micro\negative\s14_ne_02\image037667.bmp|C:\Users\iRoti\Desktop\tt\SMIC\SMIC_all_raw\HS\s14\micro\negative\s14_ne_02\image037668.bmp|C:\Users\iRoti\Desktop\tt\SMIC\SMIC_all_raw\HS\s14\micro\negative\s14_ne_02\image037669.bmp|C:\Users\iRoti\Desktop\tt\SMIC\SMIC_all_raw\HS\s14\micro\negative\s14_ne_02\image037670.bmp|C:\Users\iRoti\Desktop\tt\SMIC\SMIC_all_raw\HS\s14\micro\negative\s14_ne_02\image037671.bmp
s14,HS_100fps,Negativo,C:\Users\iRoti\Desktop\tt\SMIC\SMIC_all_raw\HS\s14\micro\negative\s14_ne_03\image199541.bmp|C:\Users\iRoti\Desktop\tt\SMIC\SMIC_all_raw\HS\s14\micro\negative\s14_ne_03\image199542.bmp|C:\Users\iRoti\Desktop\tt\SMIC\SMIC_all_raw\HS\s14\micro\negative\s14_ne_03\image199543.bmp|C:\Users\iRoti\Desktop\tt\SMIC\SMIC_all_raw\HS\s14\micro\negative\s14_ne_03\image199544.bmp|C:\Users\iRoti\Desktop\tt\SMIC\SMIC_all_raw\HS\s14\micro\negative\s14_ne_03\image199545.bmp|C:\Users\iRoti\Desktop\tt\SMIC\SMIC_all_raw\HS\s14\micro\negative\s14_ne_03\image199546.bmp|C:\Users\iRoti\Desktop\tt\SMIC\SMIC_all_raw\HS\s14\micro\negative\s14_ne_03\image199547.bmp|C:\Users\iRoti\Desktop\tt\SMIC\SMIC_all_raw\HS\s14\micro\negative\s14_ne_03\image199548.bmp|C:\Users\iRoti\Desktop\tt\SMIC\SMIC_all_raw\HS\s14\micro\negative\s14_ne_03\image199549.bmp|C:\Users\iRoti\Desktop\tt\SMIC\SMIC_all_raw\HS\s14\micro\negative\s14_ne_03\image199550.bmp|C:\Users\iRoti\Desktop\tt\SMIC\SMIC_all_raw\HS\s14\micro\negative\s14_ne_03\image199551.bmp|C:\Users\iRoti\Desktop\tt\SMIC\SMIC_all_raw\HS\s14\micro\negative\s14_ne_03\image199552.bmp|C:\Users\iRoti\Desktop\tt\SMIC\SMIC_all_raw\HS\s14\micro\negative\s14_ne_03\image199553.bmp|C:\Users\iRoti\Desktop\tt\SMIC\SMIC_all_raw\HS\s14\micro\negative\s14_ne_03\image199554.bmp|C:\Users\iRoti\Desktop\tt\SMIC\SMIC_all_raw\HS\s14\micro\negative\s14_ne_03\image199555.bmp|C:\Users\iRoti\Desktop\tt\SMIC\SMIC_all_raw\HS\s14\micro\negative\s14_ne_03\image199556.bmp|C:\Users\iRoti\Desktop\tt\SMIC\SMIC_all_raw\HS\s14\micro\negative\s14_ne_03\image199557.bmp|C:\Users\iRoti\Desktop\tt\SMIC\SMIC_all_raw\HS\s14\micro\negative\s14_ne_03\image199558.bmp|C:\Users\iRoti\Desktop\tt\SMIC\SMIC_all_raw\HS\s14\micro\negative\s14_ne_03\image199559.bmp|C:\Users\iRoti\Desktop\tt\SMIC\SMIC_all_raw\HS\s14\micro\negative\s14_ne_03\image199560.bmp|C:\Users\iRoti\Desktop\tt\SMIC\SMIC_all_raw\HS\s14\micro\negative\s14_ne_03\image199561.bmp|C:\Users\iRoti\Desktop\tt\SMIC\SMIC_all_raw\HS\s14\micro\negative\s14_ne_03\image199562.bmp|C:\Users\iRoti\Desktop\tt\SMIC\SMIC_all_raw\HS\s14\micro\negative\s14_ne_03\image199563.bmp|C:\Users\iRoti\Desktop\tt\SMIC\SMIC_all_raw\HS\s14\micro\negative\s14_ne_03\image199564.bmp|C:\Users\iRoti\Desktop\tt\SMIC\SMIC_all_raw\HS\s14\micro\negative\s14_ne_03\image199565.bmp|C:\Users\iRoti\Desktop\tt\SMIC\SMIC_all_raw\HS\s14\micro\negative\s14_ne_03\image199566.bmp|C:\Users\iRoti\Desktop\tt\SMIC\SMIC_all_raw\HS\s14\micro\negative\s14_ne_03\image199567.bmp|C:\Users\iRoti\Desktop\tt\SMIC\SMIC_all_raw\HS\s14\micro\negative\s14_ne_03\image199568.bmp|C:\Users\iRoti\Desktop\tt\SMIC\SMIC_all_raw\HS\s14\micro\negative\s14_ne_03\image199569.bmp|C:\Users\iRoti\Desktop\tt\SMIC\SMIC_all_raw\HS\s14\micro\negative\s14_ne_03\image199570.bmp|C:\Users\iRoti\Desktop\tt\SMIC\SMIC_all_raw\HS\s14\micro\negative\s14_ne_03\image199571.bmp|C:\Users\iRoti\Desktop\tt\SMIC\SMIC_all_raw\HS\s14\micro\negative\s14_ne_03\image199572.bmp|C:\Users\iRoti\Desktop\tt\SMIC\SMIC_all_raw\HS\s14\micro\negative\s14_ne_03\image199573.bmp|C:\Users\iRoti\Desktop\tt\SMIC\SMIC_all_raw\HS\s14\micro\negative\s14_ne_03\image199574.bmp|C:\Users\iRoti\Desktop\tt\SMIC\SMIC_all_raw\HS\s14\micro\negative\s14_ne_03\image199575.bmp|C:\Users\iRoti\Desktop\tt\SMIC\SMIC_all_raw\HS\s14\micro\negative\s14_ne_03\image199576.bmp|C:\Users\iRoti\Desktop\tt\SMIC\SMIC_all_raw\HS\s14\micro\negative\s14_ne_03\image199577.bmp|C:\Users\iRoti\Desktop\tt\SMIC\SMIC_all_raw\HS\s14\micro\negative\s14_ne_03\image199578.bmp|C:\Users\iRoti\Desktop\tt\SMIC\SMIC_all_raw\HS\s14\micro\negative\s14_ne_03\image199579.bmp|C:\Users\iRoti\Desktop\tt\SMIC\SMIC_all_raw\HS\s14\micro\negative\s14_ne_03\image199580.bmp|C:\Users\iRoti\Desktop\tt\SMIC\SMIC_all_raw\HS\s14\micro\negative\s14_ne_03\image199581.bmp|C:\Users\iRoti\Desktop\tt\SMIC\SMIC_all_raw\HS\s14\micro\negative\s14_ne_03\image199582.bmp|C:\Users\iRoti\Desktop\tt\SMIC\SMIC_all_raw\HS\s14\micro\negative\s14_ne_03\image199583.bmp|C:\Users\iRoti\Desktop\tt\SMIC\SMIC_all_raw\HS\s14\micro\negative\s14_ne_03\image199584.bmp|C:\Users\iRoti\Desktop\tt\SMIC\SMIC_all_raw\HS\s14\micro\negative\s14_ne_03\image199585.bmp|C:\Users\iRoti\Desktop\tt\SMIC\SMIC_all_raw\HS\s14\micro\negative\s14_ne_03\image199586.bmp|C:\Users\iRoti\Desktop\tt\SMIC\SMIC_all_raw\HS\s14\micro\negative\s14_ne_03\image199587.bmp|C:\Users\iRoti\Desktop\tt\SMIC\SMIC_all_raw\HS\s14\micro\negative\s14_ne_03\image199588.bmp|C:\Users\iRoti\Desktop\tt\SMIC\SMIC_all_raw\HS\s14\micro\negative\s14_ne_03\image199589.bmp|C:\Users\iRoti\Desktop\tt\SMIC\SMIC_all_raw\HS\s14\micro\negative\s14_ne_03\image199590.bmp|C:\Users\iRoti\Desktop\tt\SMIC\SMIC_all_raw\HS\s14\micro\negative\s14_ne_03\image199591.bmp|C:\Users\iRoti\Desktop\tt\SMIC\SMIC_all_raw\HS\s14\micro\negative\s14_ne_03\image199592.bmp|C:\Users\iRoti\Desktop\tt\SMIC\SMIC_all_raw\HS\s14\micro\negative\s14_ne_03\image199593.bmp|C:\Users\iRoti\Desktop\tt\SMIC\SMIC_all_raw\HS\s14\micro\negative\s14_ne_03\image199594.bmp|C:\Users\iRoti\Desktop\tt\SMIC\SMIC_all_raw\HS\s14\micro\negative\s14_ne_03\image199595.bmp|C:\Users\iRoti\Desktop\tt\SMIC\SMIC_all_raw\HS\s14\micro\negative\s14_ne_03\image199596.bmp|C:\Users\iRoti\Desktop\tt\SMIC\SMIC_all_raw\HS\s14\micro\negative\s14_ne_03\image199597.bmp|C:\Users\iRoti\Desktop\tt\SMIC\SMIC_all_raw\HS\s14\micro\negative\s14_ne_03\image199598.bmp
s14,HS_100fps,Felicidad,C:\Users\iRoti\Desktop\tt\SMIC\SMIC_all_raw\HS\s14\micro\positive\s14_po_01\image212541.bmp|C:\Users\iRoti\Desktop\tt\SMIC\SMIC_all_raw\HS\s14\micro\positive\s14_po_01\image212542.bmp|C:\Users\iRoti\Desktop\tt\SMIC\SMIC_all_raw\HS\s14\micro\positive\s14_po_01\image212543.bmp|C:\Users\iRoti\Desktop\tt\SMIC\SMIC_all_raw\HS\s14\micro\positive\s14_po_01\image212544.bmp|C:\Users\iRoti\Desktop\tt\SMIC\SMIC_all_raw\HS\s14\micro\positive\s14_po_01\image212545.bmp|C:\Users\iRoti\Desktop\tt\SMIC\SMIC_all_raw\HS\s14\micro\positive\s14_po_01\image212546.bmp|C:\Users\iRoti\Desktop\tt\SMIC\SMIC_all_raw\HS\s14\micro\positive\s14_po_01\image212547.bmp|C:\Users\iRoti\Desktop\tt\SMIC\SMIC_all_raw\HS\s14\micro\positive\s14_po_01\image212548.bmp|C:\Users\iRoti\Desktop\tt\SMIC\SMIC_all_raw\HS\s14\micro\positive\s14_po_01\image212549.bmp|C:\Users\iRoti\Desktop\tt\SMIC\SMIC_all_raw\HS\s14\micro\positive\s14_po_01\image212550.bmp|C:\Users\iRoti\Desktop\tt\SMIC\SMIC_all_raw\HS\s14\micro\positive\s14_po_01\image212551.bmp|C:\Users\iRoti\Desktop\tt\SMIC\SMIC_all_raw\HS\s14\micro\positive\s14_po_01\image212552.bmp|C:\Users\iRoti\Desktop\tt\SMIC\SMIC_all_raw\HS\s14\micro\positive\s14_po_01\image212553.bmp|C:\Users\iRoti\Desktop\tt\SMIC\SMIC_all_raw\HS\s14\micro\positive\s14_po_01\image212554.bmp|C:\Users\iRoti\Desktop\tt\SMIC\SMIC_all_raw\HS\s14\micro\positive\s14_po_01\image212555.bmp|C:\Users\iRoti\Desktop\tt\SMIC\SMIC_all_raw\HS\s14\micro\positive\s14_po_01\image212556.bmp|C:\Users\iRoti\Desktop\tt\SMIC\SMIC_all_raw\HS\s14\micro\positive\s14_po_01\image212557.bmp|C:\Users\iRoti\Desktop\tt\SMIC\SMIC_all_raw\HS\s14\micro\positive\s14_po_01\image212558.bmp|C:\Users\iRoti\Desktop\tt\SMIC\SMIC_all_raw\HS\s14\micro\positive\s14_po_01\image212559.bmp|C:\Users\iRoti\Desktop\tt\SMIC\SMIC_all_raw\HS\s14\micro\positive\s14_po_01\image212560.bmp|C:\Users\iRoti\Desktop\tt\SMIC\SMIC_all_raw\HS\s14\micro\positive\s14_po_01\image212561.bmp|C:\Users\iRoti\Desktop\tt\SMIC\SMIC_all_raw\HS\s14\micro\positive\s14_po_01\image212562.bmp|C:\Users\iRoti\Desktop\tt\SMIC\SMIC_all_raw\HS\s14\micro\positive\s14_po_01\image212563.bmp|C:\Users\iRoti\Desktop\tt\SMIC\SMIC_all_raw\HS\s14\micro\positive\s14_po_01\image212564.bmp|C:\Users\iRoti\Desktop\tt\SMIC\SMIC_all_raw\HS\s14\micro\positive\s14_po_01\image212565.bmp|C:\Users\iRoti\Desktop\tt\SMIC\SMIC_all_raw\HS\s14\micro\positive\s14_po_01\image212566.bmp|C:\Users\iRoti\Desktop\tt\SMIC\SMIC_all_raw\HS\s14\micro\positive\s14_po_01\image212567.bmp|C:\Users\iRoti\Desktop\tt\SMIC\SMIC_all_raw\HS\s14\micro\positive\s14_po_01\image212568.bmp|C:\Users\iRoti\Desktop\tt\SMIC\SMIC_all_raw\HS\s14\micro\positive\s14_po_01\image212569.bmp|C:\Users\iRoti\Desktop\tt\SMIC\SMIC_all_raw\HS\s14\micro\positive\s14_po_01\image212570.bmp|C:\Users\iRoti\Desktop\tt\SMIC\SMIC_all_raw\HS\s14\micro\positive\s14_po_01\image212571.bmp|C:\Users\iRoti\Desktop\tt\SMIC\SMIC_all_raw\HS\s14\micro\positive\s14_po_01\image212572.bmp|C:\Users\iRoti\Desktop\tt\SMIC\SMIC_all_raw\HS\s14\micro\positive\s14_po_01\image212573.bmp|C:\Users\iRoti\Desktop\tt\SMIC\SMIC_all_raw\HS\s14\micro\positive\s14_po_01\image212574.bmp|C:\Users\iRoti\Desktop\tt\SMIC\SMIC_all_raw\HS\s14\micro\positive\s14_po_01\image212575.bmp|C:\Users\iRoti\Desktop\tt\SMIC\SMIC_all_raw\HS\s14\micro\positive\s14_po_01\image212576.bmp|C:\Users\iRoti\Desktop\tt\SMIC\SMIC_all_raw\HS\s14\micro\positive\s14_po_01\image212577.bmp|C:\Users\iRoti\Desktop\tt\SMIC\SMIC_all_raw\HS\s14\micro\positive\s14_po_01\image212578.bmp|C:\Users\iRoti\Desktop\tt\SMIC\SMIC_all_raw\HS\s14\micro\positive\s14_po_01\image212579.bmp|C:\Users\iRoti\Desktop\tt\SMIC\SMIC_all_raw\HS\s14\micro\positive\s14_po_01\image212580.bmp|C:\Users\iRoti\Desktop\tt\SMIC\SMIC_all_raw\HS\s14\micro\positive\s14_po_01\image212581.bmp|C:\Users\iRoti\Desktop\tt\SMIC\SMIC_all_raw\HS\s14\micro\positive\s14_po_01\image212582.bmp|C:\Users\iRoti\Desktop\tt\SMIC\SMIC_all_raw\HS\s14\micro\positive\s14_po_01\image212583.bmp|C:\Users\iRoti\Desktop\tt\SMIC\SMIC_all_raw\HS\s14\micro\positive\s14_po_01\image212584.bmp|C:\Users\iRoti\Desktop\tt\SMIC\SMIC_all_raw\HS\s14\micro\positive\s14_po_01\image212585.bmp|C:\Users\iRoti\Desktop\tt\SMIC\SMIC_all_raw\HS\s14\micro\positive\s14_po_01\image212586.bmp|C:\Users\iRoti\Desktop\tt\SMIC\SMIC_all_raw\HS\s14\micro\positive\s14_po_01\image212587.bmp|C:\Users\iRoti\Desktop\tt\SMIC\SMIC_all_raw\HS\s14\micro\positive\s14_po_01\image212588.bmp|C:\Users\iRoti\Desktop\tt\SMIC\SMIC_all_raw\HS\s14\micro\positive\s14_po_01\image212589.bmp|C:\Users\iRoti\Desktop\tt\SMIC\SMIC_all_raw\HS\s14\micro\positive\s14_po_01\image212590.bmp
s14,HS_100fps,Felicidad,C:\Users\iRoti\Desktop\tt\SMIC\SMIC_all_raw\HS\s14\micro\positive\s14_po_02\image285183.bmp|C:\Users\iRoti\Desktop\tt\SMIC\SMIC_all_raw\HS\s14\micro\positive\s14_po_02\image285184.bmp|C:\Users\iRoti\Desktop\tt\SMIC\SMIC_all_raw\HS\s14\micro\positive\s14_po_02\image285185.bmp|C:\Users\iRoti\Desktop\tt\SMIC\SMIC_all_raw\HS\s14\micro\positive\s14_po_02\image285186.bmp|C:\Users\iRoti\Desktop\tt\SMIC\SMIC_all_raw\HS\s14\micro\positive\s14_po_02\image285187.bmp|C:\Users\iRoti\Desktop\tt\SMIC\SMIC_all_raw\HS\s14\micro\positive\s14_po_02\image285188.bmp|C:\Users\iRoti\Desktop\tt\SMIC\SMIC_all_raw\HS\s14\micro\positive\s14_po_02\image285189.bmp|C:\Users\iRoti\Desktop\tt\SMIC\SMIC_all_raw\HS\s14\micro\positive\s14_po_02\image285190.bmp|C:\Users\iRoti\Desktop\tt\SMIC\SMIC_all_raw\HS\s14\micro\positive\s14_po_02\image285191.bmp|C:\Users\iRoti\Desktop\tt\SMIC\SMIC_all_raw\HS\s14\micro\positive\s14_po_02\image285192.bmp|C:\Users\iRoti\Desktop\tt\SMIC\SMIC_all_raw\HS\s14\micro\positive\s14_po_02\image285193.bmp|C:\Users\iRoti\Desktop\tt\SMIC\SMIC_all_raw\HS\s14\micro\positive\s14_po_02\image285194.bmp|C:\Users\iRoti\Desktop\tt\SMIC\SMIC_all_raw\HS\s14\micro\positive\s14_po_02\image285195.bmp|C:\Users\iRoti\Desktop\tt\SMIC\SMIC_all_raw\HS\s14\micro\positive\s14_po_02\image285196.bmp|C:\Users\iRoti\Desktop\tt\SMIC\SMIC_all_raw\HS\s14\micro\positive\s14_po_02\image285197.bmp|C:\Users\iRoti\Desktop\tt\SMIC\SMIC_all_raw\HS\s14\micro\positive\s14_po_02\image285198.bmp|C:\Users\iRoti\Desktop\tt\SMIC\SMIC_all_raw\HS\s14\micro\positive\s14_po_02\image285199.bmp|C:\Users\iRoti\Desktop\tt\SMIC\SMIC_all_raw\HS\s14\micro\positive\s14_po_02\image285200.bmp|C:\Users\iRoti\Desktop\tt\SMIC\SMIC_all_raw\HS\s14\micro\positive\s14_po_02\image285201.bmp|C:\Users\iRoti\Desktop\tt\SMIC\SMIC_all_raw\HS\s14\micro\positive\s14_po_02\image285202.bmp|C:\Users\iRoti\Desktop\tt\SMIC\SMIC_all_raw\HS\s14\micro\positive\s14_po_02\image285203.bmp|C:\Users\iRoti\Desktop\tt\SMIC\SMIC_all_raw\HS\s14\micro\positive\s14_po_02\image285204.bmp|C:\Users\iRoti\Desktop\tt\SMIC\SMIC_all_raw\HS\s14\micro\positive\s14_po_02\image285205.bmp|C:\Users\iRoti\Desktop\tt\SMIC\SMIC_all_raw\HS\s14\micro\positive\s14_po_02\image285206.bmp|C:\Users\iRoti\Desktop\tt\SMIC\SMIC_all_raw\HS\s14\micro\positive\s14_po_02\image285207.bmp|C:\Users\iRoti\Desktop\tt\SMIC\SMIC_all_raw\HS\s14\micro\positive\s14_po_02\image285208.bmp|C:\Users\iRoti\Desktop\tt\SMIC\SMIC_all_raw\HS\s14\micro\positive\s14_po_02\image285209.bmp|C:\Users\iRoti\Desktop\tt\SMIC\SMIC_all_raw\HS\s14\micro\positive\s14_po_02\image285210.bmp|C:\Users\iRoti\Desktop\tt\SMIC\SMIC_all_raw\HS\s14\micro\positive\s14_po_02\image285211.bmp|C:\Users\iRoti\Desktop\tt\SMIC\SMIC_all_raw\HS\s14\micro\positive\s14_po_02\image285212.bmp|C:\Users\iRoti\Desktop\tt\SMIC\SMIC_all_raw\HS\s14\micro\positive\s14_po_02\image285213.bmp|C:\Users\iRoti\Desktop\tt\SMIC\SMIC_all_raw\HS\s14\micro\positive\s14_po_02\image285214.bmp|C:\Users\iRoti\Desktop\tt\SMIC\SMIC_all_raw\HS\s14\micro\positive\s14_po_02\image285215.bmp|C:\Users\iRoti\Desktop\tt\SMIC\SMIC_all_raw\HS\s14\micro\positive\s14_po_02\image285216.bmp|C:\Users\iRoti\Desktop\tt\SMIC\SMIC_all_raw\HS\s14\micro\positive\s14_po_02\image285217.bmp|C:\Users\iRoti\Desktop\tt\SMIC\SMIC_all_raw\HS\s14\micro\positive\s14_po_02\image285218.bmp|C:\Users\iRoti\Desktop\tt\SMIC\SMIC_all_raw\HS\s14\micro\positive\s14_po_02\image285219.bmp|C:\Users\iRoti\Desktop\tt\SMIC\SMIC_all_raw\HS\s14\micro\positive\s14_po_02\image285220.bmp|C:\Users\iRoti\Desktop\tt\SMIC\SMIC_all_raw\HS\s14\micro\positive\s14_po_02\image285221.bmp|C:\Users\iRoti\Desktop\tt\SMIC\SMIC_all_raw\HS\s14\micro\positive\s14_po_02\image285222.bmp|C:\Users\iRoti\Desktop\tt\SMIC\SMIC_all_raw\HS\s14\micro\positive\s14_po_02\image285223.bmp|C:\Users\iRoti\Desktop\tt\SMIC\SMIC_all_raw\HS\s14\micro\positive\s14_po_02\image285224.bmp|C:\Users\iRoti\Desktop\tt\SMIC\SMIC_all_raw\HS\s14\micro\positive\s14_po_02\image285225.bmp|C:\Users\iRoti\Desktop\tt\SMIC\SMIC_all_raw\HS\s14\micro\positive\s14_po_02\image285226.bmp|C:\Users\iRoti\Desktop\tt\SMIC\SMIC_all_raw\HS\s14\micro\positive\s14_po_02\image285227.bmp|C:\Users\iRoti\Desktop\tt\SMIC\SMIC_all_raw\HS\s14\micro\positive\s14_po_02\image285228.bmp|C:\Users\iRoti\Desktop\tt\SMIC\SMIC_all_raw\HS\s14\micro\positive\s14_po_02\image285229.bmp|C:\Users\iRoti\Desktop\tt\SMIC\SMIC_all_raw\HS\s14\micro\positive\s14_po_02\image285230.bmp|C:\Users\iRoti\Desktop\tt\SMIC\SMIC_all_raw\HS\s14\micro\positive\s14_po_02\image285231.bmp
s14,HS_100fps,Sorpresa,C:\Users\iRoti\Desktop\tt\SMIC\SMIC_all_raw\HS\s14\micro\surprise\s14_sur_01\image081902.bmp|C:\Users\iRoti\Desktop\tt\SMIC\SMIC_all_raw\HS\s14\micro\surprise\s14_sur_01\image081903.bmp|C:\Users\iRoti\Desktop\tt\SMIC\SMIC_all_raw\HS\s14\micro\surprise\s14_sur_01\image081904.bmp|C:\Users\iRoti\Desktop\tt\SMIC\SMIC_all_raw\HS\s14\micro\surprise\s14_sur_01\image081905.bmp|C:\Users\iRoti\Desktop\tt\SMIC\SMIC_all_raw\HS\s14\micro\surprise\s14_sur_01\image081906.bmp|C:\Users\iRoti\Desktop\tt\SMIC\SMIC_all_raw\HS\s14\micro\surprise\s14_sur_01\image081907.bmp|C:\Users\iRoti\Desktop\tt\SMIC\SMIC_all_raw\HS\s14\micro\surprise\s14_sur_01\image081908.bmp|C:\Users\iRoti\Desktop\tt\SMIC\SMIC_all_raw\HS\s14\micro\surprise\s14_sur_01\image081909.bmp|C:\Users\iRoti\Desktop\tt\SMIC\SMIC_all_raw\HS\s14\micro\surprise\s14_sur_01\image081910.bmp|C:\Users\iRoti\Desktop\tt\SMIC\SMIC_all_raw\HS\s14\micro\surprise\s14_sur_01\image081911.bmp|C:\Users\iRoti\Desktop\tt\SMIC\SMIC_all_raw\HS\s14\micro\surprise\s14_sur_01\image081912.bmp|C:\Users\iRoti\Desktop\tt\SMIC\SMIC_all_raw\HS\s14\micro\surprise\s14_sur_01\image081913.bmp|C:\Users\iRoti\Desktop\tt\SMIC\SMIC_all_raw\HS\s14\micro\surprise\s14_sur_01\image081914.bmp|C:\Users\iRoti\Desktop\tt\SMIC\SMIC_all_raw\HS\s14\micro\surprise\s14_sur_01\image081915.bmp|C:\Users\iRoti\Desktop\tt\SMIC\SMIC_all_raw\HS\s14\micro\surprise\s14_sur_01\image081916.bmp|C:\Users\iRoti\Desktop\tt\SMIC\SMIC_all_raw\HS\s14\micro\surprise\s14_sur_01\image081917.bmp|C:\Users\iRoti\Desktop\tt\SMIC\SMIC_all_raw\HS\s14\micro\surprise\s14_sur_01\image081918.bmp|C:\Users\iRoti\Desktop\tt\SMIC\SMIC_all_raw\HS\s14\micro\surprise\s14_sur_01\image081919.bmp|C:\Users\iRoti\Desktop\tt\SMIC\SMIC_all_raw\HS\s14\micro\surprise\s14_sur_01\image081920.bmp|C:\Users\iRoti\Desktop\tt\SMIC\SMIC_all_raw\HS\s14\micro\surprise\s14_sur_01\image081921.bmp|C:\Users\iRoti\Desktop\tt\SMIC\SMIC_all_raw\HS\s14\micro\surprise\s14_sur_01\image081922.bmp|C:\Users\iRoti\Desktop\tt\SMIC\SMIC_all_raw\HS\s14\micro\surprise\s14_sur_01\image081923.bmp|C:\Users\iRoti\Desktop\tt\SMIC\SMIC_all_raw\HS\s14\micro\surprise\s14_sur_01\image081924.bmp|C:\Users\iRoti\Desktop\tt\SMIC\SMIC_all_raw\HS\s14\micro\surprise\s14_sur_01\image081925.bmp|C:\Users\iRoti\Desktop\tt\SMIC\SMIC_all_raw\HS\s14\micro\surprise\s14_sur_01\image081926.bmp|C:\Users\iRoti\Desktop\tt\SMIC\SMIC_all_raw\HS\s14\micro\surprise\s14_sur_01\image081927.bmp|C:\Users\iRoti\Desktop\tt\SMIC\SMIC_all_raw\HS\s14\micro\surprise\s14_sur_01\image081928.bmp|C:\Users\iRoti\Desktop\tt\SMIC\SMIC_all_raw\HS\s14\micro\surprise\s14_sur_01\image081929.bmp|C:\Users\iRoti\Desktop\tt\SMIC\SMIC_all_raw\HS\s14\micro\surprise\s14_sur_01\image081930.bmp|C:\Users\iRoti\Desktop\tt\SMIC\SMIC_all_raw\HS\s14\micro\surprise\s14_sur_01\image081931.bmp|C:\Users\iRoti\Desktop\tt\SMIC\SMIC_all_raw\HS\s14\micro\surprise\s14_sur_01\image081932.bmp|C:\Users\iRoti\Desktop\tt\SMIC\SMIC_all_raw\HS\s14\micro\surprise\s14_sur_01\image081933.bmp|C:\Users\iRoti\Desktop\tt\SMIC\SMIC_all_raw\HS\s14\micro\surprise\s14_sur_01\image081934.bmp|C:\Users\iRoti\Desktop\tt\SMIC\SMIC_all_raw\HS\s14\micro\surprise\s14_sur_01\image081935.bmp|C:\Users\iRoti\Desktop\tt\SMIC\SMIC_all_raw\HS\s14\micro\surprise\s14_sur_01\image081936.bmp|C:\Users\iRoti\Desktop\tt\SMIC\SMIC_all_raw\HS\s14\micro\surprise\s14_sur_01\image081937.bmp|C:\Users\iRoti\Desktop\tt\SMIC\SMIC_all_raw\HS\s14\micro\surprise\s14_sur_01\image081938.bmp|C:\Users\iRoti\Desktop\tt\SMIC\SMIC_all_raw\HS\s14\micro\surprise\s14_sur_01\image081939.bmp
s14,HS_100fps,Sorpresa,C:\Users\iRoti\Desktop\tt\SMIC\SMIC_all_raw\HS\s14\micro\surprise\s14_sur_02\image086607.bmp|C:\Users\iRoti\Desktop\tt\SMIC\SMIC_all_raw\HS\s14\micro\surprise\s14_sur_02\image086608.bmp|C:\Users\iRoti\Desktop\tt\SMIC\SMIC_all_raw\HS\s14\micro\surprise\s14_sur_02\image086609.bmp|C:\Users\iRoti\Desktop\tt\SMIC\SMIC_all_raw\HS\s14\micro\surprise\s14_sur_02\image086610.bmp|C:\Users\iRoti\Desktop\tt\SMIC\SMIC_all_raw\HS\s14\micro\surprise\s14_sur_02\image086611.bmp|C:\Users\iRoti\Desktop\tt\SMIC\SMIC_all_raw\HS\s14\micro\surprise\s14_sur_02\image086612.bmp|C:\Users\iRoti\Desktop\tt\SMIC\SMIC_all_raw\HS\s14\micro\surprise\s14_sur_02\image086613.bmp|C:\Users\iRoti\Desktop\tt\SMIC\SMIC_all_raw\HS\s14\micro\surprise\s14_sur_02\image086614.bmp|C:\Users\iRoti\Desktop\tt\SMIC\SMIC_all_raw\HS\s14\micro\surprise\s14_sur_02\image086615.bmp|C:\Users\iRoti\Desktop\tt\SMIC\SMIC_all_raw\HS\s14\micro\surprise\s14_sur_02\image086616.bmp|C:\Users\iRoti\Desktop\tt\SMIC\SMIC_all_raw\HS\s14\micro\surprise\s14_sur_02\image086617.bmp|C:\Users\iRoti\Desktop\tt\SMIC\SMIC_all_raw\HS\s14\micro\surprise\s14_sur_02\image086618.bmp|C:\Users\iRoti\Desktop\tt\SMIC\SMIC_all_raw\HS\s14\micro\surprise\s14_sur_02\image086619.bmp|C:\Users\iRoti\Desktop\tt\SMIC\SMIC_all_raw\HS\s14\micro\surprise\s14_sur_02\image086620.bmp|C:\Users\iRoti\Desktop\tt\SMIC\SMIC_all_raw\HS\s14\micro\surprise\s14_sur_02\image086621.bmp|C:\Users\iRoti\Desktop\tt\SMIC\SMIC_all_raw\HS\s14\micro\surprise\s14_sur_02\image086622.bmp|C:\Users\iRoti\Desktop\tt\SMIC\SMIC_all_raw\HS\s14\micro\surprise\s14_sur_02\image086623.bmp|C:\Users\iRoti\Desktop\tt\SMIC\SMIC_all_raw\HS\s14\micro\surprise\s14_sur_02\image086624.bmp|C:\Users\iRoti\Desktop\tt\SMIC\SMIC_all_raw\HS\s14\micro\surprise\s14_sur_02\image086625.bmp|C:\Users\iRoti\Desktop\tt\SMIC\SMIC_all_raw\HS\s14\micro\surprise\s14_sur_02\image086626.bmp|C:\Users\iRoti\Desktop\tt\SMIC\SMIC_all_raw\HS\s14\micro\surprise\s14_sur_02\image086627.bmp|C:\Users\iRoti\Desktop\tt\SMIC\SMIC_all_raw\HS\s14\micro\surprise\s14_sur_02\image086628.bmp|C:\Users\iRoti\Desktop\tt\SMIC\SMIC_all_raw\HS\s14\micro\surprise\s14_sur_02\image086629.bmp|C:\Users\iRoti\Desktop\tt\SMIC\SMIC_all_raw\HS\s14\micro\surprise\s14_sur_02\image086630.bmp|C:\Users\iRoti\Desktop\tt\SMIC\SMIC_all_raw\HS\s14\micro\surprise\s14_sur_02\image086631.bmp|C:\Users\iRoti\Desktop\tt\SMIC\SMIC_all_raw\HS\s14\micro\surprise\s14_sur_02\image086632.bmp|C:\Users\iRoti\Desktop\tt\SMIC\SMIC_all_raw\HS\s14\micro\surprise\s14_sur_02\image086633.bmp|C:\Users\iRoti\Desktop\tt\SMIC\SMIC_all_raw\HS\s14\micro\surprise\s14_sur_02\image086634.bmp|C:\Users\iRoti\Desktop\tt\SMIC\SMIC_all_raw\HS\s14\micro\surprise\s14_sur_02\image086635.bmp|C:\Users\iRoti\Desktop\tt\SMIC\SMIC_all_raw\HS\s14\micro\surprise\s14_sur_02\image086636.bmp|C:\Users\iRoti\Desktop\tt\SMIC\SMIC_all_raw\HS\s14\micro\surprise\s14_sur_02\image086637.bmp|C:\Users\iRoti\Desktop\tt\SMIC\SMIC_all_raw\HS\s14\micro\surprise\s14_sur_02\image086638.bmp|C:\Users\iRoti\Desktop\tt\SMIC\SMIC_all_raw\HS\s14\micro\surprise\s14_sur_02\image086639.bmp|C:\Users\iRoti\Desktop\tt\SMIC\SMIC_all_raw\HS\s14\micro\surprise\s14_sur_02\image086640.bmp|C:\Users\iRoti\Desktop\tt\SMIC\SMIC_all_raw\HS\s14\micro\surprise\s14_sur_02\image086641.bmp|C:\Users\iRoti\Desktop\tt\SMIC\SMIC_all_raw\HS\s14\micro\surprise\s14_sur_02\image086642.bmp
s14,HS_100fps,Sorpresa,C:\Users\iRoti\Desktop\tt\SMIC\SMIC_all_raw\HS\s14\micro\surprise\s14_sur_03\image106337.bmp|C:\Users\iRoti\Desktop\tt\SMIC\SMIC_all_raw\HS\s14\micro\surprise\s14_sur_03\image106338.bmp|C:\Users\iRoti\Desktop\tt\SMIC\SMIC_all_raw\HS\s14\micro\surprise\s14_sur_03\image106339.bmp|C:\Users\iRoti\Desktop\tt\SMIC\SMIC_all_raw\HS\s14\micro\surprise\s14_sur_03\image106340.bmp|C:\Users\iRoti\Desktop\tt\SMIC\SMIC_all_raw\HS\s14\micro\surprise\s14_sur_03\image106341.bmp|C:\Users\iRoti\Desktop\tt\SMIC\SMIC_all_raw\HS\s14\micro\surprise\s14_sur_03\image106342.bmp|C:\Users\iRoti\Desktop\tt\SMIC\SMIC_all_raw\HS\s14\micro\surprise\s14_sur_03\image106343.bmp|C:\Users\iRoti\Desktop\tt\SMIC\SMIC_all_raw\HS\s14\micro\surprise\s14_sur_03\image106344.bmp|C:\Users\iRoti\Desktop\tt\SMIC\SMIC_all_raw\HS\s14\micro\surprise\s14_sur_03\image106345.bmp|C:\Users\iRoti\Desktop\tt\SMIC\SMIC_all_raw\HS\s14\micro\surprise\s14_sur_03\image106346.bmp|C:\Users\iRoti\Desktop\tt\SMIC\SMIC_all_raw\HS\s14\micro\surprise\s14_sur_03\image106347.bmp|C:\Users\iRoti\Desktop\tt\SMIC\SMIC_all_raw\HS\s14\micro\surprise\s14_sur_03\image106348.bmp|C:\Users\iRoti\Desktop\tt\SMIC\SMIC_all_raw\HS\s14\micro\surprise\s14_sur_03\image106349.bmp|C:\Users\iRoti\Desktop\tt\SMIC\SMIC_all_raw\HS\s14\micro\surprise\s14_sur_03\image106350.bmp|C:\Users\iRoti\Desktop\tt\SMIC\SMIC_all_raw\HS\s14\micro\surprise\s14_sur_03\image106351.bmp|C:\Users\iRoti\Desktop\tt\SMIC\SMIC_all_raw\HS\s14\micro\surprise\s14_sur_03\image106352.bmp|C:\Users\iRoti\Desktop\tt\SMIC\SMIC_all_raw\HS\s14\micro\surprise\s14_sur_03\image106353.bmp|C:\Users\iRoti\Desktop\tt\SMIC\SMIC_all_raw\HS\s14\micro\surprise\s14_sur_03\image106354.bmp|C:\Users\iRoti\Desktop\tt\SMIC\SMIC_all_raw\HS\s14\micro\surprise\s14_sur_03\image106355.bmp|C:\Users\iRoti\Desktop\tt\SMIC\SMIC_all_raw\HS\s14\micro\surprise\s14_sur_03\image106356.bmp|C:\Users\iRoti\Desktop\tt\SMIC\SMIC_all_raw\HS\s14\micro\surprise\s14_sur_03\image106357.bmp|C:\Users\iRoti\Desktop\tt\SMIC\SMIC_all_raw\HS\s14\micro\surprise\s14_sur_03\image106358.bmp|C:\Users\iRoti\Desktop\tt\SMIC\SMIC_all_raw\HS\s14\micro\surprise\s14_sur_03\image106359.bmp|C:\Users\iRoti\Desktop\tt\SMIC\SMIC_all_raw\HS\s14\micro\surprise\s14_sur_03\image106360.bmp|C:\Users\iRoti\Desktop\tt\SMIC\SMIC_all_raw\HS\s14\micro\surprise\s14_sur_03\image106361.bmp|C:\Users\iRoti\Desktop\tt\SMIC\SMIC_all_raw\HS\s14\micro\surprise\s14_sur_03\image106362.bmp|C:\Users\iRoti\Desktop\tt\SMIC\SMIC_all_raw\HS\s14\micro\surprise\s14_sur_03\image106363.bmp|C:\Users\iRoti\Desktop\tt\SMIC\SMIC_all_raw\HS\s14\micro\surprise\s14_sur_03\image106364.bmp|C:\Users\iRoti\Desktop\tt\SMIC\SMIC_all_raw\HS\s14\micro\surprise\s14_sur_03\image106365.bmp|C:\Users\iRoti\Desktop\tt\SMIC\SMIC_all_raw\HS\s14\micro\surprise\s14_sur_03\image106366.bmp|C:\Users\iRoti\Desktop\tt\SMIC\SMIC_all_raw\HS\s14\micro\surprise\s14_sur_03\image106367.bmp|C:\Users\iRoti\Desktop\tt\SMIC\SMIC_all_raw\HS\s14\micro\surprise\s14_sur_03\image106368.bmp|C:\Users\iRoti\Desktop\tt\SMIC\SMIC_all_raw\HS\s14\micro\surprise\s14_sur_03\image106369.bmp|C:\Users\iRoti\Desktop\tt\SMIC\SMIC_all_raw\HS\s14\micro\surprise\s14_sur_03\image106370.bmp|C:\Users\iRoti\Desktop\tt\SMIC\SMIC_all_raw\HS\s14\micro\surprise\s14_sur_03\image106371.bmp|C:\Users\iRoti\Desktop\tt\SMIC\SMIC_all_raw\HS\s14\micro\surprise\s14_sur_03\image106372.bmp|C:\Users\iRoti\Desktop\tt\SMIC\SMIC_all_raw\HS\s14\micro\surprise\s14_sur_03\image106373.bmp|C:\Users\iRoti\Desktop\tt\SMIC\SMIC_all_raw\HS\s14\micro\surprise\s14_sur_03\image106374.bmp|C:\Users\iRoti\Desktop\tt\SMIC\SMIC_all_raw\HS\s14\micro\surprise\s14_sur_03\image106375.bmp
s14,HS_100fps,Sorpresa,C:\Users\iRoti\Desktop\tt\SMIC\SMIC_all_raw\HS\s14\micro\surprise\s14_sur_04\image233391.bmp|C:\Users\iRoti\Desktop\tt\SMIC\SMIC_all_raw\HS\s14\micro\surprise\s14_sur_04\image233392.bmp|C:\Users\iRoti\Desktop\tt\SMIC\SMIC_all_raw\HS\s14\micro\surprise\s14_sur_04\image233393.bmp|C:\Users\iRoti\Desktop\tt\SMIC\SMIC_all_raw\HS\s14\micro\surprise\s14_sur_04\image233394.bmp|C:\Users\iRoti\Desktop\tt\SMIC\SMIC_all_raw\HS\s14\micro\surprise\s14_sur_04\image233395.bmp|C:\Users\iRoti\Desktop\tt\SMIC\SMIC_all_raw\HS\s14\micro\surprise\s14_sur_04\image233396.bmp|C:\Users\iRoti\Desktop\tt\SMIC\SMIC_all_raw\HS\s14\micro\surprise\s14_sur_04\image233397.bmp|C:\Users\iRoti\Desktop\tt\SMIC\SMIC_all_raw\HS\s14\micro\surprise\s14_sur_04\image233398.bmp|C:\Users\iRoti\Desktop\tt\SMIC\SMIC_all_raw\HS\s14\micro\surprise\s14_sur_04\image233399.bmp|C:\Users\iRoti\Desktop\tt\SMIC\SMIC_all_raw\HS\s14\micro\surprise\s14_sur_04\image233400.bmp|C:\Users\iRoti\Desktop\tt\SMIC\SMIC_all_raw\HS\s14\micro\surprise\s14_sur_04\image233401.bmp|C:\Users\iRoti\Desktop\tt\SMIC\SMIC_all_raw\HS\s14\micro\surprise\s14_sur_04\image233402.bmp|C:\Users\iRoti\Desktop\tt\SMIC\SMIC_all_raw\HS\s14\micro\surprise\s14_sur_04\image233403.bmp|C:\Users\iRoti\Desktop\tt\SMIC\SMIC_all_raw\HS\s14\micro\surprise\s14_sur_04\image233404.bmp|C:\Users\iRoti\Desktop\tt\SMIC\SMIC_all_raw\HS\s14\micro\surprise\s14_sur_04\image233405.bmp|C:\Users\iRoti\Desktop\tt\SMIC\SMIC_all_raw\HS\s14\micro\surprise\s14_sur_04\image233406.bmp|C:\Users\iRoti\Desktop\tt\SMIC\SMIC_all_raw\HS\s14\micro\surprise\s14_sur_04\image233407.bmp|C:\Users\iRoti\Desktop\tt\SMIC\SMIC_all_raw\HS\s14\micro\surprise\s14_sur_04\image233408.bmp|C:\Users\iRoti\Desktop\tt\SMIC\SMIC_all_raw\HS\s14\micro\surprise\s14_sur_04\image233409.bmp|C:\Users\iRoti\Desktop\tt\SMIC\SMIC_all_raw\HS\s14\micro\surprise\s14_sur_04\image233410.bmp|C:\Users\iRoti\Desktop\tt\SMIC\SMIC_all_raw\HS\s14\micro\surprise\s14_sur_04\image233411.bmp|C:\Users\iRoti\Desktop\tt\SMIC\SMIC_all_raw\HS\s14\micro\surprise\s14_sur_04\image233412.bmp|C:\Users\iRoti\Desktop\tt\SMIC\SMIC_all_raw\HS\s14\micro\surprise\s14_sur_04\image233413.bmp|C:\Users\iRoti\Desktop\tt\SMIC\SMIC_all_raw\HS\s14\micro\surprise\s14_sur_04\image233414.bmp|C:\Users\iRoti\Desktop\tt\SMIC\SMIC_all_raw\HS\s14\micro\surprise\s14_sur_04\image233415.bmp|C:\Users\iRoti\Desktop\tt\SMIC\SMIC_all_raw\HS\s14\micro\surprise\s14_sur_04\image233416.bmp|C:\Users\iRoti\Desktop\tt\SMIC\SMIC_all_raw\HS\s14\micro\surprise\s14_sur_04\image233417.bmp|C:\Users\iRoti\Desktop\tt\SMIC\SMIC_all_raw\HS\s14\micro\surprise\s14_sur_04\image233418.bmp|C:\Users\iRoti\Desktop\tt\SMIC\SMIC_all_raw\HS\s14\micro\surprise\s14_sur_04\image233419.bmp|C:\Users\iRoti\Desktop\tt\SMIC\SMIC_all_raw\HS\s14\micro\surprise\s14_sur_04\image233420.bmp|C:\Users\iRoti\Desktop\tt\SMIC\SMIC_all_raw\HS\s14\micro\surprise\s14_sur_04\image233421.bmp|C:\Users\iRoti\Desktop\tt\SMIC\SMIC_all_raw\HS\s14\micro\surprise\s14_sur_04\image233422.bmp|C:\Users\iRoti\Desktop\tt\SMIC\SMIC_all_raw\HS\s14\micro\surprise\s14_sur_04\image233423.bmp|C:\Users\iRoti\Desktop\tt\SMIC\SMIC_all_raw\HS\s14\micro\surprise\s14_sur_04\image233424.bmp|C:\Users\iRoti\Desktop\tt\SMIC\SMIC_all_raw\HS\s14\micro\surprise\s14_sur_04\image233425.bmp|C:\Users\iRoti\Desktop\tt\SMIC\SMIC_all_raw\HS\s14\micro\surprise\s14_sur_04\image233426.bmp|C:\Users\iRoti\Desktop\tt\SMIC\SMIC_all_raw\HS\s14\micro\surprise\s14_sur_04\image233427.bmp|C:\Users\iRoti\Desktop\tt\SMIC\SMIC_all_raw\HS\s14\micro\surprise\s14_sur_04\image233428.bmp|C:\Users\iRoti\Desktop\tt\SMIC\SMIC_all_raw\HS\s14\micro\surprise\s14_sur_04\image233429.bmp|C:\Users\iRoti\Desktop\tt\SMIC\SMIC_all_raw\HS\s14\micro\surprise\s14_sur_04\image233430.bmp|C:\Users\iRoti\Desktop\tt\SMIC\SMIC_all_raw\HS\s14\micro\surprise\s14_sur_04\image233431.bmp|C:\Users\iRoti\Desktop\tt\SMIC\SMIC_all_raw\HS\s14\micro\surprise\s14_sur_04\image233432.bmp|C:\Users\iRoti\Desktop\tt\SMIC\SMIC_all_raw\HS\s14\micro\surprise\s14_sur_04\image233433.bmp|C:\Users\iRoti\Desktop\tt\SMIC\SMIC_all_raw\HS\s14\micro\surprise\s14_sur_04\image233434.bmp|C:\Users\iRoti\Desktop\tt\SMIC\SMIC_all_raw\HS\s14\micro\surprise\s14_sur_04\image233435.bmp
s14,HS_100fps,Sorpresa,C:\Users\iRoti\Desktop\tt\SMIC\SMIC_all_raw\HS\s14\micro\surprise\s14_sur_05\image278976.bmp|C:\Users\iRoti\Desktop\tt\SMIC\SMIC_all_raw\HS\s14\micro\surprise\s14_sur_05\image278977.bmp|C:\Users\iRoti\Desktop\tt\SMIC\SMIC_all_raw\HS\s14\micro\surprise\s14_sur_05\image278978.bmp|C:\Users\iRoti\Desktop\tt\SMIC\SMIC_all_raw\HS\s14\micro\surprise\s14_sur_05\image278979.bmp|C:\Users\iRoti\Desktop\tt\SMIC\SMIC_all_raw\HS\s14\micro\surprise\s14_sur_05\image278980.bmp|C:\Users\iRoti\Desktop\tt\SMIC\SMIC_all_raw\HS\s14\micro\surprise\s14_sur_05\image278981.bmp|C:\Users\iRoti\Desktop\tt\SMIC\SMIC_all_raw\HS\s14\micro\surprise\s14_sur_05\image278982.bmp|C:\Users\iRoti\Desktop\tt\SMIC\SMIC_all_raw\HS\s14\micro\surprise\s14_sur_05\image278983.bmp|C:\Users\iRoti\Desktop\tt\SMIC\SMIC_all_raw\HS\s14\micro\surprise\s14_sur_05\image278984.bmp|C:\Users\iRoti\Desktop\tt\SMIC\SMIC_all_raw\HS\s14\micro\surprise\s14_sur_05\image278985.bmp|C:\Users\iRoti\Desktop\tt\SMIC\SMIC_all_raw\HS\s14\micro\surprise\s14_sur_05\image278986.bmp|C:\Users\iRoti\Desktop\tt\SMIC\SMIC_all_raw\HS\s14\micro\surprise\s14_sur_05\image278987.bmp|C:\Users\iRoti\Desktop\tt\SMIC\SMIC_all_raw\HS\s14\micro\surprise\s14_sur_05\image278988.bmp|C:\Users\iRoti\Desktop\tt\SMIC\SMIC_all_raw\HS\s14\micro\surprise\s14_sur_05\image278989.bmp|C:\Users\iRoti\Desktop\tt\SMIC\SMIC_all_raw\HS\s14\micro\surprise\s14_sur_05\image278990.bmp|C:\Users\iRoti\Desktop\tt\SMIC\SMIC_all_raw\HS\s14\micro\surprise\s14_sur_05\image278991.bmp|C:\Users\iRoti\Desktop\tt\SMIC\SMIC_all_raw\HS\s14\micro\surprise\s14_sur_05\image278992.bmp|C:\Users\iRoti\Desktop\tt\SMIC\SMIC_all_raw\HS\s14\micro\surprise\s14_sur_05\image278993.bmp|C:\Users\iRoti\Desktop\tt\SMIC\SMIC_all_raw\HS\s14\micro\surprise\s14_sur_05\image278994.bmp|C:\Users\iRoti\Desktop\tt\SMIC\SMIC_all_raw\HS\s14\micro\surprise\s14_sur_05\image278995.bmp|C:\Users\iRoti\Desktop\tt\SMIC\SMIC_all_raw\HS\s14\micro\surprise\s14_sur_05\image278996.bmp|C:\Users\iRoti\Desktop\tt\SMIC\SMIC_all_raw\HS\s14\micro\surprise\s14_sur_05\image278997.bmp|C:\Users\iRoti\Desktop\tt\SMIC\SMIC_all_raw\HS\s14\micro\surprise\s14_sur_05\image278998.bmp|C:\Users\iRoti\Desktop\tt\SMIC\SMIC_all_raw\HS\s14\micro\surprise\s14_sur_05\image278999.bmp|C:\Users\iRoti\Desktop\tt\SMIC\SMIC_all_raw\HS\s14\micro\surprise\s14_sur_05\image279000.bmp|C:\Users\iRoti\Desktop\tt\SMIC\SMIC_all_raw\HS\s14\micro\surprise\s14_sur_05\image279001.bmp|C:\Users\iRoti\Desktop\tt\SMIC\SMIC_all_raw\HS\s14\micro\surprise\s14_sur_05\image279002.bmp|C:\Users\iRoti\Desktop\tt\SMIC\SMIC_all_raw\HS\s14\micro\surprise\s14_sur_05\image279003.bmp|C:\Users\iRoti\Desktop\tt\SMIC\SMIC_all_raw\HS\s14\micro\surprise\s14_sur_05\image279004.bmp|C:\Users\iRoti\Desktop\tt\SMIC\SMIC_all_raw\HS\s14\micro\surprise\s14_sur_05\image279005.bmp|C:\Users\iRoti\Desktop\tt\SMIC\SMIC_all_raw\HS\s14\micro\surprise\s14_sur_05\image279006.bmp|C:\Users\iRoti\Desktop\tt\SMIC\SMIC_all_raw\HS\s14\micro\surprise\s14_sur_05\image279007.bmp|C:\Users\iRoti\Desktop\tt\SMIC\SMIC_all_raw\HS\s14\micro\surprise\s14_sur_05\image279008.bmp|C:\Users\iRoti\Desktop\tt\SMIC\SMIC_all_raw\HS\s14\micro\surprise\s14_sur_05\image279009.bmp|C:\Users\iRoti\Desktop\tt\SMIC\SMIC_all_raw\HS\s14\micro\surprise\s14_sur_05\image279010.bmp|C:\Users\iRoti\Desktop\tt\SMIC\SMIC_all_raw\HS\s14\micro\surprise\s14_sur_05\image279011.bmp|C:\Users\iRoti\Desktop\tt\SMIC\SMIC_all_raw\HS\s14\micro\surprise\s14_sur_05\image279012.bmp|C:\Users\iRoti\Desktop\tt\SMIC\SMIC_all_raw\HS\s14\micro\surprise\s14_sur_05\image279013.bmp|C:\Users\iRoti\Desktop\tt\SMIC\SMIC_all_raw\HS\s14\micro\surprise\s14_sur_05\image279014.bmp|C:\Users\iRoti\Desktop\tt\SMIC\SMIC_all_raw\HS\s14\micro\surprise\s14_sur_05\image279015.bmp|C:\Users\iRoti\Desktop\tt\SMIC\SMIC_all_raw\HS\s14\micro\surprise\s14_sur_05\image279016.bmp
s14,HS_100fps,Neutral,C:\Users\iRoti\Desktop\tt\SMIC\SMIC_all_raw\HS\s14\non_micro\s14_n1\image185413.bmp|C:\Users\iRoti\Desktop\tt\SMIC\SMIC_all_raw\HS\s14\non_micro\s14_n1\image185414.bmp|C:\Users\iRoti\Desktop\tt\SMIC\SMIC_all_raw\HS\s14\non_micro\s14_n1\image185415.bmp|C:\Users\iRoti\Desktop\tt\SMIC\SMIC_all_raw\HS\s14\non_micro\s14_n1\image185416.bmp|C:\Users\iRoti\Desktop\tt\SMIC\SMIC_all_raw\HS\s14\non_micro\s14_n1\image185417.bmp|C:\Users\iRoti\Desktop\tt\SMIC\SMIC_all_raw\HS\s14\non_micro\s14_n1\image185418.bmp|C:\Users\iRoti\Desktop\tt\SMIC\SMIC_all_raw\HS\s14\non_micro\s14_n1\image185419.bmp|C:\Users\iRoti\Desktop\tt\SMIC\SMIC_all_raw\HS\s14\non_micro\s14_n1\image185420.bmp|C:\Users\iRoti\Desktop\tt\SMIC\SMIC_all_raw\HS\s14\non_micro\s14_n1\image185421.bmp|C:\Users\iRoti\Desktop\tt\SMIC\SMIC_all_raw\HS\s14\non_micro\s14_n1\image185422.bmp|C:\Users\iRoti\Desktop\tt\SMIC\SMIC_all_raw\HS\s14\non_micro\s14_n1\image185423.bmp|C:\Users\iRoti\Desktop\tt\SMIC\SMIC_all_raw\HS\s14\non_micro\s14_n1\image185424.bmp|C:\Users\iRoti\Desktop\tt\SMIC\SMIC_all_raw\HS\s14\non_micro\s14_n1\image185425.bmp|C:\Users\iRoti\Desktop\tt\SMIC\SMIC_all_raw\HS\s14\non_micro\s14_n1\image185426.bmp|C:\Users\iRoti\Desktop\tt\SMIC\SMIC_all_raw\HS\s14\non_micro\s14_n1\image185427.bmp|C:\Users\iRoti\Desktop\tt\SMIC\SMIC_all_raw\HS\s14\non_micro\s14_n1\image185428.bmp|C:\Users\iRoti\Desktop\tt\SMIC\SMIC_all_raw\HS\s14\non_micro\s14_n1\image185429.bmp|C:\Users\iRoti\Desktop\tt\SMIC\SMIC_all_raw\HS\s14\non_micro\s14_n1\image185430.bmp|C:\Users\iRoti\Desktop\tt\SMIC\SMIC_all_raw\HS\s14\non_micro\s14_n1\image185431.bmp|C:\Users\iRoti\Desktop\tt\SMIC\SMIC_all_raw\HS\s14\non_micro\s14_n1\image185432.bmp|C:\Users\iRoti\Desktop\tt\SMIC\SMIC_all_raw\HS\s14\non_micro\s14_n1\image185433.bmp|C:\Users\iRoti\Desktop\tt\SMIC\SMIC_all_raw\HS\s14\non_micro\s14_n1\image185434.bmp|C:\Users\iRoti\Desktop\tt\SMIC\SMIC_all_raw\HS\s14\non_micro\s14_n1\image185435.bmp|C:\Users\iRoti\Desktop\tt\SMIC\SMIC_all_raw\HS\s14\non_micro\s14_n1\image185436.bmp|C:\Users\iRoti\Desktop\tt\SMIC\SMIC_all_raw\HS\s14\non_micro\s14_n1\image185437.bmp|C:\Users\iRoti\Desktop\tt\SMIC\SMIC_all_raw\HS\s14\non_micro\s14_n1\image185438.bmp|C:\Users\iRoti\Desktop\tt\SMIC\SMIC_all_raw\HS\s14\non_micro\s14_n1\image185439.bmp|C:\Users\iRoti\Desktop\tt\SMIC\SMIC_all_raw\HS\s14\non_micro\s14_n1\image185440.bmp|C:\Users\iRoti\Desktop\tt\SMIC\SMIC_all_raw\HS\s14\non_micro\s14_n1\image185441.bmp|C:\Users\iRoti\Desktop\tt\SMIC\SMIC_all_raw\HS\s14\non_micro\s14_n1\image185442.bmp|C:\Users\iRoti\Desktop\tt\SMIC\SMIC_all_raw\HS\s14\non_micro\s14_n1\image185443.bmp|C:\Users\iRoti\Desktop\tt\SMIC\SMIC_all_raw\HS\s14\non_micro\s14_n1\image185444.bmp|C:\Users\iRoti\Desktop\tt\SMIC\SMIC_all_raw\HS\s14\non_micro\s14_n1\image185445.bmp|C:\Users\iRoti\Desktop\tt\SMIC\SMIC_all_raw\HS\s14\non_micro\s14_n1\image185446.bmp|C:\Users\iRoti\Desktop\tt\SMIC\SMIC_all_raw\HS\s14\non_micro\s14_n1\image185447.bmp|C:\Users\iRoti\Desktop\tt\SMIC\SMIC_all_raw\HS\s14\non_micro\s14_n1\image185448.bmp|C:\Users\iRoti\Desktop\tt\SMIC\SMIC_all_raw\HS\s14\non_micro\s14_n1\image185449.bmp|C:\Users\iRoti\Desktop\tt\SMIC\SMIC_all_raw\HS\s14\non_micro\s14_n1\image185450.bmp|C:\Users\iRoti\Desktop\tt\SMIC\SMIC_all_raw\HS\s14\non_micro\s14_n1\image185451.bmp|C:\Users\iRoti\Desktop\tt\SMIC\SMIC_all_raw\HS\s14\non_micro\s14_n1\image185452.bmp|C:\Users\iRoti\Desktop\tt\SMIC\SMIC_all_raw\HS\s14\non_micro\s14_n1\image185453.bmp|C:\Users\iRoti\Desktop\tt\SMIC\SMIC_all_raw\HS\s14\non_micro\s14_n1\image185454.bmp|C:\Users\iRoti\Desktop\tt\SMIC\SMIC_all_raw\HS\s14\non_micro\s14_n1\image185455.bmp|C:\Users\iRoti\Desktop\tt\SMIC\SMIC_all_raw\HS\s14\non_micro\s14_n1\image185456.bmp
s14,HS_100fps,Neutral,C:\Users\iRoti\Desktop\tt\SMIC\SMIC_all_raw\HS\s14\non_micro\s14_n10\image223521.bmp|C:\Users\iRoti\Desktop\tt\SMIC\SMIC_all_raw\HS\s14\non_micro\s14_n10\image223522.bmp|C:\Users\iRoti\Desktop\tt\SMIC\SMIC_all_raw\HS\s14\non_micro\s14_n10\image223523.bmp|C:\Users\iRoti\Desktop\tt\SMIC\SMIC_all_raw\HS\s14\non_micro\s14_n10\image223524.bmp|C:\Users\iRoti\Desktop\tt\SMIC\SMIC_all_raw\HS\s14\non_micro\s14_n10\image223525.bmp|C:\Users\iRoti\Desktop\tt\SMIC\SMIC_all_raw\HS\s14\non_micro\s14_n10\image223526.bmp|C:\Users\iRoti\Desktop\tt\SMIC\SMIC_all_raw\HS\s14\non_micro\s14_n10\image223527.bmp|C:\Users\iRoti\Desktop\tt\SMIC\SMIC_all_raw\HS\s14\non_micro\s14_n10\image223528.bmp|C:\Users\iRoti\Desktop\tt\SMIC\SMIC_all_raw\HS\s14\non_micro\s14_n10\image223529.bmp|C:\Users\iRoti\Desktop\tt\SMIC\SMIC_all_raw\HS\s14\non_micro\s14_n10\image223530.bmp|C:\Users\iRoti\Desktop\tt\SMIC\SMIC_all_raw\HS\s14\non_micro\s14_n10\image223531.bmp|C:\Users\iRoti\Desktop\tt\SMIC\SMIC_all_raw\HS\s14\non_micro\s14_n10\image223532.bmp|C:\Users\iRoti\Desktop\tt\SMIC\SMIC_all_raw\HS\s14\non_micro\s14_n10\image223533.bmp|C:\Users\iRoti\Desktop\tt\SMIC\SMIC_all_raw\HS\s14\non_micro\s14_n10\image223534.bmp|C:\Users\iRoti\Desktop\tt\SMIC\SMIC_all_raw\HS\s14\non_micro\s14_n10\image223535.bmp|C:\Users\iRoti\Desktop\tt\SMIC\SMIC_all_raw\HS\s14\non_micro\s14_n10\image223536.bmp|C:\Users\iRoti\Desktop\tt\SMIC\SMIC_all_raw\HS\s14\non_micro\s14_n10\image223537.bmp|C:\Users\iRoti\Desktop\tt\SMIC\SMIC_all_raw\HS\s14\non_micro\s14_n10\image223538.bmp|C:\Users\iRoti\Desktop\tt\SMIC\SMIC_all_raw\HS\s14\non_micro\s14_n10\image223539.bmp|C:\Users\iRoti\Desktop\tt\SMIC\SMIC_all_raw\HS\s14\non_micro\s14_n10\image223540.bmp|C:\Users\iRoti\Desktop\tt\SMIC\SMIC_all_raw\HS\s14\non_micro\s14_n10\image223541.bmp|C:\Users\iRoti\Desktop\tt\SMIC\SMIC_all_raw\HS\s14\non_micro\s14_n10\image223542.bmp|C:\Users\iRoti\Desktop\tt\SMIC\SMIC_all_raw\HS\s14\non_micro\s14_n10\image223543.bmp|C:\Users\iRoti\Desktop\tt\SMIC\SMIC_all_raw\HS\s14\non_micro\s14_n10\image223544.bmp|C:\Users\iRoti\Desktop\tt\SMIC\SMIC_all_raw\HS\s14\non_micro\s14_n10\image223545.bmp|C:\Users\iRoti\Desktop\tt\SMIC\SMIC_all_raw\HS\s14\non_micro\s14_n10\image223546.bmp|C:\Users\iRoti\Desktop\tt\SMIC\SMIC_all_raw\HS\s14\non_micro\s14_n10\image223547.bmp|C:\Users\iRoti\Desktop\tt\SMIC\SMIC_all_raw\HS\s14\non_micro\s14_n10\image223548.bmp|C:\Users\iRoti\Desktop\tt\SMIC\SMIC_all_raw\HS\s14\non_micro\s14_n10\image223549.bmp|C:\Users\iRoti\Desktop\tt\SMIC\SMIC_all_raw\HS\s14\non_micro\s14_n10\image223550.bmp|C:\Users\iRoti\Desktop\tt\SMIC\SMIC_all_raw\HS\s14\non_micro\s14_n10\image223551.bmp|C:\Users\iRoti\Desktop\tt\SMIC\SMIC_all_raw\HS\s14\non_micro\s14_n10\image223552.bmp|C:\Users\iRoti\Desktop\tt\SMIC\SMIC_all_raw\HS\s14\non_micro\s14_n10\image223553.bmp|C:\Users\iRoti\Desktop\tt\SMIC\SMIC_all_raw\HS\s14\non_micro\s14_n10\image223554.bmp|C:\Users\iRoti\Desktop\tt\SMIC\SMIC_all_raw\HS\s14\non_micro\s14_n10\image223555.bmp|C:\Users\iRoti\Desktop\tt\SMIC\SMIC_all_raw\HS\s14\non_micro\s14_n10\image223556.bmp|C:\Users\iRoti\Desktop\tt\SMIC\SMIC_all_raw\HS\s14\non_micro\s14_n10\image223557.bmp|C:\Users\iRoti\Desktop\tt\SMIC\SMIC_all_raw\HS\s14\non_micro\s14_n10\image223558.bmp|C:\Users\iRoti\Desktop\tt\SMIC\SMIC_all_raw\HS\s14\non_micro\s14_n10\image223559.bmp|C:\Users\iRoti\Desktop\tt\SMIC\SMIC_all_raw\HS\s14\non_micro\s14_n10\image223560.bmp|C:\Users\iRoti\Desktop\tt\SMIC\SMIC_all_raw\HS\s14\non_micro\s14_n10\image223561.bmp|C:\Users\iRoti\Desktop\tt\SMIC\SMIC_all_raw\HS\s14\non_micro\s14_n10\image223562.bmp|C:\Users\iRoti\Desktop\tt\SMIC\SMIC_all_raw\HS\s14\non_micro\s14_n10\image223563.bmp|C:\Users\iRoti\Desktop\tt\SMIC\SMIC_all_raw\HS\s14\non_micro\s14_n10\image223564.bmp
s14,HS_100fps,Neutral,C:\Users\iRoti\Desktop\tt\SMIC\SMIC_all_raw\HS\s14\non_micro\s14_n2\image244117.bmp|C:\Users\iRoti\Desktop\tt\SMIC\SMIC_all_raw\HS\s14\non_micro\s14_n2\image244118.bmp|C:\Users\iRoti\Desktop\tt\SMIC\SMIC_all_raw\HS\s14\non_micro\s14_n2\image244119.bmp|C:\Users\iRoti\Desktop\tt\SMIC\SMIC_all_raw\HS\s14\non_micro\s14_n2\image244120.bmp|C:\Users\iRoti\Desktop\tt\SMIC\SMIC_all_raw\HS\s14\non_micro\s14_n2\image244121.bmp|C:\Users\iRoti\Desktop\tt\SMIC\SMIC_all_raw\HS\s14\non_micro\s14_n2\image244122.bmp|C:\Users\iRoti\Desktop\tt\SMIC\SMIC_all_raw\HS\s14\non_micro\s14_n2\image244123.bmp|C:\Users\iRoti\Desktop\tt\SMIC\SMIC_all_raw\HS\s14\non_micro\s14_n2\image244124.bmp|C:\Users\iRoti\Desktop\tt\SMIC\SMIC_all_raw\HS\s14\non_micro\s14_n2\image244125.bmp|C:\Users\iRoti\Desktop\tt\SMIC\SMIC_all_raw\HS\s14\non_micro\s14_n2\image244126.bmp|C:\Users\iRoti\Desktop\tt\SMIC\SMIC_all_raw\HS\s14\non_micro\s14_n2\image244127.bmp|C:\Users\iRoti\Desktop\tt\SMIC\SMIC_all_raw\HS\s14\non_micro\s14_n2\image244128.bmp|C:\Users\iRoti\Desktop\tt\SMIC\SMIC_all_raw\HS\s14\non_micro\s14_n2\image244129.bmp|C:\Users\iRoti\Desktop\tt\SMIC\SMIC_all_raw\HS\s14\non_micro\s14_n2\image244130.bmp|C:\Users\iRoti\Desktop\tt\SMIC\SMIC_all_raw\HS\s14\non_micro\s14_n2\image244131.bmp|C:\Users\iRoti\Desktop\tt\SMIC\SMIC_all_raw\HS\s14\non_micro\s14_n2\image244132.bmp|C:\Users\iRoti\Desktop\tt\SMIC\SMIC_all_raw\HS\s14\non_micro\s14_n2\image244133.bmp|C:\Users\iRoti\Desktop\tt\SMIC\SMIC_all_raw\HS\s14\non_micro\s14_n2\image244134.bmp|C:\Users\iRoti\Desktop\tt\SMIC\SMIC_all_raw\HS\s14\non_micro\s14_n2\image244135.bmp|C:\Users\iRoti\Desktop\tt\SMIC\SMIC_all_raw\HS\s14\non_micro\s14_n2\image244136.bmp|C:\Users\iRoti\Desktop\tt\SMIC\SMIC_all_raw\HS\s14\non_micro\s14_n2\image244137.bmp|C:\Users\iRoti\Desktop\tt\SMIC\SMIC_all_raw\HS\s14\non_micro\s14_n2\image244138.bmp|C:\Users\iRoti\Desktop\tt\SMIC\SMIC_all_raw\HS\s14\non_micro\s14_n2\image244139.bmp|C:\Users\iRoti\Desktop\tt\SMIC\SMIC_all_raw\HS\s14\non_micro\s14_n2\image244140.bmp|C:\Users\iRoti\Desktop\tt\SMIC\SMIC_all_raw\HS\s14\non_micro\s14_n2\image244141.bmp|C:\Users\iRoti\Desktop\tt\SMIC\SMIC_all_raw\HS\s14\non_micro\s14_n2\image244142.bmp|C:\Users\iRoti\Desktop\tt\SMIC\SMIC_all_raw\HS\s14\non_micro\s14_n2\image244143.bmp|C:\Users\iRoti\Desktop\tt\SMIC\SMIC_all_raw\HS\s14\non_micro\s14_n2\image244144.bmp|C:\Users\iRoti\Desktop\tt\SMIC\SMIC_all_raw\HS\s14\non_micro\s14_n2\image244145.bmp|C:\Users\iRoti\Desktop\tt\SMIC\SMIC_all_raw\HS\s14\non_micro\s14_n2\image244146.bmp|C:\Users\iRoti\Desktop\tt\SMIC\SMIC_all_raw\HS\s14\non_micro\s14_n2\image244147.bmp|C:\Users\iRoti\Desktop\tt\SMIC\SMIC_all_raw\HS\s14\non_micro\s14_n2\image244148.bmp|C:\Users\iRoti\Desktop\tt\SMIC\SMIC_all_raw\HS\s14\non_micro\s14_n2\image244149.bmp|C:\Users\iRoti\Desktop\tt\SMIC\SMIC_all_raw\HS\s14\non_micro\s14_n2\image244150.bmp|C:\Users\iRoti\Desktop\tt\SMIC\SMIC_all_raw\HS\s14\non_micro\s14_n2\image244151.bmp|C:\Users\iRoti\Desktop\tt\SMIC\SMIC_all_raw\HS\s14\non_micro\s14_n2\image244152.bmp|C:\Users\iRoti\Desktop\tt\SMIC\SMIC_all_raw\HS\s14\non_micro\s14_n2\image244153.bmp|C:\Users\iRoti\Desktop\tt\SMIC\SMIC_all_raw\HS\s14\non_micro\s14_n2\image244154.bmp|C:\Users\iRoti\Desktop\tt\SMIC\SMIC_all_raw\HS\s14\non_micro\s14_n2\image244155.bmp|C:\Users\iRoti\Desktop\tt\SMIC\SMIC_all_raw\HS\s14\non_micro\s14_n2\image244156.bmp|C:\Users\iRoti\Desktop\tt\SMIC\SMIC_all_raw\HS\s14\non_micro\s14_n2\image244157.bmp|C:\Users\iRoti\Desktop\tt\SMIC\SMIC_all_raw\HS\s14\non_micro\s14_n2\image244158.bmp|C:\Users\iRoti\Desktop\tt\SMIC\SMIC_all_raw\HS\s14\non_micro\s14_n2\image244159.bmp|C:\Users\iRoti\Desktop\tt\SMIC\SMIC_all_raw\HS\s14\non_micro\s14_n2\image244160.bmp
s14,HS_100fps,Neutral,C:\Users\iRoti\Desktop\tt\SMIC\SMIC_all_raw\HS\s14\non_micro\s14_n3\image280605.bmp|C:\Users\iRoti\Desktop\tt\SMIC\SMIC_all_raw\HS\s14\non_micro\s14_n3\image280606.bmp|C:\Users\iRoti\Desktop\tt\SMIC\SMIC_all_raw\HS\s14\non_micro\s14_n3\image280607.bmp|C:\Users\iRoti\Desktop\tt\SMIC\SMIC_all_raw\HS\s14\non_micro\s14_n3\image280608.bmp|C:\Users\iRoti\Desktop\tt\SMIC\SMIC_all_raw\HS\s14\non_micro\s14_n3\image280609.bmp|C:\Users\iRoti\Desktop\tt\SMIC\SMIC_all_raw\HS\s14\non_micro\s14_n3\image280610.bmp|C:\Users\iRoti\Desktop\tt\SMIC\SMIC_all_raw\HS\s14\non_micro\s14_n3\image280611.bmp|C:\Users\iRoti\Desktop\tt\SMIC\SMIC_all_raw\HS\s14\non_micro\s14_n3\image280612.bmp|C:\Users\iRoti\Desktop\tt\SMIC\SMIC_all_raw\HS\s14\non_micro\s14_n3\image280613.bmp|C:\Users\iRoti\Desktop\tt\SMIC\SMIC_all_raw\HS\s14\non_micro\s14_n3\image280614.bmp|C:\Users\iRoti\Desktop\tt\SMIC\SMIC_all_raw\HS\s14\non_micro\s14_n3\image280615.bmp|C:\Users\iRoti\Desktop\tt\SMIC\SMIC_all_raw\HS\s14\non_micro\s14_n3\image280616.bmp|C:\Users\iRoti\Desktop\tt\SMIC\SMIC_all_raw\HS\s14\non_micro\s14_n3\image280617.bmp|C:\Users\iRoti\Desktop\tt\SMIC\SMIC_all_raw\HS\s14\non_micro\s14_n3\image280618.bmp|C:\Users\iRoti\Desktop\tt\SMIC\SMIC_all_raw\HS\s14\non_micro\s14_n3\image280619.bmp|C:\Users\iRoti\Desktop\tt\SMIC\SMIC_all_raw\HS\s14\non_micro\s14_n3\image280620.bmp|C:\Users\iRoti\Desktop\tt\SMIC\SMIC_all_raw\HS\s14\non_micro\s14_n3\image280621.bmp|C:\Users\iRoti\Desktop\tt\SMIC\SMIC_all_raw\HS\s14\non_micro\s14_n3\image280622.bmp|C:\Users\iRoti\Desktop\tt\SMIC\SMIC_all_raw\HS\s14\non_micro\s14_n3\image280623.bmp|C:\Users\iRoti\Desktop\tt\SMIC\SMIC_all_raw\HS\s14\non_micro\s14_n3\image280624.bmp|C:\Users\iRoti\Desktop\tt\SMIC\SMIC_all_raw\HS\s14\non_micro\s14_n3\image280625.bmp|C:\Users\iRoti\Desktop\tt\SMIC\SMIC_all_raw\HS\s14\non_micro\s14_n3\image280626.bmp|C:\Users\iRoti\Desktop\tt\SMIC\SMIC_all_raw\HS\s14\non_micro\s14_n3\image280627.bmp|C:\Users\iRoti\Desktop\tt\SMIC\SMIC_all_raw\HS\s14\non_micro\s14_n3\image280628.bmp|C:\Users\iRoti\Desktop\tt\SMIC\SMIC_all_raw\HS\s14\non_micro\s14_n3\image280629.bmp|C:\Users\iRoti\Desktop\tt\SMIC\SMIC_all_raw\HS\s14\non_micro\s14_n3\image280630.bmp|C:\Users\iRoti\Desktop\tt\SMIC\SMIC_all_raw\HS\s14\non_micro\s14_n3\image280631.bmp|C:\Users\iRoti\Desktop\tt\SMIC\SMIC_all_raw\HS\s14\non_micro\s14_n3\image280632.bmp|C:\Users\iRoti\Desktop\tt\SMIC\SMIC_all_raw\HS\s14\non_micro\s14_n3\image280633.bmp|C:\Users\iRoti\Desktop\tt\SMIC\SMIC_all_raw\HS\s14\non_micro\s14_n3\image280634.bmp|C:\Users\iRoti\Desktop\tt\SMIC\SMIC_all_raw\HS\s14\non_micro\s14_n3\image280635.bmp|C:\Users\iRoti\Desktop\tt\SMIC\SMIC_all_raw\HS\s14\non_micro\s14_n3\image280636.bmp|C:\Users\iRoti\Desktop\tt\SMIC\SMIC_all_raw\HS\s14\non_micro\s14_n3\image280637.bmp|C:\Users\iRoti\Desktop\tt\SMIC\SMIC_all_raw\HS\s14\non_micro\s14_n3\image280638.bmp|C:\Users\iRoti\Desktop\tt\SMIC\SMIC_all_raw\HS\s14\non_micro\s14_n3\image280639.bmp|C:\Users\iRoti\Desktop\tt\SMIC\SMIC_all_raw\HS\s14\non_micro\s14_n3\image280640.bmp|C:\Users\iRoti\Desktop\tt\SMIC\SMIC_all_raw\HS\s14\non_micro\s14_n3\image280641.bmp|C:\Users\iRoti\Desktop\tt\SMIC\SMIC_all_raw\HS\s14\non_micro\s14_n3\image280642.bmp|C:\Users\iRoti\Desktop\tt\SMIC\SMIC_all_raw\HS\s14\non_micro\s14_n3\image280643.bmp|C:\Users\iRoti\Desktop\tt\SMIC\SMIC_all_raw\HS\s14\non_micro\s14_n3\image280644.bmp|C:\Users\iRoti\Desktop\tt\SMIC\SMIC_all_raw\HS\s14\non_micro\s14_n3\image280645.bmp|C:\Users\iRoti\Desktop\tt\SMIC\SMIC_all_raw\HS\s14\non_micro\s14_n3\image280646.bmp|C:\Users\iRoti\Desktop\tt\SMIC\SMIC_all_raw\HS\s14\non_micro\s14_n3\image280647.bmp|C:\Users\iRoti\Desktop\tt\SMIC\SMIC_all_raw\HS\s14\non_micro\s14_n3\image280648.bmp|C:\Users\iRoti\Desktop\tt\SMIC\SMIC_all_raw\HS\s14\non_micro\s14_n3\image280649.bmp|C:\Users\iRoti\Desktop\tt\SMIC\SMIC_all_raw\HS\s14\non_micro\s14_n3\image280650.bmp|C:\Users\iRoti\Desktop\tt\SMIC\SMIC_all_raw\HS\s14\non_micro\s14_n3\image280651.bmp|C:\Users\iRoti\Desktop\tt\SMIC\SMIC_all_raw\HS\s14\non_micro\s14_n3\image280652.bmp
s14,HS_100fps,Neutral,C:\Users\iRoti\Desktop\tt\SMIC\SMIC_all_raw\HS\s14\non_micro\s14_n4\image094885.bmp|C:\Users\iRoti\Desktop\tt\SMIC\SMIC_all_raw\HS\s14\non_micro\s14_n4\image094886.bmp|C:\Users\iRoti\Desktop\tt\SMIC\SMIC_all_raw\HS\s14\non_micro\s14_n4\image094887.bmp|C:\Users\iRoti\Desktop\tt\SMIC\SMIC_all_raw\HS\s14\non_micro\s14_n4\image094888.bmp|C:\Users\iRoti\Desktop\tt\SMIC\SMIC_all_raw\HS\s14\non_micro\s14_n4\image094889.bmp|C:\Users\iRoti\Desktop\tt\SMIC\SMIC_all_raw\HS\s14\non_micro\s14_n4\image094890.bmp|C:\Users\iRoti\Desktop\tt\SMIC\SMIC_all_raw\HS\s14\non_micro\s14_n4\image094891.bmp|C:\Users\iRoti\Desktop\tt\SMIC\SMIC_all_raw\HS\s14\non_micro\s14_n4\image094892.bmp|C:\Users\iRoti\Desktop\tt\SMIC\SMIC_all_raw\HS\s14\non_micro\s14_n4\image094893.bmp|C:\Users\iRoti\Desktop\tt\SMIC\SMIC_all_raw\HS\s14\non_micro\s14_n4\image094894.bmp|C:\Users\iRoti\Desktop\tt\SMIC\SMIC_all_raw\HS\s14\non_micro\s14_n4\image094895.bmp|C:\Users\iRoti\Desktop\tt\SMIC\SMIC_all_raw\HS\s14\non_micro\s14_n4\image094896.bmp|C:\Users\iRoti\Desktop\tt\SMIC\SMIC_all_raw\HS\s14\non_micro\s14_n4\image094897.bmp|C:\Users\iRoti\Desktop\tt\SMIC\SMIC_all_raw\HS\s14\non_micro\s14_n4\image094898.bmp|C:\Users\iRoti\Desktop\tt\SMIC\SMIC_all_raw\HS\s14\non_micro\s14_n4\image094899.bmp|C:\Users\iRoti\Desktop\tt\SMIC\SMIC_all_raw\HS\s14\non_micro\s14_n4\image094900.bmp|C:\Users\iRoti\Desktop\tt\SMIC\SMIC_all_raw\HS\s14\non_micro\s14_n4\image094901.bmp|C:\Users\iRoti\Desktop\tt\SMIC\SMIC_all_raw\HS\s14\non_micro\s14_n4\image094902.bmp|C:\Users\iRoti\Desktop\tt\SMIC\SMIC_all_raw\HS\s14\non_micro\s14_n4\image094903.bmp|C:\Users\iRoti\Desktop\tt\SMIC\SMIC_all_raw\HS\s14\non_micro\s14_n4\image094904.bmp|C:\Users\iRoti\Desktop\tt\SMIC\SMIC_all_raw\HS\s14\non_micro\s14_n4\image094905.bmp|C:\Users\iRoti\Desktop\tt\SMIC\SMIC_all_raw\HS\s14\non_micro\s14_n4\image094906.bmp|C:\Users\iRoti\Desktop\tt\SMIC\SMIC_all_raw\HS\s14\non_micro\s14_n4\image094907.bmp|C:\Users\iRoti\Desktop\tt\SMIC\SMIC_all_raw\HS\s14\non_micro\s14_n4\image094908.bmp|C:\Users\iRoti\Desktop\tt\SMIC\SMIC_all_raw\HS\s14\non_micro\s14_n4\image094909.bmp|C:\Users\iRoti\Desktop\tt\SMIC\SMIC_all_raw\HS\s14\non_micro\s14_n4\image094910.bmp|C:\Users\iRoti\Desktop\tt\SMIC\SMIC_all_raw\HS\s14\non_micro\s14_n4\image094911.bmp|C:\Users\iRoti\Desktop\tt\SMIC\SMIC_all_raw\HS\s14\non_micro\s14_n4\image094912.bmp|C:\Users\iRoti\Desktop\tt\SMIC\SMIC_all_raw\HS\s14\non_micro\s14_n4\image094913.bmp|C:\Users\iRoti\Desktop\tt\SMIC\SMIC_all_raw\HS\s14\non_micro\s14_n4\image094914.bmp|C:\Users\iRoti\Desktop\tt\SMIC\SMIC_all_raw\HS\s14\non_micro\s14_n4\image094915.bmp|C:\Users\iRoti\Desktop\tt\SMIC\SMIC_all_raw\HS\s14\non_micro\s14_n4\image094916.bmp|C:\Users\iRoti\Desktop\tt\SMIC\SMIC_all_raw\HS\s14\non_micro\s14_n4\image094917.bmp|C:\Users\iRoti\Desktop\tt\SMIC\SMIC_all_raw\HS\s14\non_micro\s14_n4\image094918.bmp|C:\Users\iRoti\Desktop\tt\SMIC\SMIC_all_raw\HS\s14\non_micro\s14_n4\image094919.bmp|C:\Users\iRoti\Desktop\tt\SMIC\SMIC_all_raw\HS\s14\non_micro\s14_n4\image094920.bmp|C:\Users\iRoti\Desktop\tt\SMIC\SMIC_all_raw\HS\s14\non_micro\s14_n4\image094921.bmp|C:\Users\iRoti\Desktop\tt\SMIC\SMIC_all_raw\HS\s14\non_micro\s14_n4\image094922.bmp|C:\Users\iRoti\Desktop\tt\SMIC\SMIC_all_raw\HS\s14\non_micro\s14_n4\image094923.bmp|C:\Users\iRoti\Desktop\tt\SMIC\SMIC_all_raw\HS\s14\non_micro\s14_n4\image094924.bmp
s14,HS_100fps,Neutral,C:\Users\iRoti\Desktop\tt\SMIC\SMIC_all_raw\HS\s14\non_micro\s14_n5\image181721.bmp|C:\Users\iRoti\Desktop\tt\SMIC\SMIC_all_raw\HS\s14\non_micro\s14_n5\image181722.bmp|C:\Users\iRoti\Desktop\tt\SMIC\SMIC_all_raw\HS\s14\non_micro\s14_n5\image181723.bmp|C:\Users\iRoti\Desktop\tt\SMIC\SMIC_all_raw\HS\s14\non_micro\s14_n5\image181724.bmp|C:\Users\iRoti\Desktop\tt\SMIC\SMIC_all_raw\HS\s14\non_micro\s14_n5\image181725.bmp|C:\Users\iRoti\Desktop\tt\SMIC\SMIC_all_raw\HS\s14\non_micro\s14_n5\image181726.bmp|C:\Users\iRoti\Desktop\tt\SMIC\SMIC_all_raw\HS\s14\non_micro\s14_n5\image181727.bmp|C:\Users\iRoti\Desktop\tt\SMIC\SMIC_all_raw\HS\s14\non_micro\s14_n5\image181728.bmp|C:\Users\iRoti\Desktop\tt\SMIC\SMIC_all_raw\HS\s14\non_micro\s14_n5\image181729.bmp|C:\Users\iRoti\Desktop\tt\SMIC\SMIC_all_raw\HS\s14\non_micro\s14_n5\image181730.bmp|C:\Users\iRoti\Desktop\tt\SMIC\SMIC_all_raw\HS\s14\non_micro\s14_n5\image181731.bmp|C:\Users\iRoti\Desktop\tt\SMIC\SMIC_all_raw\HS\s14\non_micro\s14_n5\image181732.bmp|C:\Users\iRoti\Desktop\tt\SMIC\SMIC_all_raw\HS\s14\non_micro\s14_n5\image181733.bmp|C:\Users\iRoti\Desktop\tt\SMIC\SMIC_all_raw\HS\s14\non_micro\s14_n5\image181734.bmp|C:\Users\iRoti\Desktop\tt\SMIC\SMIC_all_raw\HS\s14\non_micro\s14_n5\image181735.bmp|C:\Users\iRoti\Desktop\tt\SMIC\SMIC_all_raw\HS\s14\non_micro\s14_n5\image181736.bmp|C:\Users\iRoti\Desktop\tt\SMIC\SMIC_all_raw\HS\s14\non_micro\s14_n5\image181737.bmp|C:\Users\iRoti\Desktop\tt\SMIC\SMIC_all_raw\HS\s14\non_micro\s14_n5\image181738.bmp|C:\Users\iRoti\Desktop\tt\SMIC\SMIC_all_raw\HS\s14\non_micro\s14_n5\image181739.bmp|C:\Users\iRoti\Desktop\tt\SMIC\SMIC_all_raw\HS\s14\non_micro\s14_n5\image181740.bmp|C:\Users\iRoti\Desktop\tt\SMIC\SMIC_all_raw\HS\s14\non_micro\s14_n5\image181741.bmp|C:\Users\iRoti\Desktop\tt\SMIC\SMIC_all_raw\HS\s14\non_micro\s14_n5\image181742.bmp|C:\Users\iRoti\Desktop\tt\SMIC\SMIC_all_raw\HS\s14\non_micro\s14_n5\image181743.bmp|C:\Users\iRoti\Desktop\tt\SMIC\SMIC_all_raw\HS\s14\non_micro\s14_n5\image181744.bmp|C:\Users\iRoti\Desktop\tt\SMIC\SMIC_all_raw\HS\s14\non_micro\s14_n5\image181745.bmp|C:\Users\iRoti\Desktop\tt\SMIC\SMIC_all_raw\HS\s14\non_micro\s14_n5\image181746.bmp|C:\Users\iRoti\Desktop\tt\SMIC\SMIC_all_raw\HS\s14\non_micro\s14_n5\image181747.bmp|C:\Users\iRoti\Desktop\tt\SMIC\SMIC_all_raw\HS\s14\non_micro\s14_n5\image181748.bmp|C:\Users\iRoti\Desktop\tt\SMIC\SMIC_all_raw\HS\s14\non_micro\s14_n5\image181749.bmp|C:\Users\iRoti\Desktop\tt\SMIC\SMIC_all_raw\HS\s14\non_micro\s14_n5\image181750.bmp|C:\Users\iRoti\Desktop\tt\SMIC\SMIC_all_raw\HS\s14\non_micro\s14_n5\image181751.bmp|C:\Users\iRoti\Desktop\tt\SMIC\SMIC_all_raw\HS\s14\non_micro\s14_n5\image181752.bmp|C:\Users\iRoti\Desktop\tt\SMIC\SMIC_all_raw\HS\s14\non_micro\s14_n5\image181753.bmp|C:\Users\iRoti\Desktop\tt\SMIC\SMIC_all_raw\HS\s14\non_micro\s14_n5\image181754.bmp|C:\Users\iRoti\Desktop\tt\SMIC\SMIC_all_raw\HS\s14\non_micro\s14_n5\image181755.bmp|C:\Users\iRoti\Desktop\tt\SMIC\SMIC_all_raw\HS\s14\non_micro\s14_n5\image181756.bmp|C:\Users\iRoti\Desktop\tt\SMIC\SMIC_all_raw\HS\s14\non_micro\s14_n5\image181757.bmp|C:\Users\iRoti\Desktop\tt\SMIC\SMIC_all_raw\HS\s14\non_micro\s14_n5\image181758.bmp|C:\Users\iRoti\Desktop\tt\SMIC\SMIC_all_raw\HS\s14\non_micro\s14_n5\image181759.bmp|C:\Users\iRoti\Desktop\tt\SMIC\SMIC_all_raw\HS\s14\non_micro\s14_n5\image181760.bmp|C:\Users\iRoti\Desktop\tt\SMIC\SMIC_all_raw\HS\s14\non_micro\s14_n5\image181761.bmp|C:\Users\iRoti\Desktop\tt\SMIC\SMIC_all_raw\HS\s14\non_micro\s14_n5\image181762.bmp|C:\Users\iRoti\Desktop\tt\SMIC\SMIC_all_raw\HS\s14\non_micro\s14_n5\image181763.bmp|C:\Users\iRoti\Desktop\tt\SMIC\SMIC_all_raw\HS\s14\non_micro\s14_n5\image181764.bmp|C:\Users\iRoti\Desktop\tt\SMIC\SMIC_all_raw\HS\s14\non_micro\s14_n5\image181765.bmp|C:\Users\iRoti\Desktop\tt\SMIC\SMIC_all_raw\HS\s14\non_micro\s14_n5\image181766.bmp|C:\Users\iRoti\Desktop\tt\SMIC\SMIC_all_raw\HS\s14\non_micro\s14_n5\image181767.bmp|C:\Users\iRoti\Desktop\tt\SMIC\SMIC_all_raw\HS\s14\non_micro\s14_n5\image181768.bmp|C:\Users\iRoti\Desktop\tt\SMIC\SMIC_all_raw\HS\s14\non_micro\s14_n5\image181769.bmp|C:\Users\iRoti\Desktop\tt\SMIC\SMIC_all_raw\HS\s14\non_micro\s14_n5\image181770.bmp
s14,HS_100fps,Neutral,C:\Users\iRoti\Desktop\tt\SMIC\SMIC_all_raw\HS\s14\non_micro\s14_n6\image171233.bmp|C:\Users\iRoti\Desktop\tt\SMIC\SMIC_all_raw\HS\s14\non_micro\s14_n6\image171234.bmp|C:\Users\iRoti\Desktop\tt\SMIC\SMIC_all_raw\HS\s14\non_micro\s14_n6\image171235.bmp|C:\Users\iRoti\Desktop\tt\SMIC\SMIC_all_raw\HS\s14\non_micro\s14_n6\image171236.bmp|C:\Users\iRoti\Desktop\tt\SMIC\SMIC_all_raw\HS\s14\non_micro\s14_n6\image171237.bmp|C:\Users\iRoti\Desktop\tt\SMIC\SMIC_all_raw\HS\s14\non_micro\s14_n6\image171238.bmp|C:\Users\iRoti\Desktop\tt\SMIC\SMIC_all_raw\HS\s14\non_micro\s14_n6\image171239.bmp|C:\Users\iRoti\Desktop\tt\SMIC\SMIC_all_raw\HS\s14\non_micro\s14_n6\image171240.bmp|C:\Users\iRoti\Desktop\tt\SMIC\SMIC_all_raw\HS\s14\non_micro\s14_n6\image171241.bmp|C:\Users\iRoti\Desktop\tt\SMIC\SMIC_all_raw\HS\s14\non_micro\s14_n6\image171242.bmp|C:\Users\iRoti\Desktop\tt\SMIC\SMIC_all_raw\HS\s14\non_micro\s14_n6\image171243.bmp|C:\Users\iRoti\Desktop\tt\SMIC\SMIC_all_raw\HS\s14\non_micro\s14_n6\image171244.bmp|C:\Users\iRoti\Desktop\tt\SMIC\SMIC_all_raw\HS\s14\non_micro\s14_n6\image171245.bmp|C:\Users\iRoti\Desktop\tt\SMIC\SMIC_all_raw\HS\s14\non_micro\s14_n6\image171246.bmp|C:\Users\iRoti\Desktop\tt\SMIC\SMIC_all_raw\HS\s14\non_micro\s14_n6\image171247.bmp|C:\Users\iRoti\Desktop\tt\SMIC\SMIC_all_raw\HS\s14\non_micro\s14_n6\image171248.bmp|C:\Users\iRoti\Desktop\tt\SMIC\SMIC_all_raw\HS\s14\non_micro\s14_n6\image171249.bmp|C:\Users\iRoti\Desktop\tt\SMIC\SMIC_all_raw\HS\s14\non_micro\s14_n6\image171250.bmp|C:\Users\iRoti\Desktop\tt\SMIC\SMIC_all_raw\HS\s14\non_micro\s14_n6\image171251.bmp|C:\Users\iRoti\Desktop\tt\SMIC\SMIC_all_raw\HS\s14\non_micro\s14_n6\image171252.bmp|C:\Users\iRoti\Desktop\tt\SMIC\SMIC_all_raw\HS\s14\non_micro\s14_n6\image171253.bmp|C:\Users\iRoti\Desktop\tt\SMIC\SMIC_all_raw\HS\s14\non_micro\s14_n6\image171254.bmp|C:\Users\iRoti\Desktop\tt\SMIC\SMIC_all_raw\HS\s14\non_micro\s14_n6\image171255.bmp|C:\Users\iRoti\Desktop\tt\SMIC\SMIC_all_raw\HS\s14\non_micro\s14_n6\image171256.bmp|C:\Users\iRoti\Desktop\tt\SMIC\SMIC_all_raw\HS\s14\non_micro\s14_n6\image171257.bmp|C:\Users\iRoti\Desktop\tt\SMIC\SMIC_all_raw\HS\s14\non_micro\s14_n6\image171258.bmp|C:\Users\iRoti\Desktop\tt\SMIC\SMIC_all_raw\HS\s14\non_micro\s14_n6\image171259.bmp|C:\Users\iRoti\Desktop\tt\SMIC\SMIC_all_raw\HS\s14\non_micro\s14_n6\image171260.bmp|C:\Users\iRoti\Desktop\tt\SMIC\SMIC_all_raw\HS\s14\non_micro\s14_n6\image171261.bmp|C:\Users\iRoti\Desktop\tt\SMIC\SMIC_all_raw\HS\s14\non_micro\s14_n6\image171262.bmp|C:\Users\iRoti\Desktop\tt\SMIC\SMIC_all_raw\HS\s14\non_micro\s14_n6\image171263.bmp|C:\Users\iRoti\Desktop\tt\SMIC\SMIC_all_raw\HS\s14\non_micro\s14_n6\image171264.bmp|C:\Users\iRoti\Desktop\tt\SMIC\SMIC_all_raw\HS\s14\non_micro\s14_n6\image171265.bmp|C:\Users\iRoti\Desktop\tt\SMIC\SMIC_all_raw\HS\s14\non_micro\s14_n6\image171266.bmp|C:\Users\iRoti\Desktop\tt\SMIC\SMIC_all_raw\HS\s14\non_micro\s14_n6\image171267.bmp|C:\Users\iRoti\Desktop\tt\SMIC\SMIC_all_raw\HS\s14\non_micro\s14_n6\image171268.bmp
s14,HS_100fps,Neutral,C:\Users\iRoti\Desktop\tt\SMIC\SMIC_all_raw\HS\s14\non_micro\s14_n7\image070561.bmp|C:\Users\iRoti\Desktop\tt\SMIC\SMIC_all_raw\HS\s14\non_micro\s14_n7\image070562.bmp|C:\Users\iRoti\Desktop\tt\SMIC\SMIC_all_raw\HS\s14\non_micro\s14_n7\image070563.bmp|C:\Users\iRoti\Desktop\tt\SMIC\SMIC_all_raw\HS\s14\non_micro\s14_n7\image070564.bmp|C:\Users\iRoti\Desktop\tt\SMIC\SMIC_all_raw\HS\s14\non_micro\s14_n7\image070565.bmp|C:\Users\iRoti\Desktop\tt\SMIC\SMIC_all_raw\HS\s14\non_micro\s14_n7\image070566.bmp|C:\Users\iRoti\Desktop\tt\SMIC\SMIC_all_raw\HS\s14\non_micro\s14_n7\image070567.bmp|C:\Users\iRoti\Desktop\tt\SMIC\SMIC_all_raw\HS\s14\non_micro\s14_n7\image070568.bmp|C:\Users\iRoti\Desktop\tt\SMIC\SMIC_all_raw\HS\s14\non_micro\s14_n7\image070569.bmp|C:\Users\iRoti\Desktop\tt\SMIC\SMIC_all_raw\HS\s14\non_micro\s14_n7\image070570.bmp|C:\Users\iRoti\Desktop\tt\SMIC\SMIC_all_raw\HS\s14\non_micro\s14_n7\image070571.bmp|C:\Users\iRoti\Desktop\tt\SMIC\SMIC_all_raw\HS\s14\non_micro\s14_n7\image070572.bmp|C:\Users\iRoti\Desktop\tt\SMIC\SMIC_all_raw\HS\s14\non_micro\s14_n7\image070573.bmp|C:\Users\iRoti\Desktop\tt\SMIC\SMIC_all_raw\HS\s14\non_micro\s14_n7\image070574.bmp|C:\Users\iRoti\Desktop\tt\SMIC\SMIC_all_raw\HS\s14\non_micro\s14_n7\image070575.bmp|C:\Users\iRoti\Desktop\tt\SMIC\SMIC_all_raw\HS\s14\non_micro\s14_n7\image070576.bmp|C:\Users\iRoti\Desktop\tt\SMIC\SMIC_all_raw\HS\s14\non_micro\s14_n7\image070577.bmp|C:\Users\iRoti\Desktop\tt\SMIC\SMIC_all_raw\HS\s14\non_micro\s14_n7\image070578.bmp|C:\Users\iRoti\Desktop\tt\SMIC\SMIC_all_raw\HS\s14\non_micro\s14_n7\image070579.bmp|C:\Users\iRoti\Desktop\tt\SMIC\SMIC_all_raw\HS\s14\non_micro\s14_n7\image070580.bmp|C:\Users\iRoti\Desktop\tt\SMIC\SMIC_all_raw\HS\s14\non_micro\s14_n7\image070581.bmp|C:\Users\iRoti\Desktop\tt\SMIC\SMIC_all_raw\HS\s14\non_micro\s14_n7\image070582.bmp|C:\Users\iRoti\Desktop\tt\SMIC\SMIC_all_raw\HS\s14\non_micro\s14_n7\image070583.bmp|C:\Users\iRoti\Desktop\tt\SMIC\SMIC_all_raw\HS\s14\non_micro\s14_n7\image070584.bmp|C:\Users\iRoti\Desktop\tt\SMIC\SMIC_all_raw\HS\s14\non_micro\s14_n7\image070585.bmp|C:\Users\iRoti\Desktop\tt\SMIC\SMIC_all_raw\HS\s14\non_micro\s14_n7\image070586.bmp|C:\Users\iRoti\Desktop\tt\SMIC\SMIC_all_raw\HS\s14\non_micro\s14_n7\image070587.bmp|C:\Users\iRoti\Desktop\tt\SMIC\SMIC_all_raw\HS\s14\non_micro\s14_n7\image070588.bmp|C:\Users\iRoti\Desktop\tt\SMIC\SMIC_all_raw\HS\s14\non_micro\s14_n7\image070589.bmp|C:\Users\iRoti\Desktop\tt\SMIC\SMIC_all_raw\HS\s14\non_micro\s14_n7\image070590.bmp|C:\Users\iRoti\Desktop\tt\SMIC\SMIC_all_raw\HS\s14\non_micro\s14_n7\image070591.bmp|C:\Users\iRoti\Desktop\tt\SMIC\SMIC_all_raw\HS\s14\non_micro\s14_n7\image070592.bmp|C:\Users\iRoti\Desktop\tt\SMIC\SMIC_all_raw\HS\s14\non_micro\s14_n7\image070593.bmp|C:\Users\iRoti\Desktop\tt\SMIC\SMIC_all_raw\HS\s14\non_micro\s14_n7\image070594.bmp|C:\Users\iRoti\Desktop\tt\SMIC\SMIC_all_raw\HS\s14\non_micro\s14_n7\image070595.bmp|C:\Users\iRoti\Desktop\tt\SMIC\SMIC_all_raw\HS\s14\non_micro\s14_n7\image070596.bmp|C:\Users\iRoti\Desktop\tt\SMIC\SMIC_all_raw\HS\s14\non_micro\s14_n7\image070597.bmp|C:\Users\iRoti\Desktop\tt\SMIC\SMIC_all_raw\HS\s14\non_micro\s14_n7\image070598.bmp|C:\Users\iRoti\Desktop\tt\SMIC\SMIC_all_raw\HS\s14\non_micro\s14_n7\image070599.bmp|C:\Users\iRoti\Desktop\tt\SMIC\SMIC_all_raw\HS\s14\non_micro\s14_n7\image070600.bmp|C:\Users\iRoti\Desktop\tt\SMIC\SMIC_all_raw\HS\s14\non_micro\s14_n7\image070601.bmp|C:\Users\iRoti\Desktop\tt\SMIC\SMIC_all_raw\HS\s14\non_micro\s14_n7\image070602.bmp|C:\Users\iRoti\Desktop\tt\SMIC\SMIC_all_raw\HS\s14\non_micro\s14_n7\image070603.bmp|C:\Users\iRoti\Desktop\tt\SMIC\SMIC_all_raw\HS\s14\non_micro\s14_n7\image070604.bmp|C:\Users\iRoti\Desktop\tt\SMIC\SMIC_all_raw\HS\s14\non_micro\s14_n7\image070605.bmp|C:\Users\iRoti\Desktop\tt\SMIC\SMIC_all_raw\HS\s14\non_micro\s14_n7\image070606.bmp|C:\Users\iRoti\Desktop\tt\SMIC\SMIC_all_raw\HS\s14\non_micro\s14_n7\image070607.bmp|C:\Users\iRoti\Desktop\tt\SMIC\SMIC_all_raw\HS\s14\non_micro\s14_n7\image070608.bmp|C:\Users\iRoti\Desktop\tt\SMIC\SMIC_all_raw\HS\s14\non_micro\s14_n7\image070609.bmp|C:\Users\iRoti\Desktop\tt\SMIC\SMIC_all_raw\HS\s14\non_micro\s14_n7\image070610.bmp
s14,HS_100fps,Neutral,C:\Users\iRoti\Desktop\tt\SMIC\SMIC_all_raw\HS\s14\non_micro\s14_n8\image297913.bmp|C:\Users\iRoti\Desktop\tt\SMIC\SMIC_all_raw\HS\s14\non_micro\s14_n8\image297914.bmp|C:\Users\iRoti\Desktop\tt\SMIC\SMIC_all_raw\HS\s14\non_micro\s14_n8\image297915.bmp|C:\Users\iRoti\Desktop\tt\SMIC\SMIC_all_raw\HS\s14\non_micro\s14_n8\image297916.bmp|C:\Users\iRoti\Desktop\tt\SMIC\SMIC_all_raw\HS\s14\non_micro\s14_n8\image297917.bmp|C:\Users\iRoti\Desktop\tt\SMIC\SMIC_all_raw\HS\s14\non_micro\s14_n8\image297918.bmp|C:\Users\iRoti\Desktop\tt\SMIC\SMIC_all_raw\HS\s14\non_micro\s14_n8\image297919.bmp|C:\Users\iRoti\Desktop\tt\SMIC\SMIC_all_raw\HS\s14\non_micro\s14_n8\image297920.bmp|C:\Users\iRoti\Desktop\tt\SMIC\SMIC_all_raw\HS\s14\non_micro\s14_n8\image297921.bmp|C:\Users\iRoti\Desktop\tt\SMIC\SMIC_all_raw\HS\s14\non_micro\s14_n8\image297922.bmp|C:\Users\iRoti\Desktop\tt\SMIC\SMIC_all_raw\HS\s14\non_micro\s14_n8\image297923.bmp|C:\Users\iRoti\Desktop\tt\SMIC\SMIC_all_raw\HS\s14\non_micro\s14_n8\image297924.bmp|C:\Users\iRoti\Desktop\tt\SMIC\SMIC_all_raw\HS\s14\non_micro\s14_n8\image297925.bmp|C:\Users\iRoti\Desktop\tt\SMIC\SMIC_all_raw\HS\s14\non_micro\s14_n8\image297926.bmp|C:\Users\iRoti\Desktop\tt\SMIC\SMIC_all_raw\HS\s14\non_micro\s14_n8\image297927.bmp|C:\Users\iRoti\Desktop\tt\SMIC\SMIC_all_raw\HS\s14\non_micro\s14_n8\image297928.bmp|C:\Users\iRoti\Desktop\tt\SMIC\SMIC_all_raw\HS\s14\non_micro\s14_n8\image297929.bmp|C:\Users\iRoti\Desktop\tt\SMIC\SMIC_all_raw\HS\s14\non_micro\s14_n8\image297930.bmp|C:\Users\iRoti\Desktop\tt\SMIC\SMIC_all_raw\HS\s14\non_micro\s14_n8\image297931.bmp|C:\Users\iRoti\Desktop\tt\SMIC\SMIC_all_raw\HS\s14\non_micro\s14_n8\image297932.bmp|C:\Users\iRoti\Desktop\tt\SMIC\SMIC_all_raw\HS\s14\non_micro\s14_n8\image297933.bmp|C:\Users\iRoti\Desktop\tt\SMIC\SMIC_all_raw\HS\s14\non_micro\s14_n8\image297934.bmp|C:\Users\iRoti\Desktop\tt\SMIC\SMIC_all_raw\HS\s14\non_micro\s14_n8\image297935.bmp|C:\Users\iRoti\Desktop\tt\SMIC\SMIC_all_raw\HS\s14\non_micro\s14_n8\image297936.bmp|C:\Users\iRoti\Desktop\tt\SMIC\SMIC_all_raw\HS\s14\non_micro\s14_n8\image297937.bmp|C:\Users\iRoti\Desktop\tt\SMIC\SMIC_all_raw\HS\s14\non_micro\s14_n8\image297938.bmp|C:\Users\iRoti\Desktop\tt\SMIC\SMIC_all_raw\HS\s14\non_micro\s14_n8\image297939.bmp|C:\Users\iRoti\Desktop\tt\SMIC\SMIC_all_raw\HS\s14\non_micro\s14_n8\image297940.bmp|C:\Users\iRoti\Desktop\tt\SMIC\SMIC_all_raw\HS\s14\non_micro\s14_n8\image297941.bmp|C:\Users\iRoti\Desktop\tt\SMIC\SMIC_all_raw\HS\s14\non_micro\s14_n8\image297942.bmp|C:\Users\iRoti\Desktop\tt\SMIC\SMIC_all_raw\HS\s14\non_micro\s14_n8\image297943.bmp|C:\Users\iRoti\Desktop\tt\SMIC\SMIC_all_raw\HS\s14\non_micro\s14_n8\image297944.bmp|C:\Users\iRoti\Desktop\tt\SMIC\SMIC_all_raw\HS\s14\non_micro\s14_n8\image297945.bmp|C:\Users\iRoti\Desktop\tt\SMIC\SMIC_all_raw\HS\s14\non_micro\s14_n8\image297946.bmp|C:\Users\iRoti\Desktop\tt\SMIC\SMIC_all_raw\HS\s14\non_micro\s14_n8\image297947.bmp|C:\Users\iRoti\Desktop\tt\SMIC\SMIC_all_raw\HS\s14\non_micro\s14_n8\image297948.bmp|C:\Users\iRoti\Desktop\tt\SMIC\SMIC_all_raw\HS\s14\non_micro\s14_n8\image297949.bmp|C:\Users\iRoti\Desktop\tt\SMIC\SMIC_all_raw\HS\s14\non_micro\s14_n8\image297950.bmp|C:\Users\iRoti\Desktop\tt\SMIC\SMIC_all_raw\HS\s14\non_micro\s14_n8\image297951.bmp|C:\Users\iRoti\Desktop\tt\SMIC\SMIC_all_raw\HS\s14\non_micro\s14_n8\image297952.bmp|C:\Users\iRoti\Desktop\tt\SMIC\SMIC_all_raw\HS\s14\non_micro\s14_n8\image297953.bmp|C:\Users\iRoti\Desktop\tt\SMIC\SMIC_all_raw\HS\s14\non_micro\s14_n8\image297954.bmp|C:\Users\iRoti\Desktop\tt\SMIC\SMIC_all_raw\HS\s14\non_micro\s14_n8\image297955.bmp|C:\Users\iRoti\Desktop\tt\SMIC\SMIC_all_raw\HS\s14\non_micro\s14_n8\image297956.bmp
s14,HS_100fps,Neutral,C:\Users\iRoti\Desktop\tt\SMIC\SMIC_all_raw\HS\s14\non_micro\s14_n9\image249789.bmp|C:\Users\iRoti\Desktop\tt\SMIC\SMIC_all_raw\HS\s14\non_micro\s14_n9\image249790.bmp|C:\Users\iRoti\Desktop\tt\SMIC\SMIC_all_raw\HS\s14\non_micro\s14_n9\image249791.bmp|C:\Users\iRoti\Desktop\tt\SMIC\SMIC_all_raw\HS\s14\non_micro\s14_n9\image249792.bmp|C:\Users\iRoti\Desktop\tt\SMIC\SMIC_all_raw\HS\s14\non_micro\s14_n9\image249793.bmp|C:\Users\iRoti\Desktop\tt\SMIC\SMIC_all_raw\HS\s14\non_micro\s14_n9\image249794.bmp|C:\Users\iRoti\Desktop\tt\SMIC\SMIC_all_raw\HS\s14\non_micro\s14_n9\image249795.bmp|C:\Users\iRoti\Desktop\tt\SMIC\SMIC_all_raw\HS\s14\non_micro\s14_n9\image249796.bmp|C:\Users\iRoti\Desktop\tt\SMIC\SMIC_all_raw\HS\s14\non_micro\s14_n9\image249797.bmp|C:\Users\iRoti\Desktop\tt\SMIC\SMIC_all_raw\HS\s14\non_micro\s14_n9\image249798.bmp|C:\Users\iRoti\Desktop\tt\SMIC\SMIC_all_raw\HS\s14\non_micro\s14_n9\image249799.bmp|C:\Users\iRoti\Desktop\tt\SMIC\SMIC_all_raw\HS\s14\non_micro\s14_n9\image249800.bmp|C:\Users\iRoti\Desktop\tt\SMIC\SMIC_all_raw\HS\s14\non_micro\s14_n9\image249801.bmp|C:\Users\iRoti\Desktop\tt\SMIC\SMIC_all_raw\HS\s14\non_micro\s14_n9\image249802.bmp|C:\Users\iRoti\Desktop\tt\SMIC\SMIC_all_raw\HS\s14\non_micro\s14_n9\image249803.bmp|C:\Users\iRoti\Desktop\tt\SMIC\SMIC_all_raw\HS\s14\non_micro\s14_n9\image249804.bmp|C:\Users\iRoti\Desktop\tt\SMIC\SMIC_all_raw\HS\s14\non_micro\s14_n9\image249805.bmp|C:\Users\iRoti\Desktop\tt\SMIC\SMIC_all_raw\HS\s14\non_micro\s14_n9\image249806.bmp|C:\Users\iRoti\Desktop\tt\SMIC\SMIC_all_raw\HS\s14\non_micro\s14_n9\image249807.bmp|C:\Users\iRoti\Desktop\tt\SMIC\SMIC_all_raw\HS\s14\non_micro\s14_n9\image249808.bmp|C:\Users\iRoti\Desktop\tt\SMIC\SMIC_all_raw\HS\s14\non_micro\s14_n9\image249809.bmp|C:\Users\iRoti\Desktop\tt\SMIC\SMIC_all_raw\HS\s14\non_micro\s14_n9\image249810.bmp|C:\Users\iRoti\Desktop\tt\SMIC\SMIC_all_raw\HS\s14\non_micro\s14_n9\image249811.bmp|C:\Users\iRoti\Desktop\tt\SMIC\SMIC_all_raw\HS\s14\non_micro\s14_n9\image249812.bmp|C:\Users\iRoti\Desktop\tt\SMIC\SMIC_all_raw\HS\s14\non_micro\s14_n9\image249813.bmp|C:\Users\iRoti\Desktop\tt\SMIC\SMIC_all_raw\HS\s14\non_micro\s14_n9\image249814.bmp|C:\Users\iRoti\Desktop\tt\SMIC\SMIC_all_raw\HS\s14\non_micro\s14_n9\image249815.bmp|C:\Users\iRoti\Desktop\tt\SMIC\SMIC_all_raw\HS\s14\non_micro\s14_n9\image249816.bmp|C:\Users\iRoti\Desktop\tt\SMIC\SMIC_all_raw\HS\s14\non_micro\s14_n9\image249817.bmp|C:\Users\iRoti\Desktop\tt\SMIC\SMIC_all_raw\HS\s14\non_micro\s14_n9\image249818.bmp|C:\Users\iRoti\Desktop\tt\SMIC\SMIC_all_raw\HS\s14\non_micro\s14_n9\image249819.bmp|C:\Users\iRoti\Desktop\tt\SMIC\SMIC_all_raw\HS\s14\non_micro\s14_n9\image249820.bmp|C:\Users\iRoti\Desktop\tt\SMIC\SMIC_all_raw\HS\s14\non_micro\s14_n9\image249821.bmp|C:\Users\iRoti\Desktop\tt\SMIC\SMIC_all_raw\HS\s14\non_micro\s14_n9\image249822.bmp|C:\Users\iRoti\Desktop\tt\SMIC\SMIC_all_raw\HS\s14\non_micro\s14_n9\image249823.bmp|C:\Users\iRoti\Desktop\tt\SMIC\SMIC_all_raw\HS\s14\non_micro\s14_n9\image249824.bmp|C:\Users\iRoti\Desktop\tt\SMIC\SMIC_all_raw\HS\s14\non_micro\s14_n9\image249825.bmp|C:\Users\iRoti\Desktop\tt\SMIC\SMIC_all_raw\HS\s14\non_micro\s14_n9\image249826.bmp|C:\Users\iRoti\Desktop\tt\SMIC\SMIC_all_raw\HS\s14\non_micro\s14_n9\image249827.bmp|C:\Users\iRoti\Desktop\tt\SMIC\SMIC_all_raw\HS\s14\non_micro\s14_n9\image249828.bmp
s15,HS_100fps,Negativo,C:\Users\iRoti\Desktop\tt\SMIC\SMIC_all_raw\HS\s15\micro\negative\s15_ne_01\image729591.bmp|C:\Users\iRoti\Desktop\tt\SMIC\SMIC_all_raw\HS\s15\micro\negative\s15_ne_01\image729592.bmp|C:\Users\iRoti\Desktop\tt\SMIC\SMIC_all_raw\HS\s15\micro\negative\s15_ne_01\image729593.bmp|C:\Users\iRoti\Desktop\tt\SMIC\SMIC_all_raw\HS\s15\micro\negative\s15_ne_01\image729594.bmp|C:\Users\iRoti\Desktop\tt\SMIC\SMIC_all_raw\HS\s15\micro\negative\s15_ne_01\image729595.bmp|C:\Users\iRoti\Desktop\tt\SMIC\SMIC_all_raw\HS\s15\micro\negative\s15_ne_01\image729596.bmp|C:\Users\iRoti\Desktop\tt\SMIC\SMIC_all_raw\HS\s15\micro\negative\s15_ne_01\image729597.bmp|C:\Users\iRoti\Desktop\tt\SMIC\SMIC_all_raw\HS\s15\micro\negative\s15_ne_01\image729598.bmp|C:\Users\iRoti\Desktop\tt\SMIC\SMIC_all_raw\HS\s15\micro\negative\s15_ne_01\image729599.bmp|C:\Users\iRoti\Desktop\tt\SMIC\SMIC_all_raw\HS\s15\micro\negative\s15_ne_01\image729600.bmp|C:\Users\iRoti\Desktop\tt\SMIC\SMIC_all_raw\HS\s15\micro\negative\s15_ne_01\image729601.bmp|C:\Users\iRoti\Desktop\tt\SMIC\SMIC_all_raw\HS\s15\micro\negative\s15_ne_01\image729602.bmp|C:\Users\iRoti\Desktop\tt\SMIC\SMIC_all_raw\HS\s15\micro\negative\s15_ne_01\image729603.bmp|C:\Users\iRoti\Desktop\tt\SMIC\SMIC_all_raw\HS\s15\micro\negative\s15_ne_01\image729604.bmp|C:\Users\iRoti\Desktop\tt\SMIC\SMIC_all_raw\HS\s15\micro\negative\s15_ne_01\image729605.bmp|C:\Users\iRoti\Desktop\tt\SMIC\SMIC_all_raw\HS\s15\micro\negative\s15_ne_01\image729606.bmp|C:\Users\iRoti\Desktop\tt\SMIC\SMIC_all_raw\HS\s15\micro\negative\s15_ne_01\image729607.bmp|C:\Users\iRoti\Desktop\tt\SMIC\SMIC_all_raw\HS\s15\micro\negative\s15_ne_01\image729608.bmp|C:\Users\iRoti\Desktop\tt\SMIC\SMIC_all_raw\HS\s15\micro\negative\s15_ne_01\image729609.bmp|C:\Users\iRoti\Desktop\tt\SMIC\SMIC_all_raw\HS\s15\micro\negative\s15_ne_01\image729610.bmp|C:\Users\iRoti\Desktop\tt\SMIC\SMIC_all_raw\HS\s15\micro\negative\s15_ne_01\image729611.bmp|C:\Users\iRoti\Desktop\tt\SMIC\SMIC_all_raw\HS\s15\micro\negative\s15_ne_01\image729612.bmp|C:\Users\iRoti\Desktop\tt\SMIC\SMIC_all_raw\HS\s15\micro\negative\s15_ne_01\image729613.bmp|C:\Users\iRoti\Desktop\tt\SMIC\SMIC_all_raw\HS\s15\micro\negative\s15_ne_01\image729614.bmp|C:\Users\iRoti\Desktop\tt\SMIC\SMIC_all_raw\HS\s15\micro\negative\s15_ne_01\image729615.bmp|C:\Users\iRoti\Desktop\tt\SMIC\SMIC_all_raw\HS\s15\micro\negative\s15_ne_01\image729616.bmp|C:\Users\iRoti\Desktop\tt\SMIC\SMIC_all_raw\HS\s15\micro\negative\s15_ne_01\image729617.bmp|C:\Users\iRoti\Desktop\tt\SMIC\SMIC_all_raw\HS\s15\micro\negative\s15_ne_01\image729618.bmp|C:\Users\iRoti\Desktop\tt\SMIC\SMIC_all_raw\HS\s15\micro\negative\s15_ne_01\image729619.bmp|C:\Users\iRoti\Desktop\tt\SMIC\SMIC_all_raw\HS\s15\micro\negative\s15_ne_01\image729620.bmp|C:\Users\iRoti\Desktop\tt\SMIC\SMIC_all_raw\HS\s15\micro\negative\s15_ne_01\image729621.bmp|C:\Users\iRoti\Desktop\tt\SMIC\SMIC_all_raw\HS\s15\micro\negative\s15_ne_01\image729622.bmp|C:\Users\iRoti\Desktop\tt\SMIC\SMIC_all_raw\HS\s15\micro\negative\s15_ne_01\image729623.bmp|C:\Users\iRoti\Desktop\tt\SMIC\SMIC_all_raw\HS\s15\micro\negative\s15_ne_01\image729624.bmp|C:\Users\iRoti\Desktop\tt\SMIC\SMIC_all_raw\HS\s15\micro\negative\s15_ne_01\image729625.bmp|C:\Users\iRoti\Desktop\tt\SMIC\SMIC_all_raw\HS\s15\micro\negative\s15_ne_01\image729626.bmp|C:\Users\iRoti\Desktop\tt\SMIC\SMIC_all_raw\HS\s15\micro\negative\s15_ne_01\image729627.bmp|C:\Users\iRoti\Desktop\tt\SMIC\SMIC_all_raw\HS\s15\micro\negative\s15_ne_01\image729628.bmp|C:\Users\iRoti\Desktop\tt\SMIC\SMIC_all_raw\HS\s15\micro\negative\s15_ne_01\image729629.bmp|C:\Users\iRoti\Desktop\tt\SMIC\SMIC_all_raw\HS\s15\micro\negative\s15_ne_01\image729630.bmp|C:\Users\iRoti\Desktop\tt\SMIC\SMIC_all_raw\HS\s15\micro\negative\s15_ne_01\image729631.bmp|C:\Users\iRoti\Desktop\tt\SMIC\SMIC_all_raw\HS\s15\micro\negative\s15_ne_01\image729632.bmp|C:\Users\iRoti\Desktop\tt\SMIC\SMIC_all_raw\HS\s15\micro\negative\s15_ne_01\image729633.bmp|C:\Users\iRoti\Desktop\tt\SMIC\SMIC_all_raw\HS\s15\micro\negative\s15_ne_01\image729634.bmp|C:\Users\iRoti\Desktop\tt\SMIC\SMIC_all_raw\HS\s15\micro\negative\s15_ne_01\image729635.bmp|C:\Users\iRoti\Desktop\tt\SMIC\SMIC_all_raw\HS\s15\micro\negative\s15_ne_01\image729636.bmp|C:\Users\iRoti\Desktop\tt\SMIC\SMIC_all_raw\HS\s15\micro\negative\s15_ne_01\image729637.bmp|C:\Users\iRoti\Desktop\tt\SMIC\SMIC_all_raw\HS\s15\micro\negative\s15_ne_01\image729638.bmp|C:\Users\iRoti\Desktop\tt\SMIC\SMIC_all_raw\HS\s15\micro\negative\s15_ne_01\image729639.bmp|C:\Users\iRoti\Desktop\tt\SMIC\SMIC_all_raw\HS\s15\micro\negative\s15_ne_01\image729640.bmp
s15,HS_100fps,Felicidad,C:\Users\iRoti\Desktop\tt\SMIC\SMIC_all_raw\HS\s15\micro\positive\s15_po_01\image923822.bmp|C:\Users\iRoti\Desktop\tt\SMIC\SMIC_all_raw\HS\s15\micro\positive\s15_po_01\image923823.bmp|C:\Users\iRoti\Desktop\tt\SMIC\SMIC_all_raw\HS\s15\micro\positive\s15_po_01\image923824.bmp|C:\Users\iRoti\Desktop\tt\SMIC\SMIC_all_raw\HS\s15\micro\positive\s15_po_01\image923825.bmp|C:\Users\iRoti\Desktop\tt\SMIC\SMIC_all_raw\HS\s15\micro\positive\s15_po_01\image923826.bmp|C:\Users\iRoti\Desktop\tt\SMIC\SMIC_all_raw\HS\s15\micro\positive\s15_po_01\image923827.bmp|C:\Users\iRoti\Desktop\tt\SMIC\SMIC_all_raw\HS\s15\micro\positive\s15_po_01\image923828.bmp|C:\Users\iRoti\Desktop\tt\SMIC\SMIC_all_raw\HS\s15\micro\positive\s15_po_01\image923829.bmp|C:\Users\iRoti\Desktop\tt\SMIC\SMIC_all_raw\HS\s15\micro\positive\s15_po_01\image923830.bmp|C:\Users\iRoti\Desktop\tt\SMIC\SMIC_all_raw\HS\s15\micro\positive\s15_po_01\image923831.bmp|C:\Users\iRoti\Desktop\tt\SMIC\SMIC_all_raw\HS\s15\micro\positive\s15_po_01\image923832.bmp|C:\Users\iRoti\Desktop\tt\SMIC\SMIC_all_raw\HS\s15\micro\positive\s15_po_01\image923833.bmp|C:\Users\iRoti\Desktop\tt\SMIC\SMIC_all_raw\HS\s15\micro\positive\s15_po_01\image923834.bmp|C:\Users\iRoti\Desktop\tt\SMIC\SMIC_all_raw\HS\s15\micro\positive\s15_po_01\image923835.bmp|C:\Users\iRoti\Desktop\tt\SMIC\SMIC_all_raw\HS\s15\micro\positive\s15_po_01\image923836.bmp|C:\Users\iRoti\Desktop\tt\SMIC\SMIC_all_raw\HS\s15\micro\positive\s15_po_01\image923837.bmp|C:\Users\iRoti\Desktop\tt\SMIC\SMIC_all_raw\HS\s15\micro\positive\s15_po_01\image923838.bmp|C:\Users\iRoti\Desktop\tt\SMIC\SMIC_all_raw\HS\s15\micro\positive\s15_po_01\image923839.bmp|C:\Users\iRoti\Desktop\tt\SMIC\SMIC_all_raw\HS\s15\micro\positive\s15_po_01\image923840.bmp|C:\Users\iRoti\Desktop\tt\SMIC\SMIC_all_raw\HS\s15\micro\positive\s15_po_01\image923841.bmp|C:\Users\iRoti\Desktop\tt\SMIC\SMIC_all_raw\HS\s15\micro\positive\s15_po_01\image923842.bmp|C:\Users\iRoti\Desktop\tt\SMIC\SMIC_all_raw\HS\s15\micro\positive\s15_po_01\image923843.bmp|C:\Users\iRoti\Desktop\tt\SMIC\SMIC_all_raw\HS\s15\micro\positive\s15_po_01\image923844.bmp|C:\Users\iRoti\Desktop\tt\SMIC\SMIC_all_raw\HS\s15\micro\positive\s15_po_01\image923845.bmp|C:\Users\iRoti\Desktop\tt\SMIC\SMIC_all_raw\HS\s15\micro\positive\s15_po_01\image923846.bmp|C:\Users\iRoti\Desktop\tt\SMIC\SMIC_all_raw\HS\s15\micro\positive\s15_po_01\image923847.bmp|C:\Users\iRoti\Desktop\tt\SMIC\SMIC_all_raw\HS\s15\micro\positive\s15_po_01\image923848.bmp|C:\Users\iRoti\Desktop\tt\SMIC\SMIC_all_raw\HS\s15\micro\positive\s15_po_01\image923849.bmp|C:\Users\iRoti\Desktop\tt\SMIC\SMIC_all_raw\HS\s15\micro\positive\s15_po_01\image923850.bmp|C:\Users\iRoti\Desktop\tt\SMIC\SMIC_all_raw\HS\s15\micro\positive\s15_po_01\image923851.bmp|C:\Users\iRoti\Desktop\tt\SMIC\SMIC_all_raw\HS\s15\micro\positive\s15_po_01\image923852.bmp|C:\Users\iRoti\Desktop\tt\SMIC\SMIC_all_raw\HS\s15\micro\positive\s15_po_01\image923853.bmp|C:\Users\iRoti\Desktop\tt\SMIC\SMIC_all_raw\HS\s15\micro\positive\s15_po_01\image923854.bmp|C:\Users\iRoti\Desktop\tt\SMIC\SMIC_all_raw\HS\s15\micro\positive\s15_po_01\image923855.bmp|C:\Users\iRoti\Desktop\tt\SMIC\SMIC_all_raw\HS\s15\micro\positive\s15_po_01\image923856.bmp|C:\Users\iRoti\Desktop\tt\SMIC\SMIC_all_raw\HS\s15\micro\positive\s15_po_01\image923857.bmp|C:\Users\iRoti\Desktop\tt\SMIC\SMIC_all_raw\HS\s15\micro\positive\s15_po_01\image923858.bmp|C:\Users\iRoti\Desktop\tt\SMIC\SMIC_all_raw\HS\s15\micro\positive\s15_po_01\image923859.bmp|C:\Users\iRoti\Desktop\tt\SMIC\SMIC_all_raw\HS\s15\micro\positive\s15_po_01\image923860.bmp|C:\Users\iRoti\Desktop\tt\SMIC\SMIC_all_raw\HS\s15\micro\positive\s15_po_01\image923861.bmp|C:\Users\iRoti\Desktop\tt\SMIC\SMIC_all_raw\HS\s15\micro\positive\s15_po_01\image923862.bmp|C:\Users\iRoti\Desktop\tt\SMIC\SMIC_all_raw\HS\s15\micro\positive\s15_po_01\image923863.bmp|C:\Users\iRoti\Desktop\tt\SMIC\SMIC_all_raw\HS\s15\micro\positive\s15_po_01\image923864.bmp|C:\Users\iRoti\Desktop\tt\SMIC\SMIC_all_raw\HS\s15\micro\positive\s15_po_01\image923865.bmp|C:\Users\iRoti\Desktop\tt\SMIC\SMIC_all_raw\HS\s15\micro\positive\s15_po_01\image923866.bmp|C:\Users\iRoti\Desktop\tt\SMIC\SMIC_all_raw\HS\s15\micro\positive\s15_po_01\image923867.bmp|C:\Users\iRoti\Desktop\tt\SMIC\SMIC_all_raw\HS\s15\micro\positive\s15_po_01\image923868.bmp|C:\Users\iRoti\Desktop\tt\SMIC\SMIC_all_raw\HS\s15\micro\positive\s15_po_01\image923869.bmp|C:\Users\iRoti\Desktop\tt\SMIC\SMIC_all_raw\HS\s15\micro\positive\s15_po_01\image923870.bmp
s15,HS_100fps,Sorpresa,C:\Users\iRoti\Desktop\tt\SMIC\SMIC_all_raw\HS\s15\micro\surprise\s15_sur_01\image835624.bmp|C:\Users\iRoti\Desktop\tt\SMIC\SMIC_all_raw\HS\s15\micro\surprise\s15_sur_01\image835625.bmp|C:\Users\iRoti\Desktop\tt\SMIC\SMIC_all_raw\HS\s15\micro\surprise\s15_sur_01\image835626.bmp|C:\Users\iRoti\Desktop\tt\SMIC\SMIC_all_raw\HS\s15\micro\surprise\s15_sur_01\image835627.bmp|C:\Users\iRoti\Desktop\tt\SMIC\SMIC_all_raw\HS\s15\micro\surprise\s15_sur_01\image835628.bmp|C:\Users\iRoti\Desktop\tt\SMIC\SMIC_all_raw\HS\s15\micro\surprise\s15_sur_01\image835629.bmp|C:\Users\iRoti\Desktop\tt\SMIC\SMIC_all_raw\HS\s15\micro\surprise\s15_sur_01\image835630.bmp|C:\Users\iRoti\Desktop\tt\SMIC\SMIC_all_raw\HS\s15\micro\surprise\s15_sur_01\image835631.bmp|C:\Users\iRoti\Desktop\tt\SMIC\SMIC_all_raw\HS\s15\micro\surprise\s15_sur_01\image835632.bmp|C:\Users\iRoti\Desktop\tt\SMIC\SMIC_all_raw\HS\s15\micro\surprise\s15_sur_01\image835633.bmp|C:\Users\iRoti\Desktop\tt\SMIC\SMIC_all_raw\HS\s15\micro\surprise\s15_sur_01\image835634.bmp|C:\Users\iRoti\Desktop\tt\SMIC\SMIC_all_raw\HS\s15\micro\surprise\s15_sur_01\image835635.bmp|C:\Users\iRoti\Desktop\tt\SMIC\SMIC_all_raw\HS\s15\micro\surprise\s15_sur_01\image835636.bmp|C:\Users\iRoti\Desktop\tt\SMIC\SMIC_all_raw\HS\s15\micro\surprise\s15_sur_01\image835637.bmp|C:\Users\iRoti\Desktop\tt\SMIC\SMIC_all_raw\HS\s15\micro\surprise\s15_sur_01\image835638.bmp|C:\Users\iRoti\Desktop\tt\SMIC\SMIC_all_raw\HS\s15\micro\surprise\s15_sur_01\image835639.bmp|C:\Users\iRoti\Desktop\tt\SMIC\SMIC_all_raw\HS\s15\micro\surprise\s15_sur_01\image835640.bmp|C:\Users\iRoti\Desktop\tt\SMIC\SMIC_all_raw\HS\s15\micro\surprise\s15_sur_01\image835641.bmp|C:\Users\iRoti\Desktop\tt\SMIC\SMIC_all_raw\HS\s15\micro\surprise\s15_sur_01\image835642.bmp|C:\Users\iRoti\Desktop\tt\SMIC\SMIC_all_raw\HS\s15\micro\surprise\s15_sur_01\image835643.bmp|C:\Users\iRoti\Desktop\tt\SMIC\SMIC_all_raw\HS\s15\micro\surprise\s15_sur_01\image835644.bmp|C:\Users\iRoti\Desktop\tt\SMIC\SMIC_all_raw\HS\s15\micro\surprise\s15_sur_01\image835645.bmp|C:\Users\iRoti\Desktop\tt\SMIC\SMIC_all_raw\HS\s15\micro\surprise\s15_sur_01\image835646.bmp|C:\Users\iRoti\Desktop\tt\SMIC\SMIC_all_raw\HS\s15\micro\surprise\s15_sur_01\image835647.bmp|C:\Users\iRoti\Desktop\tt\SMIC\SMIC_all_raw\HS\s15\micro\surprise\s15_sur_01\image835648.bmp|C:\Users\iRoti\Desktop\tt\SMIC\SMIC_all_raw\HS\s15\micro\surprise\s15_sur_01\image835649.bmp|C:\Users\iRoti\Desktop\tt\SMIC\SMIC_all_raw\HS\s15\micro\surprise\s15_sur_01\image835650.bmp|C:\Users\iRoti\Desktop\tt\SMIC\SMIC_all_raw\HS\s15\micro\surprise\s15_sur_01\image835651.bmp|C:\Users\iRoti\Desktop\tt\SMIC\SMIC_all_raw\HS\s15\micro\surprise\s15_sur_01\image835652.bmp|C:\Users\iRoti\Desktop\tt\SMIC\SMIC_all_raw\HS\s15\micro\surprise\s15_sur_01\image835653.bmp|C:\Users\iRoti\Desktop\tt\SMIC\SMIC_all_raw\HS\s15\micro\surprise\s15_sur_01\image835654.bmp|C:\Users\iRoti\Desktop\tt\SMIC\SMIC_all_raw\HS\s15\micro\surprise\s15_sur_01\image835655.bmp|C:\Users\iRoti\Desktop\tt\SMIC\SMIC_all_raw\HS\s15\micro\surprise\s15_sur_01\image835656.bmp
s15,HS_100fps,Sorpresa,C:\Users\iRoti\Desktop\tt\SMIC\SMIC_all_raw\HS\s15\micro\surprise\s15_sur_02\image925646.bmp|C:\Users\iRoti\Desktop\tt\SMIC\SMIC_all_raw\HS\s15\micro\surprise\s15_sur_02\image925647.bmp|C:\Users\iRoti\Desktop\tt\SMIC\SMIC_all_raw\HS\s15\micro\surprise\s15_sur_02\image925648.bmp|C:\Users\iRoti\Desktop\tt\SMIC\SMIC_all_raw\HS\s15\micro\surprise\s15_sur_02\image925649.bmp|C:\Users\iRoti\Desktop\tt\SMIC\SMIC_all_raw\HS\s15\micro\surprise\s15_sur_02\image925650.bmp|C:\Users\iRoti\Desktop\tt\SMIC\SMIC_all_raw\HS\s15\micro\surprise\s15_sur_02\image925651.bmp|C:\Users\iRoti\Desktop\tt\SMIC\SMIC_all_raw\HS\s15\micro\surprise\s15_sur_02\image925652.bmp|C:\Users\iRoti\Desktop\tt\SMIC\SMIC_all_raw\HS\s15\micro\surprise\s15_sur_02\image925653.bmp|C:\Users\iRoti\Desktop\tt\SMIC\SMIC_all_raw\HS\s15\micro\surprise\s15_sur_02\image925654.bmp|C:\Users\iRoti\Desktop\tt\SMIC\SMIC_all_raw\HS\s15\micro\surprise\s15_sur_02\image925655.bmp|C:\Users\iRoti\Desktop\tt\SMIC\SMIC_all_raw\HS\s15\micro\surprise\s15_sur_02\image925656.bmp|C:\Users\iRoti\Desktop\tt\SMIC\SMIC_all_raw\HS\s15\micro\surprise\s15_sur_02\image925657.bmp|C:\Users\iRoti\Desktop\tt\SMIC\SMIC_all_raw\HS\s15\micro\surprise\s15_sur_02\image925658.bmp|C:\Users\iRoti\Desktop\tt\SMIC\SMIC_all_raw\HS\s15\micro\surprise\s15_sur_02\image925659.bmp|C:\Users\iRoti\Desktop\tt\SMIC\SMIC_all_raw\HS\s15\micro\surprise\s15_sur_02\image925660.bmp|C:\Users\iRoti\Desktop\tt\SMIC\SMIC_all_raw\HS\s15\micro\surprise\s15_sur_02\image925661.bmp|C:\Users\iRoti\Desktop\tt\SMIC\SMIC_all_raw\HS\s15\micro\surprise\s15_sur_02\image925662.bmp|C:\Users\iRoti\Desktop\tt\SMIC\SMIC_all_raw\HS\s15\micro\surprise\s15_sur_02\image925663.bmp|C:\Users\iRoti\Desktop\tt\SMIC\SMIC_all_raw\HS\s15\micro\surprise\s15_sur_02\image925664.bmp|C:\Users\iRoti\Desktop\tt\SMIC\SMIC_all_raw\HS\s15\micro\surprise\s15_sur_02\image925665.bmp|C:\Users\iRoti\Desktop\tt\SMIC\SMIC_all_raw\HS\s15\micro\surprise\s15_sur_02\image925666.bmp|C:\Users\iRoti\Desktop\tt\SMIC\SMIC_all_raw\HS\s15\micro\surprise\s15_sur_02\image925667.bmp|C:\Users\iRoti\Desktop\tt\SMIC\SMIC_all_raw\HS\s15\micro\surprise\s15_sur_02\image925668.bmp|C:\Users\iRoti\Desktop\tt\SMIC\SMIC_all_raw\HS\s15\micro\surprise\s15_sur_02\image925669.bmp|C:\Users\iRoti\Desktop\tt\SMIC\SMIC_all_raw\HS\s15\micro\surprise\s15_sur_02\image925670.bmp|C:\Users\iRoti\Desktop\tt\SMIC\SMIC_all_raw\HS\s15\micro\surprise\s15_sur_02\image925671.bmp|C:\Users\iRoti\Desktop\tt\SMIC\SMIC_all_raw\HS\s15\micro\surprise\s15_sur_02\image925672.bmp|C:\Users\iRoti\Desktop\tt\SMIC\SMIC_all_raw\HS\s15\micro\surprise\s15_sur_02\image925673.bmp|C:\Users\iRoti\Desktop\tt\SMIC\SMIC_all_raw\HS\s15\micro\surprise\s15_sur_02\image925674.bmp|C:\Users\iRoti\Desktop\tt\SMIC\SMIC_all_raw\HS\s15\micro\surprise\s15_sur_02\image925675.bmp|C:\Users\iRoti\Desktop\tt\SMIC\SMIC_all_raw\HS\s15\micro\surprise\s15_sur_02\image925676.bmp|C:\Users\iRoti\Desktop\tt\SMIC\SMIC_all_raw\HS\s15\micro\surprise\s15_sur_02\image925677.bmp|C:\Users\iRoti\Desktop\tt\SMIC\SMIC_all_raw\HS\s15\micro\surprise\s15_sur_02\image925678.bmp|C:\Users\iRoti\Desktop\tt\SMIC\SMIC_all_raw\HS\s15\micro\surprise\s15_sur_02\image925679.bmp|C:\Users\iRoti\Desktop\tt\SMIC\SMIC_all_raw\HS\s15\micro\surprise\s15_sur_02\image925680.bmp|C:\Users\iRoti\Desktop\tt\SMIC\SMIC_all_raw\HS\s15\micro\surprise\s15_sur_02\image925681.bmp|C:\Users\iRoti\Desktop\tt\SMIC\SMIC_all_raw\HS\s15\micro\surprise\s15_sur_02\image925682.bmp|C:\Users\iRoti\Desktop\tt\SMIC\SMIC_all_raw\HS\s15\micro\surprise\s15_sur_02\image925683.bmp|C:\Users\iRoti\Desktop\tt\SMIC\SMIC_all_raw\HS\s15\micro\surprise\s15_sur_02\image925684.bmp|C:\Users\iRoti\Desktop\tt\SMIC\SMIC_all_raw\HS\s15\micro\surprise\s15_sur_02\image925685.bmp|C:\Users\iRoti\Desktop\tt\SMIC\SMIC_all_raw\HS\s15\micro\surprise\s15_sur_02\image925686.bmp
s15,HS_100fps,Neutral,C:\Users\iRoti\Desktop\tt\SMIC\SMIC_all_raw\HS\s15\non_micro\s15_n1\image896342.bmp|C:\Users\iRoti\Desktop\tt\SMIC\SMIC_all_raw\HS\s15\non_micro\s15_n1\image896343.bmp|C:\Users\iRoti\Desktop\tt\SMIC\SMIC_all_raw\HS\s15\non_micro\s15_n1\image896344.bmp|C:\Users\iRoti\Desktop\tt\SMIC\SMIC_all_raw\HS\s15\non_micro\s15_n1\image896345.bmp|C:\Users\iRoti\Desktop\tt\SMIC\SMIC_all_raw\HS\s15\non_micro\s15_n1\image896346.bmp|C:\Users\iRoti\Desktop\tt\SMIC\SMIC_all_raw\HS\s15\non_micro\s15_n1\image896347.bmp|C:\Users\iRoti\Desktop\tt\SMIC\SMIC_all_raw\HS\s15\non_micro\s15_n1\image896348.bmp|C:\Users\iRoti\Desktop\tt\SMIC\SMIC_all_raw\HS\s15\non_micro\s15_n1\image896349.bmp|C:\Users\iRoti\Desktop\tt\SMIC\SMIC_all_raw\HS\s15\non_micro\s15_n1\image896350.bmp|C:\Users\iRoti\Desktop\tt\SMIC\SMIC_all_raw\HS\s15\non_micro\s15_n1\image896351.bmp|C:\Users\iRoti\Desktop\tt\SMIC\SMIC_all_raw\HS\s15\non_micro\s15_n1\image896352.bmp|C:\Users\iRoti\Desktop\tt\SMIC\SMIC_all_raw\HS\s15\non_micro\s15_n1\image896353.bmp|C:\Users\iRoti\Desktop\tt\SMIC\SMIC_all_raw\HS\s15\non_micro\s15_n1\image896354.bmp|C:\Users\iRoti\Desktop\tt\SMIC\SMIC_all_raw\HS\s15\non_micro\s15_n1\image896355.bmp|C:\Users\iRoti\Desktop\tt\SMIC\SMIC_all_raw\HS\s15\non_micro\s15_n1\image896356.bmp|C:\Users\iRoti\Desktop\tt\SMIC\SMIC_all_raw\HS\s15\non_micro\s15_n1\image896357.bmp|C:\Users\iRoti\Desktop\tt\SMIC\SMIC_all_raw\HS\s15\non_micro\s15_n1\image896358.bmp|C:\Users\iRoti\Desktop\tt\SMIC\SMIC_all_raw\HS\s15\non_micro\s15_n1\image896359.bmp|C:\Users\iRoti\Desktop\tt\SMIC\SMIC_all_raw\HS\s15\non_micro\s15_n1\image896360.bmp|C:\Users\iRoti\Desktop\tt\SMIC\SMIC_all_raw\HS\s15\non_micro\s15_n1\image896361.bmp|C:\Users\iRoti\Desktop\tt\SMIC\SMIC_all_raw\HS\s15\non_micro\s15_n1\image896362.bmp|C:\Users\iRoti\Desktop\tt\SMIC\SMIC_all_raw\HS\s15\non_micro\s15_n1\image896363.bmp|C:\Users\iRoti\Desktop\tt\SMIC\SMIC_all_raw\HS\s15\non_micro\s15_n1\image896364.bmp|C:\Users\iRoti\Desktop\tt\SMIC\SMIC_all_raw\HS\s15\non_micro\s15_n1\image896365.bmp|C:\Users\iRoti\Desktop\tt\SMIC\SMIC_all_raw\HS\s15\non_micro\s15_n1\image896366.bmp|C:\Users\iRoti\Desktop\tt\SMIC\SMIC_all_raw\HS\s15\non_micro\s15_n1\image896367.bmp|C:\Users\iRoti\Desktop\tt\SMIC\SMIC_all_raw\HS\s15\non_micro\s15_n1\image896368.bmp|C:\Users\iRoti\Desktop\tt\SMIC\SMIC_all_raw\HS\s15\non_micro\s15_n1\image896369.bmp|C:\Users\iRoti\Desktop\tt\SMIC\SMIC_all_raw\HS\s15\non_micro\s15_n1\image896370.bmp|C:\Users\iRoti\Desktop\tt\SMIC\SMIC_all_raw\HS\s15\non_micro\s15_n1\image896371.bmp|C:\Users\iRoti\Desktop\tt\SMIC\SMIC_all_raw\HS\s15\non_micro\s15_n1\image896372.bmp|C:\Users\iRoti\Desktop\tt\SMIC\SMIC_all_raw\HS\s15\non_micro\s15_n1\image896373.bmp|C:\Users\iRoti\Desktop\tt\SMIC\SMIC_all_raw\HS\s15\non_micro\s15_n1\image896374.bmp|C:\Users\iRoti\Desktop\tt\SMIC\SMIC_all_raw\HS\s15\non_micro\s15_n1\image896375.bmp|C:\Users\iRoti\Desktop\tt\SMIC\SMIC_all_raw\HS\s15\non_micro\s15_n1\image896376.bmp|C:\Users\iRoti\Desktop\tt\SMIC\SMIC_all_raw\HS\s15\non_micro\s15_n1\image896377.bmp|C:\Users\iRoti\Desktop\tt\SMIC\SMIC_all_raw\HS\s15\non_micro\s15_n1\image896378.bmp|C:\Users\iRoti\Desktop\tt\SMIC\SMIC_all_raw\HS\s15\non_micro\s15_n1\image896379.bmp|C:\Users\iRoti\Desktop\tt\SMIC\SMIC_all_raw\HS\s15\non_micro\s15_n1\image896380.bmp|C:\Users\iRoti\Desktop\tt\SMIC\SMIC_all_raw\HS\s15\non_micro\s15_n1\image896381.bmp|C:\Users\iRoti\Desktop\tt\SMIC\SMIC_all_raw\HS\s15\non_micro\s15_n1\image896382.bmp|C:\Users\iRoti\Desktop\tt\SMIC\SMIC_all_raw\HS\s15\non_micro\s15_n1\image896383.bmp|C:\Users\iRoti\Desktop\tt\SMIC\SMIC_all_raw\HS\s15\non_micro\s15_n1\image896384.bmp|C:\Users\iRoti\Desktop\tt\SMIC\SMIC_all_raw\HS\s15\non_micro\s15_n1\image896385.bmp|C:\Users\iRoti\Desktop\tt\SMIC\SMIC_all_raw\HS\s15\non_micro\s15_n1\image896386.bmp|C:\Users\iRoti\Desktop\tt\SMIC\SMIC_all_raw\HS\s15\non_micro\s15_n1\image896387.bmp|C:\Users\iRoti\Desktop\tt\SMIC\SMIC_all_raw\HS\s15\non_micro\s15_n1\image896388.bmp|C:\Users\iRoti\Desktop\tt\SMIC\SMIC_all_raw\HS\s15\non_micro\s15_n1\image896389.bmp
s15,HS_100fps,Neutral,C:\Users\iRoti\Desktop\tt\SMIC\SMIC_all_raw\HS\s15\non_micro\s15_n2\image979198.bmp|C:\Users\iRoti\Desktop\tt\SMIC\SMIC_all_raw\HS\s15\non_micro\s15_n2\image979199.bmp|C:\Users\iRoti\Desktop\tt\SMIC\SMIC_all_raw\HS\s15\non_micro\s15_n2\image979200.bmp|C:\Users\iRoti\Desktop\tt\SMIC\SMIC_all_raw\HS\s15\non_micro\s15_n2\image979201.bmp|C:\Users\iRoti\Desktop\tt\SMIC\SMIC_all_raw\HS\s15\non_micro\s15_n2\image979202.bmp|C:\Users\iRoti\Desktop\tt\SMIC\SMIC_all_raw\HS\s15\non_micro\s15_n2\image979203.bmp|C:\Users\iRoti\Desktop\tt\SMIC\SMIC_all_raw\HS\s15\non_micro\s15_n2\image979204.bmp|C:\Users\iRoti\Desktop\tt\SMIC\SMIC_all_raw\HS\s15\non_micro\s15_n2\image979205.bmp|C:\Users\iRoti\Desktop\tt\SMIC\SMIC_all_raw\HS\s15\non_micro\s15_n2\image979206.bmp|C:\Users\iRoti\Desktop\tt\SMIC\SMIC_all_raw\HS\s15\non_micro\s15_n2\image979207.bmp|C:\Users\iRoti\Desktop\tt\SMIC\SMIC_all_raw\HS\s15\non_micro\s15_n2\image979208.bmp|C:\Users\iRoti\Desktop\tt\SMIC\SMIC_all_raw\HS\s15\non_micro\s15_n2\image979209.bmp|C:\Users\iRoti\Desktop\tt\SMIC\SMIC_all_raw\HS\s15\non_micro\s15_n2\image979210.bmp|C:\Users\iRoti\Desktop\tt\SMIC\SMIC_all_raw\HS\s15\non_micro\s15_n2\image979211.bmp|C:\Users\iRoti\Desktop\tt\SMIC\SMIC_all_raw\HS\s15\non_micro\s15_n2\image979212.bmp|C:\Users\iRoti\Desktop\tt\SMIC\SMIC_all_raw\HS\s15\non_micro\s15_n2\image979213.bmp|C:\Users\iRoti\Desktop\tt\SMIC\SMIC_all_raw\HS\s15\non_micro\s15_n2\image979214.bmp|C:\Users\iRoti\Desktop\tt\SMIC\SMIC_all_raw\HS\s15\non_micro\s15_n2\image979215.bmp|C:\Users\iRoti\Desktop\tt\SMIC\SMIC_all_raw\HS\s15\non_micro\s15_n2\image979216.bmp|C:\Users\iRoti\Desktop\tt\SMIC\SMIC_all_raw\HS\s15\non_micro\s15_n2\image979217.bmp|C:\Users\iRoti\Desktop\tt\SMIC\SMIC_all_raw\HS\s15\non_micro\s15_n2\image979218.bmp|C:\Users\iRoti\Desktop\tt\SMIC\SMIC_all_raw\HS\s15\non_micro\s15_n2\image979219.bmp|C:\Users\iRoti\Desktop\tt\SMIC\SMIC_all_raw\HS\s15\non_micro\s15_n2\image979220.bmp|C:\Users\iRoti\Desktop\tt\SMIC\SMIC_all_raw\HS\s15\non_micro\s15_n2\image979221.bmp|C:\Users\iRoti\Desktop\tt\SMIC\SMIC_all_raw\HS\s15\non_micro\s15_n2\image979222.bmp|C:\Users\iRoti\Desktop\tt\SMIC\SMIC_all_raw\HS\s15\non_micro\s15_n2\image979223.bmp|C:\Users\iRoti\Desktop\tt\SMIC\SMIC_all_raw\HS\s15\non_micro\s15_n2\image979224.bmp|C:\Users\iRoti\Desktop\tt\SMIC\SMIC_all_raw\HS\s15\non_micro\s15_n2\image979225.bmp|C:\Users\iRoti\Desktop\tt\SMIC\SMIC_all_raw\HS\s15\non_micro\s15_n2\image979226.bmp|C:\Users\iRoti\Desktop\tt\SMIC\SMIC_all_raw\HS\s15\non_micro\s15_n2\image979227.bmp|C:\Users\iRoti\Desktop\tt\SMIC\SMIC_all_raw\HS\s15\non_micro\s15_n2\image979228.bmp|C:\Users\iRoti\Desktop\tt\SMIC\SMIC_all_raw\HS\s15\non_micro\s15_n2\image979229.bmp|C:\Users\iRoti\Desktop\tt\SMIC\SMIC_all_raw\HS\s15\non_micro\s15_n2\image979230.bmp|C:\Users\iRoti\Desktop\tt\SMIC\SMIC_all_raw\HS\s15\non_micro\s15_n2\image979231.bmp|C:\Users\iRoti\Desktop\tt\SMIC\SMIC_all_raw\HS\s15\non_micro\s15_n2\image979232.bmp|C:\Users\iRoti\Desktop\tt\SMIC\SMIC_all_raw\HS\s15\non_micro\s15_n2\image979233.bmp
s15,HS_100fps,Neutral,C:\Users\iRoti\Desktop\tt\SMIC\SMIC_all_raw\HS\s15\non_micro\s15_n3\image939438.bmp|C:\Users\iRoti\Desktop\tt\SMIC\SMIC_all_raw\HS\s15\non_micro\s15_n3\image939439.bmp|C:\Users\iRoti\Desktop\tt\SMIC\SMIC_all_raw\HS\s15\non_micro\s15_n3\image939440.bmp|C:\Users\iRoti\Desktop\tt\SMIC\SMIC_all_raw\HS\s15\non_micro\s15_n3\image939441.bmp|C:\Users\iRoti\Desktop\tt\SMIC\SMIC_all_raw\HS\s15\non_micro\s15_n3\image939442.bmp|C:\Users\iRoti\Desktop\tt\SMIC\SMIC_all_raw\HS\s15\non_micro\s15_n3\image939443.bmp|C:\Users\iRoti\Desktop\tt\SMIC\SMIC_all_raw\HS\s15\non_micro\s15_n3\image939444.bmp|C:\Users\iRoti\Desktop\tt\SMIC\SMIC_all_raw\HS\s15\non_micro\s15_n3\image939445.bmp|C:\Users\iRoti\Desktop\tt\SMIC\SMIC_all_raw\HS\s15\non_micro\s15_n3\image939446.bmp|C:\Users\iRoti\Desktop\tt\SMIC\SMIC_all_raw\HS\s15\non_micro\s15_n3\image939447.bmp|C:\Users\iRoti\Desktop\tt\SMIC\SMIC_all_raw\HS\s15\non_micro\s15_n3\image939448.bmp|C:\Users\iRoti\Desktop\tt\SMIC\SMIC_all_raw\HS\s15\non_micro\s15_n3\image939449.bmp|C:\Users\iRoti\Desktop\tt\SMIC\SMIC_all_raw\HS\s15\non_micro\s15_n3\image939450.bmp|C:\Users\iRoti\Desktop\tt\SMIC\SMIC_all_raw\HS\s15\non_micro\s15_n3\image939451.bmp|C:\Users\iRoti\Desktop\tt\SMIC\SMIC_all_raw\HS\s15\non_micro\s15_n3\image939452.bmp|C:\Users\iRoti\Desktop\tt\SMIC\SMIC_all_raw\HS\s15\non_micro\s15_n3\image939453.bmp|C:\Users\iRoti\Desktop\tt\SMIC\SMIC_all_raw\HS\s15\non_micro\s15_n3\image939454.bmp|C:\Users\iRoti\Desktop\tt\SMIC\SMIC_all_raw\HS\s15\non_micro\s15_n3\image939455.bmp|C:\Users\iRoti\Desktop\tt\SMIC\SMIC_all_raw\HS\s15\non_micro\s15_n3\image939456.bmp|C:\Users\iRoti\Desktop\tt\SMIC\SMIC_all_raw\HS\s15\non_micro\s15_n3\image939457.bmp|C:\Users\iRoti\Desktop\tt\SMIC\SMIC_all_raw\HS\s15\non_micro\s15_n3\image939458.bmp|C:\Users\iRoti\Desktop\tt\SMIC\SMIC_all_raw\HS\s15\non_micro\s15_n3\image939459.bmp|C:\Users\iRoti\Desktop\tt\SMIC\SMIC_all_raw\HS\s15\non_micro\s15_n3\image939460.bmp|C:\Users\iRoti\Desktop\tt\SMIC\SMIC_all_raw\HS\s15\non_micro\s15_n3\image939461.bmp|C:\Users\iRoti\Desktop\tt\SMIC\SMIC_all_raw\HS\s15\non_micro\s15_n3\image939462.bmp|C:\Users\iRoti\Desktop\tt\SMIC\SMIC_all_raw\HS\s15\non_micro\s15_n3\image939463.bmp|C:\Users\iRoti\Desktop\tt\SMIC\SMIC_all_raw\HS\s15\non_micro\s15_n3\image939464.bmp|C:\Users\iRoti\Desktop\tt\SMIC\SMIC_all_raw\HS\s15\non_micro\s15_n3\image939465.bmp|C:\Users\iRoti\Desktop\tt\SMIC\SMIC_all_raw\HS\s15\non_micro\s15_n3\image939466.bmp|C:\Users\iRoti\Desktop\tt\SMIC\SMIC_all_raw\HS\s15\non_micro\s15_n3\image939467.bmp|C:\Users\iRoti\Desktop\tt\SMIC\SMIC_all_raw\HS\s15\non_micro\s15_n3\image939468.bmp|C:\Users\iRoti\Desktop\tt\SMIC\SMIC_all_raw\HS\s15\non_micro\s15_n3\image939469.bmp|C:\Users\iRoti\Desktop\tt\SMIC\SMIC_all_raw\HS\s15\non_micro\s15_n3\image939470.bmp|C:\Users\iRoti\Desktop\tt\SMIC\SMIC_all_raw\HS\s15\non_micro\s15_n3\image939471.bmp|C:\Users\iRoti\Desktop\tt\SMIC\SMIC_all_raw\HS\s15\non_micro\s15_n3\image939472.bmp|C:\Users\iRoti\Desktop\tt\SMIC\SMIC_all_raw\HS\s15\non_micro\s15_n3\image939473.bmp|C:\Users\iRoti\Desktop\tt\SMIC\SMIC_all_raw\HS\s15\non_micro\s15_n3\image939474.bmp|C:\Users\iRoti\Desktop\tt\SMIC\SMIC_all_raw\HS\s15\non_micro\s15_n3\image939475.bmp|C:\Users\iRoti\Desktop\tt\SMIC\SMIC_all_raw\HS\s15\non_micro\s15_n3\image939476.bmp|C:\Users\iRoti\Desktop\tt\SMIC\SMIC_all_raw\HS\s15\non_micro\s15_n3\image939477.bmp
s15,HS_100fps,Neutral,C:\Users\iRoti\Desktop\tt\SMIC\SMIC_all_raw\HS\s15\non_micro\s15_n4\image945014.bmp|C:\Users\iRoti\Desktop\tt\SMIC\SMIC_all_raw\HS\s15\non_micro\s15_n4\image945015.bmp|C:\Users\iRoti\Desktop\tt\SMIC\SMIC_all_raw\HS\s15\non_micro\s15_n4\image945016.bmp|C:\Users\iRoti\Desktop\tt\SMIC\SMIC_all_raw\HS\s15\non_micro\s15_n4\image945017.bmp|C:\Users\iRoti\Desktop\tt\SMIC\SMIC_all_raw\HS\s15\non_micro\s15_n4\image945018.bmp|C:\Users\iRoti\Desktop\tt\SMIC\SMIC_all_raw\HS\s15\non_micro\s15_n4\image945019.bmp|C:\Users\iRoti\Desktop\tt\SMIC\SMIC_all_raw\HS\s15\non_micro\s15_n4\image945020.bmp|C:\Users\iRoti\Desktop\tt\SMIC\SMIC_all_raw\HS\s15\non_micro\s15_n4\image945021.bmp|C:\Users\iRoti\Desktop\tt\SMIC\SMIC_all_raw\HS\s15\non_micro\s15_n4\image945022.bmp|C:\Users\iRoti\Desktop\tt\SMIC\SMIC_all_raw\HS\s15\non_micro\s15_n4\image945023.bmp|C:\Users\iRoti\Desktop\tt\SMIC\SMIC_all_raw\HS\s15\non_micro\s15_n4\image945024.bmp|C:\Users\iRoti\Desktop\tt\SMIC\SMIC_all_raw\HS\s15\non_micro\s15_n4\image945025.bmp|C:\Users\iRoti\Desktop\tt\SMIC\SMIC_all_raw\HS\s15\non_micro\s15_n4\image945026.bmp|C:\Users\iRoti\Desktop\tt\SMIC\SMIC_all_raw\HS\s15\non_micro\s15_n4\image945027.bmp|C:\Users\iRoti\Desktop\tt\SMIC\SMIC_all_raw\HS\s15\non_micro\s15_n4\image945028.bmp|C:\Users\iRoti\Desktop\tt\SMIC\SMIC_all_raw\HS\s15\non_micro\s15_n4\image945029.bmp|C:\Users\iRoti\Desktop\tt\SMIC\SMIC_all_raw\HS\s15\non_micro\s15_n4\image945030.bmp|C:\Users\iRoti\Desktop\tt\SMIC\SMIC_all_raw\HS\s15\non_micro\s15_n4\image945031.bmp|C:\Users\iRoti\Desktop\tt\SMIC\SMIC_all_raw\HS\s15\non_micro\s15_n4\image945032.bmp|C:\Users\iRoti\Desktop\tt\SMIC\SMIC_all_raw\HS\s15\non_micro\s15_n4\image945033.bmp|C:\Users\iRoti\Desktop\tt\SMIC\SMIC_all_raw\HS\s15\non_micro\s15_n4\image945034.bmp|C:\Users\iRoti\Desktop\tt\SMIC\SMIC_all_raw\HS\s15\non_micro\s15_n4\image945035.bmp|C:\Users\iRoti\Desktop\tt\SMIC\SMIC_all_raw\HS\s15\non_micro\s15_n4\image945036.bmp|C:\Users\iRoti\Desktop\tt\SMIC\SMIC_all_raw\HS\s15\non_micro\s15_n4\image945037.bmp|C:\Users\iRoti\Desktop\tt\SMIC\SMIC_all_raw\HS\s15\non_micro\s15_n4\image945038.bmp|C:\Users\iRoti\Desktop\tt\SMIC\SMIC_all_raw\HS\s15\non_micro\s15_n4\image945039.bmp|C:\Users\iRoti\Desktop\tt\SMIC\SMIC_all_raw\HS\s15\non_micro\s15_n4\image945040.bmp|C:\Users\iRoti\Desktop\tt\SMIC\SMIC_all_raw\HS\s15\non_micro\s15_n4\image945041.bmp|C:\Users\iRoti\Desktop\tt\SMIC\SMIC_all_raw\HS\s15\non_micro\s15_n4\image945042.bmp|C:\Users\iRoti\Desktop\tt\SMIC\SMIC_all_raw\HS\s15\non_micro\s15_n4\image945043.bmp|C:\Users\iRoti\Desktop\tt\SMIC\SMIC_all_raw\HS\s15\non_micro\s15_n4\image945044.bmp|C:\Users\iRoti\Desktop\tt\SMIC\SMIC_all_raw\HS\s15\non_micro\s15_n4\image945045.bmp|C:\Users\iRoti\Desktop\tt\SMIC\SMIC_all_raw\HS\s15\non_micro\s15_n4\image945046.bmp|C:\Users\iRoti\Desktop\tt\SMIC\SMIC_all_raw\HS\s15\non_micro\s15_n4\image945047.bmp|C:\Users\iRoti\Desktop\tt\SMIC\SMIC_all_raw\HS\s15\non_micro\s15_n4\image945048.bmp|C:\Users\iRoti\Desktop\tt\SMIC\SMIC_all_raw\HS\s15\non_micro\s15_n4\image945049.bmp|C:\Users\iRoti\Desktop\tt\SMIC\SMIC_all_raw\HS\s15\non_micro\s15_n4\image945050.bmp|C:\Users\iRoti\Desktop\tt\SMIC\SMIC_all_raw\HS\s15\non_micro\s15_n4\image945051.bmp|C:\Users\iRoti\Desktop\tt\SMIC\SMIC_all_raw\HS\s15\non_micro\s15_n4\image945052.bmp|C:\Users\iRoti\Desktop\tt\SMIC\SMIC_all_raw\HS\s15\non_micro\s15_n4\image945053.bmp|C:\Users\iRoti\Desktop\tt\SMIC\SMIC_all_raw\HS\s15\non_micro\s15_n4\image945054.bmp|C:\Users\iRoti\Desktop\tt\SMIC\SMIC_all_raw\HS\s15\non_micro\s15_n4\image945055.bmp|C:\Users\iRoti\Desktop\tt\SMIC\SMIC_all_raw\HS\s15\non_micro\s15_n4\image945056.bmp|C:\Users\iRoti\Desktop\tt\SMIC\SMIC_all_raw\HS\s15\non_micro\s15_n4\image945057.bmp
s18,HS_100fps,Negativo,C:\Users\iRoti\Desktop\tt\SMIC\SMIC_all_raw\HS\s18\micro\negative\s18_ne_01\image1644341.bmp|C:\Users\iRoti\Desktop\tt\SMIC\SMIC_all_raw\HS\s18\micro\negative\s18_ne_01\image1644342.bmp|C:\Users\iRoti\Desktop\tt\SMIC\SMIC_all_raw\HS\s18\micro\negative\s18_ne_01\image1644343.bmp|C:\Users\iRoti\Desktop\tt\SMIC\SMIC_all_raw\HS\s18\micro\negative\s18_ne_01\image1644344.bmp|C:\Users\iRoti\Desktop\tt\SMIC\SMIC_all_raw\HS\s18\micro\negative\s18_ne_01\image1644345.bmp|C:\Users\iRoti\Desktop\tt\SMIC\SMIC_all_raw\HS\s18\micro\negative\s18_ne_01\image1644346.bmp|C:\Users\iRoti\Desktop\tt\SMIC\SMIC_all_raw\HS\s18\micro\negative\s18_ne_01\image1644347.bmp|C:\Users\iRoti\Desktop\tt\SMIC\SMIC_all_raw\HS\s18\micro\negative\s18_ne_01\image1644348.bmp|C:\Users\iRoti\Desktop\tt\SMIC\SMIC_all_raw\HS\s18\micro\negative\s18_ne_01\image1644349.bmp|C:\Users\iRoti\Desktop\tt\SMIC\SMIC_all_raw\HS\s18\micro\negative\s18_ne_01\image1644350.bmp|C:\Users\iRoti\Desktop\tt\SMIC\SMIC_all_raw\HS\s18\micro\negative\s18_ne_01\image1644351.bmp|C:\Users\iRoti\Desktop\tt\SMIC\SMIC_all_raw\HS\s18\micro\negative\s18_ne_01\image1644352.bmp|C:\Users\iRoti\Desktop\tt\SMIC\SMIC_all_raw\HS\s18\micro\negative\s18_ne_01\image1644353.bmp|C:\Users\iRoti\Desktop\tt\SMIC\SMIC_all_raw\HS\s18\micro\negative\s18_ne_01\image1644354.bmp|C:\Users\iRoti\Desktop\tt\SMIC\SMIC_all_raw\HS\s18\micro\negative\s18_ne_01\image1644355.bmp|C:\Users\iRoti\Desktop\tt\SMIC\SMIC_all_raw\HS\s18\micro\negative\s18_ne_01\image1644356.bmp|C:\Users\iRoti\Desktop\tt\SMIC\SMIC_all_raw\HS\s18\micro\negative\s18_ne_01\image1644357.bmp|C:\Users\iRoti\Desktop\tt\SMIC\SMIC_all_raw\HS\s18\micro\negative\s18_ne_01\image1644358.bmp|C:\Users\iRoti\Desktop\tt\SMIC\SMIC_all_raw\HS\s18\micro\negative\s18_ne_01\image1644359.bmp|C:\Users\iRoti\Desktop\tt\SMIC\SMIC_all_raw\HS\s18\micro\negative\s18_ne_01\image1644360.bmp|C:\Users\iRoti\Desktop\tt\SMIC\SMIC_all_raw\HS\s18\micro\negative\s18_ne_01\image1644361.bmp|C:\Users\iRoti\Desktop\tt\SMIC\SMIC_all_raw\HS\s18\micro\negative\s18_ne_01\image1644362.bmp|C:\Users\iRoti\Desktop\tt\SMIC\SMIC_all_raw\HS\s18\micro\negative\s18_ne_01\image1644363.bmp|C:\Users\iRoti\Desktop\tt\SMIC\SMIC_all_raw\HS\s18\micro\negative\s18_ne_01\image1644364.bmp|C:\Users\iRoti\Desktop\tt\SMIC\SMIC_all_raw\HS\s18\micro\negative\s18_ne_01\image1644365.bmp|C:\Users\iRoti\Desktop\tt\SMIC\SMIC_all_raw\HS\s18\micro\negative\s18_ne_01\image1644366.bmp|C:\Users\iRoti\Desktop\tt\SMIC\SMIC_all_raw\HS\s18\micro\negative\s18_ne_01\image1644367.bmp|C:\Users\iRoti\Desktop\tt\SMIC\SMIC_all_raw\HS\s18\micro\negative\s18_ne_01\image1644368.bmp|C:\Users\iRoti\Desktop\tt\SMIC\SMIC_all_raw\HS\s18\micro\negative\s18_ne_01\image1644369.bmp|C:\Users\iRoti\Desktop\tt\SMIC\SMIC_all_raw\HS\s18\micro\negative\s18_ne_01\image1644370.bmp|C:\Users\iRoti\Desktop\tt\SMIC\SMIC_all_raw\HS\s18\micro\negative\s18_ne_01\image1644371.bmp|C:\Users\iRoti\Desktop\tt\SMIC\SMIC_all_raw\HS\s18\micro\negative\s18_ne_01\image1644372.bmp|C:\Users\iRoti\Desktop\tt\SMIC\SMIC_all_raw\HS\s18\micro\negative\s18_ne_01\image1644373.bmp|C:\Users\iRoti\Desktop\tt\SMIC\SMIC_all_raw\HS\s18\micro\negative\s18_ne_01\image1644374.bmp|C:\Users\iRoti\Desktop\tt\SMIC\SMIC_all_raw\HS\s18\micro\negative\s18_ne_01\image1644375.bmp|C:\Users\iRoti\Desktop\tt\SMIC\SMIC_all_raw\HS\s18\micro\negative\s18_ne_01\image1644376.bmp|C:\Users\iRoti\Desktop\tt\SMIC\SMIC_all_raw\HS\s18\micro\negative\s18_ne_01\image1644377.bmp|C:\Users\iRoti\Desktop\tt\SMIC\SMIC_all_raw\HS\s18\micro\negative\s18_ne_01\image1644378.bmp|C:\Users\iRoti\Desktop\tt\SMIC\SMIC_all_raw\HS\s18\micro\negative\s18_ne_01\image1644379.bmp
s18,HS_100fps,Negativo,C:\Users\iRoti\Desktop\tt\SMIC\SMIC_all_raw\HS\s18\micro\negative\s18_ne_02\image1760613.bmp|C:\Users\iRoti\Desktop\tt\SMIC\SMIC_all_raw\HS\s18\micro\negative\s18_ne_02\image1760614.bmp|C:\Users\iRoti\Desktop\tt\SMIC\SMIC_all_raw\HS\s18\micro\negative\s18_ne_02\image1760615.bmp|C:\Users\iRoti\Desktop\tt\SMIC\SMIC_all_raw\HS\s18\micro\negative\s18_ne_02\image1760616.bmp|C:\Users\iRoti\Desktop\tt\SMIC\SMIC_all_raw\HS\s18\micro\negative\s18_ne_02\image1760617.bmp|C:\Users\iRoti\Desktop\tt\SMIC\SMIC_all_raw\HS\s18\micro\negative\s18_ne_02\image1760618.bmp|C:\Users\iRoti\Desktop\tt\SMIC\SMIC_all_raw\HS\s18\micro\negative\s18_ne_02\image1760619.bmp|C:\Users\iRoti\Desktop\tt\SMIC\SMIC_all_raw\HS\s18\micro\negative\s18_ne_02\image1760620.bmp|C:\Users\iRoti\Desktop\tt\SMIC\SMIC_all_raw\HS\s18\micro\negative\s18_ne_02\image1760621.bmp|C:\Users\iRoti\Desktop\tt\SMIC\SMIC_all_raw\HS\s18\micro\negative\s18_ne_02\image1760622.bmp|C:\Users\iRoti\Desktop\tt\SMIC\SMIC_all_raw\HS\s18\micro\negative\s18_ne_02\image1760623.bmp|C:\Users\iRoti\Desktop\tt\SMIC\SMIC_all_raw\HS\s18\micro\negative\s18_ne_02\image1760624.bmp|C:\Users\iRoti\Desktop\tt\SMIC\SMIC_all_raw\HS\s18\micro\negative\s18_ne_02\image1760625.bmp|C:\Users\iRoti\Desktop\tt\SMIC\SMIC_all_raw\HS\s18\micro\negative\s18_ne_02\image1760626.bmp|C:\Users\iRoti\Desktop\tt\SMIC\SMIC_all_raw\HS\s18\micro\negative\s18_ne_02\image1760627.bmp|C:\Users\iRoti\Desktop\tt\SMIC\SMIC_all_raw\HS\s18\micro\negative\s18_ne_02\image1760628.bmp|C:\Users\iRoti\Desktop\tt\SMIC\SMIC_all_raw\HS\s18\micro\negative\s18_ne_02\image1760629.bmp|C:\Users\iRoti\Desktop\tt\SMIC\SMIC_all_raw\HS\s18\micro\negative\s18_ne_02\image1760630.bmp|C:\Users\iRoti\Desktop\tt\SMIC\SMIC_all_raw\HS\s18\micro\negative\s18_ne_02\image1760631.bmp|C:\Users\iRoti\Desktop\tt\SMIC\SMIC_all_raw\HS\s18\micro\negative\s18_ne_02\image1760632.bmp|C:\Users\iRoti\Desktop\tt\SMIC\SMIC_all_raw\HS\s18\micro\negative\s18_ne_02\image1760633.bmp|C:\Users\iRoti\Desktop\tt\SMIC\SMIC_all_raw\HS\s18\micro\negative\s18_ne_02\image1760634.bmp|C:\Users\iRoti\Desktop\tt\SMIC\SMIC_all_raw\HS\s18\micro\negative\s18_ne_02\image1760635.bmp|C:\Users\iRoti\Desktop\tt\SMIC\SMIC_all_raw\HS\s18\micro\negative\s18_ne_02\image1760636.bmp|C:\Users\iRoti\Desktop\tt\SMIC\SMIC_all_raw\HS\s18\micro\negative\s18_ne_02\image1760637.bmp|C:\Users\iRoti\Desktop\tt\SMIC\SMIC_all_raw\HS\s18\micro\negative\s18_ne_02\image1760638.bmp|C:\Users\iRoti\Desktop\tt\SMIC\SMIC_all_raw\HS\s18\micro\negative\s18_ne_02\image1760639.bmp|C:\Users\iRoti\Desktop\tt\SMIC\SMIC_all_raw\HS\s18\micro\negative\s18_ne_02\image1760640.bmp|C:\Users\iRoti\Desktop\tt\SMIC\SMIC_all_raw\HS\s18\micro\negative\s18_ne_02\image1760641.bmp|C:\Users\iRoti\Desktop\tt\SMIC\SMIC_all_raw\HS\s18\micro\negative\s18_ne_02\image1760642.bmp|C:\Users\iRoti\Desktop\tt\SMIC\SMIC_all_raw\HS\s18\micro\negative\s18_ne_02\image1760643.bmp|C:\Users\iRoti\Desktop\tt\SMIC\SMIC_all_raw\HS\s18\micro\negative\s18_ne_02\image1760644.bmp|C:\Users\iRoti\Desktop\tt\SMIC\SMIC_all_raw\HS\s18\micro\negative\s18_ne_02\image1760645.bmp|C:\Users\iRoti\Desktop\tt\SMIC\SMIC_all_raw\HS\s18\micro\negative\s18_ne_02\image1760646.bmp|C:\Users\iRoti\Desktop\tt\SMIC\SMIC_all_raw\HS\s18\micro\negative\s18_ne_02\image1760647.bmp|C:\Users\iRoti\Desktop\tt\SMIC\SMIC_all_raw\HS\s18\micro\negative\s18_ne_02\image1760648.bmp|C:\Users\iRoti\Desktop\tt\SMIC\SMIC_all_raw\HS\s18\micro\negative\s18_ne_02\image1760649.bmp|C:\Users\iRoti\Desktop\tt\SMIC\SMIC_all_raw\HS\s18\micro\negative\s18_ne_02\image1760650.bmp|C:\Users\iRoti\Desktop\tt\SMIC\SMIC_all_raw\HS\s18\micro\negative\s18_ne_02\image1760651.bmp|C:\Users\iRoti\Desktop\tt\SMIC\SMIC_all_raw\HS\s18\micro\negative\s18_ne_02\image1760652.bmp|C:\Users\iRoti\Desktop\tt\SMIC\SMIC_all_raw\HS\s18\micro\negative\s18_ne_02\image1760653.bmp|C:\Users\iRoti\Desktop\tt\SMIC\SMIC_all_raw\HS\s18\micro\negative\s18_ne_02\image1760654.bmp|C:\Users\iRoti\Desktop\tt\SMIC\SMIC_all_raw\HS\s18\micro\negative\s18_ne_02\image1760655.bmp|C:\Users\iRoti\Desktop\tt\SMIC\SMIC_all_raw\HS\s18\micro\negative\s18_ne_02\image1760656.bmp|C:\Users\iRoti\Desktop\tt\SMIC\SMIC_all_raw\HS\s18\micro\negative\s18_ne_02\image1760657.bmp|C:\Users\iRoti\Desktop\tt\SMIC\SMIC_all_raw\HS\s18\micro\negative\s18_ne_02\image1760658.bmp
s18,HS_100fps,Sorpresa,C:\Users\iRoti\Desktop\tt\SMIC\SMIC_all_raw\HS\s18\micro\surprise\s18_sur_01\image1642685.bmp|C:\Users\iRoti\Desktop\tt\SMIC\SMIC_all_raw\HS\s18\micro\surprise\s18_sur_01\image1642686.bmp|C:\Users\iRoti\Desktop\tt\SMIC\SMIC_all_raw\HS\s18\micro\surprise\s18_sur_01\image1642687.bmp|C:\Users\iRoti\Desktop\tt\SMIC\SMIC_all_raw\HS\s18\micro\surprise\s18_sur_01\image1642688.bmp|C:\Users\iRoti\Desktop\tt\SMIC\SMIC_all_raw\HS\s18\micro\surprise\s18_sur_01\image1642689.bmp|C:\Users\iRoti\Desktop\tt\SMIC\SMIC_all_raw\HS\s18\micro\surprise\s18_sur_01\image1642690.bmp|C:\Users\iRoti\Desktop\tt\SMIC\SMIC_all_raw\HS\s18\micro\surprise\s18_sur_01\image1642691.bmp|C:\Users\iRoti\Desktop\tt\SMIC\SMIC_all_raw\HS\s18\micro\surprise\s18_sur_01\image1642692.bmp|C:\Users\iRoti\Desktop\tt\SMIC\SMIC_all_raw\HS\s18\micro\surprise\s18_sur_01\image1642693.bmp|C:\Users\iRoti\Desktop\tt\SMIC\SMIC_all_raw\HS\s18\micro\surprise\s18_sur_01\image1642694.bmp|C:\Users\iRoti\Desktop\tt\SMIC\SMIC_all_raw\HS\s18\micro\surprise\s18_sur_01\image1642695.bmp|C:\Users\iRoti\Desktop\tt\SMIC\SMIC_all_raw\HS\s18\micro\surprise\s18_sur_01\image1642696.bmp|C:\Users\iRoti\Desktop\tt\SMIC\SMIC_all_raw\HS\s18\micro\surprise\s18_sur_01\image1642697.bmp|C:\Users\iRoti\Desktop\tt\SMIC\SMIC_all_raw\HS\s18\micro\surprise\s18_sur_01\image1642698.bmp|C:\Users\iRoti\Desktop\tt\SMIC\SMIC_all_raw\HS\s18\micro\surprise\s18_sur_01\image1642699.bmp|C:\Users\iRoti\Desktop\tt\SMIC\SMIC_all_raw\HS\s18\micro\surprise\s18_sur_01\image1642700.bmp|C:\Users\iRoti\Desktop\tt\SMIC\SMIC_all_raw\HS\s18\micro\surprise\s18_sur_01\image1642701.bmp|C:\Users\iRoti\Desktop\tt\SMIC\SMIC_all_raw\HS\s18\micro\surprise\s18_sur_01\image1642702.bmp|C:\Users\iRoti\Desktop\tt\SMIC\SMIC_all_raw\HS\s18\micro\surprise\s18_sur_01\image1642703.bmp|C:\Users\iRoti\Desktop\tt\SMIC\SMIC_all_raw\HS\s18\micro\surprise\s18_sur_01\image1642704.bmp|C:\Users\iRoti\Desktop\tt\SMIC\SMIC_all_raw\HS\s18\micro\surprise\s18_sur_01\image1642705.bmp|C:\Users\iRoti\Desktop\tt\SMIC\SMIC_all_raw\HS\s18\micro\surprise\s18_sur_01\image1642706.bmp|C:\Users\iRoti\Desktop\tt\SMIC\SMIC_all_raw\HS\s18\micro\surprise\s18_sur_01\image1642707.bmp|C:\Users\iRoti\Desktop\tt\SMIC\SMIC_all_raw\HS\s18\micro\surprise\s18_sur_01\image1642708.bmp|C:\Users\iRoti\Desktop\tt\SMIC\SMIC_all_raw\HS\s18\micro\surprise\s18_sur_01\image1642709.bmp|C:\Users\iRoti\Desktop\tt\SMIC\SMIC_all_raw\HS\s18\micro\surprise\s18_sur_01\image1642710.bmp|C:\Users\iRoti\Desktop\tt\SMIC\SMIC_all_raw\HS\s18\micro\surprise\s18_sur_01\image1642711.bmp|C:\Users\iRoti\Desktop\tt\SMIC\SMIC_all_raw\HS\s18\micro\surprise\s18_sur_01\image1642712.bmp|C:\Users\iRoti\Desktop\tt\SMIC\SMIC_all_raw\HS\s18\micro\surprise\s18_sur_01\image1642713.bmp|C:\Users\iRoti\Desktop\tt\SMIC\SMIC_all_raw\HS\s18\micro\surprise\s18_sur_01\image1642714.bmp|C:\Users\iRoti\Desktop\tt\SMIC\SMIC_all_raw\HS\s18\micro\surprise\s18_sur_01\image1642715.bmp|C:\Users\iRoti\Desktop\tt\SMIC\SMIC_all_raw\HS\s18\micro\surprise\s18_sur_01\image1642716.bmp|C:\Users\iRoti\Desktop\tt\SMIC\SMIC_all_raw\HS\s18\micro\surprise\s18_sur_01\image1642717.bmp|C:\Users\iRoti\Desktop\tt\SMIC\SMIC_all_raw\HS\s18\micro\surprise\s18_sur_01\image1642718.bmp|C:\Users\iRoti\Desktop\tt\SMIC\SMIC_all_raw\HS\s18\micro\surprise\s18_sur_01\image1642719.bmp|C:\Users\iRoti\Desktop\tt\SMIC\SMIC_all_raw\HS\s18\micro\surprise\s18_sur_01\image1642720.bmp|C:\Users\iRoti\Desktop\tt\SMIC\SMIC_all_raw\HS\s18\micro\surprise\s18_sur_01\image1642721.bmp
s18,HS_100fps,Sorpresa,C:\Users\iRoti\Desktop\tt\SMIC\SMIC_all_raw\HS\s18\micro\surprise\s18_sur_02\image1692902.bmp|C:\Users\iRoti\Desktop\tt\SMIC\SMIC_all_raw\HS\s18\micro\surprise\s18_sur_02\image1692903.bmp|C:\Users\iRoti\Desktop\tt\SMIC\SMIC_all_raw\HS\s18\micro\surprise\s18_sur_02\image1692904.bmp|C:\Users\iRoti\Desktop\tt\SMIC\SMIC_all_raw\HS\s18\micro\surprise\s18_sur_02\image1692905.bmp|C:\Users\iRoti\Desktop\tt\SMIC\SMIC_all_raw\HS\s18\micro\surprise\s18_sur_02\image1692906.bmp|C:\Users\iRoti\Desktop\tt\SMIC\SMIC_all_raw\HS\s18\micro\surprise\s18_sur_02\image1692907.bmp|C:\Users\iRoti\Desktop\tt\SMIC\SMIC_all_raw\HS\s18\micro\surprise\s18_sur_02\image1692908.bmp|C:\Users\iRoti\Desktop\tt\SMIC\SMIC_all_raw\HS\s18\micro\surprise\s18_sur_02\image1692909.bmp|C:\Users\iRoti\Desktop\tt\SMIC\SMIC_all_raw\HS\s18\micro\surprise\s18_sur_02\image1692910.bmp|C:\Users\iRoti\Desktop\tt\SMIC\SMIC_all_raw\HS\s18\micro\surprise\s18_sur_02\image1692911.bmp|C:\Users\iRoti\Desktop\tt\SMIC\SMIC_all_raw\HS\s18\micro\surprise\s18_sur_02\image1692912.bmp|C:\Users\iRoti\Desktop\tt\SMIC\SMIC_all_raw\HS\s18\micro\surprise\s18_sur_02\image1692913.bmp|C:\Users\iRoti\Desktop\tt\SMIC\SMIC_all_raw\HS\s18\micro\surprise\s18_sur_02\image1692914.bmp|C:\Users\iRoti\Desktop\tt\SMIC\SMIC_all_raw\HS\s18\micro\surprise\s18_sur_02\image1692915.bmp|C:\Users\iRoti\Desktop\tt\SMIC\SMIC_all_raw\HS\s18\micro\surprise\s18_sur_02\image1692916.bmp|C:\Users\iRoti\Desktop\tt\SMIC\SMIC_all_raw\HS\s18\micro\surprise\s18_sur_02\image1692917.bmp|C:\Users\iRoti\Desktop\tt\SMIC\SMIC_all_raw\HS\s18\micro\surprise\s18_sur_02\image1692918.bmp|C:\Users\iRoti\Desktop\tt\SMIC\SMIC_all_raw\HS\s18\micro\surprise\s18_sur_02\image1692919.bmp|C:\Users\iRoti\Desktop\tt\SMIC\SMIC_all_raw\HS\s18\micro\surprise\s18_sur_02\image1692920.bmp|C:\Users\iRoti\Desktop\tt\SMIC\SMIC_all_raw\HS\s18\micro\surprise\s18_sur_02\image1692921.bmp|C:\Users\iRoti\Desktop\tt\SMIC\SMIC_all_raw\HS\s18\micro\surprise\s18_sur_02\image1692922.bmp|C:\Users\iRoti\Desktop\tt\SMIC\SMIC_all_raw\HS\s18\micro\surprise\s18_sur_02\image1692923.bmp|C:\Users\iRoti\Desktop\tt\SMIC\SMIC_all_raw\HS\s18\micro\surprise\s18_sur_02\image1692924.bmp|C:\Users\iRoti\Desktop\tt\SMIC\SMIC_all_raw\HS\s18\micro\surprise\s18_sur_02\image1692925.bmp|C:\Users\iRoti\Desktop\tt\SMIC\SMIC_all_raw\HS\s18\micro\surprise\s18_sur_02\image1692926.bmp|C:\Users\iRoti\Desktop\tt\SMIC\SMIC_all_raw\HS\s18\micro\surprise\s18_sur_02\image1692927.bmp|C:\Users\iRoti\Desktop\tt\SMIC\SMIC_all_raw\HS\s18\micro\surprise\s18_sur_02\image1692928.bmp|C:\Users\iRoti\Desktop\tt\SMIC\SMIC_all_raw\HS\s18\micro\surprise\s18_sur_02\image1692929.bmp|C:\Users\iRoti\Desktop\tt\SMIC\SMIC_all_raw\HS\s18\micro\surprise\s18_sur_02\image1692930.bmp|C:\Users\iRoti\Desktop\tt\SMIC\SMIC_all_raw\HS\s18\micro\surprise\s18_sur_02\image1692931.bmp|C:\Users\iRoti\Desktop\tt\SMIC\SMIC_all_raw\HS\s18\micro\surprise\s18_sur_02\image1692932.bmp|C:\Users\iRoti\Desktop\tt\SMIC\SMIC_all_raw\HS\s18\micro\surprise\s18_sur_02\image1692933.bmp
s18,HS_100fps,Sorpresa,C:\Users\iRoti\Desktop\tt\SMIC\SMIC_all_raw\HS\s18\micro\surprise\s18_sur_03\image1695782.bmp|C:\Users\iRoti\Desktop\tt\SMIC\SMIC_all_raw\HS\s18\micro\surprise\s18_sur_03\image1695783.bmp|C:\Users\iRoti\Desktop\tt\SMIC\SMIC_all_raw\HS\s18\micro\surprise\s18_sur_03\image1695784.bmp|C:\Users\iRoti\Desktop\tt\SMIC\SMIC_all_raw\HS\s18\micro\surprise\s18_sur_03\image1695785.bmp|C:\Users\iRoti\Desktop\tt\SMIC\SMIC_all_raw\HS\s18\micro\surprise\s18_sur_03\image1695786.bmp|C:\Users\iRoti\Desktop\tt\SMIC\SMIC_all_raw\HS\s18\micro\surprise\s18_sur_03\image1695787.bmp|C:\Users\iRoti\Desktop\tt\SMIC\SMIC_all_raw\HS\s18\micro\surprise\s18_sur_03\image1695788.bmp|C:\Users\iRoti\Desktop\tt\SMIC\SMIC_all_raw\HS\s18\micro\surprise\s18_sur_03\image1695789.bmp|C:\Users\iRoti\Desktop\tt\SMIC\SMIC_all_raw\HS\s18\micro\surprise\s18_sur_03\image1695790.bmp|C:\Users\iRoti\Desktop\tt\SMIC\SMIC_all_raw\HS\s18\micro\surprise\s18_sur_03\image1695791.bmp|C:\Users\iRoti\Desktop\tt\SMIC\SMIC_all_raw\HS\s18\micro\surprise\s18_sur_03\image1695792.bmp|C:\Users\iRoti\Desktop\tt\SMIC\SMIC_all_raw\HS\s18\micro\surprise\s18_sur_03\image1695793.bmp|C:\Users\iRoti\Desktop\tt\SMIC\SMIC_all_raw\HS\s18\micro\surprise\s18_sur_03\image1695794.bmp|C:\Users\iRoti\Desktop\tt\SMIC\SMIC_all_raw\HS\s18\micro\surprise\s18_sur_03\image1695795.bmp|C:\Users\iRoti\Desktop\tt\SMIC\SMIC_all_raw\HS\s18\micro\surprise\s18_sur_03\image1695796.bmp|C:\Users\iRoti\Desktop\tt\SMIC\SMIC_all_raw\HS\s18\micro\surprise\s18_sur_03\image1695797.bmp|C:\Users\iRoti\Desktop\tt\SMIC\SMIC_all_raw\HS\s18\micro\surprise\s18_sur_03\image1695798.bmp|C:\Users\iRoti\Desktop\tt\SMIC\SMIC_all_raw\HS\s18\micro\surprise\s18_sur_03\image1695799.bmp|C:\Users\iRoti\Desktop\tt\SMIC\SMIC_all_raw\HS\s18\micro\surprise\s18_sur_03\image1695800.bmp|C:\Users\iRoti\Desktop\tt\SMIC\SMIC_all_raw\HS\s18\micro\surprise\s18_sur_03\image1695801.bmp|C:\Users\iRoti\Desktop\tt\SMIC\SMIC_all_raw\HS\s18\micro\surprise\s18_sur_03\image1695802.bmp|C:\Users\iRoti\Desktop\tt\SMIC\SMIC_all_raw\HS\s18\micro\surprise\s18_sur_03\image1695803.bmp|C:\Users\iRoti\Desktop\tt\SMIC\SMIC_all_raw\HS\s18\micro\surprise\s18_sur_03\image1695804.bmp|C:\Users\iRoti\Desktop\tt\SMIC\SMIC_all_raw\HS\s18\micro\surprise\s18_sur_03\image1695805.bmp|C:\Users\iRoti\Desktop\tt\SMIC\SMIC_all_raw\HS\s18\micro\surprise\s18_sur_03\image1695806.bmp|C:\Users\iRoti\Desktop\tt\SMIC\SMIC_all_raw\HS\s18\micro\surprise\s18_sur_03\image1695807.bmp|C:\Users\iRoti\Desktop\tt\SMIC\SMIC_all_raw\HS\s18\micro\surprise\s18_sur_03\image1695808.bmp|C:\Users\iRoti\Desktop\tt\SMIC\SMIC_all_raw\HS\s18\micro\surprise\s18_sur_03\image1695809.bmp
s18,HS_100fps,Sorpresa,C:\Users\iRoti\Desktop\tt\SMIC\SMIC_all_raw\HS\s18\micro\surprise\s18_sur_04\image1712971.bmp|C:\Users\iRoti\Desktop\tt\SMIC\SMIC_all_raw\HS\s18\micro\surprise\s18_sur_04\image1712972.bmp|C:\Users\iRoti\Desktop\tt\SMIC\SMIC_all_raw\HS\s18\micro\surprise\s18_sur_04\image1712973.bmp|C:\Users\iRoti\Desktop\tt\SMIC\SMIC_all_raw\HS\s18\micro\surprise\s18_sur_04\image1712974.bmp|C:\Users\iRoti\Desktop\tt\SMIC\SMIC_all_raw\HS\s18\micro\surprise\s18_sur_04\image1712975.bmp|C:\Users\iRoti\Desktop\tt\SMIC\SMIC_all_raw\HS\s18\micro\surprise\s18_sur_04\image1712976.bmp|C:\Users\iRoti\Desktop\tt\SMIC\SMIC_all_raw\HS\s18\micro\surprise\s18_sur_04\image1712977.bmp|C:\Users\iRoti\Desktop\tt\SMIC\SMIC_all_raw\HS\s18\micro\surprise\s18_sur_04\image1712978.bmp|C:\Users\iRoti\Desktop\tt\SMIC\SMIC_all_raw\HS\s18\micro\surprise\s18_sur_04\image1712979.bmp|C:\Users\iRoti\Desktop\tt\SMIC\SMIC_all_raw\HS\s18\micro\surprise\s18_sur_04\image1712980.bmp|C:\Users\iRoti\Desktop\tt\SMIC\SMIC_all_raw\HS\s18\micro\surprise\s18_sur_04\image1712981.bmp|C:\Users\iRoti\Desktop\tt\SMIC\SMIC_all_raw\HS\s18\micro\surprise\s18_sur_04\image1712982.bmp|C:\Users\iRoti\Desktop\tt\SMIC\SMIC_all_raw\HS\s18\micro\surprise\s18_sur_04\image1712983.bmp|C:\Users\iRoti\Desktop\tt\SMIC\SMIC_all_raw\HS\s18\micro\surprise\s18_sur_04\image1712984.bmp|C:\Users\iRoti\Desktop\tt\SMIC\SMIC_all_raw\HS\s18\micro\surprise\s18_sur_04\image1712985.bmp|C:\Users\iRoti\Desktop\tt\SMIC\SMIC_all_raw\HS\s18\micro\surprise\s18_sur_04\image1712986.bmp|C:\Users\iRoti\Desktop\tt\SMIC\SMIC_all_raw\HS\s18\micro\surprise\s18_sur_04\image1712987.bmp|C:\Users\iRoti\Desktop\tt\SMIC\SMIC_all_raw\HS\s18\micro\surprise\s18_sur_04\image1712988.bmp|C:\Users\iRoti\Desktop\tt\SMIC\SMIC_all_raw\HS\s18\micro\surprise\s18_sur_04\image1712989.bmp|C:\Users\iRoti\Desktop\tt\SMIC\SMIC_all_raw\HS\s18\micro\surprise\s18_sur_04\image1712990.bmp|C:\Users\iRoti\Desktop\tt\SMIC\SMIC_all_raw\HS\s18\micro\surprise\s18_sur_04\image1712991.bmp|C:\Users\iRoti\Desktop\tt\SMIC\SMIC_all_raw\HS\s18\micro\surprise\s18_sur_04\image1712992.bmp|C:\Users\iRoti\Desktop\tt\SMIC\SMIC_all_raw\HS\s18\micro\surprise\s18_sur_04\image1712993.bmp|C:\Users\iRoti\Desktop\tt\SMIC\SMIC_all_raw\HS\s18\micro\surprise\s18_sur_04\image1712994.bmp|C:\Users\iRoti\Desktop\tt\SMIC\SMIC_all_raw\HS\s18\micro\surprise\s18_sur_04\image1712995.bmp|C:\Users\iRoti\Desktop\tt\SMIC\SMIC_all_raw\HS\s18\micro\surprise\s18_sur_04\image1712996.bmp|C:\Users\iRoti\Desktop\tt\SMIC\SMIC_all_raw\HS\s18\micro\surprise\s18_sur_04\image1712997.bmp|C:\Users\iRoti\Desktop\tt\SMIC\SMIC_all_raw\HS\s18\micro\surprise\s18_sur_04\image1712998.bmp|C:\Users\iRoti\Desktop\tt\SMIC\SMIC_all_raw\HS\s18\micro\surprise\s18_sur_04\image1712999.bmp|C:\Users\iRoti\Desktop\tt\SMIC\SMIC_all_raw\HS\s18\micro\surprise\s18_sur_04\image1713000.bmp|C:\Users\iRoti\Desktop\tt\SMIC\SMIC_all_raw\HS\s18\micro\surprise\s18_sur_04\image1713001.bmp|C:\Users\iRoti\Desktop\tt\SMIC\SMIC_all_raw\HS\s18\micro\surprise\s18_sur_04\image1713002.bmp|C:\Users\iRoti\Desktop\tt\SMIC\SMIC_all_raw\HS\s18\micro\surprise\s18_sur_04\image1713003.bmp|C:\Users\iRoti\Desktop\tt\SMIC\SMIC_all_raw\HS\s18\micro\surprise\s18_sur_04\image1713004.bmp|C:\Users\iRoti\Desktop\tt\SMIC\SMIC_all_raw\HS\s18\micro\surprise\s18_sur_04\image1713005.bmp|C:\Users\iRoti\Desktop\tt\SMIC\SMIC_all_raw\HS\s18\micro\surprise\s18_sur_04\image1713006.bmp
s18,HS_100fps,Sorpresa,C:\Users\iRoti\Desktop\tt\SMIC\SMIC_all_raw\HS\s18\micro\surprise\s18_sur_05\image1859405.bmp|C:\Users\iRoti\Desktop\tt\SMIC\SMIC_all_raw\HS\s18\micro\surprise\s18_sur_05\image1859406.bmp|C:\Users\iRoti\Desktop\tt\SMIC\SMIC_all_raw\HS\s18\micro\surprise\s18_sur_05\image1859407.bmp|C:\Users\iRoti\Desktop\tt\SMIC\SMIC_all_raw\HS\s18\micro\surprise\s18_sur_05\image1859408.bmp|C:\Users\iRoti\Desktop\tt\SMIC\SMIC_all_raw\HS\s18\micro\surprise\s18_sur_05\image1859409.bmp|C:\Users\iRoti\Desktop\tt\SMIC\SMIC_all_raw\HS\s18\micro\surprise\s18_sur_05\image1859410.bmp|C:\Users\iRoti\Desktop\tt\SMIC\SMIC_all_raw\HS\s18\micro\surprise\s18_sur_05\image1859411.bmp|C:\Users\iRoti\Desktop\tt\SMIC\SMIC_all_raw\HS\s18\micro\surprise\s18_sur_05\image1859412.bmp|C:\Users\iRoti\Desktop\tt\SMIC\SMIC_all_raw\HS\s18\micro\surprise\s18_sur_05\image1859413.bmp|C:\Users\iRoti\Desktop\tt\SMIC\SMIC_all_raw\HS\s18\micro\surprise\s18_sur_05\image1859414.bmp|C:\Users\iRoti\Desktop\tt\SMIC\SMIC_all_raw\HS\s18\micro\surprise\s18_sur_05\image1859415.bmp|C:\Users\iRoti\Desktop\tt\SMIC\SMIC_all_raw\HS\s18\micro\surprise\s18_sur_05\image1859416.bmp|C:\Users\iRoti\Desktop\tt\SMIC\SMIC_all_raw\HS\s18\micro\surprise\s18_sur_05\image1859417.bmp|C:\Users\iRoti\Desktop\tt\SMIC\SMIC_all_raw\HS\s18\micro\surprise\s18_sur_05\image1859418.bmp|C:\Users\iRoti\Desktop\tt\SMIC\SMIC_all_raw\HS\s18\micro\surprise\s18_sur_05\image1859419.bmp|C:\Users\iRoti\Desktop\tt\SMIC\SMIC_all_raw\HS\s18\micro\surprise\s18_sur_05\image1859420.bmp|C:\Users\iRoti\Desktop\tt\SMIC\SMIC_all_raw\HS\s18\micro\surprise\s18_sur_05\image1859421.bmp|C:\Users\iRoti\Desktop\tt\SMIC\SMIC_all_raw\HS\s18\micro\surprise\s18_sur_05\image1859422.bmp|C:\Users\iRoti\Desktop\tt\SMIC\SMIC_all_raw\HS\s18\micro\surprise\s18_sur_05\image1859423.bmp|C:\Users\iRoti\Desktop\tt\SMIC\SMIC_all_raw\HS\s18\micro\surprise\s18_sur_05\image1859424.bmp|C:\Users\iRoti\Desktop\tt\SMIC\SMIC_all_raw\HS\s18\micro\surprise\s18_sur_05\image1859425.bmp|C:\Users\iRoti\Desktop\tt\SMIC\SMIC_all_raw\HS\s18\micro\surprise\s18_sur_05\image1859426.bmp|C:\Users\iRoti\Desktop\tt\SMIC\SMIC_all_raw\HS\s18\micro\surprise\s18_sur_05\image1859427.bmp|C:\Users\iRoti\Desktop\tt\SMIC\SMIC_all_raw\HS\s18\micro\surprise\s18_sur_05\image1859428.bmp|C:\Users\iRoti\Desktop\tt\SMIC\SMIC_all_raw\HS\s18\micro\surprise\s18_sur_05\image1859429.bmp|C:\Users\iRoti\Desktop\tt\SMIC\SMIC_all_raw\HS\s18\micro\surprise\s18_sur_05\image1859430.bmp|C:\Users\iRoti\Desktop\tt\SMIC\SMIC_all_raw\HS\s18\micro\surprise\s18_sur_05\image1859431.bmp|C:\Users\iRoti\Desktop\tt\SMIC\SMIC_all_raw\HS\s18\micro\surprise\s18_sur_05\image1859432.bmp|C:\Users\iRoti\Desktop\tt\SMIC\SMIC_all_raw\HS\s18\micro\surprise\s18_sur_05\image1859433.bmp|C:\Users\iRoti\Desktop\tt\SMIC\SMIC_all_raw\HS\s18\micro\surprise\s18_sur_05\image1859434.bmp|C:\Users\iRoti\Desktop\tt\SMIC\SMIC_all_raw\HS\s18\micro\surprise\s18_sur_05\image1859435.bmp|C:\Users\iRoti\Desktop\tt\SMIC\SMIC_all_raw\HS\s18\micro\surprise\s18_sur_05\image1859436.bmp|C:\Users\iRoti\Desktop\tt\SMIC\SMIC_all_raw\HS\s18\micro\surprise\s18_sur_05\image1859437.bmp|C:\Users\iRoti\Desktop\tt\SMIC\SMIC_all_raw\HS\s18\micro\surprise\s18_sur_05\image1859438.bmp|C:\Users\iRoti\Desktop\tt\SMIC\SMIC_all_raw\HS\s18\micro\surprise\s18_sur_05\image1859439.bmp|C:\Users\iRoti\Desktop\tt\SMIC\SMIC_all_raw\HS\s18\micro\surprise\s18_sur_05\image1859440.bmp|C:\Users\iRoti\Desktop\tt\SMIC\SMIC_all_raw\HS\s18\micro\surprise\s18_sur_05\image1859441.bmp|C:\Users\iRoti\Desktop\tt\SMIC\SMIC_all_raw\HS\s18\micro\surprise\s18_sur_05\image1859442.bmp|C:\Users\iRoti\Desktop\tt\SMIC\SMIC_all_raw\HS\s18\micro\surprise\s18_sur_05\image1859443.bmp|C:\Users\iRoti\Desktop\tt\SMIC\SMIC_all_raw\HS\s18\micro\surprise\s18_sur_05\image1859444.bmp
s18,HS_100fps,Neutral,C:\Users\iRoti\Desktop\tt\SMIC\SMIC_all_raw\HS\s18\non_micro\s18_n1\image1744521.bmp|C:\Users\iRoti\Desktop\tt\SMIC\SMIC_all_raw\HS\s18\non_micro\s18_n1\image1744522.bmp|C:\Users\iRoti\Desktop\tt\SMIC\SMIC_all_raw\HS\s18\non_micro\s18_n1\image1744523.bmp|C:\Users\iRoti\Desktop\tt\SMIC\SMIC_all_raw\HS\s18\non_micro\s18_n1\image1744524.bmp|C:\Users\iRoti\Desktop\tt\SMIC\SMIC_all_raw\HS\s18\non_micro\s18_n1\image1744525.bmp|C:\Users\iRoti\Desktop\tt\SMIC\SMIC_all_raw\HS\s18\non_micro\s18_n1\image1744526.bmp|C:\Users\iRoti\Desktop\tt\SMIC\SMIC_all_raw\HS\s18\non_micro\s18_n1\image1744527.bmp|C:\Users\iRoti\Desktop\tt\SMIC\SMIC_all_raw\HS\s18\non_micro\s18_n1\image1744528.bmp|C:\Users\iRoti\Desktop\tt\SMIC\SMIC_all_raw\HS\s18\non_micro\s18_n1\image1744529.bmp|C:\Users\iRoti\Desktop\tt\SMIC\SMIC_all_raw\HS\s18\non_micro\s18_n1\image1744530.bmp|C:\Users\iRoti\Desktop\tt\SMIC\SMIC_all_raw\HS\s18\non_micro\s18_n1\image1744531.bmp|C:\Users\iRoti\Desktop\tt\SMIC\SMIC_all_raw\HS\s18\non_micro\s18_n1\image1744532.bmp|C:\Users\iRoti\Desktop\tt\SMIC\SMIC_all_raw\HS\s18\non_micro\s18_n1\image1744533.bmp|C:\Users\iRoti\Desktop\tt\SMIC\SMIC_all_raw\HS\s18\non_micro\s18_n1\image1744534.bmp|C:\Users\iRoti\Desktop\tt\SMIC\SMIC_all_raw\HS\s18\non_micro\s18_n1\image1744535.bmp|C:\Users\iRoti\Desktop\tt\SMIC\SMIC_all_raw\HS\s18\non_micro\s18_n1\image1744536.bmp|C:\Users\iRoti\Desktop\tt\SMIC\SMIC_all_raw\HS\s18\non_micro\s18_n1\image1744537.bmp|C:\Users\iRoti\Desktop\tt\SMIC\SMIC_all_raw\HS\s18\non_micro\s18_n1\image1744538.bmp|C:\Users\iRoti\Desktop\tt\SMIC\SMIC_all_raw\HS\s18\non_micro\s18_n1\image1744539.bmp|C:\Users\iRoti\Desktop\tt\SMIC\SMIC_all_raw\HS\s18\non_micro\s18_n1\image1744540.bmp|C:\Users\iRoti\Desktop\tt\SMIC\SMIC_all_raw\HS\s18\non_micro\s18_n1\image1744541.bmp|C:\Users\iRoti\Desktop\tt\SMIC\SMIC_all_raw\HS\s18\non_micro\s18_n1\image1744542.bmp|C:\Users\iRoti\Desktop\tt\SMIC\SMIC_all_raw\HS\s18\non_micro\s18_n1\image1744543.bmp|C:\Users\iRoti\Desktop\tt\SMIC\SMIC_all_raw\HS\s18\non_micro\s18_n1\image1744544.bmp|C:\Users\iRoti\Desktop\tt\SMIC\SMIC_all_raw\HS\s18\non_micro\s18_n1\image1744545.bmp|C:\Users\iRoti\Desktop\tt\SMIC\SMIC_all_raw\HS\s18\non_micro\s18_n1\image1744546.bmp|C:\Users\iRoti\Desktop\tt\SMIC\SMIC_all_raw\HS\s18\non_micro\s18_n1\image1744547.bmp|C:\Users\iRoti\Desktop\tt\SMIC\SMIC_all_raw\HS\s18\non_micro\s18_n1\image1744548.bmp|C:\Users\iRoti\Desktop\tt\SMIC\SMIC_all_raw\HS\s18\non_micro\s18_n1\image1744549.bmp|C:\Users\iRoti\Desktop\tt\SMIC\SMIC_all_raw\HS\s18\non_micro\s18_n1\image1744550.bmp|C:\Users\iRoti\Desktop\tt\SMIC\SMIC_all_raw\HS\s18\non_micro\s18_n1\image1744551.bmp|C:\Users\iRoti\Desktop\tt\SMIC\SMIC_all_raw\HS\s18\non_micro\s18_n1\image1744552.bmp|C:\Users\iRoti\Desktop\tt\SMIC\SMIC_all_raw\HS\s18\non_micro\s18_n1\image1744553.bmp|C:\Users\iRoti\Desktop\tt\SMIC\SMIC_all_raw\HS\s18\non_micro\s18_n1\image1744554.bmp|C:\Users\iRoti\Desktop\tt\SMIC\SMIC_all_raw\HS\s18\non_micro\s18_n1\image1744555.bmp|C:\Users\iRoti\Desktop\tt\SMIC\SMIC_all_raw\HS\s18\non_micro\s18_n1\image1744556.bmp|C:\Users\iRoti\Desktop\tt\SMIC\SMIC_all_raw\HS\s18\non_micro\s18_n1\image1744557.bmp|C:\Users\iRoti\Desktop\tt\SMIC\SMIC_all_raw\HS\s18\non_micro\s18_n1\image1744558.bmp|C:\Users\iRoti\Desktop\tt\SMIC\SMIC_all_raw\HS\s18\non_micro\s18_n1\image1744559.bmp|C:\Users\iRoti\Desktop\tt\SMIC\SMIC_all_raw\HS\s18\non_micro\s18_n1\image1744560.bmp
s18,HS_100fps,Neutral,C:\Users\iRoti\Desktop\tt\SMIC\SMIC_all_raw\HS\s18\non_micro\s18_n2\image1680717.bmp|C:\Users\iRoti\Desktop\tt\SMIC\SMIC_all_raw\HS\s18\non_micro\s18_n2\image1680718.bmp|C:\Users\iRoti\Desktop\tt\SMIC\SMIC_all_raw\HS\s18\non_micro\s18_n2\image1680719.bmp|C:\Users\iRoti\Desktop\tt\SMIC\SMIC_all_raw\HS\s18\non_micro\s18_n2\image1680720.bmp|C:\Users\iRoti\Desktop\tt\SMIC\SMIC_all_raw\HS\s18\non_micro\s18_n2\image1680721.bmp|C:\Users\iRoti\Desktop\tt\SMIC\SMIC_all_raw\HS\s18\non_micro\s18_n2\image1680722.bmp|C:\Users\iRoti\Desktop\tt\SMIC\SMIC_all_raw\HS\s18\non_micro\s18_n2\image1680723.bmp|C:\Users\iRoti\Desktop\tt\SMIC\SMIC_all_raw\HS\s18\non_micro\s18_n2\image1680724.bmp|C:\Users\iRoti\Desktop\tt\SMIC\SMIC_all_raw\HS\s18\non_micro\s18_n2\image1680725.bmp|C:\Users\iRoti\Desktop\tt\SMIC\SMIC_all_raw\HS\s18\non_micro\s18_n2\image1680726.bmp|C:\Users\iRoti\Desktop\tt\SMIC\SMIC_all_raw\HS\s18\non_micro\s18_n2\image1680727.bmp|C:\Users\iRoti\Desktop\tt\SMIC\SMIC_all_raw\HS\s18\non_micro\s18_n2\image1680728.bmp|C:\Users\iRoti\Desktop\tt\SMIC\SMIC_all_raw\HS\s18\non_micro\s18_n2\image1680729.bmp|C:\Users\iRoti\Desktop\tt\SMIC\SMIC_all_raw\HS\s18\non_micro\s18_n2\image1680730.bmp|C:\Users\iRoti\Desktop\tt\SMIC\SMIC_all_raw\HS\s18\non_micro\s18_n2\image1680731.bmp|C:\Users\iRoti\Desktop\tt\SMIC\SMIC_all_raw\HS\s18\non_micro\s18_n2\image1680732.bmp|C:\Users\iRoti\Desktop\tt\SMIC\SMIC_all_raw\HS\s18\non_micro\s18_n2\image1680733.bmp|C:\Users\iRoti\Desktop\tt\SMIC\SMIC_all_raw\HS\s18\non_micro\s18_n2\image1680734.bmp|C:\Users\iRoti\Desktop\tt\SMIC\SMIC_all_raw\HS\s18\non_micro\s18_n2\image1680735.bmp|C:\Users\iRoti\Desktop\tt\SMIC\SMIC_all_raw\HS\s18\non_micro\s18_n2\image1680736.bmp|C:\Users\iRoti\Desktop\tt\SMIC\SMIC_all_raw\HS\s18\non_micro\s18_n2\image1680737.bmp|C:\Users\iRoti\Desktop\tt\SMIC\SMIC_all_raw\HS\s18\non_micro\s18_n2\image1680738.bmp|C:\Users\iRoti\Desktop\tt\SMIC\SMIC_all_raw\HS\s18\non_micro\s18_n2\image1680739.bmp|C:\Users\iRoti\Desktop\tt\SMIC\SMIC_all_raw\HS\s18\non_micro\s18_n2\image1680740.bmp|C:\Users\iRoti\Desktop\tt\SMIC\SMIC_all_raw\HS\s18\non_micro\s18_n2\image1680741.bmp|C:\Users\iRoti\Desktop\tt\SMIC\SMIC_all_raw\HS\s18\non_micro\s18_n2\image1680742.bmp|C:\Users\iRoti\Desktop\tt\SMIC\SMIC_all_raw\HS\s18\non_micro\s18_n2\image1680743.bmp|C:\Users\iRoti\Desktop\tt\SMIC\SMIC_all_raw\HS\s18\non_micro\s18_n2\image1680744.bmp|C:\Users\iRoti\Desktop\tt\SMIC\SMIC_all_raw\HS\s18\non_micro\s18_n2\image1680745.bmp|C:\Users\iRoti\Desktop\tt\SMIC\SMIC_all_raw\HS\s18\non_micro\s18_n2\image1680746.bmp|C:\Users\iRoti\Desktop\tt\SMIC\SMIC_all_raw\HS\s18\non_micro\s18_n2\image1680747.bmp|C:\Users\iRoti\Desktop\tt\SMIC\SMIC_all_raw\HS\s18\non_micro\s18_n2\image1680748.bmp|C:\Users\iRoti\Desktop\tt\SMIC\SMIC_all_raw\HS\s18\non_micro\s18_n2\image1680749.bmp|C:\Users\iRoti\Desktop\tt\SMIC\SMIC_all_raw\HS\s18\non_micro\s18_n2\image1680750.bmp|C:\Users\iRoti\Desktop\tt\SMIC\SMIC_all_raw\HS\s18\non_micro\s18_n2\image1680751.bmp|C:\Users\iRoti\Desktop\tt\SMIC\SMIC_all_raw\HS\s18\non_micro\s18_n2\image1680752.bmp
s18,HS_100fps,Neutral,C:\Users\iRoti\Desktop\tt\SMIC\SMIC_all_raw\HS\s18\non_micro\s18_n3\image1735593.bmp|C:\Users\iRoti\Desktop\tt\SMIC\SMIC_all_raw\HS\s18\non_micro\s18_n3\image1735594.bmp|C:\Users\iRoti\Desktop\tt\SMIC\SMIC_all_raw\HS\s18\non_micro\s18_n3\image1735595.bmp|C:\Users\iRoti\Desktop\tt\SMIC\SMIC_all_raw\HS\s18\non_micro\s18_n3\image1735596.bmp|C:\Users\iRoti\Desktop\tt\SMIC\SMIC_all_raw\HS\s18\non_micro\s18_n3\image1735597.bmp|C:\Users\iRoti\Desktop\tt\SMIC\SMIC_all_raw\HS\s18\non_micro\s18_n3\image1735598.bmp|C:\Users\iRoti\Desktop\tt\SMIC\SMIC_all_raw\HS\s18\non_micro\s18_n3\image1735599.bmp|C:\Users\iRoti\Desktop\tt\SMIC\SMIC_all_raw\HS\s18\non_micro\s18_n3\image1735600.bmp|C:\Users\iRoti\Desktop\tt\SMIC\SMIC_all_raw\HS\s18\non_micro\s18_n3\image1735601.bmp|C:\Users\iRoti\Desktop\tt\SMIC\SMIC_all_raw\HS\s18\non_micro\s18_n3\image1735602.bmp|C:\Users\iRoti\Desktop\tt\SMIC\SMIC_all_raw\HS\s18\non_micro\s18_n3\image1735603.bmp|C:\Users\iRoti\Desktop\tt\SMIC\SMIC_all_raw\HS\s18\non_micro\s18_n3\image1735604.bmp|C:\Users\iRoti\Desktop\tt\SMIC\SMIC_all_raw\HS\s18\non_micro\s18_n3\image1735605.bmp|C:\Users\iRoti\Desktop\tt\SMIC\SMIC_all_raw\HS\s18\non_micro\s18_n3\image1735606.bmp|C:\Users\iRoti\Desktop\tt\SMIC\SMIC_all_raw\HS\s18\non_micro\s18_n3\image1735607.bmp|C:\Users\iRoti\Desktop\tt\SMIC\SMIC_all_raw\HS\s18\non_micro\s18_n3\image1735608.bmp|C:\Users\iRoti\Desktop\tt\SMIC\SMIC_all_raw\HS\s18\non_micro\s18_n3\image1735609.bmp|C:\Users\iRoti\Desktop\tt\SMIC\SMIC_all_raw\HS\s18\non_micro\s18_n3\image1735610.bmp|C:\Users\iRoti\Desktop\tt\SMIC\SMIC_all_raw\HS\s18\non_micro\s18_n3\image1735611.bmp|C:\Users\iRoti\Desktop\tt\SMIC\SMIC_all_raw\HS\s18\non_micro\s18_n3\image1735612.bmp|C:\Users\iRoti\Desktop\tt\SMIC\SMIC_all_raw\HS\s18\non_micro\s18_n3\image1735613.bmp|C:\Users\iRoti\Desktop\tt\SMIC\SMIC_all_raw\HS\s18\non_micro\s18_n3\image1735614.bmp|C:\Users\iRoti\Desktop\tt\SMIC\SMIC_all_raw\HS\s18\non_micro\s18_n3\image1735615.bmp|C:\Users\iRoti\Desktop\tt\SMIC\SMIC_all_raw\HS\s18\non_micro\s18_n3\image1735616.bmp|C:\Users\iRoti\Desktop\tt\SMIC\SMIC_all_raw\HS\s18\non_micro\s18_n3\image1735617.bmp|C:\Users\iRoti\Desktop\tt\SMIC\SMIC_all_raw\HS\s18\non_micro\s18_n3\image1735618.bmp|C:\Users\iRoti\Desktop\tt\SMIC\SMIC_all_raw\HS\s18\non_micro\s18_n3\image1735619.bmp|C:\Users\iRoti\Desktop\tt\SMIC\SMIC_all_raw\HS\s18\non_micro\s18_n3\image1735620.bmp|C:\Users\iRoti\Desktop\tt\SMIC\SMIC_all_raw\HS\s18\non_micro\s18_n3\image1735621.bmp|C:\Users\iRoti\Desktop\tt\SMIC\SMIC_all_raw\HS\s18\non_micro\s18_n3\image1735622.bmp|C:\Users\iRoti\Desktop\tt\SMIC\SMIC_all_raw\HS\s18\non_micro\s18_n3\image1735623.bmp|C:\Users\iRoti\Desktop\tt\SMIC\SMIC_all_raw\HS\s18\non_micro\s18_n3\image1735624.bmp|C:\Users\iRoti\Desktop\tt\SMIC\SMIC_all_raw\HS\s18\non_micro\s18_n3\image1735625.bmp|C:\Users\iRoti\Desktop\tt\SMIC\SMIC_all_raw\HS\s18\non_micro\s18_n3\image1735626.bmp|C:\Users\iRoti\Desktop\tt\SMIC\SMIC_all_raw\HS\s18\non_micro\s18_n3\image1735627.bmp|C:\Users\iRoti\Desktop\tt\SMIC\SMIC_all_raw\HS\s18\non_micro\s18_n3\image1735628.bmp
s18,HS_100fps,Neutral,C:\Users\iRoti\Desktop\tt\SMIC\SMIC_all_raw\HS\s18\non_micro\s18_n4\image1685137.bmp|C:\Users\iRoti\Desktop\tt\SMIC\SMIC_all_raw\HS\s18\non_micro\s18_n4\image1685138.bmp|C:\Users\iRoti\Desktop\tt\SMIC\SMIC_all_raw\HS\s18\non_micro\s18_n4\image1685139.bmp|C:\Users\iRoti\Desktop\tt\SMIC\SMIC_all_raw\HS\s18\non_micro\s18_n4\image1685140.bmp|C:\Users\iRoti\Desktop\tt\SMIC\SMIC_all_raw\HS\s18\non_micro\s18_n4\image1685141.bmp|C:\Users\iRoti\Desktop\tt\SMIC\SMIC_all_raw\HS\s18\non_micro\s18_n4\image1685142.bmp|C:\Users\iRoti\Desktop\tt\SMIC\SMIC_all_raw\HS\s18\non_micro\s18_n4\image1685143.bmp|C:\Users\iRoti\Desktop\tt\SMIC\SMIC_all_raw\HS\s18\non_micro\s18_n4\image1685144.bmp|C:\Users\iRoti\Desktop\tt\SMIC\SMIC_all_raw\HS\s18\non_micro\s18_n4\image1685145.bmp|C:\Users\iRoti\Desktop\tt\SMIC\SMIC_all_raw\HS\s18\non_micro\s18_n4\image1685146.bmp|C:\Users\iRoti\Desktop\tt\SMIC\SMIC_all_raw\HS\s18\non_micro\s18_n4\image1685147.bmp|C:\Users\iRoti\Desktop\tt\SMIC\SMIC_all_raw\HS\s18\non_micro\s18_n4\image1685148.bmp|C:\Users\iRoti\Desktop\tt\SMIC\SMIC_all_raw\HS\s18\non_micro\s18_n4\image1685149.bmp|C:\Users\iRoti\Desktop\tt\SMIC\SMIC_all_raw\HS\s18\non_micro\s18_n4\image1685150.bmp|C:\Users\iRoti\Desktop\tt\SMIC\SMIC_all_raw\HS\s18\non_micro\s18_n4\image1685151.bmp|C:\Users\iRoti\Desktop\tt\SMIC\SMIC_all_raw\HS\s18\non_micro\s18_n4\image1685152.bmp|C:\Users\iRoti\Desktop\tt\SMIC\SMIC_all_raw\HS\s18\non_micro\s18_n4\image1685153.bmp|C:\Users\iRoti\Desktop\tt\SMIC\SMIC_all_raw\HS\s18\non_micro\s18_n4\image1685154.bmp|C:\Users\iRoti\Desktop\tt\SMIC\SMIC_all_raw\HS\s18\non_micro\s18_n4\image1685155.bmp|C:\Users\iRoti\Desktop\tt\SMIC\SMIC_all_raw\HS\s18\non_micro\s18_n4\image1685156.bmp|C:\Users\iRoti\Desktop\tt\SMIC\SMIC_all_raw\HS\s18\non_micro\s18_n4\image1685157.bmp|C:\Users\iRoti\Desktop\tt\SMIC\SMIC_all_raw\HS\s18\non_micro\s18_n4\image1685158.bmp|C:\Users\iRoti\Desktop\tt\SMIC\SMIC_all_raw\HS\s18\non_micro\s18_n4\image1685159.bmp|C:\Users\iRoti\Desktop\tt\SMIC\SMIC_all_raw\HS\s18\non_micro\s18_n4\image1685160.bmp|C:\Users\iRoti\Desktop\tt\SMIC\SMIC_all_raw\HS\s18\non_micro\s18_n4\image1685161.bmp|C:\Users\iRoti\Desktop\tt\SMIC\SMIC_all_raw\HS\s18\non_micro\s18_n4\image1685162.bmp|C:\Users\iRoti\Desktop\tt\SMIC\SMIC_all_raw\HS\s18\non_micro\s18_n4\image1685163.bmp|C:\Users\iRoti\Desktop\tt\SMIC\SMIC_all_raw\HS\s18\non_micro\s18_n4\image1685164.bmp|C:\Users\iRoti\Desktop\tt\SMIC\SMIC_all_raw\HS\s18\non_micro\s18_n4\image1685165.bmp|C:\Users\iRoti\Desktop\tt\SMIC\SMIC_all_raw\HS\s18\non_micro\s18_n4\image1685166.bmp|C:\Users\iRoti\Desktop\tt\SMIC\SMIC_all_raw\HS\s18\non_micro\s18_n4\image1685167.bmp|C:\Users\iRoti\Desktop\tt\SMIC\SMIC_all_raw\HS\s18\non_micro\s18_n4\image1685168.bmp
s18,HS_100fps,Neutral,C:\Users\iRoti\Desktop\tt\SMIC\SMIC_all_raw\HS\s18\non_micro\s18_n5\image1726905.bmp|C:\Users\iRoti\Desktop\tt\SMIC\SMIC_all_raw\HS\s18\non_micro\s18_n5\image1726906.bmp|C:\Users\iRoti\Desktop\tt\SMIC\SMIC_all_raw\HS\s18\non_micro\s18_n5\image1726907.bmp|C:\Users\iRoti\Desktop\tt\SMIC\SMIC_all_raw\HS\s18\non_micro\s18_n5\image1726908.bmp|C:\Users\iRoti\Desktop\tt\SMIC\SMIC_all_raw\HS\s18\non_micro\s18_n5\image1726909.bmp|C:\Users\iRoti\Desktop\tt\SMIC\SMIC_all_raw\HS\s18\non_micro\s18_n5\image1726910.bmp|C:\Users\iRoti\Desktop\tt\SMIC\SMIC_all_raw\HS\s18\non_micro\s18_n5\image1726911.bmp|C:\Users\iRoti\Desktop\tt\SMIC\SMIC_all_raw\HS\s18\non_micro\s18_n5\image1726912.bmp|C:\Users\iRoti\Desktop\tt\SMIC\SMIC_all_raw\HS\s18\non_micro\s18_n5\image1726913.bmp|C:\Users\iRoti\Desktop\tt\SMIC\SMIC_all_raw\HS\s18\non_micro\s18_n5\image1726914.bmp|C:\Users\iRoti\Desktop\tt\SMIC\SMIC_all_raw\HS\s18\non_micro\s18_n5\image1726915.bmp|C:\Users\iRoti\Desktop\tt\SMIC\SMIC_all_raw\HS\s18\non_micro\s18_n5\image1726916.bmp|C:\Users\iRoti\Desktop\tt\SMIC\SMIC_all_raw\HS\s18\non_micro\s18_n5\image1726917.bmp|C:\Users\iRoti\Desktop\tt\SMIC\SMIC_all_raw\HS\s18\non_micro\s18_n5\image1726918.bmp|C:\Users\iRoti\Desktop\tt\SMIC\SMIC_all_raw\HS\s18\non_micro\s18_n5\image1726919.bmp|C:\Users\iRoti\Desktop\tt\SMIC\SMIC_all_raw\HS\s18\non_micro\s18_n5\image1726920.bmp|C:\Users\iRoti\Desktop\tt\SMIC\SMIC_all_raw\HS\s18\non_micro\s18_n5\image1726921.bmp|C:\Users\iRoti\Desktop\tt\SMIC\SMIC_all_raw\HS\s18\non_micro\s18_n5\image1726922.bmp|C:\Users\iRoti\Desktop\tt\SMIC\SMIC_all_raw\HS\s18\non_micro\s18_n5\image1726923.bmp|C:\Users\iRoti\Desktop\tt\SMIC\SMIC_all_raw\HS\s18\non_micro\s18_n5\image1726924.bmp|C:\Users\iRoti\Desktop\tt\SMIC\SMIC_all_raw\HS\s18\non_micro\s18_n5\image1726925.bmp|C:\Users\iRoti\Desktop\tt\SMIC\SMIC_all_raw\HS\s18\non_micro\s18_n5\image1726926.bmp|C:\Users\iRoti\Desktop\tt\SMIC\SMIC_all_raw\HS\s18\non_micro\s18_n5\image1726927.bmp|C:\Users\iRoti\Desktop\tt\SMIC\SMIC_all_raw\HS\s18\non_micro\s18_n5\image1726928.bmp|C:\Users\iRoti\Desktop\tt\SMIC\SMIC_all_raw\HS\s18\non_micro\s18_n5\image1726929.bmp|C:\Users\iRoti\Desktop\tt\SMIC\SMIC_all_raw\HS\s18\non_micro\s18_n5\image1726930.bmp|C:\Users\iRoti\Desktop\tt\SMIC\SMIC_all_raw\HS\s18\non_micro\s18_n5\image1726931.bmp|C:\Users\iRoti\Desktop\tt\SMIC\SMIC_all_raw\HS\s18\non_micro\s18_n5\image1726932.bmp|C:\Users\iRoti\Desktop\tt\SMIC\SMIC_all_raw\HS\s18\non_micro\s18_n5\image1726933.bmp|C:\Users\iRoti\Desktop\tt\SMIC\SMIC_all_raw\HS\s18\non_micro\s18_n5\image1726934.bmp|C:\Users\iRoti\Desktop\tt\SMIC\SMIC_all_raw\HS\s18\non_micro\s18_n5\image1726935.bmp|C:\Users\iRoti\Desktop\tt\SMIC\SMIC_all_raw\HS\s18\non_micro\s18_n5\image1726936.bmp|C:\Users\iRoti\Desktop\tt\SMIC\SMIC_all_raw\HS\s18\non_micro\s18_n5\image1726937.bmp|C:\Users\iRoti\Desktop\tt\SMIC\SMIC_all_raw\HS\s18\non_micro\s18_n5\image1726938.bmp|C:\Users\iRoti\Desktop\tt\SMIC\SMIC_all_raw\HS\s18\non_micro\s18_n5\image1726939.bmp|C:\Users\iRoti\Desktop\tt\SMIC\SMIC_all_raw\HS\s18\non_micro\s18_n5\image1726940.bmp|C:\Users\iRoti\Desktop\tt\SMIC\SMIC_all_raw\HS\s18\non_micro\s18_n5\image1726941.bmp|C:\Users\iRoti\Desktop\tt\SMIC\SMIC_all_raw\HS\s18\non_micro\s18_n5\image1726942.bmp|C:\Users\iRoti\Desktop\tt\SMIC\SMIC_all_raw\HS\s18\non_micro\s18_n5\image1726943.bmp|C:\Users\iRoti\Desktop\tt\SMIC\SMIC_all_raw\HS\s18\non_micro\s18_n5\image1726944.bmp|C:\Users\iRoti\Desktop\tt\SMIC\SMIC_all_raw\HS\s18\non_micro\s18_n5\image1726945.bmp|C:\Users\iRoti\Desktop\tt\SMIC\SMIC_all_raw\HS\s18\non_micro\s18_n5\image1726946.bmp|C:\Users\iRoti\Desktop\tt\SMIC\SMIC_all_raw\HS\s18\non_micro\s18_n5\image1726947.bmp|C:\Users\iRoti\Desktop\tt\SMIC\SMIC_all_raw\HS\s18\non_micro\s18_n5\image1726948.bmp
s18,HS_100fps,Neutral,C:\Users\iRoti\Desktop\tt\SMIC\SMIC_all_raw\HS\s18\non_micro\s18_n6\image1847921.bmp|C:\Users\iRoti\Desktop\tt\SMIC\SMIC_all_raw\HS\s18\non_micro\s18_n6\image1847922.bmp|C:\Users\iRoti\Desktop\tt\SMIC\SMIC_all_raw\HS\s18\non_micro\s18_n6\image1847923.bmp|C:\Users\iRoti\Desktop\tt\SMIC\SMIC_all_raw\HS\s18\non_micro\s18_n6\image1847924.bmp|C:\Users\iRoti\Desktop\tt\SMIC\SMIC_all_raw\HS\s18\non_micro\s18_n6\image1847925.bmp|C:\Users\iRoti\Desktop\tt\SMIC\SMIC_all_raw\HS\s18\non_micro\s18_n6\image1847926.bmp|C:\Users\iRoti\Desktop\tt\SMIC\SMIC_all_raw\HS\s18\non_micro\s18_n6\image1847927.bmp|C:\Users\iRoti\Desktop\tt\SMIC\SMIC_all_raw\HS\s18\non_micro\s18_n6\image1847928.bmp|C:\Users\iRoti\Desktop\tt\SMIC\SMIC_all_raw\HS\s18\non_micro\s18_n6\image1847929.bmp|C:\Users\iRoti\Desktop\tt\SMIC\SMIC_all_raw\HS\s18\non_micro\s18_n6\image1847930.bmp|C:\Users\iRoti\Desktop\tt\SMIC\SMIC_all_raw\HS\s18\non_micro\s18_n6\image1847931.bmp|C:\Users\iRoti\Desktop\tt\SMIC\SMIC_all_raw\HS\s18\non_micro\s18_n6\image1847932.bmp|C:\Users\iRoti\Desktop\tt\SMIC\SMIC_all_raw\HS\s18\non_micro\s18_n6\image1847933.bmp|C:\Users\iRoti\Desktop\tt\SMIC\SMIC_all_raw\HS\s18\non_micro\s18_n6\image1847934.bmp|C:\Users\iRoti\Desktop\tt\SMIC\SMIC_all_raw\HS\s18\non_micro\s18_n6\image1847935.bmp|C:\Users\iRoti\Desktop\tt\SMIC\SMIC_all_raw\HS\s18\non_micro\s18_n6\image1847936.bmp|C:\Users\iRoti\Desktop\tt\SMIC\SMIC_all_raw\HS\s18\non_micro\s18_n6\image1847937.bmp|C:\Users\iRoti\Desktop\tt\SMIC\SMIC_all_raw\HS\s18\non_micro\s18_n6\image1847938.bmp|C:\Users\iRoti\Desktop\tt\SMIC\SMIC_all_raw\HS\s18\non_micro\s18_n6\image1847939.bmp|C:\Users\iRoti\Desktop\tt\SMIC\SMIC_all_raw\HS\s18\non_micro\s18_n6\image1847940.bmp|C:\Users\iRoti\Desktop\tt\SMIC\SMIC_all_raw\HS\s18\non_micro\s18_n6\image1847941.bmp|C:\Users\iRoti\Desktop\tt\SMIC\SMIC_all_raw\HS\s18\non_micro\s18_n6\image1847942.bmp|C:\Users\iRoti\Desktop\tt\SMIC\SMIC_all_raw\HS\s18\non_micro\s18_n6\image1847943.bmp|C:\Users\iRoti\Desktop\tt\SMIC\SMIC_all_raw\HS\s18\non_micro\s18_n6\image1847944.bmp|C:\Users\iRoti\Desktop\tt\SMIC\SMIC_all_raw\HS\s18\non_micro\s18_n6\image1847945.bmp|C:\Users\iRoti\Desktop\tt\SMIC\SMIC_all_raw\HS\s18\non_micro\s18_n6\image1847946.bmp|C:\Users\iRoti\Desktop\tt\SMIC\SMIC_all_raw\HS\s18\non_micro\s18_n6\image1847947.bmp|C:\Users\iRoti\Desktop\tt\SMIC\SMIC_all_raw\HS\s18\non_micro\s18_n6\image1847948.bmp|C:\Users\iRoti\Desktop\tt\SMIC\SMIC_all_raw\HS\s18\non_micro\s18_n6\image1847949.bmp|C:\Users\iRoti\Desktop\tt\SMIC\SMIC_all_raw\HS\s18\non_micro\s18_n6\image1847950.bmp|C:\Users\iRoti\Desktop\tt\SMIC\SMIC_all_raw\HS\s18\non_micro\s18_n6\image1847951.bmp|C:\Users\iRoti\Desktop\tt\SMIC\SMIC_all_raw\HS\s18\non_micro\s18_n6\image1847952.bmp|C:\Users\iRoti\Desktop\tt\SMIC\SMIC_all_raw\HS\s18\non_micro\s18_n6\image1847953.bmp|C:\Users\iRoti\Desktop\tt\SMIC\SMIC_all_raw\HS\s18\non_micro\s18_n6\image1847954.bmp|C:\Users\iRoti\Desktop\tt\SMIC\SMIC_all_raw\HS\s18\non_micro\s18_n6\image1847955.bmp|C:\Users\iRoti\Desktop\tt\SMIC\SMIC_all_raw\HS\s18\non_micro\s18_n6\image1847956.bmp|C:\Users\iRoti\Desktop\tt\SMIC\SMIC_all_raw\HS\s18\non_micro\s18_n6\image1847957.bmp|C:\Users\iRoti\Desktop\tt\SMIC\SMIC_all_raw\HS\s18\non_micro\s18_n6\image1847958.bmp|C:\Users\iRoti\Desktop\tt\SMIC\SMIC_all_raw\HS\s18\non_micro\s18_n6\image1847959.bmp|C:\Users\iRoti\Desktop\tt\SMIC\SMIC_all_raw\HS\s18\non_micro\s18_n6\image1847960.bmp
s18,HS_100fps,Neutral,C:\Users\iRoti\Desktop\tt\SMIC\SMIC_all_raw\HS\s18\non_micro\s18_n7\image1805861.bmp|C:\Users\iRoti\Desktop\tt\SMIC\SMIC_all_raw\HS\s18\non_micro\s18_n7\image1805862.bmp|C:\Users\iRoti\Desktop\tt\SMIC\SMIC_all_raw\HS\s18\non_micro\s18_n7\image1805863.bmp|C:\Users\iRoti\Desktop\tt\SMIC\SMIC_all_raw\HS\s18\non_micro\s18_n7\image1805864.bmp|C:\Users\iRoti\Desktop\tt\SMIC\SMIC_all_raw\HS\s18\non_micro\s18_n7\image1805865.bmp|C:\Users\iRoti\Desktop\tt\SMIC\SMIC_all_raw\HS\s18\non_micro\s18_n7\image1805866.bmp|C:\Users\iRoti\Desktop\tt\SMIC\SMIC_all_raw\HS\s18\non_micro\s18_n7\image1805867.bmp|C:\Users\iRoti\Desktop\tt\SMIC\SMIC_all_raw\HS\s18\non_micro\s18_n7\image1805868.bmp|C:\Users\iRoti\Desktop\tt\SMIC\SMIC_all_raw\HS\s18\non_micro\s18_n7\image1805869.bmp|C:\Users\iRoti\Desktop\tt\SMIC\SMIC_all_raw\HS\s18\non_micro\s18_n7\image1805870.bmp|C:\Users\iRoti\Desktop\tt\SMIC\SMIC_all_raw\HS\s18\non_micro\s18_n7\image1805871.bmp|C:\Users\iRoti\Desktop\tt\SMIC\SMIC_all_raw\HS\s18\non_micro\s18_n7\image1805872.bmp|C:\Users\iRoti\Desktop\tt\SMIC\SMIC_all_raw\HS\s18\non_micro\s18_n7\image1805873.bmp|C:\Users\iRoti\Desktop\tt\SMIC\SMIC_all_raw\HS\s18\non_micro\s18_n7\image1805874.bmp|C:\Users\iRoti\Desktop\tt\SMIC\SMIC_all_raw\HS\s18\non_micro\s18_n7\image1805875.bmp|C:\Users\iRoti\Desktop\tt\SMIC\SMIC_all_raw\HS\s18\non_micro\s18_n7\image1805876.bmp|C:\Users\iRoti\Desktop\tt\SMIC\SMIC_all_raw\HS\s18\non_micro\s18_n7\image1805877.bmp|C:\Users\iRoti\Desktop\tt\SMIC\SMIC_all_raw\HS\s18\non_micro\s18_n7\image1805878.bmp|C:\Users\iRoti\Desktop\tt\SMIC\SMIC_all_raw\HS\s18\non_micro\s18_n7\image1805879.bmp|C:\Users\iRoti\Desktop\tt\SMIC\SMIC_all_raw\HS\s18\non_micro\s18_n7\image1805880.bmp|C:\Users\iRoti\Desktop\tt\SMIC\SMIC_all_raw\HS\s18\non_micro\s18_n7\image1805881.bmp|C:\Users\iRoti\Desktop\tt\SMIC\SMIC_all_raw\HS\s18\non_micro\s18_n7\image1805882.bmp|C:\Users\iRoti\Desktop\tt\SMIC\SMIC_all_raw\HS\s18\non_micro\s18_n7\image1805883.bmp|C:\Users\iRoti\Desktop\tt\SMIC\SMIC_all_raw\HS\s18\non_micro\s18_n7\image1805884.bmp|C:\Users\iRoti\Desktop\tt\SMIC\SMIC_all_raw\HS\s18\non_micro\s18_n7\image1805885.bmp|C:\Users\iRoti\Desktop\tt\SMIC\SMIC_all_raw\HS\s18\non_micro\s18_n7\image1805886.bmp|C:\Users\iRoti\Desktop\tt\SMIC\SMIC_all_raw\HS\s18\non_micro\s18_n7\image1805887.bmp|C:\Users\iRoti\Desktop\tt\SMIC\SMIC_all_raw\HS\s18\non_micro\s18_n7\image1805888.bmp|C:\Users\iRoti\Desktop\tt\SMIC\SMIC_all_raw\HS\s18\non_micro\s18_n7\image1805889.bmp|C:\Users\iRoti\Desktop\tt\SMIC\SMIC_all_raw\HS\s18\non_micro\s18_n7\image1805890.bmp|C:\Users\iRoti\Desktop\tt\SMIC\SMIC_all_raw\HS\s18\non_micro\s18_n7\image1805891.bmp|C:\Users\iRoti\Desktop\tt\SMIC\SMIC_all_raw\HS\s18\non_micro\s18_n7\image1805892.bmp|C:\Users\iRoti\Desktop\tt\SMIC\SMIC_all_raw\HS\s18\non_micro\s18_n7\image1805893.bmp|C:\Users\iRoti\Desktop\tt\SMIC\SMIC_all_raw\HS\s18\non_micro\s18_n7\image1805894.bmp|C:\Users\iRoti\Desktop\tt\SMIC\SMIC_all_raw\HS\s18\non_micro\s18_n7\image1805895.bmp|C:\Users\iRoti\Desktop\tt\SMIC\SMIC_all_raw\HS\s18\non_micro\s18_n7\image1805896.bmp|C:\Users\iRoti\Desktop\tt\SMIC\SMIC_all_raw\HS\s18\non_micro\s18_n7\image1805897.bmp|C:\Users\iRoti\Desktop\tt\SMIC\SMIC_all_raw\HS\s18\non_micro\s18_n7\image1805898.bmp|C:\Users\iRoti\Desktop\tt\SMIC\SMIC_all_raw\HS\s18\non_micro\s18_n7\image1805899.bmp|C:\Users\iRoti\Desktop\tt\SMIC\SMIC_all_raw\HS\s18\non_micro\s18_n7\image1805900.bmp|C:\Users\iRoti\Desktop\tt\SMIC\SMIC_all_raw\HS\s18\non_micro\s18_n7\image1805901.bmp|C:\Users\iRoti\Desktop\tt\SMIC\SMIC_all_raw\HS\s18\non_micro\s18_n7\image1805902.bmp|C:\Users\iRoti\Desktop\tt\SMIC\SMIC_all_raw\HS\s18\non_micro\s18_n7\image1805903.bmp|C:\Users\iRoti\Desktop\tt\SMIC\SMIC_all_raw\HS\s18\non_micro\s18_n7\image1805904.bmp
s19,HS_100fps,Felicidad,C:\Users\iRoti\Desktop\tt\SMIC\SMIC_all_raw\HS\s19\micro\positive\s19_po_01\image32615570.bmp|C:\Users\iRoti\Desktop\tt\SMIC\SMIC_all_raw\HS\s19\micro\positive\s19_po_01\image32615571.bmp|C:\Users\iRoti\Desktop\tt\SMIC\SMIC_all_raw\HS\s19\micro\positive\s19_po_01\image32615572.bmp|C:\Users\iRoti\Desktop\tt\SMIC\SMIC_all_raw\HS\s19\micro\positive\s19_po_01\image32615573.bmp|C:\Users\iRoti\Desktop\tt\SMIC\SMIC_all_raw\HS\s19\micro\positive\s19_po_01\image32615574.bmp|C:\Users\iRoti\Desktop\tt\SMIC\SMIC_all_raw\HS\s19\micro\positive\s19_po_01\image32615575.bmp|C:\Users\iRoti\Desktop\tt\SMIC\SMIC_all_raw\HS\s19\micro\positive\s19_po_01\image32615576.bmp|C:\Users\iRoti\Desktop\tt\SMIC\SMIC_all_raw\HS\s19\micro\positive\s19_po_01\image32615577.bmp|C:\Users\iRoti\Desktop\tt\SMIC\SMIC_all_raw\HS\s19\micro\positive\s19_po_01\image32615578.bmp|C:\Users\iRoti\Desktop\tt\SMIC\SMIC_all_raw\HS\s19\micro\positive\s19_po_01\image32615579.bmp|C:\Users\iRoti\Desktop\tt\SMIC\SMIC_all_raw\HS\s19\micro\positive\s19_po_01\image32615580.bmp|C:\Users\iRoti\Desktop\tt\SMIC\SMIC_all_raw\HS\s19\micro\positive\s19_po_01\image32615581.bmp|C:\Users\iRoti\Desktop\tt\SMIC\SMIC_all_raw\HS\s19\micro\positive\s19_po_01\image32615582.bmp|C:\Users\iRoti\Desktop\tt\SMIC\SMIC_all_raw\HS\s19\micro\positive\s19_po_01\image32615583.bmp|C:\Users\iRoti\Desktop\tt\SMIC\SMIC_all_raw\HS\s19\micro\positive\s19_po_01\image32615584.bmp|C:\Users\iRoti\Desktop\tt\SMIC\SMIC_all_raw\HS\s19\micro\positive\s19_po_01\image32615585.bmp|C:\Users\iRoti\Desktop\tt\SMIC\SMIC_all_raw\HS\s19\micro\positive\s19_po_01\image32615586.bmp|C:\Users\iRoti\Desktop\tt\SMIC\SMIC_all_raw\HS\s19\micro\positive\s19_po_01\image32615587.bmp|C:\Users\iRoti\Desktop\tt\SMIC\SMIC_all_raw\HS\s19\micro\positive\s19_po_01\image32615588.bmp|C:\Users\iRoti\Desktop\tt\SMIC\SMIC_all_raw\HS\s19\micro\positive\s19_po_01\image32615589.bmp|C:\Users\iRoti\Desktop\tt\SMIC\SMIC_all_raw\HS\s19\micro\positive\s19_po_01\image32615590.bmp|C:\Users\iRoti\Desktop\tt\SMIC\SMIC_all_raw\HS\s19\micro\positive\s19_po_01\image32615591.bmp|C:\Users\iRoti\Desktop\tt\SMIC\SMIC_all_raw\HS\s19\micro\positive\s19_po_01\image32615592.bmp|C:\Users\iRoti\Desktop\tt\SMIC\SMIC_all_raw\HS\s19\micro\positive\s19_po_01\image32615593.bmp|C:\Users\iRoti\Desktop\tt\SMIC\SMIC_all_raw\HS\s19\micro\positive\s19_po_01\image32615594.bmp|C:\Users\iRoti\Desktop\tt\SMIC\SMIC_all_raw\HS\s19\micro\positive\s19_po_01\image32615595.bmp|C:\Users\iRoti\Desktop\tt\SMIC\SMIC_all_raw\HS\s19\micro\positive\s19_po_01\image32615596.bmp|C:\Users\iRoti\Desktop\tt\SMIC\SMIC_all_raw\HS\s19\micro\positive\s19_po_01\image32615597.bmp|C:\Users\iRoti\Desktop\tt\SMIC\SMIC_all_raw\HS\s19\micro\positive\s19_po_01\image32615598.bmp|C:\Users\iRoti\Desktop\tt\SMIC\SMIC_all_raw\HS\s19\micro\positive\s19_po_01\image32615599.bmp|C:\Users\iRoti\Desktop\tt\SMIC\SMIC_all_raw\HS\s19\micro\positive\s19_po_01\image32615600.bmp|C:\Users\iRoti\Desktop\tt\SMIC\SMIC_all_raw\HS\s19\micro\positive\s19_po_01\image32615601.bmp|C:\Users\iRoti\Desktop\tt\SMIC\SMIC_all_raw\HS\s19\micro\positive\s19_po_01\image32615602.bmp|C:\Users\iRoti\Desktop\tt\SMIC\SMIC_all_raw\HS\s19\micro\positive\s19_po_01\image32615603.bmp|C:\Users\iRoti\Desktop\tt\SMIC\SMIC_all_raw\HS\s19\micro\positive\s19_po_01\image32615604.bmp
s19,HS_100fps,Sorpresa,C:\Users\iRoti\Desktop\tt\SMIC\SMIC_all_raw\HS\s19\micro\surprise\s19_sur_01\image32483855.bmp|C:\Users\iRoti\Desktop\tt\SMIC\SMIC_all_raw\HS\s19\micro\surprise\s19_sur_01\image32483856.bmp|C:\Users\iRoti\Desktop\tt\SMIC\SMIC_all_raw\HS\s19\micro\surprise\s19_sur_01\image32483857.bmp|C:\Users\iRoti\Desktop\tt\SMIC\SMIC_all_raw\HS\s19\micro\surprise\s19_sur_01\image32483858.bmp|C:\Users\iRoti\Desktop\tt\SMIC\SMIC_all_raw\HS\s19\micro\surprise\s19_sur_01\image32483859.bmp|C:\Users\iRoti\Desktop\tt\SMIC\SMIC_all_raw\HS\s19\micro\surprise\s19_sur_01\image32483860.bmp|C:\Users\iRoti\Desktop\tt\SMIC\SMIC_all_raw\HS\s19\micro\surprise\s19_sur_01\image32483861.bmp|C:\Users\iRoti\Desktop\tt\SMIC\SMIC_all_raw\HS\s19\micro\surprise\s19_sur_01\image32483862.bmp|C:\Users\iRoti\Desktop\tt\SMIC\SMIC_all_raw\HS\s19\micro\surprise\s19_sur_01\image32483863.bmp|C:\Users\iRoti\Desktop\tt\SMIC\SMIC_all_raw\HS\s19\micro\surprise\s19_sur_01\image32483864.bmp|C:\Users\iRoti\Desktop\tt\SMIC\SMIC_all_raw\HS\s19\micro\surprise\s19_sur_01\image32483865.bmp|C:\Users\iRoti\Desktop\tt\SMIC\SMIC_all_raw\HS\s19\micro\surprise\s19_sur_01\image32483866.bmp|C:\Users\iRoti\Desktop\tt\SMIC\SMIC_all_raw\HS\s19\micro\surprise\s19_sur_01\image32483867.bmp|C:\Users\iRoti\Desktop\tt\SMIC\SMIC_all_raw\HS\s19\micro\surprise\s19_sur_01\image32483868.bmp|C:\Users\iRoti\Desktop\tt\SMIC\SMIC_all_raw\HS\s19\micro\surprise\s19_sur_01\image32483869.bmp|C:\Users\iRoti\Desktop\tt\SMIC\SMIC_all_raw\HS\s19\micro\surprise\s19_sur_01\image32483870.bmp|C:\Users\iRoti\Desktop\tt\SMIC\SMIC_all_raw\HS\s19\micro\surprise\s19_sur_01\image32483871.bmp|C:\Users\iRoti\Desktop\tt\SMIC\SMIC_all_raw\HS\s19\micro\surprise\s19_sur_01\image32483872.bmp|C:\Users\iRoti\Desktop\tt\SMIC\SMIC_all_raw\HS\s19\micro\surprise\s19_sur_01\image32483873.bmp|C:\Users\iRoti\Desktop\tt\SMIC\SMIC_all_raw\HS\s19\micro\surprise\s19_sur_01\image32483874.bmp|C:\Users\iRoti\Desktop\tt\SMIC\SMIC_all_raw\HS\s19\micro\surprise\s19_sur_01\image32483875.bmp|C:\Users\iRoti\Desktop\tt\SMIC\SMIC_all_raw\HS\s19\micro\surprise\s19_sur_01\image32483876.bmp|C:\Users\iRoti\Desktop\tt\SMIC\SMIC_all_raw\HS\s19\micro\surprise\s19_sur_01\image32483877.bmp|C:\Users\iRoti\Desktop\tt\SMIC\SMIC_all_raw\HS\s19\micro\surprise\s19_sur_01\image32483878.bmp|C:\Users\iRoti\Desktop\tt\SMIC\SMIC_all_raw\HS\s19\micro\surprise\s19_sur_01\image32483879.bmp|C:\Users\iRoti\Desktop\tt\SMIC\SMIC_all_raw\HS\s19\micro\surprise\s19_sur_01\image32483880.bmp|C:\Users\iRoti\Desktop\tt\SMIC\SMIC_all_raw\HS\s19\micro\surprise\s19_sur_01\image32483881.bmp|C:\Users\iRoti\Desktop\tt\SMIC\SMIC_all_raw\HS\s19\micro\surprise\s19_sur_01\image32483882.bmp|C:\Users\iRoti\Desktop\tt\SMIC\SMIC_all_raw\HS\s19\micro\surprise\s19_sur_01\image32483883.bmp|C:\Users\iRoti\Desktop\tt\SMIC\SMIC_all_raw\HS\s19\micro\surprise\s19_sur_01\image32483884.bmp|C:\Users\iRoti\Desktop\tt\SMIC\SMIC_all_raw\HS\s19\micro\surprise\s19_sur_01\image32483885.bmp|C:\Users\iRoti\Desktop\tt\SMIC\SMIC_all_raw\HS\s19\micro\surprise\s19_sur_01\image32483886.bmp|C:\Users\iRoti\Desktop\tt\SMIC\SMIC_all_raw\HS\s19\micro\surprise\s19_sur_01\image32483887.bmp|C:\Users\iRoti\Desktop\tt\SMIC\SMIC_all_raw\HS\s19\micro\surprise\s19_sur_01\image32483888.bmp|C:\Users\iRoti\Desktop\tt\SMIC\SMIC_all_raw\HS\s19\micro\surprise\s19_sur_01\image32483889.bmp|C:\Users\iRoti\Desktop\tt\SMIC\SMIC_all_raw\HS\s19\micro\surprise\s19_sur_01\image32483890.bmp|C:\Users\iRoti\Desktop\tt\SMIC\SMIC_all_raw\HS\s19\micro\surprise\s19_sur_01\image32483891.bmp|C:\Users\iRoti\Desktop\tt\SMIC\SMIC_all_raw\HS\s19\micro\surprise\s19_sur_01\image32483892.bmp|C:\Users\iRoti\Desktop\tt\SMIC\SMIC_all_raw\HS\s19\micro\surprise\s19_sur_01\image32483893.bmp|C:\Users\iRoti\Desktop\tt\SMIC\SMIC_all_raw\HS\s19\micro\surprise\s19_sur_01\image32483894.bmp|C:\Users\iRoti\Desktop\tt\SMIC\SMIC_all_raw\HS\s19\micro\surprise\s19_sur_01\image32483895.bmp|C:\Users\iRoti\Desktop\tt\SMIC\SMIC_all_raw\HS\s19\micro\surprise\s19_sur_01\image32483896.bmp|C:\Users\iRoti\Desktop\tt\SMIC\SMIC_all_raw\HS\s19\micro\surprise\s19_sur_01\image32483897.bmp|C:\Users\iRoti\Desktop\tt\SMIC\SMIC_all_raw\HS\s19\micro\surprise\s19_sur_01\image32483898.bmp|C:\Users\iRoti\Desktop\tt\SMIC\SMIC_all_raw\HS\s19\micro\surprise\s19_sur_01\image32483899.bmp|C:\Users\iRoti\Desktop\tt\SMIC\SMIC_all_raw\HS\s19\micro\surprise\s19_sur_01\image32483900.bmp|C:\Users\iRoti\Desktop\tt\SMIC\SMIC_all_raw\HS\s19\micro\surprise\s19_sur_01\image32483901.bmp|C:\Users\iRoti\Desktop\tt\SMIC\SMIC_all_raw\HS\s19\micro\surprise\s19_sur_01\image32483902.bmp|C:\Users\iRoti\Desktop\tt\SMIC\SMIC_all_raw\HS\s19\micro\surprise\s19_sur_01\image32483903.bmp|C:\Users\iRoti\Desktop\tt\SMIC\SMIC_all_raw\HS\s19\micro\surprise\s19_sur_01\image32483904.bmp
s19,HS_100fps,Neutral,C:\Users\iRoti\Desktop\tt\SMIC\SMIC_all_raw\HS\s19\non_micro\s19_n1\image32512646.bmp|C:\Users\iRoti\Desktop\tt\SMIC\SMIC_all_raw\HS\s19\non_micro\s19_n1\image32512647.bmp|C:\Users\iRoti\Desktop\tt\SMIC\SMIC_all_raw\HS\s19\non_micro\s19_n1\image32512648.bmp|C:\Users\iRoti\Desktop\tt\SMIC\SMIC_all_raw\HS\s19\non_micro\s19_n1\image32512649.bmp|C:\Users\iRoti\Desktop\tt\SMIC\SMIC_all_raw\HS\s19\non_micro\s19_n1\image32512650.bmp|C:\Users\iRoti\Desktop\tt\SMIC\SMIC_all_raw\HS\s19\non_micro\s19_n1\image32512651.bmp|C:\Users\iRoti\Desktop\tt\SMIC\SMIC_all_raw\HS\s19\non_micro\s19_n1\image32512652.bmp|C:\Users\iRoti\Desktop\tt\SMIC\SMIC_all_raw\HS\s19\non_micro\s19_n1\image32512653.bmp|C:\Users\iRoti\Desktop\tt\SMIC\SMIC_all_raw\HS\s19\non_micro\s19_n1\image32512654.bmp|C:\Users\iRoti\Desktop\tt\SMIC\SMIC_all_raw\HS\s19\non_micro\s19_n1\image32512655.bmp|C:\Users\iRoti\Desktop\tt\SMIC\SMIC_all_raw\HS\s19\non_micro\s19_n1\image32512656.bmp|C:\Users\iRoti\Desktop\tt\SMIC\SMIC_all_raw\HS\s19\non_micro\s19_n1\image32512657.bmp|C:\Users\iRoti\Desktop\tt\SMIC\SMIC_all_raw\HS\s19\non_micro\s19_n1\image32512658.bmp|C:\Users\iRoti\Desktop\tt\SMIC\SMIC_all_raw\HS\s19\non_micro\s19_n1\image32512659.bmp|C:\Users\iRoti\Desktop\tt\SMIC\SMIC_all_raw\HS\s19\non_micro\s19_n1\image32512660.bmp|C:\Users\iRoti\Desktop\tt\SMIC\SMIC_all_raw\HS\s19\non_micro\s19_n1\image32512661.bmp|C:\Users\iRoti\Desktop\tt\SMIC\SMIC_all_raw\HS\s19\non_micro\s19_n1\image32512662.bmp|C:\Users\iRoti\Desktop\tt\SMIC\SMIC_all_raw\HS\s19\non_micro\s19_n1\image32512663.bmp|C:\Users\iRoti\Desktop\tt\SMIC\SMIC_all_raw\HS\s19\non_micro\s19_n1\image32512664.bmp|C:\Users\iRoti\Desktop\tt\SMIC\SMIC_all_raw\HS\s19\non_micro\s19_n1\image32512665.bmp|C:\Users\iRoti\Desktop\tt\SMIC\SMIC_all_raw\HS\s19\non_micro\s19_n1\image32512666.bmp|C:\Users\iRoti\Desktop\tt\SMIC\SMIC_all_raw\HS\s19\non_micro\s19_n1\image32512667.bmp|C:\Users\iRoti\Desktop\tt\SMIC\SMIC_all_raw\HS\s19\non_micro\s19_n1\image32512668.bmp|C:\Users\iRoti\Desktop\tt\SMIC\SMIC_all_raw\HS\s19\non_micro\s19_n1\image32512669.bmp|C:\Users\iRoti\Desktop\tt\SMIC\SMIC_all_raw\HS\s19\non_micro\s19_n1\image32512670.bmp|C:\Users\iRoti\Desktop\tt\SMIC\SMIC_all_raw\HS\s19\non_micro\s19_n1\image32512671.bmp|C:\Users\iRoti\Desktop\tt\SMIC\SMIC_all_raw\HS\s19\non_micro\s19_n1\image32512672.bmp|C:\Users\iRoti\Desktop\tt\SMIC\SMIC_all_raw\HS\s19\non_micro\s19_n1\image32512673.bmp|C:\Users\iRoti\Desktop\tt\SMIC\SMIC_all_raw\HS\s19\non_micro\s19_n1\image32512674.bmp|C:\Users\iRoti\Desktop\tt\SMIC\SMIC_all_raw\HS\s19\non_micro\s19_n1\image32512675.bmp|C:\Users\iRoti\Desktop\tt\SMIC\SMIC_all_raw\HS\s19\non_micro\s19_n1\image32512676.bmp|C:\Users\iRoti\Desktop\tt\SMIC\SMIC_all_raw\HS\s19\non_micro\s19_n1\image32512677.bmp|C:\Users\iRoti\Desktop\tt\SMIC\SMIC_all_raw\HS\s19\non_micro\s19_n1\image32512678.bmp|C:\Users\iRoti\Desktop\tt\SMIC\SMIC_all_raw\HS\s19\non_micro\s19_n1\image32512679.bmp|C:\Users\iRoti\Desktop\tt\SMIC\SMIC_all_raw\HS\s19\non_micro\s19_n1\image32512680.bmp|C:\Users\iRoti\Desktop\tt\SMIC\SMIC_all_raw\HS\s19\non_micro\s19_n1\image32512681.bmp
s19,HS_100fps,Neutral,C:\Users\iRoti\Desktop\tt\SMIC\SMIC_all_raw\HS\s19\non_micro\s19_n2\image32583766.bmp|C:\Users\iRoti\Desktop\tt\SMIC\SMIC_all_raw\HS\s19\non_micro\s19_n2\image32583767.bmp|C:\Users\iRoti\Desktop\tt\SMIC\SMIC_all_raw\HS\s19\non_micro\s19_n2\image32583768.bmp|C:\Users\iRoti\Desktop\tt\SMIC\SMIC_all_raw\HS\s19\non_micro\s19_n2\image32583769.bmp|C:\Users\iRoti\Desktop\tt\SMIC\SMIC_all_raw\HS\s19\non_micro\s19_n2\image32583770.bmp|C:\Users\iRoti\Desktop\tt\SMIC\SMIC_all_raw\HS\s19\non_micro\s19_n2\image32583771.bmp|C:\Users\iRoti\Desktop\tt\SMIC\SMIC_all_raw\HS\s19\non_micro\s19_n2\image32583772.bmp|C:\Users\iRoti\Desktop\tt\SMIC\SMIC_all_raw\HS\s19\non_micro\s19_n2\image32583773.bmp|C:\Users\iRoti\Desktop\tt\SMIC\SMIC_all_raw\HS\s19\non_micro\s19_n2\image32583774.bmp|C:\Users\iRoti\Desktop\tt\SMIC\SMIC_all_raw\HS\s19\non_micro\s19_n2\image32583775.bmp|C:\Users\iRoti\Desktop\tt\SMIC\SMIC_all_raw\HS\s19\non_micro\s19_n2\image32583776.bmp|C:\Users\iRoti\Desktop\tt\SMIC\SMIC_all_raw\HS\s19\non_micro\s19_n2\image32583777.bmp|C:\Users\iRoti\Desktop\tt\SMIC\SMIC_all_raw\HS\s19\non_micro\s19_n2\image32583778.bmp|C:\Users\iRoti\Desktop\tt\SMIC\SMIC_all_raw\HS\s19\non_micro\s19_n2\image32583779.bmp|C:\Users\iRoti\Desktop\tt\SMIC\SMIC_all_raw\HS\s19\non_micro\s19_n2\image32583780.bmp|C:\Users\iRoti\Desktop\tt\SMIC\SMIC_all_raw\HS\s19\non_micro\s19_n2\image32583781.bmp|C:\Users\iRoti\Desktop\tt\SMIC\SMIC_all_raw\HS\s19\non_micro\s19_n2\image32583782.bmp|C:\Users\iRoti\Desktop\tt\SMIC\SMIC_all_raw\HS\s19\non_micro\s19_n2\image32583783.bmp|C:\Users\iRoti\Desktop\tt\SMIC\SMIC_all_raw\HS\s19\non_micro\s19_n2\image32583784.bmp|C:\Users\iRoti\Desktop\tt\SMIC\SMIC_all_raw\HS\s19\non_micro\s19_n2\image32583785.bmp|C:\Users\iRoti\Desktop\tt\SMIC\SMIC_all_raw\HS\s19\non_micro\s19_n2\image32583786.bmp|C:\Users\iRoti\Desktop\tt\SMIC\SMIC_all_raw\HS\s19\non_micro\s19_n2\image32583787.bmp|C:\Users\iRoti\Desktop\tt\SMIC\SMIC_all_raw\HS\s19\non_micro\s19_n2\image32583788.bmp|C:\Users\iRoti\Desktop\tt\SMIC\SMIC_all_raw\HS\s19\non_micro\s19_n2\image32583789.bmp|C:\Users\iRoti\Desktop\tt\SMIC\SMIC_all_raw\HS\s19\non_micro\s19_n2\image32583790.bmp|C:\Users\iRoti\Desktop\tt\SMIC\SMIC_all_raw\HS\s19\non_micro\s19_n2\image32583791.bmp|C:\Users\iRoti\Desktop\tt\SMIC\SMIC_all_raw\HS\s19\non_micro\s19_n2\image32583792.bmp|C:\Users\iRoti\Desktop\tt\SMIC\SMIC_all_raw\HS\s19\non_micro\s19_n2\image32583793.bmp|C:\Users\iRoti\Desktop\tt\SMIC\SMIC_all_raw\HS\s19\non_micro\s19_n2\image32583794.bmp|C:\Users\iRoti\Desktop\tt\SMIC\SMIC_all_raw\HS\s19\non_micro\s19_n2\image32583795.bmp|C:\Users\iRoti\Desktop\tt\SMIC\SMIC_all_raw\HS\s19\non_micro\s19_n2\image32583796.bmp|C:\Users\iRoti\Desktop\tt\SMIC\SMIC_all_raw\HS\s19\non_micro\s19_n2\image32583797.bmp|C:\Users\iRoti\Desktop\tt\SMIC\SMIC_all_raw\HS\s19\non_micro\s19_n2\image32583798.bmp|C:\Users\iRoti\Desktop\tt\SMIC\SMIC_all_raw\HS\s19\non_micro\s19_n2\image32583799.bmp|C:\Users\iRoti\Desktop\tt\SMIC\SMIC_all_raw\HS\s19\non_micro\s19_n2\image32583800.bmp|C:\Users\iRoti\Desktop\tt\SMIC\SMIC_all_raw\HS\s19\non_micro\s19_n2\image32583801.bmp|C:\Users\iRoti\Desktop\tt\SMIC\SMIC_all_raw\HS\s19\non_micro\s19_n2\image32583802.bmp|C:\Users\iRoti\Desktop\tt\SMIC\SMIC_all_raw\HS\s19\non_micro\s19_n2\image32583803.bmp|C:\Users\iRoti\Desktop\tt\SMIC\SMIC_all_raw\HS\s19\non_micro\s19_n2\image32583804.bmp|C:\Users\iRoti\Desktop\tt\SMIC\SMIC_all_raw\HS\s19\non_micro\s19_n2\image32583805.bmp|C:\Users\iRoti\Desktop\tt\SMIC\SMIC_all_raw\HS\s19\non_micro\s19_n2\image32583806.bmp|C:\Users\iRoti\Desktop\tt\SMIC\SMIC_all_raw\HS\s19\non_micro\s19_n2\image32583807.bmp|C:\Users\iRoti\Desktop\tt\SMIC\SMIC_all_raw\HS\s19\non_micro\s19_n2\image32583808.bmp|C:\Users\iRoti\Desktop\tt\SMIC\SMIC_all_raw\HS\s19\non_micro\s19_n2\image32583809.bmp|C:\Users\iRoti\Desktop\tt\SMIC\SMIC_all_raw\HS\s19\non_micro\s19_n2\image32583810.bmp|C:\Users\iRoti\Desktop\tt\SMIC\SMIC_all_raw\HS\s19\non_micro\s19_n2\image32583811.bmp|C:\Users\iRoti\Desktop\tt\SMIC\SMIC_all_raw\HS\s19\non_micro\s19_n2\image32583812.bmp|C:\Users\iRoti\Desktop\tt\SMIC\SMIC_all_raw\HS\s19\non_micro\s19_n2\image32583813.bmp
s2,HS_100fps,Felicidad,C:\Users\iRoti\Desktop\tt\SMIC\SMIC_all_raw\HS\s2\micro\positive\s2_po_01\image076518.bmp|C:\Users\iRoti\Desktop\tt\SMIC\SMIC_all_raw\HS\s2\micro\positive\s2_po_01\image076519.bmp|C:\Users\iRoti\Desktop\tt\SMIC\SMIC_all_raw\HS\s2\micro\positive\s2_po_01\image076520.bmp|C:\Users\iRoti\Desktop\tt\SMIC\SMIC_all_raw\HS\s2\micro\positive\s2_po_01\image076521.bmp|C:\Users\iRoti\Desktop\tt\SMIC\SMIC_all_raw\HS\s2\micro\positive\s2_po_01\image076522.bmp|C:\Users\iRoti\Desktop\tt\SMIC\SMIC_all_raw\HS\s2\micro\positive\s2_po_01\image076523.bmp|C:\Users\iRoti\Desktop\tt\SMIC\SMIC_all_raw\HS\s2\micro\positive\s2_po_01\image076524.bmp|C:\Users\iRoti\Desktop\tt\SMIC\SMIC_all_raw\HS\s2\micro\positive\s2_po_01\image076525.bmp|C:\Users\iRoti\Desktop\tt\SMIC\SMIC_all_raw\HS\s2\micro\positive\s2_po_01\image076526.bmp|C:\Users\iRoti\Desktop\tt\SMIC\SMIC_all_raw\HS\s2\micro\positive\s2_po_01\image076527.bmp|C:\Users\iRoti\Desktop\tt\SMIC\SMIC_all_raw\HS\s2\micro\positive\s2_po_01\image076528.bmp|C:\Users\iRoti\Desktop\tt\SMIC\SMIC_all_raw\HS\s2\micro\positive\s2_po_01\image076529.bmp|C:\Users\iRoti\Desktop\tt\SMIC\SMIC_all_raw\HS\s2\micro\positive\s2_po_01\image076530.bmp|C:\Users\iRoti\Desktop\tt\SMIC\SMIC_all_raw\HS\s2\micro\positive\s2_po_01\image076531.bmp|C:\Users\iRoti\Desktop\tt\SMIC\SMIC_all_raw\HS\s2\micro\positive\s2_po_01\image076532.bmp|C:\Users\iRoti\Desktop\tt\SMIC\SMIC_all_raw\HS\s2\micro\positive\s2_po_01\image076533.bmp|C:\Users\iRoti\Desktop\tt\SMIC\SMIC_all_raw\HS\s2\micro\positive\s2_po_01\image076534.bmp|C:\Users\iRoti\Desktop\tt\SMIC\SMIC_all_raw\HS\s2\micro\positive\s2_po_01\image076535.bmp|C:\Users\iRoti\Desktop\tt\SMIC\SMIC_all_raw\HS\s2\micro\positive\s2_po_01\image076536.bmp|C:\Users\iRoti\Desktop\tt\SMIC\SMIC_all_raw\HS\s2\micro\positive\s2_po_01\image076537.bmp|C:\Users\iRoti\Desktop\tt\SMIC\SMIC_all_raw\HS\s2\micro\positive\s2_po_01\image076538.bmp|C:\Users\iRoti\Desktop\tt\SMIC\SMIC_all_raw\HS\s2\micro\positive\s2_po_01\image076539.bmp|C:\Users\iRoti\Desktop\tt\SMIC\SMIC_all_raw\HS\s2\micro\positive\s2_po_01\image076540.bmp|C:\Users\iRoti\Desktop\tt\SMIC\SMIC_all_raw\HS\s2\micro\positive\s2_po_01\image076541.bmp|C:\Users\iRoti\Desktop\tt\SMIC\SMIC_all_raw\HS\s2\micro\positive\s2_po_01\image076542.bmp|C:\Users\iRoti\Desktop\tt\SMIC\SMIC_all_raw\HS\s2\micro\positive\s2_po_01\image076543.bmp|C:\Users\iRoti\Desktop\tt\SMIC\SMIC_all_raw\HS\s2\micro\positive\s2_po_01\image076544.bmp|C:\Users\iRoti\Desktop\tt\SMIC\SMIC_all_raw\HS\s2\micro\positive\s2_po_01\image076545.bmp|C:\Users\iRoti\Desktop\tt\SMIC\SMIC_all_raw\HS\s2\micro\positive\s2_po_01\image076546.bmp
s2,HS_100fps,Sorpresa,C:\Users\iRoti\Desktop\tt\SMIC\SMIC_all_raw\HS\s2\micro\surprise\s2_sur_01\image090868.bmp|C:\Users\iRoti\Desktop\tt\SMIC\SMIC_all_raw\HS\s2\micro\surprise\s2_sur_01\image090869.bmp|C:\Users\iRoti\Desktop\tt\SMIC\SMIC_all_raw\HS\s2\micro\surprise\s2_sur_01\image090870.bmp|C:\Users\iRoti\Desktop\tt\SMIC\SMIC_all_raw\HS\s2\micro\surprise\s2_sur_01\image090871.bmp|C:\Users\iRoti\Desktop\tt\SMIC\SMIC_all_raw\HS\s2\micro\surprise\s2_sur_01\image090872.bmp|C:\Users\iRoti\Desktop\tt\SMIC\SMIC_all_raw\HS\s2\micro\surprise\s2_sur_01\image090873.bmp|C:\Users\iRoti\Desktop\tt\SMIC\SMIC_all_raw\HS\s2\micro\surprise\s2_sur_01\image090874.bmp|C:\Users\iRoti\Desktop\tt\SMIC\SMIC_all_raw\HS\s2\micro\surprise\s2_sur_01\image090875.bmp|C:\Users\iRoti\Desktop\tt\SMIC\SMIC_all_raw\HS\s2\micro\surprise\s2_sur_01\image090876.bmp|C:\Users\iRoti\Desktop\tt\SMIC\SMIC_all_raw\HS\s2\micro\surprise\s2_sur_01\image090877.bmp|C:\Users\iRoti\Desktop\tt\SMIC\SMIC_all_raw\HS\s2\micro\surprise\s2_sur_01\image090878.bmp|C:\Users\iRoti\Desktop\tt\SMIC\SMIC_all_raw\HS\s2\micro\surprise\s2_sur_01\image090879.bmp|C:\Users\iRoti\Desktop\tt\SMIC\SMIC_all_raw\HS\s2\micro\surprise\s2_sur_01\image090880.bmp|C:\Users\iRoti\Desktop\tt\SMIC\SMIC_all_raw\HS\s2\micro\surprise\s2_sur_01\image090881.bmp|C:\Users\iRoti\Desktop\tt\SMIC\SMIC_all_raw\HS\s2\micro\surprise\s2_sur_01\image090882.bmp|C:\Users\iRoti\Desktop\tt\SMIC\SMIC_all_raw\HS\s2\micro\surprise\s2_sur_01\image090883.bmp|C:\Users\iRoti\Desktop\tt\SMIC\SMIC_all_raw\HS\s2\micro\surprise\s2_sur_01\image090884.bmp|C:\Users\iRoti\Desktop\tt\SMIC\SMIC_all_raw\HS\s2\micro\surprise\s2_sur_01\image090885.bmp|C:\Users\iRoti\Desktop\tt\SMIC\SMIC_all_raw\HS\s2\micro\surprise\s2_sur_01\image090886.bmp|C:\Users\iRoti\Desktop\tt\SMIC\SMIC_all_raw\HS\s2\micro\surprise\s2_sur_01\image090887.bmp|C:\Users\iRoti\Desktop\tt\SMIC\SMIC_all_raw\HS\s2\micro\surprise\s2_sur_01\image090888.bmp|C:\Users\iRoti\Desktop\tt\SMIC\SMIC_all_raw\HS\s2\micro\surprise\s2_sur_01\image090889.bmp|C:\Users\iRoti\Desktop\tt\SMIC\SMIC_all_raw\HS\s2\micro\surprise\s2_sur_01\image090890.bmp|C:\Users\iRoti\Desktop\tt\SMIC\SMIC_all_raw\HS\s2\micro\surprise\s2_sur_01\image090891.bmp|C:\Users\iRoti\Desktop\tt\SMIC\SMIC_all_raw\HS\s2\micro\surprise\s2_sur_01\image090892.bmp|C:\Users\iRoti\Desktop\tt\SMIC\SMIC_all_raw\HS\s2\micro\surprise\s2_sur_01\image090893.bmp|C:\Users\iRoti\Desktop\tt\SMIC\SMIC_all_raw\HS\s2\micro\surprise\s2_sur_01\image090894.bmp
s2,HS_100fps,Sorpresa,C:\Users\iRoti\Desktop\tt\SMIC\SMIC_all_raw\HS\s2\micro\surprise\s2_sur_02\image106180.bmp|C:\Users\iRoti\Desktop\tt\SMIC\SMIC_all_raw\HS\s2\micro\surprise\s2_sur_02\image106181.bmp|C:\Users\iRoti\Desktop\tt\SMIC\SMIC_all_raw\HS\s2\micro\surprise\s2_sur_02\image106182.bmp|C:\Users\iRoti\Desktop\tt\SMIC\SMIC_all_raw\HS\s2\micro\surprise\s2_sur_02\image106183.bmp|C:\Users\iRoti\Desktop\tt\SMIC\SMIC_all_raw\HS\s2\micro\surprise\s2_sur_02\image106184.bmp|C:\Users\iRoti\Desktop\tt\SMIC\SMIC_all_raw\HS\s2\micro\surprise\s2_sur_02\image106185.bmp|C:\Users\iRoti\Desktop\tt\SMIC\SMIC_all_raw\HS\s2\micro\surprise\s2_sur_02\image106186.bmp|C:\Users\iRoti\Desktop\tt\SMIC\SMIC_all_raw\HS\s2\micro\surprise\s2_sur_02\image106187.bmp|C:\Users\iRoti\Desktop\tt\SMIC\SMIC_all_raw\HS\s2\micro\surprise\s2_sur_02\image106188.bmp|C:\Users\iRoti\Desktop\tt\SMIC\SMIC_all_raw\HS\s2\micro\surprise\s2_sur_02\image106189.bmp|C:\Users\iRoti\Desktop\tt\SMIC\SMIC_all_raw\HS\s2\micro\surprise\s2_sur_02\image106190.bmp|C:\Users\iRoti\Desktop\tt\SMIC\SMIC_all_raw\HS\s2\micro\surprise\s2_sur_02\image106191.bmp|C:\Users\iRoti\Desktop\tt\SMIC\SMIC_all_raw\HS\s2\micro\surprise\s2_sur_02\image106192.bmp|C:\Users\iRoti\Desktop\tt\SMIC\SMIC_all_raw\HS\s2\micro\surprise\s2_sur_02\image106193.bmp|C:\Users\iRoti\Desktop\tt\SMIC\SMIC_all_raw\HS\s2\micro\surprise\s2_sur_02\image106194.bmp|C:\Users\iRoti\Desktop\tt\SMIC\SMIC_all_raw\HS\s2\micro\surprise\s2_sur_02\image106195.bmp|C:\Users\iRoti\Desktop\tt\SMIC\SMIC_all_raw\HS\s2\micro\surprise\s2_sur_02\image106196.bmp|C:\Users\iRoti\Desktop\tt\SMIC\SMIC_all_raw\HS\s2\micro\surprise\s2_sur_02\image106197.bmp|C:\Users\iRoti\Desktop\tt\SMIC\SMIC_all_raw\HS\s2\micro\surprise\s2_sur_02\image106198.bmp|C:\Users\iRoti\Desktop\tt\SMIC\SMIC_all_raw\HS\s2\micro\surprise\s2_sur_02\image106199.bmp|C:\Users\iRoti\Desktop\tt\SMIC\SMIC_all_raw\HS\s2\micro\surprise\s2_sur_02\image106200.bmp|C:\Users\iRoti\Desktop\tt\SMIC\SMIC_all_raw\HS\s2\micro\surprise\s2_sur_02\image106201.bmp|C:\Users\iRoti\Desktop\tt\SMIC\SMIC_all_raw\HS\s2\micro\surprise\s2_sur_02\image106202.bmp|C:\Users\iRoti\Desktop\tt\SMIC\SMIC_all_raw\HS\s2\micro\surprise\s2_sur_02\image106203.bmp|C:\Users\iRoti\Desktop\tt\SMIC\SMIC_all_raw\HS\s2\micro\surprise\s2_sur_02\image106204.bmp|C:\Users\iRoti\Desktop\tt\SMIC\SMIC_all_raw\HS\s2\micro\surprise\s2_sur_02\image106205.bmp|C:\Users\iRoti\Desktop\tt\SMIC\SMIC_all_raw\HS\s2\micro\surprise\s2_sur_02\image106206.bmp|C:\Users\iRoti\Desktop\tt\SMIC\SMIC_all_raw\HS\s2\micro\surprise\s2_sur_02\image106207.bmp|C:\Users\iRoti\Desktop\tt\SMIC\SMIC_all_raw\HS\s2\micro\surprise\s2_sur_02\image106208.bmp|C:\Users\iRoti\Desktop\tt\SMIC\SMIC_all_raw\HS\s2\micro\surprise\s2_sur_02\image106209.bmp|C:\Users\iRoti\Desktop\tt\SMIC\SMIC_all_raw\HS\s2\micro\surprise\s2_sur_02\image106210.bmp|C:\Users\iRoti\Desktop\tt\SMIC\SMIC_all_raw\HS\s2\micro\surprise\s2_sur_02\image106211.bmp|C:\Users\iRoti\Desktop\tt\SMIC\SMIC_all_raw\HS\s2\micro\surprise\s2_sur_02\image106212.bmp|C:\Users\iRoti\Desktop\tt\SMIC\SMIC_all_raw\HS\s2\micro\surprise\s2_sur_02\image106213.bmp|C:\Users\iRoti\Desktop\tt\SMIC\SMIC_all_raw\HS\s2\micro\surprise\s2_sur_02\image106214.bmp
s2,HS_100fps,Sorpresa,C:\Users\iRoti\Desktop\tt\SMIC\SMIC_all_raw\HS\s2\micro\surprise\s2_sur_03\image112010.bmp|C:\Users\iRoti\Desktop\tt\SMIC\SMIC_all_raw\HS\s2\micro\surprise\s2_sur_03\image112011.bmp|C:\Users\iRoti\Desktop\tt\SMIC\SMIC_all_raw\HS\s2\micro\surprise\s2_sur_03\image112012.bmp|C:\Users\iRoti\Desktop\tt\SMIC\SMIC_all_raw\HS\s2\micro\surprise\s2_sur_03\image112013.bmp|C:\Users\iRoti\Desktop\tt\SMIC\SMIC_all_raw\HS\s2\micro\surprise\s2_sur_03\image112014.bmp|C:\Users\iRoti\Desktop\tt\SMIC\SMIC_all_raw\HS\s2\micro\surprise\s2_sur_03\image112015.bmp|C:\Users\iRoti\Desktop\tt\SMIC\SMIC_all_raw\HS\s2\micro\surprise\s2_sur_03\image112016.bmp|C:\Users\iRoti\Desktop\tt\SMIC\SMIC_all_raw\HS\s2\micro\surprise\s2_sur_03\image112017.bmp|C:\Users\iRoti\Desktop\tt\SMIC\SMIC_all_raw\HS\s2\micro\surprise\s2_sur_03\image112018.bmp|C:\Users\iRoti\Desktop\tt\SMIC\SMIC_all_raw\HS\s2\micro\surprise\s2_sur_03\image112019.bmp|C:\Users\iRoti\Desktop\tt\SMIC\SMIC_all_raw\HS\s2\micro\surprise\s2_sur_03\image112020.bmp|C:\Users\iRoti\Desktop\tt\SMIC\SMIC_all_raw\HS\s2\micro\surprise\s2_sur_03\image112021.bmp|C:\Users\iRoti\Desktop\tt\SMIC\SMIC_all_raw\HS\s2\micro\surprise\s2_sur_03\image112022.bmp|C:\Users\iRoti\Desktop\tt\SMIC\SMIC_all_raw\HS\s2\micro\surprise\s2_sur_03\image112023.bmp|C:\Users\iRoti\Desktop\tt\SMIC\SMIC_all_raw\HS\s2\micro\surprise\s2_sur_03\image112024.bmp|C:\Users\iRoti\Desktop\tt\SMIC\SMIC_all_raw\HS\s2\micro\surprise\s2_sur_03\image112025.bmp|C:\Users\iRoti\Desktop\tt\SMIC\SMIC_all_raw\HS\s2\micro\surprise\s2_sur_03\image112026.bmp|C:\Users\iRoti\Desktop\tt\SMIC\SMIC_all_raw\HS\s2\micro\surprise\s2_sur_03\image112027.bmp|C:\Users\iRoti\Desktop\tt\SMIC\SMIC_all_raw\HS\s2\micro\surprise\s2_sur_03\image112028.bmp|C:\Users\iRoti\Desktop\tt\SMIC\SMIC_all_raw\HS\s2\micro\surprise\s2_sur_03\image112029.bmp|C:\Users\iRoti\Desktop\tt\SMIC\SMIC_all_raw\HS\s2\micro\surprise\s2_sur_03\image112030.bmp|C:\Users\iRoti\Desktop\tt\SMIC\SMIC_all_raw\HS\s2\micro\surprise\s2_sur_03\image112031.bmp|C:\Users\iRoti\Desktop\tt\SMIC\SMIC_all_raw\HS\s2\micro\surprise\s2_sur_03\image112032.bmp|C:\Users\iRoti\Desktop\tt\SMIC\SMIC_all_raw\HS\s2\micro\surprise\s2_sur_03\image112033.bmp|C:\Users\iRoti\Desktop\tt\SMIC\SMIC_all_raw\HS\s2\micro\surprise\s2_sur_03\image112034.bmp|C:\Users\iRoti\Desktop\tt\SMIC\SMIC_all_raw\HS\s2\micro\surprise\s2_sur_03\image112035.bmp|C:\Users\iRoti\Desktop\tt\SMIC\SMIC_all_raw\HS\s2\micro\surprise\s2_sur_03\image112036.bmp|C:\Users\iRoti\Desktop\tt\SMIC\SMIC_all_raw\HS\s2\micro\surprise\s2_sur_03\image112037.bmp|C:\Users\iRoti\Desktop\tt\SMIC\SMIC_all_raw\HS\s2\micro\surprise\s2_sur_03\image112038.bmp|C:\Users\iRoti\Desktop\tt\SMIC\SMIC_all_raw\HS\s2\micro\surprise\s2_sur_03\image112039.bmp|C:\Users\iRoti\Desktop\tt\SMIC\SMIC_all_raw\HS\s2\micro\surprise\s2_sur_03\image112040.bmp|C:\Users\iRoti\Desktop\tt\SMIC\SMIC_all_raw\HS\s2\micro\surprise\s2_sur_03\image112041.bmp|C:\Users\iRoti\Desktop\tt\SMIC\SMIC_all_raw\HS\s2\micro\surprise\s2_sur_03\image112042.bmp|C:\Users\iRoti\Desktop\tt\SMIC\SMIC_all_raw\HS\s2\micro\surprise\s2_sur_03\image112043.bmp|C:\Users\iRoti\Desktop\tt\SMIC\SMIC_all_raw\HS\s2\micro\surprise\s2_sur_03\image112044.bmp|C:\Users\iRoti\Desktop\tt\SMIC\SMIC_all_raw\HS\s2\micro\surprise\s2_sur_03\image112045.bmp|C:\Users\iRoti\Desktop\tt\SMIC\SMIC_all_raw\HS\s2\micro\surprise\s2_sur_03\image112046.bmp|C:\Users\iRoti\Desktop\tt\SMIC\SMIC_all_raw\HS\s2\micro\surprise\s2_sur_03\image112047.bmp|C:\Users\iRoti\Desktop\tt\SMIC\SMIC_all_raw\HS\s2\micro\surprise\s2_sur_03\image112048.bmp|C:\Users\iRoti\Desktop\tt\SMIC\SMIC_all_raw\HS\s2\micro\surprise\s2_sur_03\image112049.bmp|C:\Users\iRoti\Desktop\tt\SMIC\SMIC_all_raw\HS\s2\micro\surprise\s2_sur_03\image112050.bmp
s2,HS_100fps,Sorpresa,C:\Users\iRoti\Desktop\tt\SMIC\SMIC_all_raw\HS\s2\micro\surprise\s2_sur_04\image131313.bmp|C:\Users\iRoti\Desktop\tt\SMIC\SMIC_all_raw\HS\s2\micro\surprise\s2_sur_04\image131314.bmp|C:\Users\iRoti\Desktop\tt\SMIC\SMIC_all_raw\HS\s2\micro\surprise\s2_sur_04\image131315.bmp|C:\Users\iRoti\Desktop\tt\SMIC\SMIC_all_raw\HS\s2\micro\surprise\s2_sur_04\image131316.bmp|C:\Users\iRoti\Desktop\tt\SMIC\SMIC_all_raw\HS\s2\micro\surprise\s2_sur_04\image131317.bmp|C:\Users\iRoti\Desktop\tt\SMIC\SMIC_all_raw\HS\s2\micro\surprise\s2_sur_04\image131318.bmp|C:\Users\iRoti\Desktop\tt\SMIC\SMIC_all_raw\HS\s2\micro\surprise\s2_sur_04\image131319.bmp|C:\Users\iRoti\Desktop\tt\SMIC\SMIC_all_raw\HS\s2\micro\surprise\s2_sur_04\image131320.bmp|C:\Users\iRoti\Desktop\tt\SMIC\SMIC_all_raw\HS\s2\micro\surprise\s2_sur_04\image131321.bmp|C:\Users\iRoti\Desktop\tt\SMIC\SMIC_all_raw\HS\s2\micro\surprise\s2_sur_04\image131322.bmp|C:\Users\iRoti\Desktop\tt\SMIC\SMIC_all_raw\HS\s2\micro\surprise\s2_sur_04\image131323.bmp|C:\Users\iRoti\Desktop\tt\SMIC\SMIC_all_raw\HS\s2\micro\surprise\s2_sur_04\image131324.bmp|C:\Users\iRoti\Desktop\tt\SMIC\SMIC_all_raw\HS\s2\micro\surprise\s2_sur_04\image131325.bmp|C:\Users\iRoti\Desktop\tt\SMIC\SMIC_all_raw\HS\s2\micro\surprise\s2_sur_04\image131326.bmp|C:\Users\iRoti\Desktop\tt\SMIC\SMIC_all_raw\HS\s2\micro\surprise\s2_sur_04\image131327.bmp|C:\Users\iRoti\Desktop\tt\SMIC\SMIC_all_raw\HS\s2\micro\surprise\s2_sur_04\image131328.bmp|C:\Users\iRoti\Desktop\tt\SMIC\SMIC_all_raw\HS\s2\micro\surprise\s2_sur_04\image131329.bmp|C:\Users\iRoti\Desktop\tt\SMIC\SMIC_all_raw\HS\s2\micro\surprise\s2_sur_04\image131330.bmp|C:\Users\iRoti\Desktop\tt\SMIC\SMIC_all_raw\HS\s2\micro\surprise\s2_sur_04\image131331.bmp|C:\Users\iRoti\Desktop\tt\SMIC\SMIC_all_raw\HS\s2\micro\surprise\s2_sur_04\image131332.bmp|C:\Users\iRoti\Desktop\tt\SMIC\SMIC_all_raw\HS\s2\micro\surprise\s2_sur_04\image131333.bmp|C:\Users\iRoti\Desktop\tt\SMIC\SMIC_all_raw\HS\s2\micro\surprise\s2_sur_04\image131334.bmp|C:\Users\iRoti\Desktop\tt\SMIC\SMIC_all_raw\HS\s2\micro\surprise\s2_sur_04\image131335.bmp|C:\Users\iRoti\Desktop\tt\SMIC\SMIC_all_raw\HS\s2\micro\surprise\s2_sur_04\image131336.bmp|C:\Users\iRoti\Desktop\tt\SMIC\SMIC_all_raw\HS\s2\micro\surprise\s2_sur_04\image131337.bmp|C:\Users\iRoti\Desktop\tt\SMIC\SMIC_all_raw\HS\s2\micro\surprise\s2_sur_04\image131338.bmp|C:\Users\iRoti\Desktop\tt\SMIC\SMIC_all_raw\HS\s2\micro\surprise\s2_sur_04\image131339.bmp|C:\Users\iRoti\Desktop\tt\SMIC\SMIC_all_raw\HS\s2\micro\surprise\s2_sur_04\image131340.bmp|C:\Users\iRoti\Desktop\tt\SMIC\SMIC_all_raw\HS\s2\micro\surprise\s2_sur_04\image131341.bmp|C:\Users\iRoti\Desktop\tt\SMIC\SMIC_all_raw\HS\s2\micro\surprise\s2_sur_04\image131342.bmp|C:\Users\iRoti\Desktop\tt\SMIC\SMIC_all_raw\HS\s2\micro\surprise\s2_sur_04\image131343.bmp|C:\Users\iRoti\Desktop\tt\SMIC\SMIC_all_raw\HS\s2\micro\surprise\s2_sur_04\image131344.bmp|C:\Users\iRoti\Desktop\tt\SMIC\SMIC_all_raw\HS\s2\micro\surprise\s2_sur_04\image131345.bmp|C:\Users\iRoti\Desktop\tt\SMIC\SMIC_all_raw\HS\s2\micro\surprise\s2_sur_04\image131346.bmp|C:\Users\iRoti\Desktop\tt\SMIC\SMIC_all_raw\HS\s2\micro\surprise\s2_sur_04\image131347.bmp
s2,HS_100fps,Sorpresa,C:\Users\iRoti\Desktop\tt\SMIC\SMIC_all_raw\HS\s2\micro\surprise\s2_sur_05\image219114.bmp|C:\Users\iRoti\Desktop\tt\SMIC\SMIC_all_raw\HS\s2\micro\surprise\s2_sur_05\image219115.bmp|C:\Users\iRoti\Desktop\tt\SMIC\SMIC_all_raw\HS\s2\micro\surprise\s2_sur_05\image219116.bmp|C:\Users\iRoti\Desktop\tt\SMIC\SMIC_all_raw\HS\s2\micro\surprise\s2_sur_05\image219117.bmp|C:\Users\iRoti\Desktop\tt\SMIC\SMIC_all_raw\HS\s2\micro\surprise\s2_sur_05\image219118.bmp|C:\Users\iRoti\Desktop\tt\SMIC\SMIC_all_raw\HS\s2\micro\surprise\s2_sur_05\image219119.bmp|C:\Users\iRoti\Desktop\tt\SMIC\SMIC_all_raw\HS\s2\micro\surprise\s2_sur_05\image219120.bmp|C:\Users\iRoti\Desktop\tt\SMIC\SMIC_all_raw\HS\s2\micro\surprise\s2_sur_05\image219121.bmp|C:\Users\iRoti\Desktop\tt\SMIC\SMIC_all_raw\HS\s2\micro\surprise\s2_sur_05\image219122.bmp|C:\Users\iRoti\Desktop\tt\SMIC\SMIC_all_raw\HS\s2\micro\surprise\s2_sur_05\image219123.bmp|C:\Users\iRoti\Desktop\tt\SMIC\SMIC_all_raw\HS\s2\micro\surprise\s2_sur_05\image219124.bmp|C:\Users\iRoti\Desktop\tt\SMIC\SMIC_all_raw\HS\s2\micro\surprise\s2_sur_05\image219125.bmp|C:\Users\iRoti\Desktop\tt\SMIC\SMIC_all_raw\HS\s2\micro\surprise\s2_sur_05\image219126.bmp|C:\Users\iRoti\Desktop\tt\SMIC\SMIC_all_raw\HS\s2\micro\surprise\s2_sur_05\image219127.bmp|C:\Users\iRoti\Desktop\tt\SMIC\SMIC_all_raw\HS\s2\micro\surprise\s2_sur_05\image219128.bmp|C:\Users\iRoti\Desktop\tt\SMIC\SMIC_all_raw\HS\s2\micro\surprise\s2_sur_05\image219129.bmp|C:\Users\iRoti\Desktop\tt\SMIC\SMIC_all_raw\HS\s2\micro\surprise\s2_sur_05\image219130.bmp|C:\Users\iRoti\Desktop\tt\SMIC\SMIC_all_raw\HS\s2\micro\surprise\s2_sur_05\image219131.bmp|C:\Users\iRoti\Desktop\tt\SMIC\SMIC_all_raw\HS\s2\micro\surprise\s2_sur_05\image219132.bmp|C:\Users\iRoti\Desktop\tt\SMIC\SMIC_all_raw\HS\s2\micro\surprise\s2_sur_05\image219133.bmp|C:\Users\iRoti\Desktop\tt\SMIC\SMIC_all_raw\HS\s2\micro\surprise\s2_sur_05\image219134.bmp|C:\Users\iRoti\Desktop\tt\SMIC\SMIC_all_raw\HS\s2\micro\surprise\s2_sur_05\image219135.bmp|C:\Users\iRoti\Desktop\tt\SMIC\SMIC_all_raw\HS\s2\micro\surprise\s2_sur_05\image219136.bmp|C:\Users\iRoti\Desktop\tt\SMIC\SMIC_all_raw\HS\s2\micro\surprise\s2_sur_05\image219137.bmp|C:\Users\iRoti\Desktop\tt\SMIC\SMIC_all_raw\HS\s2\micro\surprise\s2_sur_05\image219138.bmp|C:\Users\iRoti\Desktop\tt\SMIC\SMIC_all_raw\HS\s2\micro\surprise\s2_sur_05\image219139.bmp|C:\Users\iRoti\Desktop\tt\SMIC\SMIC_all_raw\HS\s2\micro\surprise\s2_sur_05\image219140.bmp|C:\Users\iRoti\Desktop\tt\SMIC\SMIC_all_raw\HS\s2\micro\surprise\s2_sur_05\image219141.bmp|C:\Users\iRoti\Desktop\tt\SMIC\SMIC_all_raw\HS\s2\micro\surprise\s2_sur_05\image219142.bmp|C:\Users\iRoti\Desktop\tt\SMIC\SMIC_all_raw\HS\s2\micro\surprise\s2_sur_05\image219143.bmp
s2,HS_100fps,Neutral,C:\Users\iRoti\Desktop\tt\SMIC\SMIC_all_raw\HS\s2\non_micro\s2_n1\image128598.bmp|C:\Users\iRoti\Desktop\tt\SMIC\SMIC_all_raw\HS\s2\non_micro\s2_n1\image128599.bmp|C:\Users\iRoti\Desktop\tt\SMIC\SMIC_all_raw\HS\s2\non_micro\s2_n1\image128600.bmp|C:\Users\iRoti\Desktop\tt\SMIC\SMIC_all_raw\HS\s2\non_micro\s2_n1\image128601.bmp|C:\Users\iRoti\Desktop\tt\SMIC\SMIC_all_raw\HS\s2\non_micro\s2_n1\image128602.bmp|C:\Users\iRoti\Desktop\tt\SMIC\SMIC_all_raw\HS\s2\non_micro\s2_n1\image128603.bmp|C:\Users\iRoti\Desktop\tt\SMIC\SMIC_all_raw\HS\s2\non_micro\s2_n1\image128604.bmp|C:\Users\iRoti\Desktop\tt\SMIC\SMIC_all_raw\HS\s2\non_micro\s2_n1\image128605.bmp|C:\Users\iRoti\Desktop\tt\SMIC\SMIC_all_raw\HS\s2\non_micro\s2_n1\image128606.bmp|C:\Users\iRoti\Desktop\tt\SMIC\SMIC_all_raw\HS\s2\non_micro\s2_n1\image128607.bmp|C:\Users\iRoti\Desktop\tt\SMIC\SMIC_all_raw\HS\s2\non_micro\s2_n1\image128608.bmp|C:\Users\iRoti\Desktop\tt\SMIC\SMIC_all_raw\HS\s2\non_micro\s2_n1\image128609.bmp|C:\Users\iRoti\Desktop\tt\SMIC\SMIC_all_raw\HS\s2\non_micro\s2_n1\image128610.bmp|C:\Users\iRoti\Desktop\tt\SMIC\SMIC_all_raw\HS\s2\non_micro\s2_n1\image128611.bmp|C:\Users\iRoti\Desktop\tt\SMIC\SMIC_all_raw\HS\s2\non_micro\s2_n1\image128612.bmp|C:\Users\iRoti\Desktop\tt\SMIC\SMIC_all_raw\HS\s2\non_micro\s2_n1\image128613.bmp|C:\Users\iRoti\Desktop\tt\SMIC\SMIC_all_raw\HS\s2\non_micro\s2_n1\image128614.bmp|C:\Users\iRoti\Desktop\tt\SMIC\SMIC_all_raw\HS\s2\non_micro\s2_n1\image128615.bmp|C:\Users\iRoti\Desktop\tt\SMIC\SMIC_all_raw\HS\s2\non_micro\s2_n1\image128616.bmp|C:\Users\iRoti\Desktop\tt\SMIC\SMIC_all_raw\HS\s2\non_micro\s2_n1\image128617.bmp|C:\Users\iRoti\Desktop\tt\SMIC\SMIC_all_raw\HS\s2\non_micro\s2_n1\image128618.bmp|C:\Users\iRoti\Desktop\tt\SMIC\SMIC_all_raw\HS\s2\non_micro\s2_n1\image128619.bmp|C:\Users\iRoti\Desktop\tt\SMIC\SMIC_all_raw\HS\s2\non_micro\s2_n1\image128620.bmp|C:\Users\iRoti\Desktop\tt\SMIC\SMIC_all_raw\HS\s2\non_micro\s2_n1\image128621.bmp|C:\Users\iRoti\Desktop\tt\SMIC\SMIC_all_raw\HS\s2\non_micro\s2_n1\image128622.bmp|C:\Users\iRoti\Desktop\tt\SMIC\SMIC_all_raw\HS\s2\non_micro\s2_n1\image128623.bmp|C:\Users\iRoti\Desktop\tt\SMIC\SMIC_all_raw\HS\s2\non_micro\s2_n1\image128624.bmp|C:\Users\iRoti\Desktop\tt\SMIC\SMIC_all_raw\HS\s2\non_micro\s2_n1\image128625.bmp|C:\Users\iRoti\Desktop\tt\SMIC\SMIC_all_raw\HS\s2\non_micro\s2_n1\image128626.bmp|C:\Users\iRoti\Desktop\tt\SMIC\SMIC_all_raw\HS\s2\non_micro\s2_n1\image128627.bmp|C:\Users\iRoti\Desktop\tt\SMIC\SMIC_all_raw\HS\s2\non_micro\s2_n1\image128628.bmp
s2,HS_100fps,Neutral,C:\Users\iRoti\Desktop\tt\SMIC\SMIC_all_raw\HS\s2\non_micro\s2_n2\image129175.bmp|C:\Users\iRoti\Desktop\tt\SMIC\SMIC_all_raw\HS\s2\non_micro\s2_n2\image129176.bmp|C:\Users\iRoti\Desktop\tt\SMIC\SMIC_all_raw\HS\s2\non_micro\s2_n2\image129177.bmp|C:\Users\iRoti\Desktop\tt\SMIC\SMIC_all_raw\HS\s2\non_micro\s2_n2\image129178.bmp|C:\Users\iRoti\Desktop\tt\SMIC\SMIC_all_raw\HS\s2\non_micro\s2_n2\image129179.bmp|C:\Users\iRoti\Desktop\tt\SMIC\SMIC_all_raw\HS\s2\non_micro\s2_n2\image129180.bmp|C:\Users\iRoti\Desktop\tt\SMIC\SMIC_all_raw\HS\s2\non_micro\s2_n2\image129181.bmp|C:\Users\iRoti\Desktop\tt\SMIC\SMIC_all_raw\HS\s2\non_micro\s2_n2\image129182.bmp|C:\Users\iRoti\Desktop\tt\SMIC\SMIC_all_raw\HS\s2\non_micro\s2_n2\image129183.bmp|C:\Users\iRoti\Desktop\tt\SMIC\SMIC_all_raw\HS\s2\non_micro\s2_n2\image129184.bmp|C:\Users\iRoti\Desktop\tt\SMIC\SMIC_all_raw\HS\s2\non_micro\s2_n2\image129185.bmp|C:\Users\iRoti\Desktop\tt\SMIC\SMIC_all_raw\HS\s2\non_micro\s2_n2\image129186.bmp|C:\Users\iRoti\Desktop\tt\SMIC\SMIC_all_raw\HS\s2\non_micro\s2_n2\image129187.bmp|C:\Users\iRoti\Desktop\tt\SMIC\SMIC_all_raw\HS\s2\non_micro\s2_n2\image129188.bmp|C:\Users\iRoti\Desktop\tt\SMIC\SMIC_all_raw\HS\s2\non_micro\s2_n2\image129189.bmp|C:\Users\iRoti\Desktop\tt\SMIC\SMIC_all_raw\HS\s2\non_micro\s2_n2\image129190.bmp|C:\Users\iRoti\Desktop\tt\SMIC\SMIC_all_raw\HS\s2\non_micro\s2_n2\image129191.bmp|C:\Users\iRoti\Desktop\tt\SMIC\SMIC_all_raw\HS\s2\non_micro\s2_n2\image129192.bmp|C:\Users\iRoti\Desktop\tt\SMIC\SMIC_all_raw\HS\s2\non_micro\s2_n2\image129193.bmp|C:\Users\iRoti\Desktop\tt\SMIC\SMIC_all_raw\HS\s2\non_micro\s2_n2\image129194.bmp|C:\Users\iRoti\Desktop\tt\SMIC\SMIC_all_raw\HS\s2\non_micro\s2_n2\image129195.bmp|C:\Users\iRoti\Desktop\tt\SMIC\SMIC_all_raw\HS\s2\non_micro\s2_n2\image129196.bmp|C:\Users\iRoti\Desktop\tt\SMIC\SMIC_all_raw\HS\s2\non_micro\s2_n2\image129197.bmp|C:\Users\iRoti\Desktop\tt\SMIC\SMIC_all_raw\HS\s2\non_micro\s2_n2\image129198.bmp|C:\Users\iRoti\Desktop\tt\SMIC\SMIC_all_raw\HS\s2\non_micro\s2_n2\image129199.bmp|C:\Users\iRoti\Desktop\tt\SMIC\SMIC_all_raw\HS\s2\non_micro\s2_n2\image129200.bmp
s2,HS_100fps,Neutral,C:\Users\iRoti\Desktop\tt\SMIC\SMIC_all_raw\HS\s2\non_micro\s2_n3\image129175.bmp|C:\Users\iRoti\Desktop\tt\SMIC\SMIC_all_raw\HS\s2\non_micro\s2_n3\image129176.bmp|C:\Users\iRoti\Desktop\tt\SMIC\SMIC_all_raw\HS\s2\non_micro\s2_n3\image129177.bmp|C:\Users\iRoti\Desktop\tt\SMIC\SMIC_all_raw\HS\s2\non_micro\s2_n3\image129178.bmp|C:\Users\iRoti\Desktop\tt\SMIC\SMIC_all_raw\HS\s2\non_micro\s2_n3\image129179.bmp|C:\Users\iRoti\Desktop\tt\SMIC\SMIC_all_raw\HS\s2\non_micro\s2_n3\image129180.bmp|C:\Users\iRoti\Desktop\tt\SMIC\SMIC_all_raw\HS\s2\non_micro\s2_n3\image129181.bmp|C:\Users\iRoti\Desktop\tt\SMIC\SMIC_all_raw\HS\s2\non_micro\s2_n3\image129182.bmp|C:\Users\iRoti\Desktop\tt\SMIC\SMIC_all_raw\HS\s2\non_micro\s2_n3\image129183.bmp|C:\Users\iRoti\Desktop\tt\SMIC\SMIC_all_raw\HS\s2\non_micro\s2_n3\image129184.bmp|C:\Users\iRoti\Desktop\tt\SMIC\SMIC_all_raw\HS\s2\non_micro\s2_n3\image129185.bmp|C:\Users\iRoti\Desktop\tt\SMIC\SMIC_all_raw\HS\s2\non_micro\s2_n3\image129186.bmp|C:\Users\iRoti\Desktop\tt\SMIC\SMIC_all_raw\HS\s2\non_micro\s2_n3\image129187.bmp|C:\Users\iRoti\Desktop\tt\SMIC\SMIC_all_raw\HS\s2\non_micro\s2_n3\image129188.bmp|C:\Users\iRoti\Desktop\tt\SMIC\SMIC_all_raw\HS\s2\non_micro\s2_n3\image129189.bmp|C:\Users\iRoti\Desktop\tt\SMIC\SMIC_all_raw\HS\s2\non_micro\s2_n3\image129190.bmp|C:\Users\iRoti\Desktop\tt\SMIC\SMIC_all_raw\HS\s2\non_micro\s2_n3\image129191.bmp|C:\Users\iRoti\Desktop\tt\SMIC\SMIC_all_raw\HS\s2\non_micro\s2_n3\image129192.bmp|C:\Users\iRoti\Desktop\tt\SMIC\SMIC_all_raw\HS\s2\non_micro\s2_n3\image129193.bmp|C:\Users\iRoti\Desktop\tt\SMIC\SMIC_all_raw\HS\s2\non_micro\s2_n3\image129194.bmp|C:\Users\iRoti\Desktop\tt\SMIC\SMIC_all_raw\HS\s2\non_micro\s2_n3\image129195.bmp|C:\Users\iRoti\Desktop\tt\SMIC\SMIC_all_raw\HS\s2\non_micro\s2_n3\image129196.bmp|C:\Users\iRoti\Desktop\tt\SMIC\SMIC_all_raw\HS\s2\non_micro\s2_n3\image129197.bmp|C:\Users\iRoti\Desktop\tt\SMIC\SMIC_all_raw\HS\s2\non_micro\s2_n3\image129198.bmp|C:\Users\iRoti\Desktop\tt\SMIC\SMIC_all_raw\HS\s2\non_micro\s2_n3\image129199.bmp|C:\Users\iRoti\Desktop\tt\SMIC\SMIC_all_raw\HS\s2\non_micro\s2_n3\image129200.bmp
s2,HS_100fps,Neutral,C:\Users\iRoti\Desktop\tt\SMIC\SMIC_all_raw\HS\s2\non_micro\s2_n4\image129240.bmp|C:\Users\iRoti\Desktop\tt\SMIC\SMIC_all_raw\HS\s2\non_micro\s2_n4\image129241.bmp|C:\Users\iRoti\Desktop\tt\SMIC\SMIC_all_raw\HS\s2\non_micro\s2_n4\image129242.bmp|C:\Users\iRoti\Desktop\tt\SMIC\SMIC_all_raw\HS\s2\non_micro\s2_n4\image129243.bmp|C:\Users\iRoti\Desktop\tt\SMIC\SMIC_all_raw\HS\s2\non_micro\s2_n4\image129244.bmp|C:\Users\iRoti\Desktop\tt\SMIC\SMIC_all_raw\HS\s2\non_micro\s2_n4\image129245.bmp|C:\Users\iRoti\Desktop\tt\SMIC\SMIC_all_raw\HS\s2\non_micro\s2_n4\image129246.bmp|C:\Users\iRoti\Desktop\tt\SMIC\SMIC_all_raw\HS\s2\non_micro\s2_n4\image129247.bmp|C:\Users\iRoti\Desktop\tt\SMIC\SMIC_all_raw\HS\s2\non_micro\s2_n4\image129248.bmp|C:\Users\iRoti\Desktop\tt\SMIC\SMIC_all_raw\HS\s2\non_micro\s2_n4\image129249.bmp|C:\Users\iRoti\Desktop\tt\SMIC\SMIC_all_raw\HS\s2\non_micro\s2_n4\image129250.bmp|C:\Users\iRoti\Desktop\tt\SMIC\SMIC_all_raw\HS\s2\non_micro\s2_n4\image129251.bmp|C:\Users\iRoti\Desktop\tt\SMIC\SMIC_all_raw\HS\s2\non_micro\s2_n4\image129252.bmp|C:\Users\iRoti\Desktop\tt\SMIC\SMIC_all_raw\HS\s2\non_micro\s2_n4\image129253.bmp|C:\Users\iRoti\Desktop\tt\SMIC\SMIC_all_raw\HS\s2\non_micro\s2_n4\image129254.bmp|C:\Users\iRoti\Desktop\tt\SMIC\SMIC_all_raw\HS\s2\non_micro\s2_n4\image129255.bmp|C:\Users\iRoti\Desktop\tt\SMIC\SMIC_all_raw\HS\s2\non_micro\s2_n4\image129256.bmp|C:\Users\iRoti\Desktop\tt\SMIC\SMIC_all_raw\HS\s2\non_micro\s2_n4\image129257.bmp|C:\Users\iRoti\Desktop\tt\SMIC\SMIC_all_raw\HS\s2\non_micro\s2_n4\image129258.bmp|C:\Users\iRoti\Desktop\tt\SMIC\SMIC_all_raw\HS\s2\non_micro\s2_n4\image129259.bmp|C:\Users\iRoti\Desktop\tt\SMIC\SMIC_all_raw\HS\s2\non_micro\s2_n4\image129260.bmp|C:\Users\iRoti\Desktop\tt\SMIC\SMIC_all_raw\HS\s2\non_micro\s2_n4\image129261.bmp|C:\Users\iRoti\Desktop\tt\SMIC\SMIC_all_raw\HS\s2\non_micro\s2_n4\image129262.bmp|C:\Users\iRoti\Desktop\tt\SMIC\SMIC_all_raw\HS\s2\non_micro\s2_n4\image129263.bmp|C:\Users\iRoti\Desktop\tt\SMIC\SMIC_all_raw\HS\s2\non_micro\s2_n4\image129264.bmp|C:\Users\iRoti\Desktop\tt\SMIC\SMIC_all_raw\HS\s2\non_micro\s2_n4\image129265.bmp
s2,HS_100fps,Neutral,C:\Users\iRoti\Desktop\tt\SMIC\SMIC_all_raw\HS\s2\non_micro\s2_n5\image130950.bmp|C:\Users\iRoti\Desktop\tt\SMIC\SMIC_all_raw\HS\s2\non_micro\s2_n5\image130951.bmp|C:\Users\iRoti\Desktop\tt\SMIC\SMIC_all_raw\HS\s2\non_micro\s2_n5\image130952.bmp|C:\Users\iRoti\Desktop\tt\SMIC\SMIC_all_raw\HS\s2\non_micro\s2_n5\image130953.bmp|C:\Users\iRoti\Desktop\tt\SMIC\SMIC_all_raw\HS\s2\non_micro\s2_n5\image130954.bmp|C:\Users\iRoti\Desktop\tt\SMIC\SMIC_all_raw\HS\s2\non_micro\s2_n5\image130955.bmp|C:\Users\iRoti\Desktop\tt\SMIC\SMIC_all_raw\HS\s2\non_micro\s2_n5\image130956.bmp|C:\Users\iRoti\Desktop\tt\SMIC\SMIC_all_raw\HS\s2\non_micro\s2_n5\image130957.bmp|C:\Users\iRoti\Desktop\tt\SMIC\SMIC_all_raw\HS\s2\non_micro\s2_n5\image130958.bmp|C:\Users\iRoti\Desktop\tt\SMIC\SMIC_all_raw\HS\s2\non_micro\s2_n5\image130959.bmp|C:\Users\iRoti\Desktop\tt\SMIC\SMIC_all_raw\HS\s2\non_micro\s2_n5\image130960.bmp|C:\Users\iRoti\Desktop\tt\SMIC\SMIC_all_raw\HS\s2\non_micro\s2_n5\image130961.bmp|C:\Users\iRoti\Desktop\tt\SMIC\SMIC_all_raw\HS\s2\non_micro\s2_n5\image130962.bmp|C:\Users\iRoti\Desktop\tt\SMIC\SMIC_all_raw\HS\s2\non_micro\s2_n5\image130963.bmp|C:\Users\iRoti\Desktop\tt\SMIC\SMIC_all_raw\HS\s2\non_micro\s2_n5\image130964.bmp|C:\Users\iRoti\Desktop\tt\SMIC\SMIC_all_raw\HS\s2\non_micro\s2_n5\image130965.bmp|C:\Users\iRoti\Desktop\tt\SMIC\SMIC_all_raw\HS\s2\non_micro\s2_n5\image130966.bmp|C:\Users\iRoti\Desktop\tt\SMIC\SMIC_all_raw\HS\s2\non_micro\s2_n5\image130967.bmp|C:\Users\iRoti\Desktop\tt\SMIC\SMIC_all_raw\HS\s2\non_micro\s2_n5\image130968.bmp|C:\Users\iRoti\Desktop\tt\SMIC\SMIC_all_raw\HS\s2\non_micro\s2_n5\image130969.bmp|C:\Users\iRoti\Desktop\tt\SMIC\SMIC_all_raw\HS\s2\non_micro\s2_n5\image130970.bmp|C:\Users\iRoti\Desktop\tt\SMIC\SMIC_all_raw\HS\s2\non_micro\s2_n5\image130971.bmp|C:\Users\iRoti\Desktop\tt\SMIC\SMIC_all_raw\HS\s2\non_micro\s2_n5\image130972.bmp|C:\Users\iRoti\Desktop\tt\SMIC\SMIC_all_raw\HS\s2\non_micro\s2_n5\image130973.bmp|C:\Users\iRoti\Desktop\tt\SMIC\SMIC_all_raw\HS\s2\non_micro\s2_n5\image130974.bmp|C:\Users\iRoti\Desktop\tt\SMIC\SMIC_all_raw\HS\s2\non_micro\s2_n5\image130975.bmp|C:\Users\iRoti\Desktop\tt\SMIC\SMIC_all_raw\HS\s2\non_micro\s2_n5\image130976.bmp|C:\Users\iRoti\Desktop\tt\SMIC\SMIC_all_raw\HS\s2\non_micro\s2_n5\image130977.bmp|C:\Users\iRoti\Desktop\tt\SMIC\SMIC_all_raw\HS\s2\non_micro\s2_n5\image130978.bmp
s2,HS_100fps,Neutral,C:\Users\iRoti\Desktop\tt\SMIC\SMIC_all_raw\HS\s2\non_micro\s2_n6\image131048.bmp|C:\Users\iRoti\Desktop\tt\SMIC\SMIC_all_raw\HS\s2\non_micro\s2_n6\image131049.bmp|C:\Users\iRoti\Desktop\tt\SMIC\SMIC_all_raw\HS\s2\non_micro\s2_n6\image131050.bmp|C:\Users\iRoti\Desktop\tt\SMIC\SMIC_all_raw\HS\s2\non_micro\s2_n6\image131051.bmp|C:\Users\iRoti\Desktop\tt\SMIC\SMIC_all_raw\HS\s2\non_micro\s2_n6\image131052.bmp|C:\Users\iRoti\Desktop\tt\SMIC\SMIC_all_raw\HS\s2\non_micro\s2_n6\image131053.bmp|C:\Users\iRoti\Desktop\tt\SMIC\SMIC_all_raw\HS\s2\non_micro\s2_n6\image131054.bmp|C:\Users\iRoti\Desktop\tt\SMIC\SMIC_all_raw\HS\s2\non_micro\s2_n6\image131055.bmp|C:\Users\iRoti\Desktop\tt\SMIC\SMIC_all_raw\HS\s2\non_micro\s2_n6\image131056.bmp|C:\Users\iRoti\Desktop\tt\SMIC\SMIC_all_raw\HS\s2\non_micro\s2_n6\image131057.bmp|C:\Users\iRoti\Desktop\tt\SMIC\SMIC_all_raw\HS\s2\non_micro\s2_n6\image131058.bmp|C:\Users\iRoti\Desktop\tt\SMIC\SMIC_all_raw\HS\s2\non_micro\s2_n6\image131059.bmp|C:\Users\iRoti\Desktop\tt\SMIC\SMIC_all_raw\HS\s2\non_micro\s2_n6\image131060.bmp|C:\Users\iRoti\Desktop\tt\SMIC\SMIC_all_raw\HS\s2\non_micro\s2_n6\image131061.bmp|C:\Users\iRoti\Desktop\tt\SMIC\SMIC_all_raw\HS\s2\non_micro\s2_n6\image131062.bmp|C:\Users\iRoti\Desktop\tt\SMIC\SMIC_all_raw\HS\s2\non_micro\s2_n6\image131063.bmp|C:\Users\iRoti\Desktop\tt\SMIC\SMIC_all_raw\HS\s2\non_micro\s2_n6\image131064.bmp|C:\Users\iRoti\Desktop\tt\SMIC\SMIC_all_raw\HS\s2\non_micro\s2_n6\image131065.bmp|C:\Users\iRoti\Desktop\tt\SMIC\SMIC_all_raw\HS\s2\non_micro\s2_n6\image131066.bmp|C:\Users\iRoti\Desktop\tt\SMIC\SMIC_all_raw\HS\s2\non_micro\s2_n6\image131067.bmp|C:\Users\iRoti\Desktop\tt\SMIC\SMIC_all_raw\HS\s2\non_micro\s2_n6\image131068.bmp|C:\Users\iRoti\Desktop\tt\SMIC\SMIC_all_raw\HS\s2\non_micro\s2_n6\image131069.bmp|C:\Users\iRoti\Desktop\tt\SMIC\SMIC_all_raw\HS\s2\non_micro\s2_n6\image131070.bmp|C:\Users\iRoti\Desktop\tt\SMIC\SMIC_all_raw\HS\s2\non_micro\s2_n6\image131071.bmp|C:\Users\iRoti\Desktop\tt\SMIC\SMIC_all_raw\HS\s2\non_micro\s2_n6\image131072.bmp|C:\Users\iRoti\Desktop\tt\SMIC\SMIC_all_raw\HS\s2\non_micro\s2_n6\image131073.bmp
s20,HS_100fps,Negativo,C:\Users\iRoti\Desktop\tt\SMIC\SMIC_all_raw\HS\s20\micro\negative\s20_ne_01\image17581039.bmp|C:\Users\iRoti\Desktop\tt\SMIC\SMIC_all_raw\HS\s20\micro\negative\s20_ne_01\image17581040.bmp|C:\Users\iRoti\Desktop\tt\SMIC\SMIC_all_raw\HS\s20\micro\negative\s20_ne_01\image17581041.bmp|C:\Users\iRoti\Desktop\tt\SMIC\SMIC_all_raw\HS\s20\micro\negative\s20_ne_01\image17581042.bmp|C:\Users\iRoti\Desktop\tt\SMIC\SMIC_all_raw\HS\s20\micro\negative\s20_ne_01\image17581043.bmp|C:\Users\iRoti\Desktop\tt\SMIC\SMIC_all_raw\HS\s20\micro\negative\s20_ne_01\image17581044.bmp|C:\Users\iRoti\Desktop\tt\SMIC\SMIC_all_raw\HS\s20\micro\negative\s20_ne_01\image17581045.bmp|C:\Users\iRoti\Desktop\tt\SMIC\SMIC_all_raw\HS\s20\micro\negative\s20_ne_01\image17581046.bmp|C:\Users\iRoti\Desktop\tt\SMIC\SMIC_all_raw\HS\s20\micro\negative\s20_ne_01\image17581047.bmp|C:\Users\iRoti\Desktop\tt\SMIC\SMIC_all_raw\HS\s20\micro\negative\s20_ne_01\image17581048.bmp|C:\Users\iRoti\Desktop\tt\SMIC\SMIC_all_raw\HS\s20\micro\negative\s20_ne_01\image17581049.bmp|C:\Users\iRoti\Desktop\tt\SMIC\SMIC_all_raw\HS\s20\micro\negative\s20_ne_01\image17581050.bmp|C:\Users\iRoti\Desktop\tt\SMIC\SMIC_all_raw\HS\s20\micro\negative\s20_ne_01\image17581051.bmp|C:\Users\iRoti\Desktop\tt\SMIC\SMIC_all_raw\HS\s20\micro\negative\s20_ne_01\image17581052.bmp|C:\Users\iRoti\Desktop\tt\SMIC\SMIC_all_raw\HS\s20\micro\negative\s20_ne_01\image17581053.bmp|C:\Users\iRoti\Desktop\tt\SMIC\SMIC_all_raw\HS\s20\micro\negative\s20_ne_01\image17581054.bmp|C:\Users\iRoti\Desktop\tt\SMIC\SMIC_all_raw\HS\s20\micro\negative\s20_ne_01\image17581055.bmp
s20,HS_100fps,Negativo,C:\Users\iRoti\Desktop\tt\SMIC\SMIC_all_raw\HS\s20\micro\negative\s20_ne_02\image17581713.bmp|C:\Users\iRoti\Desktop\tt\SMIC\SMIC_all_raw\HS\s20\micro\negative\s20_ne_02\image17581714.bmp|C:\Users\iRoti\Desktop\tt\SMIC\SMIC_all_raw\HS\s20\micro\negative\s20_ne_02\image17581715.bmp|C:\Users\iRoti\Desktop\tt\SMIC\SMIC_all_raw\HS\s20\micro\negative\s20_ne_02\image17581716.bmp|C:\Users\iRoti\Desktop\tt\SMIC\SMIC_all_raw\HS\s20\micro\negative\s20_ne_02\image17581717.bmp|C:\Users\iRoti\Desktop\tt\SMIC\SMIC_all_raw\HS\s20\micro\negative\s20_ne_02\image17581718.bmp|C:\Users\iRoti\Desktop\tt\SMIC\SMIC_all_raw\HS\s20\micro\negative\s20_ne_02\image17581719.bmp|C:\Users\iRoti\Desktop\tt\SMIC\SMIC_all_raw\HS\s20\micro\negative\s20_ne_02\image17581720.bmp|C:\Users\iRoti\Desktop\tt\SMIC\SMIC_all_raw\HS\s20\micro\negative\s20_ne_02\image17581721.bmp|C:\Users\iRoti\Desktop\tt\SMIC\SMIC_all_raw\HS\s20\micro\negative\s20_ne_02\image17581722.bmp|C:\Users\iRoti\Desktop\tt\SMIC\SMIC_all_raw\HS\s20\micro\negative\s20_ne_02\image17581723.bmp|C:\Users\iRoti\Desktop\tt\SMIC\SMIC_all_raw\HS\s20\micro\negative\s20_ne_02\image17581724.bmp|C:\Users\iRoti\Desktop\tt\SMIC\SMIC_all_raw\HS\s20\micro\negative\s20_ne_02\image17581725.bmp|C:\Users\iRoti\Desktop\tt\SMIC\SMIC_all_raw\HS\s20\micro\negative\s20_ne_02\image17581726.bmp|C:\Users\iRoti\Desktop\tt\SMIC\SMIC_all_raw\HS\s20\micro\negative\s20_ne_02\image17581727.bmp|C:\Users\iRoti\Desktop\tt\SMIC\SMIC_all_raw\HS\s20\micro\negative\s20_ne_02\image17581728.bmp|C:\Users\iRoti\Desktop\tt\SMIC\SMIC_all_raw\HS\s20\micro\negative\s20_ne_02\image17581729.bmp|C:\Users\iRoti\Desktop\tt\SMIC\SMIC_all_raw\HS\s20\micro\negative\s20_ne_02\image17581730.bmp|C:\Users\iRoti\Desktop\tt\SMIC\SMIC_all_raw\HS\s20\micro\negative\s20_ne_02\image17581731.bmp|C:\Users\iRoti\Desktop\tt\SMIC\SMIC_all_raw\HS\s20\micro\negative\s20_ne_02\image17581732.bmp|C:\Users\iRoti\Desktop\tt\SMIC\SMIC_all_raw\HS\s20\micro\negative\s20_ne_02\image17581733.bmp|C:\Users\iRoti\Desktop\tt\SMIC\SMIC_all_raw\HS\s20\micro\negative\s20_ne_02\image17581734.bmp|C:\Users\iRoti\Desktop\tt\SMIC\SMIC_all_raw\HS\s20\micro\negative\s20_ne_02\image17581735.bmp|C:\Users\iRoti\Desktop\tt\SMIC\SMIC_all_raw\HS\s20\micro\negative\s20_ne_02\image17581736.bmp|C:\Users\iRoti\Desktop\tt\SMIC\SMIC_all_raw\HS\s20\micro\negative\s20_ne_02\image17581737.bmp|C:\Users\iRoti\Desktop\tt\SMIC\SMIC_all_raw\HS\s20\micro\negative\s20_ne_02\image17581738.bmp|C:\Users\iRoti\Desktop\tt\SMIC\SMIC_all_raw\HS\s20\micro\negative\s20_ne_02\image17581739.bmp|C:\Users\iRoti\Desktop\tt\SMIC\SMIC_all_raw\HS\s20\micro\negative\s20_ne_02\image17581740.bmp|C:\Users\iRoti\Desktop\tt\SMIC\SMIC_all_raw\HS\s20\micro\negative\s20_ne_02\image17581741.bmp|C:\Users\iRoti\Desktop\tt\SMIC\SMIC_all_raw\HS\s20\micro\negative\s20_ne_02\image17581742.bmp|C:\Users\iRoti\Desktop\tt\SMIC\SMIC_all_raw\HS\s20\micro\negative\s20_ne_02\image17581743.bmp|C:\Users\iRoti\Desktop\tt\SMIC\SMIC_all_raw\HS\s20\micro\negative\s20_ne_02\image17581744.bmp
s20,HS_100fps,Negativo,C:\Users\iRoti\Desktop\tt\SMIC\SMIC_all_raw\HS\s20\micro\negative\s20_ne_03\image17625391.bmp|C:\Users\iRoti\Desktop\tt\SMIC\SMIC_all_raw\HS\s20\micro\negative\s20_ne_03\image17625392.bmp|C:\Users\iRoti\Desktop\tt\SMIC\SMIC_all_raw\HS\s20\micro\negative\s20_ne_03\image17625393.bmp|C:\Users\iRoti\Desktop\tt\SMIC\SMIC_all_raw\HS\s20\micro\negative\s20_ne_03\image17625394.bmp|C:\Users\iRoti\Desktop\tt\SMIC\SMIC_all_raw\HS\s20\micro\negative\s20_ne_03\image17625395.bmp|C:\Users\iRoti\Desktop\tt\SMIC\SMIC_all_raw\HS\s20\micro\negative\s20_ne_03\image17625396.bmp|C:\Users\iRoti\Desktop\tt\SMIC\SMIC_all_raw\HS\s20\micro\negative\s20_ne_03\image17625397.bmp|C:\Users\iRoti\Desktop\tt\SMIC\SMIC_all_raw\HS\s20\micro\negative\s20_ne_03\image17625398.bmp|C:\Users\iRoti\Desktop\tt\SMIC\SMIC_all_raw\HS\s20\micro\negative\s20_ne_03\image17625399.bmp|C:\Users\iRoti\Desktop\tt\SMIC\SMIC_all_raw\HS\s20\micro\negative\s20_ne_03\image17625400.bmp|C:\Users\iRoti\Desktop\tt\SMIC\SMIC_all_raw\HS\s20\micro\negative\s20_ne_03\image17625401.bmp|C:\Users\iRoti\Desktop\tt\SMIC\SMIC_all_raw\HS\s20\micro\negative\s20_ne_03\image17625402.bmp|C:\Users\iRoti\Desktop\tt\SMIC\SMIC_all_raw\HS\s20\micro\negative\s20_ne_03\image17625403.bmp|C:\Users\iRoti\Desktop\tt\SMIC\SMIC_all_raw\HS\s20\micro\negative\s20_ne_03\image17625404.bmp|C:\Users\iRoti\Desktop\tt\SMIC\SMIC_all_raw\HS\s20\micro\negative\s20_ne_03\image17625405.bmp|C:\Users\iRoti\Desktop\tt\SMIC\SMIC_all_raw\HS\s20\micro\negative\s20_ne_03\image17625406.bmp|C:\Users\iRoti\Desktop\tt\SMIC\SMIC_all_raw\HS\s20\micro\negative\s20_ne_03\image17625407.bmp|C:\Users\iRoti\Desktop\tt\SMIC\SMIC_all_raw\HS\s20\micro\negative\s20_ne_03\image17625408.bmp|C:\Users\iRoti\Desktop\tt\SMIC\SMIC_all_raw\HS\s20\micro\negative\s20_ne_03\image17625409.bmp|C:\Users\iRoti\Desktop\tt\SMIC\SMIC_all_raw\HS\s20\micro\negative\s20_ne_03\image17625410.bmp|C:\Users\iRoti\Desktop\tt\SMIC\SMIC_all_raw\HS\s20\micro\negative\s20_ne_03\image17625411.bmp|C:\Users\iRoti\Desktop\tt\SMIC\SMIC_all_raw\HS\s20\micro\negative\s20_ne_03\image17625412.bmp|C:\Users\iRoti\Desktop\tt\SMIC\SMIC_all_raw\HS\s20\micro\negative\s20_ne_03\image17625413.bmp|C:\Users\iRoti\Desktop\tt\SMIC\SMIC_all_raw\HS\s20\micro\negative\s20_ne_03\image17625414.bmp|C:\Users\iRoti\Desktop\tt\SMIC\SMIC_all_raw\HS\s20\micro\negative\s20_ne_03\image17625415.bmp|C:\Users\iRoti\Desktop\tt\SMIC\SMIC_all_raw\HS\s20\micro\negative\s20_ne_03\image17625416.bmp|C:\Users\iRoti\Desktop\tt\SMIC\SMIC_all_raw\HS\s20\micro\negative\s20_ne_03\image17625417.bmp|C:\Users\iRoti\Desktop\tt\SMIC\SMIC_all_raw\HS\s20\micro\negative\s20_ne_03\image17625418.bmp|C:\Users\iRoti\Desktop\tt\SMIC\SMIC_all_raw\HS\s20\micro\negative\s20_ne_03\image17625419.bmp|C:\Users\iRoti\Desktop\tt\SMIC\SMIC_all_raw\HS\s20\micro\negative\s20_ne_03\image17625420.bmp|C:\Users\iRoti\Desktop\tt\SMIC\SMIC_all_raw\HS\s20\micro\negative\s20_ne_03\image17625421.bmp|C:\Users\iRoti\Desktop\tt\SMIC\SMIC_all_raw\HS\s20\micro\negative\s20_ne_03\image17625422.bmp|C:\Users\iRoti\Desktop\tt\SMIC\SMIC_all_raw\HS\s20\micro\negative\s20_ne_03\image17625423.bmp|C:\Users\iRoti\Desktop\tt\SMIC\SMIC_all_raw\HS\s20\micro\negative\s20_ne_03\image17625424.bmp
s20,HS_100fps,Negativo,C:\Users\iRoti\Desktop\tt\SMIC\SMIC_all_raw\HS\s20\micro\negative\s20_ne_04\image17651135.bmp|C:\Users\iRoti\Desktop\tt\SMIC\SMIC_all_raw\HS\s20\micro\negative\s20_ne_04\image17651136.bmp|C:\Users\iRoti\Desktop\tt\SMIC\SMIC_all_raw\HS\s20\micro\negative\s20_ne_04\image17651137.bmp|C:\Users\iRoti\Desktop\tt\SMIC\SMIC_all_raw\HS\s20\micro\negative\s20_ne_04\image17651138.bmp|C:\Users\iRoti\Desktop\tt\SMIC\SMIC_all_raw\HS\s20\micro\negative\s20_ne_04\image17651139.bmp|C:\Users\iRoti\Desktop\tt\SMIC\SMIC_all_raw\HS\s20\micro\negative\s20_ne_04\image17651140.bmp|C:\Users\iRoti\Desktop\tt\SMIC\SMIC_all_raw\HS\s20\micro\negative\s20_ne_04\image17651141.bmp|C:\Users\iRoti\Desktop\tt\SMIC\SMIC_all_raw\HS\s20\micro\negative\s20_ne_04\image17651142.bmp|C:\Users\iRoti\Desktop\tt\SMIC\SMIC_all_raw\HS\s20\micro\negative\s20_ne_04\image17651143.bmp|C:\Users\iRoti\Desktop\tt\SMIC\SMIC_all_raw\HS\s20\micro\negative\s20_ne_04\image17651144.bmp|C:\Users\iRoti\Desktop\tt\SMIC\SMIC_all_raw\HS\s20\micro\negative\s20_ne_04\image17651145.bmp|C:\Users\iRoti\Desktop\tt\SMIC\SMIC_all_raw\HS\s20\micro\negative\s20_ne_04\image17651146.bmp|C:\Users\iRoti\Desktop\tt\SMIC\SMIC_all_raw\HS\s20\micro\negative\s20_ne_04\image17651147.bmp|C:\Users\iRoti\Desktop\tt\SMIC\SMIC_all_raw\HS\s20\micro\negative\s20_ne_04\image17651148.bmp|C:\Users\iRoti\Desktop\tt\SMIC\SMIC_all_raw\HS\s20\micro\negative\s20_ne_04\image17651149.bmp|C:\Users\iRoti\Desktop\tt\SMIC\SMIC_all_raw\HS\s20\micro\negative\s20_ne_04\image17651150.bmp|C:\Users\iRoti\Desktop\tt\SMIC\SMIC_all_raw\HS\s20\micro\negative\s20_ne_04\image17651151.bmp|C:\Users\iRoti\Desktop\tt\SMIC\SMIC_all_raw\HS\s20\micro\negative\s20_ne_04\image17651152.bmp|C:\Users\iRoti\Desktop\tt\SMIC\SMIC_all_raw\HS\s20\micro\negative\s20_ne_04\image17651153.bmp|C:\Users\iRoti\Desktop\tt\SMIC\SMIC_all_raw\HS\s20\micro\negative\s20_ne_04\image17651154.bmp|C:\Users\iRoti\Desktop\tt\SMIC\SMIC_all_raw\HS\s20\micro\negative\s20_ne_04\image17651155.bmp|C:\Users\iRoti\Desktop\tt\SMIC\SMIC_all_raw\HS\s20\micro\negative\s20_ne_04\image17651156.bmp|C:\Users\iRoti\Desktop\tt\SMIC\SMIC_all_raw\HS\s20\micro\negative\s20_ne_04\image17651157.bmp
s20,HS_100fps,Negativo,C:\Users\iRoti\Desktop\tt\SMIC\SMIC_all_raw\HS\s20\micro\negative\s20_ne_05\image17664393.bmp|C:\Users\iRoti\Desktop\tt\SMIC\SMIC_all_raw\HS\s20\micro\negative\s20_ne_05\image17664394.bmp|C:\Users\iRoti\Desktop\tt\SMIC\SMIC_all_raw\HS\s20\micro\negative\s20_ne_05\image17664395.bmp|C:\Users\iRoti\Desktop\tt\SMIC\SMIC_all_raw\HS\s20\micro\negative\s20_ne_05\image17664396.bmp|C:\Users\iRoti\Desktop\tt\SMIC\SMIC_all_raw\HS\s20\micro\negative\s20_ne_05\image17664397.bmp|C:\Users\iRoti\Desktop\tt\SMIC\SMIC_all_raw\HS\s20\micro\negative\s20_ne_05\image17664398.bmp|C:\Users\iRoti\Desktop\tt\SMIC\SMIC_all_raw\HS\s20\micro\negative\s20_ne_05\image17664399.bmp|C:\Users\iRoti\Desktop\tt\SMIC\SMIC_all_raw\HS\s20\micro\negative\s20_ne_05\image17664400.bmp|C:\Users\iRoti\Desktop\tt\SMIC\SMIC_all_raw\HS\s20\micro\negative\s20_ne_05\image17664401.bmp|C:\Users\iRoti\Desktop\tt\SMIC\SMIC_all_raw\HS\s20\micro\negative\s20_ne_05\image17664402.bmp|C:\Users\iRoti\Desktop\tt\SMIC\SMIC_all_raw\HS\s20\micro\negative\s20_ne_05\image17664403.bmp|C:\Users\iRoti\Desktop\tt\SMIC\SMIC_all_raw\HS\s20\micro\negative\s20_ne_05\image17664404.bmp|C:\Users\iRoti\Desktop\tt\SMIC\SMIC_all_raw\HS\s20\micro\negative\s20_ne_05\image17664405.bmp|C:\Users\iRoti\Desktop\tt\SMIC\SMIC_all_raw\HS\s20\micro\negative\s20_ne_05\image17664406.bmp|C:\Users\iRoti\Desktop\tt\SMIC\SMIC_all_raw\HS\s20\micro\negative\s20_ne_05\image17664407.bmp|C:\Users\iRoti\Desktop\tt\SMIC\SMIC_all_raw\HS\s20\micro\negative\s20_ne_05\image17664408.bmp|C:\Users\iRoti\Desktop\tt\SMIC\SMIC_all_raw\HS\s20\micro\negative\s20_ne_05\image17664409.bmp|C:\Users\iRoti\Desktop\tt\SMIC\SMIC_all_raw\HS\s20\micro\negative\s20_ne_05\image17664410.bmp|C:\Users\iRoti\Desktop\tt\SMIC\SMIC_all_raw\HS\s20\micro\negative\s20_ne_05\image17664411.bmp|C:\Users\iRoti\Desktop\tt\SMIC\SMIC_all_raw\HS\s20\micro\negative\s20_ne_05\image17664412.bmp|C:\Users\iRoti\Desktop\tt\SMIC\SMIC_all_raw\HS\s20\micro\negative\s20_ne_05\image17664413.bmp|C:\Users\iRoti\Desktop\tt\SMIC\SMIC_all_raw\HS\s20\micro\negative\s20_ne_05\image17664414.bmp|C:\Users\iRoti\Desktop\tt\SMIC\SMIC_all_raw\HS\s20\micro\negative\s20_ne_05\image17664415.bmp|C:\Users\iRoti\Desktop\tt\SMIC\SMIC_all_raw\HS\s20\micro\negative\s20_ne_05\image17664416.bmp|C:\Users\iRoti\Desktop\tt\SMIC\SMIC_all_raw\HS\s20\micro\negative\s20_ne_05\image17664417.bmp|C:\Users\iRoti\Desktop\tt\SMIC\SMIC_all_raw\HS\s20\micro\negative\s20_ne_05\image17664418.bmp|C:\Users\iRoti\Desktop\tt\SMIC\SMIC_all_raw\HS\s20\micro\negative\s20_ne_05\image17664419.bmp|C:\Users\iRoti\Desktop\tt\SMIC\SMIC_all_raw\HS\s20\micro\negative\s20_ne_05\image17664420.bmp|C:\Users\iRoti\Desktop\tt\SMIC\SMIC_all_raw\HS\s20\micro\negative\s20_ne_05\image17664421.bmp|C:\Users\iRoti\Desktop\tt\SMIC\SMIC_all_raw\HS\s20\micro\negative\s20_ne_05\image17664422.bmp|C:\Users\iRoti\Desktop\tt\SMIC\SMIC_all_raw\HS\s20\micro\negative\s20_ne_05\image17664423.bmp
s20,HS_100fps,Negativo,C:\Users\iRoti\Desktop\tt\SMIC\SMIC_all_raw\HS\s20\micro\negative\s20_ne_06\image17668815.bmp|C:\Users\iRoti\Desktop\tt\SMIC\SMIC_all_raw\HS\s20\micro\negative\s20_ne_06\image17668816.bmp|C:\Users\iRoti\Desktop\tt\SMIC\SMIC_all_raw\HS\s20\micro\negative\s20_ne_06\image17668817.bmp|C:\Users\iRoti\Desktop\tt\SMIC\SMIC_all_raw\HS\s20\micro\negative\s20_ne_06\image17668818.bmp|C:\Users\iRoti\Desktop\tt\SMIC\SMIC_all_raw\HS\s20\micro\negative\s20_ne_06\image17668819.bmp|C:\Users\iRoti\Desktop\tt\SMIC\SMIC_all_raw\HS\s20\micro\negative\s20_ne_06\image17668820.bmp|C:\Users\iRoti\Desktop\tt\SMIC\SMIC_all_raw\HS\s20\micro\negative\s20_ne_06\image17668821.bmp|C:\Users\iRoti\Desktop\tt\SMIC\SMIC_all_raw\HS\s20\micro\negative\s20_ne_06\image17668822.bmp|C:\Users\iRoti\Desktop\tt\SMIC\SMIC_all_raw\HS\s20\micro\negative\s20_ne_06\image17668823.bmp|C:\Users\iRoti\Desktop\tt\SMIC\SMIC_all_raw\HS\s20\micro\negative\s20_ne_06\image17668824.bmp|C:\Users\iRoti\Desktop\tt\SMIC\SMIC_all_raw\HS\s20\micro\negative\s20_ne_06\image17668825.bmp|C:\Users\iRoti\Desktop\tt\SMIC\SMIC_all_raw\HS\s20\micro\negative\s20_ne_06\image17668826.bmp|C:\Users\iRoti\Desktop\tt\SMIC\SMIC_all_raw\HS\s20\micro\negative\s20_ne_06\image17668827.bmp|C:\Users\iRoti\Desktop\tt\SMIC\SMIC_all_raw\HS\s20\micro\negative\s20_ne_06\image17668828.bmp|C:\Users\iRoti\Desktop\tt\SMIC\SMIC_all_raw\HS\s20\micro\negative\s20_ne_06\image17668829.bmp|C:\Users\iRoti\Desktop\tt\SMIC\SMIC_all_raw\HS\s20\micro\negative\s20_ne_06\image17668830.bmp|C:\Users\iRoti\Desktop\tt\SMIC\SMIC_all_raw\HS\s20\micro\negative\s20_ne_06\image17668831.bmp|C:\Users\iRoti\Desktop\tt\SMIC\SMIC_all_raw\HS\s20\micro\negative\s20_ne_06\image17668832.bmp|C:\Users\iRoti\Desktop\tt\SMIC\SMIC_all_raw\HS\s20\micro\negative\s20_ne_06\image17668833.bmp|C:\Users\iRoti\Desktop\tt\SMIC\SMIC_all_raw\HS\s20\micro\negative\s20_ne_06\image17668834.bmp|C:\Users\iRoti\Desktop\tt\SMIC\SMIC_all_raw\HS\s20\micro\negative\s20_ne_06\image17668835.bmp
s20,HS_100fps,Negativo,C:\Users\iRoti\Desktop\tt\SMIC\SMIC_all_raw\HS\s20\micro\negative\s20_ne_07\image17668953.bmp|C:\Users\iRoti\Desktop\tt\SMIC\SMIC_all_raw\HS\s20\micro\negative\s20_ne_07\image17668954.bmp|C:\Users\iRoti\Desktop\tt\SMIC\SMIC_all_raw\HS\s20\micro\negative\s20_ne_07\image17668955.bmp|C:\Users\iRoti\Desktop\tt\SMIC\SMIC_all_raw\HS\s20\micro\negative\s20_ne_07\image17668956.bmp|C:\Users\iRoti\Desktop\tt\SMIC\SMIC_all_raw\HS\s20\micro\negative\s20_ne_07\image17668957.bmp|C:\Users\iRoti\Desktop\tt\SMIC\SMIC_all_raw\HS\s20\micro\negative\s20_ne_07\image17668958.bmp|C:\Users\iRoti\Desktop\tt\SMIC\SMIC_all_raw\HS\s20\micro\negative\s20_ne_07\image17668959.bmp|C:\Users\iRoti\Desktop\tt\SMIC\SMIC_all_raw\HS\s20\micro\negative\s20_ne_07\image17668960.bmp|C:\Users\iRoti\Desktop\tt\SMIC\SMIC_all_raw\HS\s20\micro\negative\s20_ne_07\image17668961.bmp|C:\Users\iRoti\Desktop\tt\SMIC\SMIC_all_raw\HS\s20\micro\negative\s20_ne_07\image17668962.bmp|C:\Users\iRoti\Desktop\tt\SMIC\SMIC_all_raw\HS\s20\micro\negative\s20_ne_07\image17668963.bmp|C:\Users\iRoti\Desktop\tt\SMIC\SMIC_all_raw\HS\s20\micro\negative\s20_ne_07\image17668964.bmp|C:\Users\iRoti\Desktop\tt\SMIC\SMIC_all_raw\HS\s20\micro\negative\s20_ne_07\image17668965.bmp|C:\Users\iRoti\Desktop\tt\SMIC\SMIC_all_raw\HS\s20\micro\negative\s20_ne_07\image17668966.bmp|C:\Users\iRoti\Desktop\tt\SMIC\SMIC_all_raw\HS\s20\micro\negative\s20_ne_07\image17668967.bmp|C:\Users\iRoti\Desktop\tt\SMIC\SMIC_all_raw\HS\s20\micro\negative\s20_ne_07\image17668968.bmp|C:\Users\iRoti\Desktop\tt\SMIC\SMIC_all_raw\HS\s20\micro\negative\s20_ne_07\image17668969.bmp
s20,HS_100fps,Negativo,C:\Users\iRoti\Desktop\tt\SMIC\SMIC_all_raw\HS\s20\micro\negative\s20_ne_08\image17670640.bmp|C:\Users\iRoti\Desktop\tt\SMIC\SMIC_all_raw\HS\s20\micro\negative\s20_ne_08\image17670641.bmp|C:\Users\iRoti\Desktop\tt\SMIC\SMIC_all_raw\HS\s20\micro\negative\s20_ne_08\image17670642.bmp|C:\Users\iRoti\Desktop\tt\SMIC\SMIC_all_raw\HS\s20\micro\negative\s20_ne_08\image17670643.bmp|C:\Users\iRoti\Desktop\tt\SMIC\SMIC_all_raw\HS\s20\micro\negative\s20_ne_08\image17670644.bmp|C:\Users\iRoti\Desktop\tt\SMIC\SMIC_all_raw\HS\s20\micro\negative\s20_ne_08\image17670645.bmp|C:\Users\iRoti\Desktop\tt\SMIC\SMIC_all_raw\HS\s20\micro\negative\s20_ne_08\image17670646.bmp|C:\Users\iRoti\Desktop\tt\SMIC\SMIC_all_raw\HS\s20\micro\negative\s20_ne_08\image17670647.bmp|C:\Users\iRoti\Desktop\tt\SMIC\SMIC_all_raw\HS\s20\micro\negative\s20_ne_08\image17670648.bmp|C:\Users\iRoti\Desktop\tt\SMIC\SMIC_all_raw\HS\s20\micro\negative\s20_ne_08\image17670649.bmp|C:\Users\iRoti\Desktop\tt\SMIC\SMIC_all_raw\HS\s20\micro\negative\s20_ne_08\image17670650.bmp|C:\Users\iRoti\Desktop\tt\SMIC\SMIC_all_raw\HS\s20\micro\negative\s20_ne_08\image17670651.bmp|C:\Users\iRoti\Desktop\tt\SMIC\SMIC_all_raw\HS\s20\micro\negative\s20_ne_08\image17670652.bmp|C:\Users\iRoti\Desktop\tt\SMIC\SMIC_all_raw\HS\s20\micro\negative\s20_ne_08\image17670653.bmp|C:\Users\iRoti\Desktop\tt\SMIC\SMIC_all_raw\HS\s20\micro\negative\s20_ne_08\image17670654.bmp|C:\Users\iRoti\Desktop\tt\SMIC\SMIC_all_raw\HS\s20\micro\negative\s20_ne_08\image17670655.bmp|C:\Users\iRoti\Desktop\tt\SMIC\SMIC_all_raw\HS\s20\micro\negative\s20_ne_08\image17670656.bmp|C:\Users\iRoti\Desktop\tt\SMIC\SMIC_all_raw\HS\s20\micro\negative\s20_ne_08\image17670657.bmp|C:\Users\iRoti\Desktop\tt\SMIC\SMIC_all_raw\HS\s20\micro\negative\s20_ne_08\image17670658.bmp|C:\Users\iRoti\Desktop\tt\SMIC\SMIC_all_raw\HS\s20\micro\negative\s20_ne_08\image17670659.bmp|C:\Users\iRoti\Desktop\tt\SMIC\SMIC_all_raw\HS\s20\micro\negative\s20_ne_08\image17670660.bmp|C:\Users\iRoti\Desktop\tt\SMIC\SMIC_all_raw\HS\s20\micro\negative\s20_ne_08\image17670661.bmp|C:\Users\iRoti\Desktop\tt\SMIC\SMIC_all_raw\HS\s20\micro\negative\s20_ne_08\image17670662.bmp|C:\Users\iRoti\Desktop\tt\SMIC\SMIC_all_raw\HS\s20\micro\negative\s20_ne_08\image17670663.bmp|C:\Users\iRoti\Desktop\tt\SMIC\SMIC_all_raw\HS\s20\micro\negative\s20_ne_08\image17670664.bmp|C:\Users\iRoti\Desktop\tt\SMIC\SMIC_all_raw\HS\s20\micro\negative\s20_ne_08\image17670665.bmp|C:\Users\iRoti\Desktop\tt\SMIC\SMIC_all_raw\HS\s20\micro\negative\s20_ne_08\image17670666.bmp|C:\Users\iRoti\Desktop\tt\SMIC\SMIC_all_raw\HS\s20\micro\negative\s20_ne_08\image17670667.bmp|C:\Users\iRoti\Desktop\tt\SMIC\SMIC_all_raw\HS\s20\micro\negative\s20_ne_08\image17670668.bmp|C:\Users\iRoti\Desktop\tt\SMIC\SMIC_all_raw\HS\s20\micro\negative\s20_ne_08\image17670669.bmp|C:\Users\iRoti\Desktop\tt\SMIC\SMIC_all_raw\HS\s20\micro\negative\s20_ne_08\image17670670.bmp|C:\Users\iRoti\Desktop\tt\SMIC\SMIC_all_raw\HS\s20\micro\negative\s20_ne_08\image17670671.bmp|C:\Users\iRoti\Desktop\tt\SMIC\SMIC_all_raw\HS\s20\micro\negative\s20_ne_08\image17670672.bmp|C:\Users\iRoti\Desktop\tt\SMIC\SMIC_all_raw\HS\s20\micro\negative\s20_ne_08\image17670673.bmp|C:\Users\iRoti\Desktop\tt\SMIC\SMIC_all_raw\HS\s20\micro\negative\s20_ne_08\image17670674.bmp|C:\Users\iRoti\Desktop\tt\SMIC\SMIC_all_raw\HS\s20\micro\negative\s20_ne_08\image17670675.bmp|C:\Users\iRoti\Desktop\tt\SMIC\SMIC_all_raw\HS\s20\micro\negative\s20_ne_08\image17670676.bmp|C:\Users\iRoti\Desktop\tt\SMIC\SMIC_all_raw\HS\s20\micro\negative\s20_ne_08\image17670677.bmp|C:\Users\iRoti\Desktop\tt\SMIC\SMIC_all_raw\HS\s20\micro\negative\s20_ne_08\image17670678.bmp|C:\Users\iRoti\Desktop\tt\SMIC\SMIC_all_raw\HS\s20\micro\negative\s20_ne_08\image17670679.bmp|C:\Users\iRoti\Desktop\tt\SMIC\SMIC_all_raw\HS\s20\micro\negative\s20_ne_08\image17670680.bmp|C:\Users\iRoti\Desktop\tt\SMIC\SMIC_all_raw\HS\s20\micro\negative\s20_ne_08\image17670681.bmp|C:\Users\iRoti\Desktop\tt\SMIC\SMIC_all_raw\HS\s20\micro\negative\s20_ne_08\image17670682.bmp|C:\Users\iRoti\Desktop\tt\SMIC\SMIC_all_raw\HS\s20\micro\negative\s20_ne_08\image17670683.bmp|C:\Users\iRoti\Desktop\tt\SMIC\SMIC_all_raw\HS\s20\micro\negative\s20_ne_08\image17670684.bmp
s20,HS_100fps,Negativo,C:\Users\iRoti\Desktop\tt\SMIC\SMIC_all_raw\HS\s20\micro\negative\s20_ne_09\image17678517.bmp|C:\Users\iRoti\Desktop\tt\SMIC\SMIC_all_raw\HS\s20\micro\negative\s20_ne_09\image17678518.bmp|C:\Users\iRoti\Desktop\tt\SMIC\SMIC_all_raw\HS\s20\micro\negative\s20_ne_09\image17678519.bmp|C:\Users\iRoti\Desktop\tt\SMIC\SMIC_all_raw\HS\s20\micro\negative\s20_ne_09\image17678520.bmp|C:\Users\iRoti\Desktop\tt\SMIC\SMIC_all_raw\HS\s20\micro\negative\s20_ne_09\image17678521.bmp|C:\Users\iRoti\Desktop\tt\SMIC\SMIC_all_raw\HS\s20\micro\negative\s20_ne_09\image17678522.bmp|C:\Users\iRoti\Desktop\tt\SMIC\SMIC_all_raw\HS\s20\micro\negative\s20_ne_09\image17678523.bmp|C:\Users\iRoti\Desktop\tt\SMIC\SMIC_all_raw\HS\s20\micro\negative\s20_ne_09\image17678524.bmp|C:\Users\iRoti\Desktop\tt\SMIC\SMIC_all_raw\HS\s20\micro\negative\s20_ne_09\image17678525.bmp|C:\Users\iRoti\Desktop\tt\SMIC\SMIC_all_raw\HS\s20\micro\negative\s20_ne_09\image17678526.bmp|C:\Users\iRoti\Desktop\tt\SMIC\SMIC_all_raw\HS\s20\micro\negative\s20_ne_09\image17678527.bmp|C:\Users\iRoti\Desktop\tt\SMIC\SMIC_all_raw\HS\s20\micro\negative\s20_ne_09\image17678528.bmp|C:\Users\iRoti\Desktop\tt\SMIC\SMIC_all_raw\HS\s20\micro\negative\s20_ne_09\image17678529.bmp|C:\Users\iRoti\Desktop\tt\SMIC\SMIC_all_raw\HS\s20\micro\negative\s20_ne_09\image17678530.bmp|C:\Users\iRoti\Desktop\tt\SMIC\SMIC_all_raw\HS\s20\micro\negative\s20_ne_09\image17678531.bmp|C:\Users\iRoti\Desktop\tt\SMIC\SMIC_all_raw\HS\s20\micro\negative\s20_ne_09\image17678532.bmp|C:\Users\iRoti\Desktop\tt\SMIC\SMIC_all_raw\HS\s20\micro\negative\s20_ne_09\image17678533.bmp|C:\Users\iRoti\Desktop\tt\SMIC\SMIC_all_raw\HS\s20\micro\negative\s20_ne_09\image17678534.bmp|C:\Users\iRoti\Desktop\tt\SMIC\SMIC_all_raw\HS\s20\micro\negative\s20_ne_09\image17678535.bmp|C:\Users\iRoti\Desktop\tt\SMIC\SMIC_all_raw\HS\s20\micro\negative\s20_ne_09\image17678536.bmp|C:\Users\iRoti\Desktop\tt\SMIC\SMIC_all_raw\HS\s20\micro\negative\s20_ne_09\image17678537.bmp|C:\Users\iRoti\Desktop\tt\SMIC\SMIC_all_raw\HS\s20\micro\negative\s20_ne_09\image17678538.bmp|C:\Users\iRoti\Desktop\tt\SMIC\SMIC_all_raw\HS\s20\micro\negative\s20_ne_09\image17678539.bmp|C:\Users\iRoti\Desktop\tt\SMIC\SMIC_all_raw\HS\s20\micro\negative\s20_ne_09\image17678540.bmp|C:\Users\iRoti\Desktop\tt\SMIC\SMIC_all_raw\HS\s20\micro\negative\s20_ne_09\image17678541.bmp|C:\Users\iRoti\Desktop\tt\SMIC\SMIC_all_raw\HS\s20\micro\negative\s20_ne_09\image17678542.bmp|C:\Users\iRoti\Desktop\tt\SMIC\SMIC_all_raw\HS\s20\micro\negative\s20_ne_09\image17678543.bmp|C:\Users\iRoti\Desktop\tt\SMIC\SMIC_all_raw\HS\s20\micro\negative\s20_ne_09\image17678544.bmp|C:\Users\iRoti\Desktop\tt\SMIC\SMIC_all_raw\HS\s20\micro\negative\s20_ne_09\image17678545.bmp|C:\Users\iRoti\Desktop\tt\SMIC\SMIC_all_raw\HS\s20\micro\negative\s20_ne_09\image17678546.bmp|C:\Users\iRoti\Desktop\tt\SMIC\SMIC_all_raw\HS\s20\micro\negative\s20_ne_09\image17678547.bmp|C:\Users\iRoti\Desktop\tt\SMIC\SMIC_all_raw\HS\s20\micro\negative\s20_ne_09\image17678548.bmp|C:\Users\iRoti\Desktop\tt\SMIC\SMIC_all_raw\HS\s20\micro\negative\s20_ne_09\image17678549.bmp|C:\Users\iRoti\Desktop\tt\SMIC\SMIC_all_raw\HS\s20\micro\negative\s20_ne_09\image17678550.bmp|C:\Users\iRoti\Desktop\tt\SMIC\SMIC_all_raw\HS\s20\micro\negative\s20_ne_09\image17678551.bmp|C:\Users\iRoti\Desktop\tt\SMIC\SMIC_all_raw\HS\s20\micro\negative\s20_ne_09\image17678552.bmp
s20,HS_100fps,Negativo,C:\Users\iRoti\Desktop\tt\SMIC\SMIC_all_raw\HS\s20\micro\negative\s20_ne_10\image17707991.bmp|C:\Users\iRoti\Desktop\tt\SMIC\SMIC_all_raw\HS\s20\micro\negative\s20_ne_10\image17707992.bmp|C:\Users\iRoti\Desktop\tt\SMIC\SMIC_all_raw\HS\s20\micro\negative\s20_ne_10\image17707993.bmp|C:\Users\iRoti\Desktop\tt\SMIC\SMIC_all_raw\HS\s20\micro\negative\s20_ne_10\image17707994.bmp|C:\Users\iRoti\Desktop\tt\SMIC\SMIC_all_raw\HS\s20\micro\negative\s20_ne_10\image17707995.bmp|C:\Users\iRoti\Desktop\tt\SMIC\SMIC_all_raw\HS\s20\micro\negative\s20_ne_10\image17707996.bmp|C:\Users\iRoti\Desktop\tt\SMIC\SMIC_all_raw\HS\s20\micro\negative\s20_ne_10\image17707997.bmp|C:\Users\iRoti\Desktop\tt\SMIC\SMIC_all_raw\HS\s20\micro\negative\s20_ne_10\image17707998.bmp|C:\Users\iRoti\Desktop\tt\SMIC\SMIC_all_raw\HS\s20\micro\negative\s20_ne_10\image17707999.bmp|C:\Users\iRoti\Desktop\tt\SMIC\SMIC_all_raw\HS\s20\micro\negative\s20_ne_10\image17708000.bmp|C:\Users\iRoti\Desktop\tt\SMIC\SMIC_all_raw\HS\s20\micro\negative\s20_ne_10\image17708001.bmp|C:\Users\iRoti\Desktop\tt\SMIC\SMIC_all_raw\HS\s20\micro\negative\s20_ne_10\image17708002.bmp|C:\Users\iRoti\Desktop\tt\SMIC\SMIC_all_raw\HS\s20\micro\negative\s20_ne_10\image17708003.bmp|C:\Users\iRoti\Desktop\tt\SMIC\SMIC_all_raw\HS\s20\micro\negative\s20_ne_10\image17708004.bmp|C:\Users\iRoti\Desktop\tt\SMIC\SMIC_all_raw\HS\s20\micro\negative\s20_ne_10\image17708005.bmp|C:\Users\iRoti\Desktop\tt\SMIC\SMIC_all_raw\HS\s20\micro\negative\s20_ne_10\image17708006.bmp|C:\Users\iRoti\Desktop\tt\SMIC\SMIC_all_raw\HS\s20\micro\negative\s20_ne_10\image17708007.bmp|C:\Users\iRoti\Desktop\tt\SMIC\SMIC_all_raw\HS\s20\micro\negative\s20_ne_10\image17708008.bmp|C:\Users\iRoti\Desktop\tt\SMIC\SMIC_all_raw\HS\s20\micro\negative\s20_ne_10\image17708009.bmp
s20,HS_100fps,Negativo,C:\Users\iRoti\Desktop\tt\SMIC\SMIC_all_raw\HS\s20\micro\negative\s20_ne_11\image17841447.bmp|C:\Users\iRoti\Desktop\tt\SMIC\SMIC_all_raw\HS\s20\micro\negative\s20_ne_11\image17841448.bmp|C:\Users\iRoti\Desktop\tt\SMIC\SMIC_all_raw\HS\s20\micro\negative\s20_ne_11\image17841449.bmp|C:\Users\iRoti\Desktop\tt\SMIC\SMIC_all_raw\HS\s20\micro\negative\s20_ne_11\image17841450.bmp|C:\Users\iRoti\Desktop\tt\SMIC\SMIC_all_raw\HS\s20\micro\negative\s20_ne_11\image17841451.bmp|C:\Users\iRoti\Desktop\tt\SMIC\SMIC_all_raw\HS\s20\micro\negative\s20_ne_11\image17841452.bmp|C:\Users\iRoti\Desktop\tt\SMIC\SMIC_all_raw\HS\s20\micro\negative\s20_ne_11\image17841453.bmp|C:\Users\iRoti\Desktop\tt\SMIC\SMIC_all_raw\HS\s20\micro\negative\s20_ne_11\image17841454.bmp|C:\Users\iRoti\Desktop\tt\SMIC\SMIC_all_raw\HS\s20\micro\negative\s20_ne_11\image17841455.bmp|C:\Users\iRoti\Desktop\tt\SMIC\SMIC_all_raw\HS\s20\micro\negative\s20_ne_11\image17841456.bmp|C:\Users\iRoti\Desktop\tt\SMIC\SMIC_all_raw\HS\s20\micro\negative\s20_ne_11\image17841457.bmp|C:\Users\iRoti\Desktop\tt\SMIC\SMIC_all_raw\HS\s20\micro\negative\s20_ne_11\image17841458.bmp|C:\Users\iRoti\Desktop\tt\SMIC\SMIC_all_raw\HS\s20\micro\negative\s20_ne_11\image17841459.bmp|C:\Users\iRoti\Desktop\tt\SMIC\SMIC_all_raw\HS\s20\micro\negative\s20_ne_11\image17841460.bmp|C:\Users\iRoti\Desktop\tt\SMIC\SMIC_all_raw\HS\s20\micro\negative\s20_ne_11\image17841461.bmp|C:\Users\iRoti\Desktop\tt\SMIC\SMIC_all_raw\HS\s20\micro\negative\s20_ne_11\image17841462.bmp|C:\Users\iRoti\Desktop\tt\SMIC\SMIC_all_raw\HS\s20\micro\negative\s20_ne_11\image17841463.bmp|C:\Users\iRoti\Desktop\tt\SMIC\SMIC_all_raw\HS\s20\micro\negative\s20_ne_11\image17841464.bmp|C:\Users\iRoti\Desktop\tt\SMIC\SMIC_all_raw\HS\s20\micro\negative\s20_ne_11\image17841465.bmp|C:\Users\iRoti\Desktop\tt\SMIC\SMIC_all_raw\HS\s20\micro\negative\s20_ne_11\image17841466.bmp|C:\Users\iRoti\Desktop\tt\SMIC\SMIC_all_raw\HS\s20\micro\negative\s20_ne_11\image17841467.bmp|C:\Users\iRoti\Desktop\tt\SMIC\SMIC_all_raw\HS\s20\micro\negative\s20_ne_11\image17841468.bmp|C:\Users\iRoti\Desktop\tt\SMIC\SMIC_all_raw\HS\s20\micro\negative\s20_ne_11\image17841469.bmp|C:\Users\iRoti\Desktop\tt\SMIC\SMIC_all_raw\HS\s20\micro\negative\s20_ne_11\image17841470.bmp|C:\Users\iRoti\Desktop\tt\SMIC\SMIC_all_raw\HS\s20\micro\negative\s20_ne_11\image17841471.bmp|C:\Users\iRoti\Desktop\tt\SMIC\SMIC_all_raw\HS\s20\micro\negative\s20_ne_11\image17841472.bmp|C:\Users\iRoti\Desktop\tt\SMIC\SMIC_all_raw\HS\s20\micro\negative\s20_ne_11\image17841473.bmp|C:\Users\iRoti\Desktop\tt\SMIC\SMIC_all_raw\HS\s20\micro\negative\s20_ne_11\image17841474.bmp|C:\Users\iRoti\Desktop\tt\SMIC\SMIC_all_raw\HS\s20\micro\negative\s20_ne_11\image17841475.bmp|C:\Users\iRoti\Desktop\tt\SMIC\SMIC_all_raw\HS\s20\micro\negative\s20_ne_11\image17841476.bmp|C:\Users\iRoti\Desktop\tt\SMIC\SMIC_all_raw\HS\s20\micro\negative\s20_ne_11\image17841477.bmp|C:\Users\iRoti\Desktop\tt\SMIC\SMIC_all_raw\HS\s20\micro\negative\s20_ne_11\image17841478.bmp
s20,HS_100fps,Negativo,C:\Users\iRoti\Desktop\tt\SMIC\SMIC_all_raw\HS\s20\micro\negative\s20_ne_12\image17832772.bmp|C:\Users\iRoti\Desktop\tt\SMIC\SMIC_all_raw\HS\s20\micro\negative\s20_ne_12\image17832773.bmp|C:\Users\iRoti\Desktop\tt\SMIC\SMIC_all_raw\HS\s20\micro\negative\s20_ne_12\image17832774.bmp|C:\Users\iRoti\Desktop\tt\SMIC\SMIC_all_raw\HS\s20\micro\negative\s20_ne_12\image17832775.bmp|C:\Users\iRoti\Desktop\tt\SMIC\SMIC_all_raw\HS\s20\micro\negative\s20_ne_12\image17832776.bmp|C:\Users\iRoti\Desktop\tt\SMIC\SMIC_all_raw\HS\s20\micro\negative\s20_ne_12\image17832777.bmp|C:\Users\iRoti\Desktop\tt\SMIC\SMIC_all_raw\HS\s20\micro\negative\s20_ne_12\image17832778.bmp|C:\Users\iRoti\Desktop\tt\SMIC\SMIC_all_raw\HS\s20\micro\negative\s20_ne_12\image17832779.bmp|C:\Users\iRoti\Desktop\tt\SMIC\SMIC_all_raw\HS\s20\micro\negative\s20_ne_12\image17832780.bmp|C:\Users\iRoti\Desktop\tt\SMIC\SMIC_all_raw\HS\s20\micro\negative\s20_ne_12\image17832781.bmp|C:\Users\iRoti\Desktop\tt\SMIC\SMIC_all_raw\HS\s20\micro\negative\s20_ne_12\image17832782.bmp|C:\Users\iRoti\Desktop\tt\SMIC\SMIC_all_raw\HS\s20\micro\negative\s20_ne_12\image17832783.bmp|C:\Users\iRoti\Desktop\tt\SMIC\SMIC_all_raw\HS\s20\micro\negative\s20_ne_12\image17832784.bmp|C:\Users\iRoti\Desktop\tt\SMIC\SMIC_all_raw\HS\s20\micro\negative\s20_ne_12\image17832785.bmp|C:\Users\iRoti\Desktop\tt\SMIC\SMIC_all_raw\HS\s20\micro\negative\s20_ne_12\image17832786.bmp|C:\Users\iRoti\Desktop\tt\SMIC\SMIC_all_raw\HS\s20\micro\negative\s20_ne_12\image17832787.bmp|C:\Users\iRoti\Desktop\tt\SMIC\SMIC_all_raw\HS\s20\micro\negative\s20_ne_12\image17832788.bmp|C:\Users\iRoti\Desktop\tt\SMIC\SMIC_all_raw\HS\s20\micro\negative\s20_ne_12\image17832789.bmp|C:\Users\iRoti\Desktop\tt\SMIC\SMIC_all_raw\HS\s20\micro\negative\s20_ne_12\image17832790.bmp|C:\Users\iRoti\Desktop\tt\SMIC\SMIC_all_raw\HS\s20\micro\negative\s20_ne_12\image17832791.bmp|C:\Users\iRoti\Desktop\tt\SMIC\SMIC_all_raw\HS\s20\micro\negative\s20_ne_12\image17832792.bmp|C:\Users\iRoti\Desktop\tt\SMIC\SMIC_all_raw\HS\s20\micro\negative\s20_ne_12\image17832793.bmp|C:\Users\iRoti\Desktop\tt\SMIC\SMIC_all_raw\HS\s20\micro\negative\s20_ne_12\image17832794.bmp|C:\Users\iRoti\Desktop\tt\SMIC\SMIC_all_raw\HS\s20\micro\negative\s20_ne_12\image17832795.bmp|C:\Users\iRoti\Desktop\tt\SMIC\SMIC_all_raw\HS\s20\micro\negative\s20_ne_12\image17832796.bmp|C:\Users\iRoti\Desktop\tt\SMIC\SMIC_all_raw\HS\s20\micro\negative\s20_ne_12\image17832797.bmp|C:\Users\iRoti\Desktop\tt\SMIC\SMIC_all_raw\HS\s20\micro\negative\s20_ne_12\image17832798.bmp|C:\Users\iRoti\Desktop\tt\SMIC\SMIC_all_raw\HS\s20\micro\negative\s20_ne_12\image17832799.bmp|C:\Users\iRoti\Desktop\tt\SMIC\SMIC_all_raw\HS\s20\micro\negative\s20_ne_12\image17832800.bmp|C:\Users\iRoti\Desktop\tt\SMIC\SMIC_all_raw\HS\s20\micro\negative\s20_ne_12\image17832801.bmp|C:\Users\iRoti\Desktop\tt\SMIC\SMIC_all_raw\HS\s20\micro\negative\s20_ne_12\image17832802.bmp|C:\Users\iRoti\Desktop\tt\SMIC\SMIC_all_raw\HS\s20\micro\negative\s20_ne_12\image17832803.bmp|C:\Users\iRoti\Desktop\tt\SMIC\SMIC_all_raw\HS\s20\micro\negative\s20_ne_12\image17832804.bmp|C:\Users\iRoti\Desktop\tt\SMIC\SMIC_all_raw\HS\s20\micro\negative\s20_ne_12\image17832805.bmp|C:\Users\iRoti\Desktop\tt\SMIC\SMIC_all_raw\HS\s20\micro\negative\s20_ne_12\image17832806.bmp|C:\Users\iRoti\Desktop\tt\SMIC\SMIC_all_raw\HS\s20\micro\negative\s20_ne_12\image17832807.bmp|C:\Users\iRoti\Desktop\tt\SMIC\SMIC_all_raw\HS\s20\micro\negative\s20_ne_12\image17832808.bmp|C:\Users\iRoti\Desktop\tt\SMIC\SMIC_all_raw\HS\s20\micro\negative\s20_ne_12\image17832809.bmp
s20,HS_100fps,Negativo,C:\Users\iRoti\Desktop\tt\SMIC\SMIC_all_raw\HS\s20\micro\negative\s20_ne_13\image17835887.bmp|C:\Users\iRoti\Desktop\tt\SMIC\SMIC_all_raw\HS\s20\micro\negative\s20_ne_13\image17835888.bmp|C:\Users\iRoti\Desktop\tt\SMIC\SMIC_all_raw\HS\s20\micro\negative\s20_ne_13\image17835889.bmp|C:\Users\iRoti\Desktop\tt\SMIC\SMIC_all_raw\HS\s20\micro\negative\s20_ne_13\image17835890.bmp|C:\Users\iRoti\Desktop\tt\SMIC\SMIC_all_raw\HS\s20\micro\negative\s20_ne_13\image17835891.bmp|C:\Users\iRoti\Desktop\tt\SMIC\SMIC_all_raw\HS\s20\micro\negative\s20_ne_13\image17835892.bmp|C:\Users\iRoti\Desktop\tt\SMIC\SMIC_all_raw\HS\s20\micro\negative\s20_ne_13\image17835893.bmp|C:\Users\iRoti\Desktop\tt\SMIC\SMIC_all_raw\HS\s20\micro\negative\s20_ne_13\image17835894.bmp|C:\Users\iRoti\Desktop\tt\SMIC\SMIC_all_raw\HS\s20\micro\negative\s20_ne_13\image17835895.bmp|C:\Users\iRoti\Desktop\tt\SMIC\SMIC_all_raw\HS\s20\micro\negative\s20_ne_13\image17835896.bmp|C:\Users\iRoti\Desktop\tt\SMIC\SMIC_all_raw\HS\s20\micro\negative\s20_ne_13\image17835897.bmp|C:\Users\iRoti\Desktop\tt\SMIC\SMIC_all_raw\HS\s20\micro\negative\s20_ne_13\image17835898.bmp|C:\Users\iRoti\Desktop\tt\SMIC\SMIC_all_raw\HS\s20\micro\negative\s20_ne_13\image17835899.bmp|C:\Users\iRoti\Desktop\tt\SMIC\SMIC_all_raw\HS\s20\micro\negative\s20_ne_13\image17835900.bmp|C:\Users\iRoti\Desktop\tt\SMIC\SMIC_all_raw\HS\s20\micro\negative\s20_ne_13\image17835901.bmp|C:\Users\iRoti\Desktop\tt\SMIC\SMIC_all_raw\HS\s20\micro\negative\s20_ne_13\image17835902.bmp|C:\Users\iRoti\Desktop\tt\SMIC\SMIC_all_raw\HS\s20\micro\negative\s20_ne_13\image17835903.bmp|C:\Users\iRoti\Desktop\tt\SMIC\SMIC_all_raw\HS\s20\micro\negative\s20_ne_13\image17835904.bmp|C:\Users\iRoti\Desktop\tt\SMIC\SMIC_all_raw\HS\s20\micro\negative\s20_ne_13\image17835905.bmp|C:\Users\iRoti\Desktop\tt\SMIC\SMIC_all_raw\HS\s20\micro\negative\s20_ne_13\image17835906.bmp|C:\Users\iRoti\Desktop\tt\SMIC\SMIC_all_raw\HS\s20\micro\negative\s20_ne_13\image17835907.bmp|C:\Users\iRoti\Desktop\tt\SMIC\SMIC_all_raw\HS\s20\micro\negative\s20_ne_13\image17835908.bmp|C:\Users\iRoti\Desktop\tt\SMIC\SMIC_all_raw\HS\s20\micro\negative\s20_ne_13\image17835909.bmp|C:\Users\iRoti\Desktop\tt\SMIC\SMIC_all_raw\HS\s20\micro\negative\s20_ne_13\image17835910.bmp|C:\Users\iRoti\Desktop\tt\SMIC\SMIC_all_raw\HS\s20\micro\negative\s20_ne_13\image17835911.bmp|C:\Users\iRoti\Desktop\tt\SMIC\SMIC_all_raw\HS\s20\micro\negative\s20_ne_13\image17835912.bmp|C:\Users\iRoti\Desktop\tt\SMIC\SMIC_all_raw\HS\s20\micro\negative\s20_ne_13\image17835913.bmp|C:\Users\iRoti\Desktop\tt\SMIC\SMIC_all_raw\HS\s20\micro\negative\s20_ne_13\image17835914.bmp|C:\Users\iRoti\Desktop\tt\SMIC\SMIC_all_raw\HS\s20\micro\negative\s20_ne_13\image17835915.bmp|C:\Users\iRoti\Desktop\tt\SMIC\SMIC_all_raw\HS\s20\micro\negative\s20_ne_13\image17835916.bmp|C:\Users\iRoti\Desktop\tt\SMIC\SMIC_all_raw\HS\s20\micro\negative\s20_ne_13\image17835917.bmp|C:\Users\iRoti\Desktop\tt\SMIC\SMIC_all_raw\HS\s20\micro\negative\s20_ne_13\image17835918.bmp|C:\Users\iRoti\Desktop\tt\SMIC\SMIC_all_raw\HS\s20\micro\negative\s20_ne_13\image17835919.bmp|C:\Users\iRoti\Desktop\tt\SMIC\SMIC_all_raw\HS\s20\micro\negative\s20_ne_13\image17835920.bmp|C:\Users\iRoti\Desktop\tt\SMIC\SMIC_all_raw\HS\s20\micro\negative\s20_ne_13\image17835921.bmp|C:\Users\iRoti\Desktop\tt\SMIC\SMIC_all_raw\HS\s20\micro\negative\s20_ne_13\image17835922.bmp|C:\Users\iRoti\Desktop\tt\SMIC\SMIC_all_raw\HS\s20\micro\negative\s20_ne_13\image17835923.bmp|C:\Users\iRoti\Desktop\tt\SMIC\SMIC_all_raw\HS\s20\micro\negative\s20_ne_13\image17835924.bmp
s20,HS_100fps,Negativo,C:\Users\iRoti\Desktop\tt\SMIC\SMIC_all_raw\HS\s20\micro\negative\s20_ne_14\image17837691.bmp|C:\Users\iRoti\Desktop\tt\SMIC\SMIC_all_raw\HS\s20\micro\negative\s20_ne_14\image17837692.bmp|C:\Users\iRoti\Desktop\tt\SMIC\SMIC_all_raw\HS\s20\micro\negative\s20_ne_14\image17837693.bmp|C:\Users\iRoti\Desktop\tt\SMIC\SMIC_all_raw\HS\s20\micro\negative\s20_ne_14\image17837694.bmp|C:\Users\iRoti\Desktop\tt\SMIC\SMIC_all_raw\HS\s20\micro\negative\s20_ne_14\image17837695.bmp|C:\Users\iRoti\Desktop\tt\SMIC\SMIC_all_raw\HS\s20\micro\negative\s20_ne_14\image17837696.bmp|C:\Users\iRoti\Desktop\tt\SMIC\SMIC_all_raw\HS\s20\micro\negative\s20_ne_14\image17837697.bmp|C:\Users\iRoti\Desktop\tt\SMIC\SMIC_all_raw\HS\s20\micro\negative\s20_ne_14\image17837698.bmp|C:\Users\iRoti\Desktop\tt\SMIC\SMIC_all_raw\HS\s20\micro\negative\s20_ne_14\image17837699.bmp|C:\Users\iRoti\Desktop\tt\SMIC\SMIC_all_raw\HS\s20\micro\negative\s20_ne_14\image17837700.bmp|C:\Users\iRoti\Desktop\tt\SMIC\SMIC_all_raw\HS\s20\micro\negative\s20_ne_14\image17837701.bmp|C:\Users\iRoti\Desktop\tt\SMIC\SMIC_all_raw\HS\s20\micro\negative\s20_ne_14\image17837702.bmp|C:\Users\iRoti\Desktop\tt\SMIC\SMIC_all_raw\HS\s20\micro\negative\s20_ne_14\image17837703.bmp|C:\Users\iRoti\Desktop\tt\SMIC\SMIC_all_raw\HS\s20\micro\negative\s20_ne_14\image17837704.bmp|C:\Users\iRoti\Desktop\tt\SMIC\SMIC_all_raw\HS\s20\micro\negative\s20_ne_14\image17837705.bmp|C:\Users\iRoti\Desktop\tt\SMIC\SMIC_all_raw\HS\s20\micro\negative\s20_ne_14\image17837706.bmp|C:\Users\iRoti\Desktop\tt\SMIC\SMIC_all_raw\HS\s20\micro\negative\s20_ne_14\image17837707.bmp|C:\Users\iRoti\Desktop\tt\SMIC\SMIC_all_raw\HS\s20\micro\negative\s20_ne_14\image17837708.bmp|C:\Users\iRoti\Desktop\tt\SMIC\SMIC_all_raw\HS\s20\micro\negative\s20_ne_14\image17837709.bmp|C:\Users\iRoti\Desktop\tt\SMIC\SMIC_all_raw\HS\s20\micro\negative\s20_ne_14\image17837710.bmp|C:\Users\iRoti\Desktop\tt\SMIC\SMIC_all_raw\HS\s20\micro\negative\s20_ne_14\image17837711.bmp|C:\Users\iRoti\Desktop\tt\SMIC\SMIC_all_raw\HS\s20\micro\negative\s20_ne_14\image17837712.bmp|C:\Users\iRoti\Desktop\tt\SMIC\SMIC_all_raw\HS\s20\micro\negative\s20_ne_14\image17837713.bmp|C:\Users\iRoti\Desktop\tt\SMIC\SMIC_all_raw\HS\s20\micro\negative\s20_ne_14\image17837714.bmp|C:\Users\iRoti\Desktop\tt\SMIC\SMIC_all_raw\HS\s20\micro\negative\s20_ne_14\image17837715.bmp|C:\Users\iRoti\Desktop\tt\SMIC\SMIC_all_raw\HS\s20\micro\negative\s20_ne_14\image17837716.bmp|C:\Users\iRoti\Desktop\tt\SMIC\SMIC_all_raw\HS\s20\micro\negative\s20_ne_14\image17837717.bmp|C:\Users\iRoti\Desktop\tt\SMIC\SMIC_all_raw\HS\s20\micro\negative\s20_ne_14\image17837718.bmp|C:\Users\iRoti\Desktop\tt\SMIC\SMIC_all_raw\HS\s20\micro\negative\s20_ne_14\image17837719.bmp|C:\Users\iRoti\Desktop\tt\SMIC\SMIC_all_raw\HS\s20\micro\negative\s20_ne_14\image17837720.bmp|C:\Users\iRoti\Desktop\tt\SMIC\SMIC_all_raw\HS\s20\micro\negative\s20_ne_14\image17837721.bmp|C:\Users\iRoti\Desktop\tt\SMIC\SMIC_all_raw\HS\s20\micro\negative\s20_ne_14\image17837722.bmp|C:\Users\iRoti\Desktop\tt\SMIC\SMIC_all_raw\HS\s20\micro\negative\s20_ne_14\image17837723.bmp|C:\Users\iRoti\Desktop\tt\SMIC\SMIC_all_raw\HS\s20\micro\negative\s20_ne_14\image17837724.bmp|C:\Users\iRoti\Desktop\tt\SMIC\SMIC_all_raw\HS\s20\micro\negative\s20_ne_14\image17837725.bmp|C:\Users\iRoti\Desktop\tt\SMIC\SMIC_all_raw\HS\s20\micro\negative\s20_ne_14\image17837726.bmp|C:\Users\iRoti\Desktop\tt\SMIC\SMIC_all_raw\HS\s20\micro\negative\s20_ne_14\image17837727.bmp|C:\Users\iRoti\Desktop\tt\SMIC\SMIC_all_raw\HS\s20\micro\negative\s20_ne_14\image17837728.bmp|C:\Users\iRoti\Desktop\tt\SMIC\SMIC_all_raw\HS\s20\micro\negative\s20_ne_14\image17837729.bmp|C:\Users\iRoti\Desktop\tt\SMIC\SMIC_all_raw\HS\s20\micro\negative\s20_ne_14\image17837730.bmp|C:\Users\iRoti\Desktop\tt\SMIC\SMIC_all_raw\HS\s20\micro\negative\s20_ne_14\image17837731.bmp|C:\Users\iRoti\Desktop\tt\SMIC\SMIC_all_raw\HS\s20\micro\negative\s20_ne_14\image17837732.bmp|C:\Users\iRoti\Desktop\tt\SMIC\SMIC_all_raw\HS\s20\micro\negative\s20_ne_14\image17837733.bmp|C:\Users\iRoti\Desktop\tt\SMIC\SMIC_all_raw\HS\s20\micro\negative\s20_ne_14\image17837734.bmp|C:\Users\iRoti\Desktop\tt\SMIC\SMIC_all_raw\HS\s20\micro\negative\s20_ne_14\image17837735.bmp|C:\Users\iRoti\Desktop\tt\SMIC\SMIC_all_raw\HS\s20\micro\negative\s20_ne_14\image17837736.bmp|C:\Users\iRoti\Desktop\tt\SMIC\SMIC_all_raw\HS\s20\micro\negative\s20_ne_14\image17837737.bmp|C:\Users\iRoti\Desktop\tt\SMIC\SMIC_all_raw\HS\s20\micro\negative\s20_ne_14\image17837738.bmp|C:\Users\iRoti\Desktop\tt\SMIC\SMIC_all_raw\HS\s20\micro\negative\s20_ne_14\image17837739.bmp|C:\Users\iRoti\Desktop\tt\SMIC\SMIC_all_raw\HS\s20\micro\negative\s20_ne_14\image17837740.bmp
s20,HS_100fps,Felicidad,C:\Users\iRoti\Desktop\tt\SMIC\SMIC_all_raw\HS\s20\micro\positive\s20_po_01\image17598752.bmp|C:\Users\iRoti\Desktop\tt\SMIC\SMIC_all_raw\HS\s20\micro\positive\s20_po_01\image17598753.bmp|C:\Users\iRoti\Desktop\tt\SMIC\SMIC_all_raw\HS\s20\micro\positive\s20_po_01\image17598754.bmp|C:\Users\iRoti\Desktop\tt\SMIC\SMIC_all_raw\HS\s20\micro\positive\s20_po_01\image17598755.bmp|C:\Users\iRoti\Desktop\tt\SMIC\SMIC_all_raw\HS\s20\micro\positive\s20_po_01\image17598756.bmp|C:\Users\iRoti\Desktop\tt\SMIC\SMIC_all_raw\HS\s20\micro\positive\s20_po_01\image17598757.bmp|C:\Users\iRoti\Desktop\tt\SMIC\SMIC_all_raw\HS\s20\micro\positive\s20_po_01\image17598758.bmp|C:\Users\iRoti\Desktop\tt\SMIC\SMIC_all_raw\HS\s20\micro\positive\s20_po_01\image17598759.bmp|C:\Users\iRoti\Desktop\tt\SMIC\SMIC_all_raw\HS\s20\micro\positive\s20_po_01\image17598760.bmp|C:\Users\iRoti\Desktop\tt\SMIC\SMIC_all_raw\HS\s20\micro\positive\s20_po_01\image17598761.bmp|C:\Users\iRoti\Desktop\tt\SMIC\SMIC_all_raw\HS\s20\micro\positive\s20_po_01\image17598762.bmp|C:\Users\iRoti\Desktop\tt\SMIC\SMIC_all_raw\HS\s20\micro\positive\s20_po_01\image17598763.bmp|C:\Users\iRoti\Desktop\tt\SMIC\SMIC_all_raw\HS\s20\micro\positive\s20_po_01\image17598764.bmp|C:\Users\iRoti\Desktop\tt\SMIC\SMIC_all_raw\HS\s20\micro\positive\s20_po_01\image17598765.bmp|C:\Users\iRoti\Desktop\tt\SMIC\SMIC_all_raw\HS\s20\micro\positive\s20_po_01\image17598766.bmp|C:\Users\iRoti\Desktop\tt\SMIC\SMIC_all_raw\HS\s20\micro\positive\s20_po_01\image17598767.bmp|C:\Users\iRoti\Desktop\tt\SMIC\SMIC_all_raw\HS\s20\micro\positive\s20_po_01\image17598768.bmp|C:\Users\iRoti\Desktop\tt\SMIC\SMIC_all_raw\HS\s20\micro\positive\s20_po_01\image17598769.bmp|C:\Users\iRoti\Desktop\tt\SMIC\SMIC_all_raw\HS\s20\micro\positive\s20_po_01\image17598770.bmp|C:\Users\iRoti\Desktop\tt\SMIC\SMIC_all_raw\HS\s20\micro\positive\s20_po_01\image17598771.bmp|C:\Users\iRoti\Desktop\tt\SMIC\SMIC_all_raw\HS\s20\micro\positive\s20_po_01\image17598772.bmp|C:\Users\iRoti\Desktop\tt\SMIC\SMIC_all_raw\HS\s20\micro\positive\s20_po_01\image17598773.bmp|C:\Users\iRoti\Desktop\tt\SMIC\SMIC_all_raw\HS\s20\micro\positive\s20_po_01\image17598774.bmp|C:\Users\iRoti\Desktop\tt\SMIC\SMIC_all_raw\HS\s20\micro\positive\s20_po_01\image17598775.bmp|C:\Users\iRoti\Desktop\tt\SMIC\SMIC_all_raw\HS\s20\micro\positive\s20_po_01\image17598776.bmp|C:\Users\iRoti\Desktop\tt\SMIC\SMIC_all_raw\HS\s20\micro\positive\s20_po_01\image17598777.bmp|C:\Users\iRoti\Desktop\tt\SMIC\SMIC_all_raw\HS\s20\micro\positive\s20_po_01\image17598778.bmp|C:\Users\iRoti\Desktop\tt\SMIC\SMIC_all_raw\HS\s20\micro\positive\s20_po_01\image17598779.bmp|C:\Users\iRoti\Desktop\tt\SMIC\SMIC_all_raw\HS\s20\micro\positive\s20_po_01\image17598780.bmp|C:\Users\iRoti\Desktop\tt\SMIC\SMIC_all_raw\HS\s20\micro\positive\s20_po_01\image17598781.bmp|C:\Users\iRoti\Desktop\tt\SMIC\SMIC_all_raw\HS\s20\micro\positive\s20_po_01\image17598782.bmp|C:\Users\iRoti\Desktop\tt\SMIC\SMIC_all_raw\HS\s20\micro\positive\s20_po_01\image17598783.bmp|C:\Users\iRoti\Desktop\tt\SMIC\SMIC_all_raw\HS\s20\micro\positive\s20_po_01\image17598784.bmp|C:\Users\iRoti\Desktop\tt\SMIC\SMIC_all_raw\HS\s20\micro\positive\s20_po_01\image17598785.bmp|C:\Users\iRoti\Desktop\tt\SMIC\SMIC_all_raw\HS\s20\micro\positive\s20_po_01\image17598786.bmp|C:\Users\iRoti\Desktop\tt\SMIC\SMIC_all_raw\HS\s20\micro\positive\s20_po_01\image17598787.bmp|C:\Users\iRoti\Desktop\tt\SMIC\SMIC_all_raw\HS\s20\micro\positive\s20_po_01\image17598788.bmp|C:\Users\iRoti\Desktop\tt\SMIC\SMIC_all_raw\HS\s20\micro\positive\s20_po_01\image17598789.bmp|C:\Users\iRoti\Desktop\tt\SMIC\SMIC_all_raw\HS\s20\micro\positive\s20_po_01\image17598790.bmp|C:\Users\iRoti\Desktop\tt\SMIC\SMIC_all_raw\HS\s20\micro\positive\s20_po_01\image17598791.bmp|C:\Users\iRoti\Desktop\tt\SMIC\SMIC_all_raw\HS\s20\micro\positive\s20_po_01\image17598792.bmp|C:\Users\iRoti\Desktop\tt\SMIC\SMIC_all_raw\HS\s20\micro\positive\s20_po_01\image17598793.bmp|C:\Users\iRoti\Desktop\tt\SMIC\SMIC_all_raw\HS\s20\micro\positive\s20_po_01\image17598794.bmp|C:\Users\iRoti\Desktop\tt\SMIC\SMIC_all_raw\HS\s20\micro\positive\s20_po_01\image17598795.bmp|C:\Users\iRoti\Desktop\tt\SMIC\SMIC_all_raw\HS\s20\micro\positive\s20_po_01\image17598796.bmp|C:\Users\iRoti\Desktop\tt\SMIC\SMIC_all_raw\HS\s20\micro\positive\s20_po_01\image17598797.bmp|C:\Users\iRoti\Desktop\tt\SMIC\SMIC_all_raw\HS\s20\micro\positive\s20_po_01\image17598798.bmp
s20,HS_100fps,Felicidad,C:\Users\iRoti\Desktop\tt\SMIC\SMIC_all_raw\HS\s20\micro\positive\s20_po_02\image17646868.bmp|C:\Users\iRoti\Desktop\tt\SMIC\SMIC_all_raw\HS\s20\micro\positive\s20_po_02\image17646869.bmp|C:\Users\iRoti\Desktop\tt\SMIC\SMIC_all_raw\HS\s20\micro\positive\s20_po_02\image17646870.bmp|C:\Users\iRoti\Desktop\tt\SMIC\SMIC_all_raw\HS\s20\micro\positive\s20_po_02\image17646871.bmp|C:\Users\iRoti\Desktop\tt\SMIC\SMIC_all_raw\HS\s20\micro\positive\s20_po_02\image17646872.bmp|C:\Users\iRoti\Desktop\tt\SMIC\SMIC_all_raw\HS\s20\micro\positive\s20_po_02\image17646873.bmp|C:\Users\iRoti\Desktop\tt\SMIC\SMIC_all_raw\HS\s20\micro\positive\s20_po_02\image17646874.bmp|C:\Users\iRoti\Desktop\tt\SMIC\SMIC_all_raw\HS\s20\micro\positive\s20_po_02\image17646875.bmp|C:\Users\iRoti\Desktop\tt\SMIC\SMIC_all_raw\HS\s20\micro\positive\s20_po_02\image17646876.bmp|C:\Users\iRoti\Desktop\tt\SMIC\SMIC_all_raw\HS\s20\micro\positive\s20_po_02\image17646877.bmp|C:\Users\iRoti\Desktop\tt\SMIC\SMIC_all_raw\HS\s20\micro\positive\s20_po_02\image17646878.bmp|C:\Users\iRoti\Desktop\tt\SMIC\SMIC_all_raw\HS\s20\micro\positive\s20_po_02\image17646879.bmp|C:\Users\iRoti\Desktop\tt\SMIC\SMIC_all_raw\HS\s20\micro\positive\s20_po_02\image17646880.bmp|C:\Users\iRoti\Desktop\tt\SMIC\SMIC_all_raw\HS\s20\micro\positive\s20_po_02\image17646881.bmp|C:\Users\iRoti\Desktop\tt\SMIC\SMIC_all_raw\HS\s20\micro\positive\s20_po_02\image17646882.bmp|C:\Users\iRoti\Desktop\tt\SMIC\SMIC_all_raw\HS\s20\micro\positive\s20_po_02\image17646883.bmp|C:\Users\iRoti\Desktop\tt\SMIC\SMIC_all_raw\HS\s20\micro\positive\s20_po_02\image17646884.bmp|C:\Users\iRoti\Desktop\tt\SMIC\SMIC_all_raw\HS\s20\micro\positive\s20_po_02\image17646885.bmp|C:\Users\iRoti\Desktop\tt\SMIC\SMIC_all_raw\HS\s20\micro\positive\s20_po_02\image17646886.bmp|C:\Users\iRoti\Desktop\tt\SMIC\SMIC_all_raw\HS\s20\micro\positive\s20_po_02\image17646887.bmp|C:\Users\iRoti\Desktop\tt\SMIC\SMIC_all_raw\HS\s20\micro\positive\s20_po_02\image17646888.bmp|C:\Users\iRoti\Desktop\tt\SMIC\SMIC_all_raw\HS\s20\micro\positive\s20_po_02\image17646889.bmp|C:\Users\iRoti\Desktop\tt\SMIC\SMIC_all_raw\HS\s20\micro\positive\s20_po_02\image17646890.bmp|C:\Users\iRoti\Desktop\tt\SMIC\SMIC_all_raw\HS\s20\micro\positive\s20_po_02\image17646891.bmp|C:\Users\iRoti\Desktop\tt\SMIC\SMIC_all_raw\HS\s20\micro\positive\s20_po_02\image17646892.bmp|C:\Users\iRoti\Desktop\tt\SMIC\SMIC_all_raw\HS\s20\micro\positive\s20_po_02\image17646893.bmp|C:\Users\iRoti\Desktop\tt\SMIC\SMIC_all_raw\HS\s20\micro\positive\s20_po_02\image17646894.bmp|C:\Users\iRoti\Desktop\tt\SMIC\SMIC_all_raw\HS\s20\micro\positive\s20_po_02\image17646895.bmp|C:\Users\iRoti\Desktop\tt\SMIC\SMIC_all_raw\HS\s20\micro\positive\s20_po_02\image17646896.bmp|C:\Users\iRoti\Desktop\tt\SMIC\SMIC_all_raw\HS\s20\micro\positive\s20_po_02\image17646897.bmp|C:\Users\iRoti\Desktop\tt\SMIC\SMIC_all_raw\HS\s20\micro\positive\s20_po_02\image17646898.bmp|C:\Users\iRoti\Desktop\tt\SMIC\SMIC_all_raw\HS\s20\micro\positive\s20_po_02\image17646899.bmp|C:\Users\iRoti\Desktop\tt\SMIC\SMIC_all_raw\HS\s20\micro\positive\s20_po_02\image17646900.bmp|C:\Users\iRoti\Desktop\tt\SMIC\SMIC_all_raw\HS\s20\micro\positive\s20_po_02\image17646901.bmp|C:\Users\iRoti\Desktop\tt\SMIC\SMIC_all_raw\HS\s20\micro\positive\s20_po_02\image17646902.bmp|C:\Users\iRoti\Desktop\tt\SMIC\SMIC_all_raw\HS\s20\micro\positive\s20_po_02\image17646903.bmp|C:\Users\iRoti\Desktop\tt\SMIC\SMIC_all_raw\HS\s20\micro\positive\s20_po_02\image17646904.bmp|C:\Users\iRoti\Desktop\tt\SMIC\SMIC_all_raw\HS\s20\micro\positive\s20_po_02\image17646905.bmp|C:\Users\iRoti\Desktop\tt\SMIC\SMIC_all_raw\HS\s20\micro\positive\s20_po_02\image17646906.bmp|C:\Users\iRoti\Desktop\tt\SMIC\SMIC_all_raw\HS\s20\micro\positive\s20_po_02\image17646907.bmp|C:\Users\iRoti\Desktop\tt\SMIC\SMIC_all_raw\HS\s20\micro\positive\s20_po_02\image17646908.bmp|C:\Users\iRoti\Desktop\tt\SMIC\SMIC_all_raw\HS\s20\micro\positive\s20_po_02\image17646909.bmp|C:\Users\iRoti\Desktop\tt\SMIC\SMIC_all_raw\HS\s20\micro\positive\s20_po_02\image17646910.bmp
s20,HS_100fps,Felicidad,C:\Users\iRoti\Desktop\tt\SMIC\SMIC_all_raw\HS\s20\micro\positive\s20_po_03\image17748546.bmp|C:\Users\iRoti\Desktop\tt\SMIC\SMIC_all_raw\HS\s20\micro\positive\s20_po_03\image17748547.bmp|C:\Users\iRoti\Desktop\tt\SMIC\SMIC_all_raw\HS\s20\micro\positive\s20_po_03\image17748548.bmp|C:\Users\iRoti\Desktop\tt\SMIC\SMIC_all_raw\HS\s20\micro\positive\s20_po_03\image17748549.bmp|C:\Users\iRoti\Desktop\tt\SMIC\SMIC_all_raw\HS\s20\micro\positive\s20_po_03\image17748550.bmp|C:\Users\iRoti\Desktop\tt\SMIC\SMIC_all_raw\HS\s20\micro\positive\s20_po_03\image17748551.bmp|C:\Users\iRoti\Desktop\tt\SMIC\SMIC_all_raw\HS\s20\micro\positive\s20_po_03\image17748552.bmp|C:\Users\iRoti\Desktop\tt\SMIC\SMIC_all_raw\HS\s20\micro\positive\s20_po_03\image17748553.bmp|C:\Users\iRoti\Desktop\tt\SMIC\SMIC_all_raw\HS\s20\micro\positive\s20_po_03\image17748554.bmp|C:\Users\iRoti\Desktop\tt\SMIC\SMIC_all_raw\HS\s20\micro\positive\s20_po_03\image17748555.bmp|C:\Users\iRoti\Desktop\tt\SMIC\SMIC_all_raw\HS\s20\micro\positive\s20_po_03\image17748556.bmp|C:\Users\iRoti\Desktop\tt\SMIC\SMIC_all_raw\HS\s20\micro\positive\s20_po_03\image17748557.bmp|C:\Users\iRoti\Desktop\tt\SMIC\SMIC_all_raw\HS\s20\micro\positive\s20_po_03\image17748558.bmp|C:\Users\iRoti\Desktop\tt\SMIC\SMIC_all_raw\HS\s20\micro\positive\s20_po_03\image17748559.bmp|C:\Users\iRoti\Desktop\tt\SMIC\SMIC_all_raw\HS\s20\micro\positive\s20_po_03\image17748560.bmp|C:\Users\iRoti\Desktop\tt\SMIC\SMIC_all_raw\HS\s20\micro\positive\s20_po_03\image17748561.bmp|C:\Users\iRoti\Desktop\tt\SMIC\SMIC_all_raw\HS\s20\micro\positive\s20_po_03\image17748562.bmp|C:\Users\iRoti\Desktop\tt\SMIC\SMIC_all_raw\HS\s20\micro\positive\s20_po_03\image17748563.bmp|C:\Users\iRoti\Desktop\tt\SMIC\SMIC_all_raw\HS\s20\micro\positive\s20_po_03\image17748564.bmp|C:\Users\iRoti\Desktop\tt\SMIC\SMIC_all_raw\HS\s20\micro\positive\s20_po_03\image17748565.bmp|C:\Users\iRoti\Desktop\tt\SMIC\SMIC_all_raw\HS\s20\micro\positive\s20_po_03\image17748566.bmp|C:\Users\iRoti\Desktop\tt\SMIC\SMIC_all_raw\HS\s20\micro\positive\s20_po_03\image17748567.bmp|C:\Users\iRoti\Desktop\tt\SMIC\SMIC_all_raw\HS\s20\micro\positive\s20_po_03\image17748568.bmp|C:\Users\iRoti\Desktop\tt\SMIC\SMIC_all_raw\HS\s20\micro\positive\s20_po_03\image17748569.bmp|C:\Users\iRoti\Desktop\tt\SMIC\SMIC_all_raw\HS\s20\micro\positive\s20_po_03\image17748570.bmp
s20,HS_100fps,Sorpresa,C:\Users\iRoti\Desktop\tt\SMIC\SMIC_all_raw\HS\s20\micro\surprise\s20_sur_01\image17597115.bmp|C:\Users\iRoti\Desktop\tt\SMIC\SMIC_all_raw\HS\s20\micro\surprise\s20_sur_01\image17597116.bmp|C:\Users\iRoti\Desktop\tt\SMIC\SMIC_all_raw\HS\s20\micro\surprise\s20_sur_01\image17597117.bmp|C:\Users\iRoti\Desktop\tt\SMIC\SMIC_all_raw\HS\s20\micro\surprise\s20_sur_01\image17597118.bmp|C:\Users\iRoti\Desktop\tt\SMIC\SMIC_all_raw\HS\s20\micro\surprise\s20_sur_01\image17597119.bmp|C:\Users\iRoti\Desktop\tt\SMIC\SMIC_all_raw\HS\s20\micro\surprise\s20_sur_01\image17597120.bmp|C:\Users\iRoti\Desktop\tt\SMIC\SMIC_all_raw\HS\s20\micro\surprise\s20_sur_01\image17597121.bmp|C:\Users\iRoti\Desktop\tt\SMIC\SMIC_all_raw\HS\s20\micro\surprise\s20_sur_01\image17597122.bmp|C:\Users\iRoti\Desktop\tt\SMIC\SMIC_all_raw\HS\s20\micro\surprise\s20_sur_01\image17597123.bmp|C:\Users\iRoti\Desktop\tt\SMIC\SMIC_all_raw\HS\s20\micro\surprise\s20_sur_01\image17597124.bmp|C:\Users\iRoti\Desktop\tt\SMIC\SMIC_all_raw\HS\s20\micro\surprise\s20_sur_01\image17597125.bmp|C:\Users\iRoti\Desktop\tt\SMIC\SMIC_all_raw\HS\s20\micro\surprise\s20_sur_01\image17597126.bmp|C:\Users\iRoti\Desktop\tt\SMIC\SMIC_all_raw\HS\s20\micro\surprise\s20_sur_01\image17597127.bmp|C:\Users\iRoti\Desktop\tt\SMIC\SMIC_all_raw\HS\s20\micro\surprise\s20_sur_01\image17597128.bmp|C:\Users\iRoti\Desktop\tt\SMIC\SMIC_all_raw\HS\s20\micro\surprise\s20_sur_01\image17597129.bmp|C:\Users\iRoti\Desktop\tt\SMIC\SMIC_all_raw\HS\s20\micro\surprise\s20_sur_01\image17597130.bmp|C:\Users\iRoti\Desktop\tt\SMIC\SMIC_all_raw\HS\s20\micro\surprise\s20_sur_01\image17597131.bmp|C:\Users\iRoti\Desktop\tt\SMIC\SMIC_all_raw\HS\s20\micro\surprise\s20_sur_01\image17597132.bmp|C:\Users\iRoti\Desktop\tt\SMIC\SMIC_all_raw\HS\s20\micro\surprise\s20_sur_01\image17597133.bmp|C:\Users\iRoti\Desktop\tt\SMIC\SMIC_all_raw\HS\s20\micro\surprise\s20_sur_01\image17597134.bmp|C:\Users\iRoti\Desktop\tt\SMIC\SMIC_all_raw\HS\s20\micro\surprise\s20_sur_01\image17597135.bmp|C:\Users\iRoti\Desktop\tt\SMIC\SMIC_all_raw\HS\s20\micro\surprise\s20_sur_01\image17597136.bmp|C:\Users\iRoti\Desktop\tt\SMIC\SMIC_all_raw\HS\s20\micro\surprise\s20_sur_01\image17597137.bmp|C:\Users\iRoti\Desktop\tt\SMIC\SMIC_all_raw\HS\s20\micro\surprise\s20_sur_01\image17597138.bmp|C:\Users\iRoti\Desktop\tt\SMIC\SMIC_all_raw\HS\s20\micro\surprise\s20_sur_01\image17597139.bmp|C:\Users\iRoti\Desktop\tt\SMIC\SMIC_all_raw\HS\s20\micro\surprise\s20_sur_01\image17597140.bmp|C:\Users\iRoti\Desktop\tt\SMIC\SMIC_all_raw\HS\s20\micro\surprise\s20_sur_01\image17597141.bmp|C:\Users\iRoti\Desktop\tt\SMIC\SMIC_all_raw\HS\s20\micro\surprise\s20_sur_01\image17597142.bmp|C:\Users\iRoti\Desktop\tt\SMIC\SMIC_all_raw\HS\s20\micro\surprise\s20_sur_01\image17597143.bmp|C:\Users\iRoti\Desktop\tt\SMIC\SMIC_all_raw\HS\s20\micro\surprise\s20_sur_01\image17597144.bmp|C:\Users\iRoti\Desktop\tt\SMIC\SMIC_all_raw\HS\s20\micro\surprise\s20_sur_01\image17597145.bmp|C:\Users\iRoti\Desktop\tt\SMIC\SMIC_all_raw\HS\s20\micro\surprise\s20_sur_01\image17597146.bmp|C:\Users\iRoti\Desktop\tt\SMIC\SMIC_all_raw\HS\s20\micro\surprise\s20_sur_01\image17597147.bmp|C:\Users\iRoti\Desktop\tt\SMIC\SMIC_all_raw\HS\s20\micro\surprise\s20_sur_01\image17597148.bmp|C:\Users\iRoti\Desktop\tt\SMIC\SMIC_all_raw\HS\s20\micro\surprise\s20_sur_01\image17597149.bmp|C:\Users\iRoti\Desktop\tt\SMIC\SMIC_all_raw\HS\s20\micro\surprise\s20_sur_01\image17597150.bmp|C:\Users\iRoti\Desktop\tt\SMIC\SMIC_all_raw\HS\s20\micro\surprise\s20_sur_01\image17597151.bmp|C:\Users\iRoti\Desktop\tt\SMIC\SMIC_all_raw\HS\s20\micro\surprise\s20_sur_01\image17597152.bmp
s20,HS_100fps,Sorpresa,C:\Users\iRoti\Desktop\tt\SMIC\SMIC_all_raw\HS\s20\micro\surprise\s20_sur_02\image17692849.bmp|C:\Users\iRoti\Desktop\tt\SMIC\SMIC_all_raw\HS\s20\micro\surprise\s20_sur_02\image17692850.bmp|C:\Users\iRoti\Desktop\tt\SMIC\SMIC_all_raw\HS\s20\micro\surprise\s20_sur_02\image17692851.bmp|C:\Users\iRoti\Desktop\tt\SMIC\SMIC_all_raw\HS\s20\micro\surprise\s20_sur_02\image17692852.bmp|C:\Users\iRoti\Desktop\tt\SMIC\SMIC_all_raw\HS\s20\micro\surprise\s20_sur_02\image17692853.bmp|C:\Users\iRoti\Desktop\tt\SMIC\SMIC_all_raw\HS\s20\micro\surprise\s20_sur_02\image17692854.bmp|C:\Users\iRoti\Desktop\tt\SMIC\SMIC_all_raw\HS\s20\micro\surprise\s20_sur_02\image17692855.bmp|C:\Users\iRoti\Desktop\tt\SMIC\SMIC_all_raw\HS\s20\micro\surprise\s20_sur_02\image17692856.bmp|C:\Users\iRoti\Desktop\tt\SMIC\SMIC_all_raw\HS\s20\micro\surprise\s20_sur_02\image17692857.bmp|C:\Users\iRoti\Desktop\tt\SMIC\SMIC_all_raw\HS\s20\micro\surprise\s20_sur_02\image17692858.bmp|C:\Users\iRoti\Desktop\tt\SMIC\SMIC_all_raw\HS\s20\micro\surprise\s20_sur_02\image17692859.bmp|C:\Users\iRoti\Desktop\tt\SMIC\SMIC_all_raw\HS\s20\micro\surprise\s20_sur_02\image17692860.bmp|C:\Users\iRoti\Desktop\tt\SMIC\SMIC_all_raw\HS\s20\micro\surprise\s20_sur_02\image17692861.bmp|C:\Users\iRoti\Desktop\tt\SMIC\SMIC_all_raw\HS\s20\micro\surprise\s20_sur_02\image17692862.bmp|C:\Users\iRoti\Desktop\tt\SMIC\SMIC_all_raw\HS\s20\micro\surprise\s20_sur_02\image17692863.bmp|C:\Users\iRoti\Desktop\tt\SMIC\SMIC_all_raw\HS\s20\micro\surprise\s20_sur_02\image17692864.bmp|C:\Users\iRoti\Desktop\tt\SMIC\SMIC_all_raw\HS\s20\micro\surprise\s20_sur_02\image17692865.bmp|C:\Users\iRoti\Desktop\tt\SMIC\SMIC_all_raw\HS\s20\micro\surprise\s20_sur_02\image17692866.bmp|C:\Users\iRoti\Desktop\tt\SMIC\SMIC_all_raw\HS\s20\micro\surprise\s20_sur_02\image17692867.bmp|C:\Users\iRoti\Desktop\tt\SMIC\SMIC_all_raw\HS\s20\micro\surprise\s20_sur_02\image17692868.bmp|C:\Users\iRoti\Desktop\tt\SMIC\SMIC_all_raw\HS\s20\micro\surprise\s20_sur_02\image17692869.bmp|C:\Users\iRoti\Desktop\tt\SMIC\SMIC_all_raw\HS\s20\micro\surprise\s20_sur_02\image17692870.bmp
s20,HS_100fps,Sorpresa,C:\Users\iRoti\Desktop\tt\SMIC\SMIC_all_raw\HS\s20\micro\surprise\s20_sur_03\image17761454.bmp|C:\Users\iRoti\Desktop\tt\SMIC\SMIC_all_raw\HS\s20\micro\surprise\s20_sur_03\image17761455.bmp|C:\Users\iRoti\Desktop\tt\SMIC\SMIC_all_raw\HS\s20\micro\surprise\s20_sur_03\image17761456.bmp|C:\Users\iRoti\Desktop\tt\SMIC\SMIC_all_raw\HS\s20\micro\surprise\s20_sur_03\image17761457.bmp|C:\Users\iRoti\Desktop\tt\SMIC\SMIC_all_raw\HS\s20\micro\surprise\s20_sur_03\image17761458.bmp|C:\Users\iRoti\Desktop\tt\SMIC\SMIC_all_raw\HS\s20\micro\surprise\s20_sur_03\image17761459.bmp|C:\Users\iRoti\Desktop\tt\SMIC\SMIC_all_raw\HS\s20\micro\surprise\s20_sur_03\image17761460.bmp|C:\Users\iRoti\Desktop\tt\SMIC\SMIC_all_raw\HS\s20\micro\surprise\s20_sur_03\image17761461.bmp|C:\Users\iRoti\Desktop\tt\SMIC\SMIC_all_raw\HS\s20\micro\surprise\s20_sur_03\image17761462.bmp|C:\Users\iRoti\Desktop\tt\SMIC\SMIC_all_raw\HS\s20\micro\surprise\s20_sur_03\image17761463.bmp|C:\Users\iRoti\Desktop\tt\SMIC\SMIC_all_raw\HS\s20\micro\surprise\s20_sur_03\image17761464.bmp|C:\Users\iRoti\Desktop\tt\SMIC\SMIC_all_raw\HS\s20\micro\surprise\s20_sur_03\image17761465.bmp|C:\Users\iRoti\Desktop\tt\SMIC\SMIC_all_raw\HS\s20\micro\surprise\s20_sur_03\image17761466.bmp|C:\Users\iRoti\Desktop\tt\SMIC\SMIC_all_raw\HS\s20\micro\surprise\s20_sur_03\image17761467.bmp|C:\Users\iRoti\Desktop\tt\SMIC\SMIC_all_raw\HS\s20\micro\surprise\s20_sur_03\image17761468.bmp|C:\Users\iRoti\Desktop\tt\SMIC\SMIC_all_raw\HS\s20\micro\surprise\s20_sur_03\image17761469.bmp|C:\Users\iRoti\Desktop\tt\SMIC\SMIC_all_raw\HS\s20\micro\surprise\s20_sur_03\image17761470.bmp|C:\Users\iRoti\Desktop\tt\SMIC\SMIC_all_raw\HS\s20\micro\surprise\s20_sur_03\image17761471.bmp|C:\Users\iRoti\Desktop\tt\SMIC\SMIC_all_raw\HS\s20\micro\surprise\s20_sur_03\image17761472.bmp|C:\Users\iRoti\Desktop\tt\SMIC\SMIC_all_raw\HS\s20\micro\surprise\s20_sur_03\image17761473.bmp|C:\Users\iRoti\Desktop\tt\SMIC\SMIC_all_raw\HS\s20\micro\surprise\s20_sur_03\image17761474.bmp|C:\Users\iRoti\Desktop\tt\SMIC\SMIC_all_raw\HS\s20\micro\surprise\s20_sur_03\image17761475.bmp|C:\Users\iRoti\Desktop\tt\SMIC\SMIC_all_raw\HS\s20\micro\surprise\s20_sur_03\image17761476.bmp|C:\Users\iRoti\Desktop\tt\SMIC\SMIC_all_raw\HS\s20\micro\surprise\s20_sur_03\image17761477.bmp|C:\Users\iRoti\Desktop\tt\SMIC\SMIC_all_raw\HS\s20\micro\surprise\s20_sur_03\image17761478.bmp|C:\Users\iRoti\Desktop\tt\SMIC\SMIC_all_raw\HS\s20\micro\surprise\s20_sur_03\image17761479.bmp|C:\Users\iRoti\Desktop\tt\SMIC\SMIC_all_raw\HS\s20\micro\surprise\s20_sur_03\image17761480.bmp|C:\Users\iRoti\Desktop\tt\SMIC\SMIC_all_raw\HS\s20\micro\surprise\s20_sur_03\image17761481.bmp|C:\Users\iRoti\Desktop\tt\SMIC\SMIC_all_raw\HS\s20\micro\surprise\s20_sur_03\image17761482.bmp|C:\Users\iRoti\Desktop\tt\SMIC\SMIC_all_raw\HS\s20\micro\surprise\s20_sur_03\image17761483.bmp|C:\Users\iRoti\Desktop\tt\SMIC\SMIC_all_raw\HS\s20\micro\surprise\s20_sur_03\image17761484.bmp|C:\Users\iRoti\Desktop\tt\SMIC\SMIC_all_raw\HS\s20\micro\surprise\s20_sur_03\image17761485.bmp|C:\Users\iRoti\Desktop\tt\SMIC\SMIC_all_raw\HS\s20\micro\surprise\s20_sur_03\image17761486.bmp|C:\Users\iRoti\Desktop\tt\SMIC\SMIC_all_raw\HS\s20\micro\surprise\s20_sur_03\image17761487.bmp|C:\Users\iRoti\Desktop\tt\SMIC\SMIC_all_raw\HS\s20\micro\surprise\s20_sur_03\image17761488.bmp|C:\Users\iRoti\Desktop\tt\SMIC\SMIC_all_raw\HS\s20\micro\surprise\s20_sur_03\image17761489.bmp|C:\Users\iRoti\Desktop\tt\SMIC\SMIC_all_raw\HS\s20\micro\surprise\s20_sur_03\image17761490.bmp|C:\Users\iRoti\Desktop\tt\SMIC\SMIC_all_raw\HS\s20\micro\surprise\s20_sur_03\image17761491.bmp|C:\Users\iRoti\Desktop\tt\SMIC\SMIC_all_raw\HS\s20\micro\surprise\s20_sur_03\image17761492.bmp|C:\Users\iRoti\Desktop\tt\SMIC\SMIC_all_raw\HS\s20\micro\surprise\s20_sur_03\image17761493.bmp|C:\Users\iRoti\Desktop\tt\SMIC\SMIC_all_raw\HS\s20\micro\surprise\s20_sur_03\image17761494.bmp|C:\Users\iRoti\Desktop\tt\SMIC\SMIC_all_raw\HS\s20\micro\surprise\s20_sur_03\image17761495.bmp|C:\Users\iRoti\Desktop\tt\SMIC\SMIC_all_raw\HS\s20\micro\surprise\s20_sur_03\image17761496.bmp|C:\Users\iRoti\Desktop\tt\SMIC\SMIC_all_raw\HS\s20\micro\surprise\s20_sur_03\image17761497.bmp|C:\Users\iRoti\Desktop\tt\SMIC\SMIC_all_raw\HS\s20\micro\surprise\s20_sur_03\image17761498.bmp|C:\Users\iRoti\Desktop\tt\SMIC\SMIC_all_raw\HS\s20\micro\surprise\s20_sur_03\image17761499.bmp|C:\Users\iRoti\Desktop\tt\SMIC\SMIC_all_raw\HS\s20\micro\surprise\s20_sur_03\image17761500.bmp|C:\Users\iRoti\Desktop\tt\SMIC\SMIC_all_raw\HS\s20\micro\surprise\s20_sur_03\image17761501.bmp|C:\Users\iRoti\Desktop\tt\SMIC\SMIC_all_raw\HS\s20\micro\surprise\s20_sur_03\image17761502.bmp
s20,HS_100fps,Sorpresa,C:\Users\iRoti\Desktop\tt\SMIC\SMIC_all_raw\HS\s20\micro\surprise\s20_sur_04\image17763111.bmp|C:\Users\iRoti\Desktop\tt\SMIC\SMIC_all_raw\HS\s20\micro\surprise\s20_sur_04\image17763112.bmp|C:\Users\iRoti\Desktop\tt\SMIC\SMIC_all_raw\HS\s20\micro\surprise\s20_sur_04\image17763113.bmp|C:\Users\iRoti\Desktop\tt\SMIC\SMIC_all_raw\HS\s20\micro\surprise\s20_sur_04\image17763114.bmp|C:\Users\iRoti\Desktop\tt\SMIC\SMIC_all_raw\HS\s20\micro\surprise\s20_sur_04\image17763115.bmp|C:\Users\iRoti\Desktop\tt\SMIC\SMIC_all_raw\HS\s20\micro\surprise\s20_sur_04\image17763116.bmp|C:\Users\iRoti\Desktop\tt\SMIC\SMIC_all_raw\HS\s20\micro\surprise\s20_sur_04\image17763117.bmp|C:\Users\iRoti\Desktop\tt\SMIC\SMIC_all_raw\HS\s20\micro\surprise\s20_sur_04\image17763118.bmp|C:\Users\iRoti\Desktop\tt\SMIC\SMIC_all_raw\HS\s20\micro\surprise\s20_sur_04\image17763119.bmp|C:\Users\iRoti\Desktop\tt\SMIC\SMIC_all_raw\HS\s20\micro\surprise\s20_sur_04\image17763120.bmp|C:\Users\iRoti\Desktop\tt\SMIC\SMIC_all_raw\HS\s20\micro\surprise\s20_sur_04\image17763121.bmp|C:\Users\iRoti\Desktop\tt\SMIC\SMIC_all_raw\HS\s20\micro\surprise\s20_sur_04\image17763122.bmp|C:\Users\iRoti\Desktop\tt\SMIC\SMIC_all_raw\HS\s20\micro\surprise\s20_sur_04\image17763123.bmp|C:\Users\iRoti\Desktop\tt\SMIC\SMIC_all_raw\HS\s20\micro\surprise\s20_sur_04\image17763124.bmp|C:\Users\iRoti\Desktop\tt\SMIC\SMIC_all_raw\HS\s20\micro\surprise\s20_sur_04\image17763125.bmp|C:\Users\iRoti\Desktop\tt\SMIC\SMIC_all_raw\HS\s20\micro\surprise\s20_sur_04\image17763126.bmp|C:\Users\iRoti\Desktop\tt\SMIC\SMIC_all_raw\HS\s20\micro\surprise\s20_sur_04\image17763127.bmp|C:\Users\iRoti\Desktop\tt\SMIC\SMIC_all_raw\HS\s20\micro\surprise\s20_sur_04\image17763128.bmp|C:\Users\iRoti\Desktop\tt\SMIC\SMIC_all_raw\HS\s20\micro\surprise\s20_sur_04\image17763129.bmp|C:\Users\iRoti\Desktop\tt\SMIC\SMIC_all_raw\HS\s20\micro\surprise\s20_sur_04\image17763130.bmp|C:\Users\iRoti\Desktop\tt\SMIC\SMIC_all_raw\HS\s20\micro\surprise\s20_sur_04\image17763131.bmp|C:\Users\iRoti\Desktop\tt\SMIC\SMIC_all_raw\HS\s20\micro\surprise\s20_sur_04\image17763132.bmp|C:\Users\iRoti\Desktop\tt\SMIC\SMIC_all_raw\HS\s20\micro\surprise\s20_sur_04\image17763133.bmp|C:\Users\iRoti\Desktop\tt\SMIC\SMIC_all_raw\HS\s20\micro\surprise\s20_sur_04\image17763134.bmp|C:\Users\iRoti\Desktop\tt\SMIC\SMIC_all_raw\HS\s20\micro\surprise\s20_sur_04\image17763135.bmp|C:\Users\iRoti\Desktop\tt\SMIC\SMIC_all_raw\HS\s20\micro\surprise\s20_sur_04\image17763136.bmp|C:\Users\iRoti\Desktop\tt\SMIC\SMIC_all_raw\HS\s20\micro\surprise\s20_sur_04\image17763137.bmp|C:\Users\iRoti\Desktop\tt\SMIC\SMIC_all_raw\HS\s20\micro\surprise\s20_sur_04\image17763138.bmp|C:\Users\iRoti\Desktop\tt\SMIC\SMIC_all_raw\HS\s20\micro\surprise\s20_sur_04\image17763139.bmp|C:\Users\iRoti\Desktop\tt\SMIC\SMIC_all_raw\HS\s20\micro\surprise\s20_sur_04\image17763140.bmp|C:\Users\iRoti\Desktop\tt\SMIC\SMIC_all_raw\HS\s20\micro\surprise\s20_sur_04\image17763141.bmp|C:\Users\iRoti\Desktop\tt\SMIC\SMIC_all_raw\HS\s20\micro\surprise\s20_sur_04\image17763142.bmp|C:\Users\iRoti\Desktop\tt\SMIC\SMIC_all_raw\HS\s20\micro\surprise\s20_sur_04\image17763143.bmp|C:\Users\iRoti\Desktop\tt\SMIC\SMIC_all_raw\HS\s20\micro\surprise\s20_sur_04\image17763144.bmp|C:\Users\iRoti\Desktop\tt\SMIC\SMIC_all_raw\HS\s20\micro\surprise\s20_sur_04\image17763145.bmp|C:\Users\iRoti\Desktop\tt\SMIC\SMIC_all_raw\HS\s20\micro\surprise\s20_sur_04\image17763146.bmp|C:\Users\iRoti\Desktop\tt\SMIC\SMIC_all_raw\HS\s20\micro\surprise\s20_sur_04\image17763147.bmp|C:\Users\iRoti\Desktop\tt\SMIC\SMIC_all_raw\HS\s20\micro\surprise\s20_sur_04\image17763148.bmp|C:\Users\iRoti\Desktop\tt\SMIC\SMIC_all_raw\HS\s20\micro\surprise\s20_sur_04\image17763149.bmp|C:\Users\iRoti\Desktop\tt\SMIC\SMIC_all_raw\HS\s20\micro\surprise\s20_sur_04\image17763150.bmp|C:\Users\iRoti\Desktop\tt\SMIC\SMIC_all_raw\HS\s20\micro\surprise\s20_sur_04\image17763151.bmp
s20,HS_100fps,Sorpresa,C:\Users\iRoti\Desktop\tt\SMIC\SMIC_all_raw\HS\s20\micro\surprise\s20_sur_05\image17771577.bmp|C:\Users\iRoti\Desktop\tt\SMIC\SMIC_all_raw\HS\s20\micro\surprise\s20_sur_05\image17771578.bmp|C:\Users\iRoti\Desktop\tt\SMIC\SMIC_all_raw\HS\s20\micro\surprise\s20_sur_05\image17771579.bmp|C:\Users\iRoti\Desktop\tt\SMIC\SMIC_all_raw\HS\s20\micro\surprise\s20_sur_05\image17771580.bmp|C:\Users\iRoti\Desktop\tt\SMIC\SMIC_all_raw\HS\s20\micro\surprise\s20_sur_05\image17771581.bmp|C:\Users\iRoti\Desktop\tt\SMIC\SMIC_all_raw\HS\s20\micro\surprise\s20_sur_05\image17771582.bmp|C:\Users\iRoti\Desktop\tt\SMIC\SMIC_all_raw\HS\s20\micro\surprise\s20_sur_05\image17771583.bmp|C:\Users\iRoti\Desktop\tt\SMIC\SMIC_all_raw\HS\s20\micro\surprise\s20_sur_05\image17771584.bmp|C:\Users\iRoti\Desktop\tt\SMIC\SMIC_all_raw\HS\s20\micro\surprise\s20_sur_05\image17771585.bmp|C:\Users\iRoti\Desktop\tt\SMIC\SMIC_all_raw\HS\s20\micro\surprise\s20_sur_05\image17771586.bmp|C:\Users\iRoti\Desktop\tt\SMIC\SMIC_all_raw\HS\s20\micro\surprise\s20_sur_05\image17771587.bmp|C:\Users\iRoti\Desktop\tt\SMIC\SMIC_all_raw\HS\s20\micro\surprise\s20_sur_05\image17771588.bmp|C:\Users\iRoti\Desktop\tt\SMIC\SMIC_all_raw\HS\s20\micro\surprise\s20_sur_05\image17771589.bmp|C:\Users\iRoti\Desktop\tt\SMIC\SMIC_all_raw\HS\s20\micro\surprise\s20_sur_05\image17771590.bmp|C:\Users\iRoti\Desktop\tt\SMIC\SMIC_all_raw\HS\s20\micro\surprise\s20_sur_05\image17771591.bmp|C:\Users\iRoti\Desktop\tt\SMIC\SMIC_all_raw\HS\s20\micro\surprise\s20_sur_05\image17771592.bmp|C:\Users\iRoti\Desktop\tt\SMIC\SMIC_all_raw\HS\s20\micro\surprise\s20_sur_05\image17771593.bmp|C:\Users\iRoti\Desktop\tt\SMIC\SMIC_all_raw\HS\s20\micro\surprise\s20_sur_05\image17771594.bmp|C:\Users\iRoti\Desktop\tt\SMIC\SMIC_all_raw\HS\s20\micro\surprise\s20_sur_05\image17771595.bmp|C:\Users\iRoti\Desktop\tt\SMIC\SMIC_all_raw\HS\s20\micro\surprise\s20_sur_05\image17771596.bmp|C:\Users\iRoti\Desktop\tt\SMIC\SMIC_all_raw\HS\s20\micro\surprise\s20_sur_05\image17771597.bmp|C:\Users\iRoti\Desktop\tt\SMIC\SMIC_all_raw\HS\s20\micro\surprise\s20_sur_05\image17771598.bmp|C:\Users\iRoti\Desktop\tt\SMIC\SMIC_all_raw\HS\s20\micro\surprise\s20_sur_05\image17771599.bmp|C:\Users\iRoti\Desktop\tt\SMIC\SMIC_all_raw\HS\s20\micro\surprise\s20_sur_05\image17771600.bmp
s20,HS_100fps,Neutral,C:\Users\iRoti\Desktop\tt\SMIC\SMIC_all_raw\HS\s20\non_micro\s20_n1\image17624451.bmp|C:\Users\iRoti\Desktop\tt\SMIC\SMIC_all_raw\HS\s20\non_micro\s20_n1\image17624452.bmp|C:\Users\iRoti\Desktop\tt\SMIC\SMIC_all_raw\HS\s20\non_micro\s20_n1\image17624453.bmp|C:\Users\iRoti\Desktop\tt\SMIC\SMIC_all_raw\HS\s20\non_micro\s20_n1\image17624454.bmp|C:\Users\iRoti\Desktop\tt\SMIC\SMIC_all_raw\HS\s20\non_micro\s20_n1\image17624455.bmp|C:\Users\iRoti\Desktop\tt\SMIC\SMIC_all_raw\HS\s20\non_micro\s20_n1\image17624456.bmp|C:\Users\iRoti\Desktop\tt\SMIC\SMIC_all_raw\HS\s20\non_micro\s20_n1\image17624457.bmp|C:\Users\iRoti\Desktop\tt\SMIC\SMIC_all_raw\HS\s20\non_micro\s20_n1\image17624458.bmp|C:\Users\iRoti\Desktop\tt\SMIC\SMIC_all_raw\HS\s20\non_micro\s20_n1\image17624459.bmp|C:\Users\iRoti\Desktop\tt\SMIC\SMIC_all_raw\HS\s20\non_micro\s20_n1\image17624460.bmp|C:\Users\iRoti\Desktop\tt\SMIC\SMIC_all_raw\HS\s20\non_micro\s20_n1\image17624461.bmp|C:\Users\iRoti\Desktop\tt\SMIC\SMIC_all_raw\HS\s20\non_micro\s20_n1\image17624462.bmp|C:\Users\iRoti\Desktop\tt\SMIC\SMIC_all_raw\HS\s20\non_micro\s20_n1\image17624463.bmp|C:\Users\iRoti\Desktop\tt\SMIC\SMIC_all_raw\HS\s20\non_micro\s20_n1\image17624464.bmp|C:\Users\iRoti\Desktop\tt\SMIC\SMIC_all_raw\HS\s20\non_micro\s20_n1\image17624465.bmp|C:\Users\iRoti\Desktop\tt\SMIC\SMIC_all_raw\HS\s20\non_micro\s20_n1\image17624466.bmp|C:\Users\iRoti\Desktop\tt\SMIC\SMIC_all_raw\HS\s20\non_micro\s20_n1\image17624467.bmp|C:\Users\iRoti\Desktop\tt\SMIC\SMIC_all_raw\HS\s20\non_micro\s20_n1\image17624468.bmp|C:\Users\iRoti\Desktop\tt\SMIC\SMIC_all_raw\HS\s20\non_micro\s20_n1\image17624469.bmp|C:\Users\iRoti\Desktop\tt\SMIC\SMIC_all_raw\HS\s20\non_micro\s20_n1\image17624470.bmp|C:\Users\iRoti\Desktop\tt\SMIC\SMIC_all_raw\HS\s20\non_micro\s20_n1\image17624471.bmp|C:\Users\iRoti\Desktop\tt\SMIC\SMIC_all_raw\HS\s20\non_micro\s20_n1\image17624472.bmp|C:\Users\iRoti\Desktop\tt\SMIC\SMIC_all_raw\HS\s20\non_micro\s20_n1\image17624473.bmp|C:\Users\iRoti\Desktop\tt\SMIC\SMIC_all_raw\HS\s20\non_micro\s20_n1\image17624474.bmp|C:\Users\iRoti\Desktop\tt\SMIC\SMIC_all_raw\HS\s20\non_micro\s20_n1\image17624475.bmp|C:\Users\iRoti\Desktop\tt\SMIC\SMIC_all_raw\HS\s20\non_micro\s20_n1\image17624476.bmp|C:\Users\iRoti\Desktop\tt\SMIC\SMIC_all_raw\HS\s20\non_micro\s20_n1\image17624477.bmp|C:\Users\iRoti\Desktop\tt\SMIC\SMIC_all_raw\HS\s20\non_micro\s20_n1\image17624478.bmp
s20,HS_100fps,Neutral,C:\Users\iRoti\Desktop\tt\SMIC\SMIC_all_raw\HS\s20\non_micro\s20_n10\image17594363.bmp|C:\Users\iRoti\Desktop\tt\SMIC\SMIC_all_raw\HS\s20\non_micro\s20_n10\image17594364.bmp|C:\Users\iRoti\Desktop\tt\SMIC\SMIC_all_raw\HS\s20\non_micro\s20_n10\image17594365.bmp|C:\Users\iRoti\Desktop\tt\SMIC\SMIC_all_raw\HS\s20\non_micro\s20_n10\image17594366.bmp|C:\Users\iRoti\Desktop\tt\SMIC\SMIC_all_raw\HS\s20\non_micro\s20_n10\image17594367.bmp|C:\Users\iRoti\Desktop\tt\SMIC\SMIC_all_raw\HS\s20\non_micro\s20_n10\image17594368.bmp|C:\Users\iRoti\Desktop\tt\SMIC\SMIC_all_raw\HS\s20\non_micro\s20_n10\image17594369.bmp|C:\Users\iRoti\Desktop\tt\SMIC\SMIC_all_raw\HS\s20\non_micro\s20_n10\image17594370.bmp|C:\Users\iRoti\Desktop\tt\SMIC\SMIC_all_raw\HS\s20\non_micro\s20_n10\image17594371.bmp|C:\Users\iRoti\Desktop\tt\SMIC\SMIC_all_raw\HS\s20\non_micro\s20_n10\image17594372.bmp|C:\Users\iRoti\Desktop\tt\SMIC\SMIC_all_raw\HS\s20\non_micro\s20_n10\image17594373.bmp|C:\Users\iRoti\Desktop\tt\SMIC\SMIC_all_raw\HS\s20\non_micro\s20_n10\image17594374.bmp|C:\Users\iRoti\Desktop\tt\SMIC\SMIC_all_raw\HS\s20\non_micro\s20_n10\image17594375.bmp|C:\Users\iRoti\Desktop\tt\SMIC\SMIC_all_raw\HS\s20\non_micro\s20_n10\image17594376.bmp|C:\Users\iRoti\Desktop\tt\SMIC\SMIC_all_raw\HS\s20\non_micro\s20_n10\image17594377.bmp|C:\Users\iRoti\Desktop\tt\SMIC\SMIC_all_raw\HS\s20\non_micro\s20_n10\image17594378.bmp|C:\Users\iRoti\Desktop\tt\SMIC\SMIC_all_raw\HS\s20\non_micro\s20_n10\image17594379.bmp|C:\Users\iRoti\Desktop\tt\SMIC\SMIC_all_raw\HS\s20\non_micro\s20_n10\image17594380.bmp|C:\Users\iRoti\Desktop\tt\SMIC\SMIC_all_raw\HS\s20\non_micro\s20_n10\image17594381.bmp|C:\Users\iRoti\Desktop\tt\SMIC\SMIC_all_raw\HS\s20\non_micro\s20_n10\image17594382.bmp|C:\Users\iRoti\Desktop\tt\SMIC\SMIC_all_raw\HS\s20\non_micro\s20_n10\image17594383.bmp|C:\Users\iRoti\Desktop\tt\SMIC\SMIC_all_raw\HS\s20\non_micro\s20_n10\image17594384.bmp|C:\Users\iRoti\Desktop\tt\SMIC\SMIC_all_raw\HS\s20\non_micro\s20_n10\image17594385.bmp|C:\Users\iRoti\Desktop\tt\SMIC\SMIC_all_raw\HS\s20\non_micro\s20_n10\image17594386.bmp
s20,HS_100fps,Neutral,C:\Users\iRoti\Desktop\tt\SMIC\SMIC_all_raw\HS\s20\non_micro\s20_n11\image17701551.bmp|C:\Users\iRoti\Desktop\tt\SMIC\SMIC_all_raw\HS\s20\non_micro\s20_n11\image17701552.bmp|C:\Users\iRoti\Desktop\tt\SMIC\SMIC_all_raw\HS\s20\non_micro\s20_n11\image17701553.bmp|C:\Users\iRoti\Desktop\tt\SMIC\SMIC_all_raw\HS\s20\non_micro\s20_n11\image17701554.bmp|C:\Users\iRoti\Desktop\tt\SMIC\SMIC_all_raw\HS\s20\non_micro\s20_n11\image17701555.bmp|C:\Users\iRoti\Desktop\tt\SMIC\SMIC_all_raw\HS\s20\non_micro\s20_n11\image17701556.bmp|C:\Users\iRoti\Desktop\tt\SMIC\SMIC_all_raw\HS\s20\non_micro\s20_n11\image17701557.bmp|C:\Users\iRoti\Desktop\tt\SMIC\SMIC_all_raw\HS\s20\non_micro\s20_n11\image17701558.bmp|C:\Users\iRoti\Desktop\tt\SMIC\SMIC_all_raw\HS\s20\non_micro\s20_n11\image17701559.bmp|C:\Users\iRoti\Desktop\tt\SMIC\SMIC_all_raw\HS\s20\non_micro\s20_n11\image17701560.bmp|C:\Users\iRoti\Desktop\tt\SMIC\SMIC_all_raw\HS\s20\non_micro\s20_n11\image17701561.bmp|C:\Users\iRoti\Desktop\tt\SMIC\SMIC_all_raw\HS\s20\non_micro\s20_n11\image17701562.bmp|C:\Users\iRoti\Desktop\tt\SMIC\SMIC_all_raw\HS\s20\non_micro\s20_n11\image17701563.bmp|C:\Users\iRoti\Desktop\tt\SMIC\SMIC_all_raw\HS\s20\non_micro\s20_n11\image17701564.bmp|C:\Users\iRoti\Desktop\tt\SMIC\SMIC_all_raw\HS\s20\non_micro\s20_n11\image17701565.bmp|C:\Users\iRoti\Desktop\tt\SMIC\SMIC_all_raw\HS\s20\non_micro\s20_n11\image17701566.bmp|C:\Users\iRoti\Desktop\tt\SMIC\SMIC_all_raw\HS\s20\non_micro\s20_n11\image17701567.bmp|C:\Users\iRoti\Desktop\tt\SMIC\SMIC_all_raw\HS\s20\non_micro\s20_n11\image17701568.bmp|C:\Users\iRoti\Desktop\tt\SMIC\SMIC_all_raw\HS\s20\non_micro\s20_n11\image17701569.bmp|C:\Users\iRoti\Desktop\tt\SMIC\SMIC_all_raw\HS\s20\non_micro\s20_n11\image17701570.bmp|C:\Users\iRoti\Desktop\tt\SMIC\SMIC_all_raw\HS\s20\non_micro\s20_n11\image17701571.bmp|C:\Users\iRoti\Desktop\tt\SMIC\SMIC_all_raw\HS\s20\non_micro\s20_n11\image17701572.bmp|C:\Users\iRoti\Desktop\tt\SMIC\SMIC_all_raw\HS\s20\non_micro\s20_n11\image17701573.bmp|C:\Users\iRoti\Desktop\tt\SMIC\SMIC_all_raw\HS\s20\non_micro\s20_n11\image17701574.bmp|C:\Users\iRoti\Desktop\tt\SMIC\SMIC_all_raw\HS\s20\non_micro\s20_n11\image17701575.bmp|C:\Users\iRoti\Desktop\tt\SMIC\SMIC_all_raw\HS\s20\non_micro\s20_n11\image17701576.bmp|C:\Users\iRoti\Desktop\tt\SMIC\SMIC_all_raw\HS\s20\non_micro\s20_n11\image17701577.bmp|C:\Users\iRoti\Desktop\tt\SMIC\SMIC_all_raw\HS\s20\non_micro\s20_n11\image17701578.bmp|C:\Users\iRoti\Desktop\tt\SMIC\SMIC_all_raw\HS\s20\non_micro\s20_n11\image17701579.bmp|C:\Users\iRoti\Desktop\tt\SMIC\SMIC_all_raw\HS\s20\non_micro\s20_n11\image17701580.bmp|C:\Users\iRoti\Desktop\tt\SMIC\SMIC_all_raw\HS\s20\non_micro\s20_n11\image17701581.bmp|C:\Users\iRoti\Desktop\tt\SMIC\SMIC_all_raw\HS\s20\non_micro\s20_n11\image17701582.bmp
s20,HS_100fps,Neutral,C:\Users\iRoti\Desktop\tt\SMIC\SMIC_all_raw\HS\s20\non_micro\s20_n12\image17738735.bmp|C:\Users\iRoti\Desktop\tt\SMIC\SMIC_all_raw\HS\s20\non_micro\s20_n12\image17738736.bmp|C:\Users\iRoti\Desktop\tt\SMIC\SMIC_all_raw\HS\s20\non_micro\s20_n12\image17738737.bmp|C:\Users\iRoti\Desktop\tt\SMIC\SMIC_all_raw\HS\s20\non_micro\s20_n12\image17738738.bmp|C:\Users\iRoti\Desktop\tt\SMIC\SMIC_all_raw\HS\s20\non_micro\s20_n12\image17738739.bmp|C:\Users\iRoti\Desktop\tt\SMIC\SMIC_all_raw\HS\s20\non_micro\s20_n12\image17738740.bmp|C:\Users\iRoti\Desktop\tt\SMIC\SMIC_all_raw\HS\s20\non_micro\s20_n12\image17738741.bmp|C:\Users\iRoti\Desktop\tt\SMIC\SMIC_all_raw\HS\s20\non_micro\s20_n12\image17738742.bmp|C:\Users\iRoti\Desktop\tt\SMIC\SMIC_all_raw\HS\s20\non_micro\s20_n12\image17738743.bmp|C:\Users\iRoti\Desktop\tt\SMIC\SMIC_all_raw\HS\s20\non_micro\s20_n12\image17738744.bmp|C:\Users\iRoti\Desktop\tt\SMIC\SMIC_all_raw\HS\s20\non_micro\s20_n12\image17738745.bmp|C:\Users\iRoti\Desktop\tt\SMIC\SMIC_all_raw\HS\s20\non_micro\s20_n12\image17738746.bmp|C:\Users\iRoti\Desktop\tt\SMIC\SMIC_all_raw\HS\s20\non_micro\s20_n12\image17738747.bmp|C:\Users\iRoti\Desktop\tt\SMIC\SMIC_all_raw\HS\s20\non_micro\s20_n12\image17738748.bmp|C:\Users\iRoti\Desktop\tt\SMIC\SMIC_all_raw\HS\s20\non_micro\s20_n12\image17738749.bmp|C:\Users\iRoti\Desktop\tt\SMIC\SMIC_all_raw\HS\s20\non_micro\s20_n12\image17738750.bmp|C:\Users\iRoti\Desktop\tt\SMIC\SMIC_all_raw\HS\s20\non_micro\s20_n12\image17738751.bmp|C:\Users\iRoti\Desktop\tt\SMIC\SMIC_all_raw\HS\s20\non_micro\s20_n12\image17738752.bmp|C:\Users\iRoti\Desktop\tt\SMIC\SMIC_all_raw\HS\s20\non_micro\s20_n12\image17738753.bmp|C:\Users\iRoti\Desktop\tt\SMIC\SMIC_all_raw\HS\s20\non_micro\s20_n12\image17738754.bmp
s20,HS_100fps,Neutral,C:\Users\iRoti\Desktop\tt\SMIC\SMIC_all_raw\HS\s20\non_micro\s20_n13\image17839335.bmp|C:\Users\iRoti\Desktop\tt\SMIC\SMIC_all_raw\HS\s20\non_micro\s20_n13\image17839336.bmp|C:\Users\iRoti\Desktop\tt\SMIC\SMIC_all_raw\HS\s20\non_micro\s20_n13\image17839337.bmp|C:\Users\iRoti\Desktop\tt\SMIC\SMIC_all_raw\HS\s20\non_micro\s20_n13\image17839338.bmp|C:\Users\iRoti\Desktop\tt\SMIC\SMIC_all_raw\HS\s20\non_micro\s20_n13\image17839339.bmp|C:\Users\iRoti\Desktop\tt\SMIC\SMIC_all_raw\HS\s20\non_micro\s20_n13\image17839340.bmp|C:\Users\iRoti\Desktop\tt\SMIC\SMIC_all_raw\HS\s20\non_micro\s20_n13\image17839341.bmp|C:\Users\iRoti\Desktop\tt\SMIC\SMIC_all_raw\HS\s20\non_micro\s20_n13\image17839342.bmp|C:\Users\iRoti\Desktop\tt\SMIC\SMIC_all_raw\HS\s20\non_micro\s20_n13\image17839343.bmp|C:\Users\iRoti\Desktop\tt\SMIC\SMIC_all_raw\HS\s20\non_micro\s20_n13\image17839344.bmp|C:\Users\iRoti\Desktop\tt\SMIC\SMIC_all_raw\HS\s20\non_micro\s20_n13\image17839345.bmp|C:\Users\iRoti\Desktop\tt\SMIC\SMIC_all_raw\HS\s20\non_micro\s20_n13\image17839346.bmp|C:\Users\iRoti\Desktop\tt\SMIC\SMIC_all_raw\HS\s20\non_micro\s20_n13\image17839347.bmp|C:\Users\iRoti\Desktop\tt\SMIC\SMIC_all_raw\HS\s20\non_micro\s20_n13\image17839348.bmp|C:\Users\iRoti\Desktop\tt\SMIC\SMIC_all_raw\HS\s20\non_micro\s20_n13\image17839349.bmp|C:\Users\iRoti\Desktop\tt\SMIC\SMIC_all_raw\HS\s20\non_micro\s20_n13\image17839350.bmp|C:\Users\iRoti\Desktop\tt\SMIC\SMIC_all_raw\HS\s20\non_micro\s20_n13\image17839351.bmp|C:\Users\iRoti\Desktop\tt\SMIC\SMIC_all_raw\HS\s20\non_micro\s20_n13\image17839352.bmp|C:\Users\iRoti\Desktop\tt\SMIC\SMIC_all_raw\HS\s20\non_micro\s20_n13\image17839353.bmp|C:\Users\iRoti\Desktop\tt\SMIC\SMIC_all_raw\HS\s20\non_micro\s20_n13\image17839354.bmp|C:\Users\iRoti\Desktop\tt\SMIC\SMIC_all_raw\HS\s20\non_micro\s20_n13\image17839355.bmp|C:\Users\iRoti\Desktop\tt\SMIC\SMIC_all_raw\HS\s20\non_micro\s20_n13\image17839356.bmp|C:\Users\iRoti\Desktop\tt\SMIC\SMIC_all_raw\HS\s20\non_micro\s20_n13\image17839357.bmp|C:\Users\iRoti\Desktop\tt\SMIC\SMIC_all_raw\HS\s20\non_micro\s20_n13\image17839358.bmp
s20,HS_100fps,Neutral,C:\Users\iRoti\Desktop\tt\SMIC\SMIC_all_raw\HS\s20\non_micro\s20_n14\image17781423.bmp|C:\Users\iRoti\Desktop\tt\SMIC\SMIC_all_raw\HS\s20\non_micro\s20_n14\image17781424.bmp|C:\Users\iRoti\Desktop\tt\SMIC\SMIC_all_raw\HS\s20\non_micro\s20_n14\image17781425.bmp|C:\Users\iRoti\Desktop\tt\SMIC\SMIC_all_raw\HS\s20\non_micro\s20_n14\image17781426.bmp|C:\Users\iRoti\Desktop\tt\SMIC\SMIC_all_raw\HS\s20\non_micro\s20_n14\image17781427.bmp|C:\Users\iRoti\Desktop\tt\SMIC\SMIC_all_raw\HS\s20\non_micro\s20_n14\image17781428.bmp|C:\Users\iRoti\Desktop\tt\SMIC\SMIC_all_raw\HS\s20\non_micro\s20_n14\image17781429.bmp|C:\Users\iRoti\Desktop\tt\SMIC\SMIC_all_raw\HS\s20\non_micro\s20_n14\image17781430.bmp|C:\Users\iRoti\Desktop\tt\SMIC\SMIC_all_raw\HS\s20\non_micro\s20_n14\image17781431.bmp|C:\Users\iRoti\Desktop\tt\SMIC\SMIC_all_raw\HS\s20\non_micro\s20_n14\image17781432.bmp|C:\Users\iRoti\Desktop\tt\SMIC\SMIC_all_raw\HS\s20\non_micro\s20_n14\image17781433.bmp|C:\Users\iRoti\Desktop\tt\SMIC\SMIC_all_raw\HS\s20\non_micro\s20_n14\image17781434.bmp|C:\Users\iRoti\Desktop\tt\SMIC\SMIC_all_raw\HS\s20\non_micro\s20_n14\image17781435.bmp|C:\Users\iRoti\Desktop\tt\SMIC\SMIC_all_raw\HS\s20\non_micro\s20_n14\image17781436.bmp|C:\Users\iRoti\Desktop\tt\SMIC\SMIC_all_raw\HS\s20\non_micro\s20_n14\image17781437.bmp|C:\Users\iRoti\Desktop\tt\SMIC\SMIC_all_raw\HS\s20\non_micro\s20_n14\image17781438.bmp|C:\Users\iRoti\Desktop\tt\SMIC\SMIC_all_raw\HS\s20\non_micro\s20_n14\image17781439.bmp|C:\Users\iRoti\Desktop\tt\SMIC\SMIC_all_raw\HS\s20\non_micro\s20_n14\image17781440.bmp|C:\Users\iRoti\Desktop\tt\SMIC\SMIC_all_raw\HS\s20\non_micro\s20_n14\image17781441.bmp|C:\Users\iRoti\Desktop\tt\SMIC\SMIC_all_raw\HS\s20\non_micro\s20_n14\image17781442.bmp|C:\Users\iRoti\Desktop\tt\SMIC\SMIC_all_raw\HS\s20\non_micro\s20_n14\image17781443.bmp|C:\Users\iRoti\Desktop\tt\SMIC\SMIC_all_raw\HS\s20\non_micro\s20_n14\image17781444.bmp|C:\Users\iRoti\Desktop\tt\SMIC\SMIC_all_raw\HS\s20\non_micro\s20_n14\image17781445.bmp|C:\Users\iRoti\Desktop\tt\SMIC\SMIC_all_raw\HS\s20\non_micro\s20_n14\image17781446.bmp|C:\Users\iRoti\Desktop\tt\SMIC\SMIC_all_raw\HS\s20\non_micro\s20_n14\image17781447.bmp|C:\Users\iRoti\Desktop\tt\SMIC\SMIC_all_raw\HS\s20\non_micro\s20_n14\image17781448.bmp|C:\Users\iRoti\Desktop\tt\SMIC\SMIC_all_raw\HS\s20\non_micro\s20_n14\image17781449.bmp|C:\Users\iRoti\Desktop\tt\SMIC\SMIC_all_raw\HS\s20\non_micro\s20_n14\image17781450.bmp
s20,HS_100fps,Neutral,C:\Users\iRoti\Desktop\tt\SMIC\SMIC_all_raw\HS\s20\non_micro\s20_n15\image17780839.bmp|C:\Users\iRoti\Desktop\tt\SMIC\SMIC_all_raw\HS\s20\non_micro\s20_n15\image17780840.bmp|C:\Users\iRoti\Desktop\tt\SMIC\SMIC_all_raw\HS\s20\non_micro\s20_n15\image17780841.bmp|C:\Users\iRoti\Desktop\tt\SMIC\SMIC_all_raw\HS\s20\non_micro\s20_n15\image17780842.bmp|C:\Users\iRoti\Desktop\tt\SMIC\SMIC_all_raw\HS\s20\non_micro\s20_n15\image17780843.bmp|C:\Users\iRoti\Desktop\tt\SMIC\SMIC_all_raw\HS\s20\non_micro\s20_n15\image17780844.bmp|C:\Users\iRoti\Desktop\tt\SMIC\SMIC_all_raw\HS\s20\non_micro\s20_n15\image17780845.bmp|C:\Users\iRoti\Desktop\tt\SMIC\SMIC_all_raw\HS\s20\non_micro\s20_n15\image17780846.bmp|C:\Users\iRoti\Desktop\tt\SMIC\SMIC_all_raw\HS\s20\non_micro\s20_n15\image17780847.bmp|C:\Users\iRoti\Desktop\tt\SMIC\SMIC_all_raw\HS\s20\non_micro\s20_n15\image17780848.bmp|C:\Users\iRoti\Desktop\tt\SMIC\SMIC_all_raw\HS\s20\non_micro\s20_n15\image17780849.bmp|C:\Users\iRoti\Desktop\tt\SMIC\SMIC_all_raw\HS\s20\non_micro\s20_n15\image17780850.bmp|C:\Users\iRoti\Desktop\tt\SMIC\SMIC_all_raw\HS\s20\non_micro\s20_n15\image17780851.bmp|C:\Users\iRoti\Desktop\tt\SMIC\SMIC_all_raw\HS\s20\non_micro\s20_n15\image17780852.bmp|C:\Users\iRoti\Desktop\tt\SMIC\SMIC_all_raw\HS\s20\non_micro\s20_n15\image17780853.bmp|C:\Users\iRoti\Desktop\tt\SMIC\SMIC_all_raw\HS\s20\non_micro\s20_n15\image17780854.bmp|C:\Users\iRoti\Desktop\tt\SMIC\SMIC_all_raw\HS\s20\non_micro\s20_n15\image17780855.bmp|C:\Users\iRoti\Desktop\tt\SMIC\SMIC_all_raw\HS\s20\non_micro\s20_n15\image17780856.bmp|C:\Users\iRoti\Desktop\tt\SMIC\SMIC_all_raw\HS\s20\non_micro\s20_n15\image17780857.bmp|C:\Users\iRoti\Desktop\tt\SMIC\SMIC_all_raw\HS\s20\non_micro\s20_n15\image17780858.bmp|C:\Users\iRoti\Desktop\tt\SMIC\SMIC_all_raw\HS\s20\non_micro\s20_n15\image17780859.bmp|C:\Users\iRoti\Desktop\tt\SMIC\SMIC_all_raw\HS\s20\non_micro\s20_n15\image17780860.bmp|C:\Users\iRoti\Desktop\tt\SMIC\SMIC_all_raw\HS\s20\non_micro\s20_n15\image17780861.bmp|C:\Users\iRoti\Desktop\tt\SMIC\SMIC_all_raw\HS\s20\non_micro\s20_n15\image17780862.bmp|C:\Users\iRoti\Desktop\tt\SMIC\SMIC_all_raw\HS\s20\non_micro\s20_n15\image17780863.bmp|C:\Users\iRoti\Desktop\tt\SMIC\SMIC_all_raw\HS\s20\non_micro\s20_n15\image17780864.bmp|C:\Users\iRoti\Desktop\tt\SMIC\SMIC_all_raw\HS\s20\non_micro\s20_n15\image17780865.bmp|C:\Users\iRoti\Desktop\tt\SMIC\SMIC_all_raw\HS\s20\non_micro\s20_n15\image17780866.bmp|C:\Users\iRoti\Desktop\tt\SMIC\SMIC_all_raw\HS\s20\non_micro\s20_n15\image17780867.bmp|C:\Users\iRoti\Desktop\tt\SMIC\SMIC_all_raw\HS\s20\non_micro\s20_n15\image17780868.bmp|C:\Users\iRoti\Desktop\tt\SMIC\SMIC_all_raw\HS\s20\non_micro\s20_n15\image17780869.bmp|C:\Users\iRoti\Desktop\tt\SMIC\SMIC_all_raw\HS\s20\non_micro\s20_n15\image17780870.bmp|C:\Users\iRoti\Desktop\tt\SMIC\SMIC_all_raw\HS\s20\non_micro\s20_n15\image17780871.bmp|C:\Users\iRoti\Desktop\tt\SMIC\SMIC_all_raw\HS\s20\non_micro\s20_n15\image17780872.bmp|C:\Users\iRoti\Desktop\tt\SMIC\SMIC_all_raw\HS\s20\non_micro\s20_n15\image17780873.bmp|C:\Users\iRoti\Desktop\tt\SMIC\SMIC_all_raw\HS\s20\non_micro\s20_n15\image17780874.bmp|C:\Users\iRoti\Desktop\tt\SMIC\SMIC_all_raw\HS\s20\non_micro\s20_n15\image17780875.bmp|C:\Users\iRoti\Desktop\tt\SMIC\SMIC_all_raw\HS\s20\non_micro\s20_n15\image17780876.bmp|C:\Users\iRoti\Desktop\tt\SMIC\SMIC_all_raw\HS\s20\non_micro\s20_n15\image17780877.bmp|C:\Users\iRoti\Desktop\tt\SMIC\SMIC_all_raw\HS\s20\non_micro\s20_n15\image17780878.bmp
s20,HS_100fps,Neutral,C:\Users\iRoti\Desktop\tt\SMIC\SMIC_all_raw\HS\s20\non_micro\s20_n16\image17588863.bmp|C:\Users\iRoti\Desktop\tt\SMIC\SMIC_all_raw\HS\s20\non_micro\s20_n16\image17588864.bmp|C:\Users\iRoti\Desktop\tt\SMIC\SMIC_all_raw\HS\s20\non_micro\s20_n16\image17588865.bmp|C:\Users\iRoti\Desktop\tt\SMIC\SMIC_all_raw\HS\s20\non_micro\s20_n16\image17588866.bmp|C:\Users\iRoti\Desktop\tt\SMIC\SMIC_all_raw\HS\s20\non_micro\s20_n16\image17588867.bmp|C:\Users\iRoti\Desktop\tt\SMIC\SMIC_all_raw\HS\s20\non_micro\s20_n16\image17588868.bmp|C:\Users\iRoti\Desktop\tt\SMIC\SMIC_all_raw\HS\s20\non_micro\s20_n16\image17588869.bmp|C:\Users\iRoti\Desktop\tt\SMIC\SMIC_all_raw\HS\s20\non_micro\s20_n16\image17588870.bmp|C:\Users\iRoti\Desktop\tt\SMIC\SMIC_all_raw\HS\s20\non_micro\s20_n16\image17588871.bmp|C:\Users\iRoti\Desktop\tt\SMIC\SMIC_all_raw\HS\s20\non_micro\s20_n16\image17588872.bmp|C:\Users\iRoti\Desktop\tt\SMIC\SMIC_all_raw\HS\s20\non_micro\s20_n16\image17588873.bmp|C:\Users\iRoti\Desktop\tt\SMIC\SMIC_all_raw\HS\s20\non_micro\s20_n16\image17588874.bmp|C:\Users\iRoti\Desktop\tt\SMIC\SMIC_all_raw\HS\s20\non_micro\s20_n16\image17588875.bmp|C:\Users\iRoti\Desktop\tt\SMIC\SMIC_all_raw\HS\s20\non_micro\s20_n16\image17588876.bmp|C:\Users\iRoti\Desktop\tt\SMIC\SMIC_all_raw\HS\s20\non_micro\s20_n16\image17588877.bmp|C:\Users\iRoti\Desktop\tt\SMIC\SMIC_all_raw\HS\s20\non_micro\s20_n16\image17588878.bmp|C:\Users\iRoti\Desktop\tt\SMIC\SMIC_all_raw\HS\s20\non_micro\s20_n16\image17588879.bmp|C:\Users\iRoti\Desktop\tt\SMIC\SMIC_all_raw\HS\s20\non_micro\s20_n16\image17588880.bmp|C:\Users\iRoti\Desktop\tt\SMIC\SMIC_all_raw\HS\s20\non_micro\s20_n16\image17588881.bmp|C:\Users\iRoti\Desktop\tt\SMIC\SMIC_all_raw\HS\s20\non_micro\s20_n16\image17588882.bmp|C:\Users\iRoti\Desktop\tt\SMIC\SMIC_all_raw\HS\s20\non_micro\s20_n16\image17588883.bmp|C:\Users\iRoti\Desktop\tt\SMIC\SMIC_all_raw\HS\s20\non_micro\s20_n16\image17588884.bmp|C:\Users\iRoti\Desktop\tt\SMIC\SMIC_all_raw\HS\s20\non_micro\s20_n16\image17588885.bmp|C:\Users\iRoti\Desktop\tt\SMIC\SMIC_all_raw\HS\s20\non_micro\s20_n16\image17588886.bmp|C:\Users\iRoti\Desktop\tt\SMIC\SMIC_all_raw\HS\s20\non_micro\s20_n16\image17588887.bmp|C:\Users\iRoti\Desktop\tt\SMIC\SMIC_all_raw\HS\s20\non_micro\s20_n16\image17588888.bmp|C:\Users\iRoti\Desktop\tt\SMIC\SMIC_all_raw\HS\s20\non_micro\s20_n16\image17588889.bmp|C:\Users\iRoti\Desktop\tt\SMIC\SMIC_all_raw\HS\s20\non_micro\s20_n16\image17588890.bmp|C:\Users\iRoti\Desktop\tt\SMIC\SMIC_all_raw\HS\s20\non_micro\s20_n16\image17588891.bmp|C:\Users\iRoti\Desktop\tt\SMIC\SMIC_all_raw\HS\s20\non_micro\s20_n16\image17588892.bmp|C:\Users\iRoti\Desktop\tt\SMIC\SMIC_all_raw\HS\s20\non_micro\s20_n16\image17588893.bmp|C:\Users\iRoti\Desktop\tt\SMIC\SMIC_all_raw\HS\s20\non_micro\s20_n16\image17588894.bmp|C:\Users\iRoti\Desktop\tt\SMIC\SMIC_all_raw\HS\s20\non_micro\s20_n16\image17588895.bmp|C:\Users\iRoti\Desktop\tt\SMIC\SMIC_all_raw\HS\s20\non_micro\s20_n16\image17588896.bmp|C:\Users\iRoti\Desktop\tt\SMIC\SMIC_all_raw\HS\s20\non_micro\s20_n16\image17588897.bmp|C:\Users\iRoti\Desktop\tt\SMIC\SMIC_all_raw\HS\s20\non_micro\s20_n16\image17588898.bmp|C:\Users\iRoti\Desktop\tt\SMIC\SMIC_all_raw\HS\s20\non_micro\s20_n16\image17588899.bmp|C:\Users\iRoti\Desktop\tt\SMIC\SMIC_all_raw\HS\s20\non_micro\s20_n16\image17588900.bmp|C:\Users\iRoti\Desktop\tt\SMIC\SMIC_all_raw\HS\s20\non_micro\s20_n16\image17588901.bmp|C:\Users\iRoti\Desktop\tt\SMIC\SMIC_all_raw\HS\s20\non_micro\s20_n16\image17588902.bmp
s20,HS_100fps,Neutral,C:\Users\iRoti\Desktop\tt\SMIC\SMIC_all_raw\HS\s20\non_micro\s20_n17\image17662631.bmp|C:\Users\iRoti\Desktop\tt\SMIC\SMIC_all_raw\HS\s20\non_micro\s20_n17\image17662632.bmp|C:\Users\iRoti\Desktop\tt\SMIC\SMIC_all_raw\HS\s20\non_micro\s20_n17\image17662633.bmp|C:\Users\iRoti\Desktop\tt\SMIC\SMIC_all_raw\HS\s20\non_micro\s20_n17\image17662634.bmp|C:\Users\iRoti\Desktop\tt\SMIC\SMIC_all_raw\HS\s20\non_micro\s20_n17\image17662635.bmp|C:\Users\iRoti\Desktop\tt\SMIC\SMIC_all_raw\HS\s20\non_micro\s20_n17\image17662636.bmp|C:\Users\iRoti\Desktop\tt\SMIC\SMIC_all_raw\HS\s20\non_micro\s20_n17\image17662637.bmp|C:\Users\iRoti\Desktop\tt\SMIC\SMIC_all_raw\HS\s20\non_micro\s20_n17\image17662638.bmp|C:\Users\iRoti\Desktop\tt\SMIC\SMIC_all_raw\HS\s20\non_micro\s20_n17\image17662639.bmp|C:\Users\iRoti\Desktop\tt\SMIC\SMIC_all_raw\HS\s20\non_micro\s20_n17\image17662640.bmp|C:\Users\iRoti\Desktop\tt\SMIC\SMIC_all_raw\HS\s20\non_micro\s20_n17\image17662641.bmp|C:\Users\iRoti\Desktop\tt\SMIC\SMIC_all_raw\HS\s20\non_micro\s20_n17\image17662642.bmp|C:\Users\iRoti\Desktop\tt\SMIC\SMIC_all_raw\HS\s20\non_micro\s20_n17\image17662643.bmp|C:\Users\iRoti\Desktop\tt\SMIC\SMIC_all_raw\HS\s20\non_micro\s20_n17\image17662644.bmp|C:\Users\iRoti\Desktop\tt\SMIC\SMIC_all_raw\HS\s20\non_micro\s20_n17\image17662645.bmp|C:\Users\iRoti\Desktop\tt\SMIC\SMIC_all_raw\HS\s20\non_micro\s20_n17\image17662646.bmp|C:\Users\iRoti\Desktop\tt\SMIC\SMIC_all_raw\HS\s20\non_micro\s20_n17\image17662647.bmp|C:\Users\iRoti\Desktop\tt\SMIC\SMIC_all_raw\HS\s20\non_micro\s20_n17\image17662648.bmp|C:\Users\iRoti\Desktop\tt\SMIC\SMIC_all_raw\HS\s20\non_micro\s20_n17\image17662649.bmp|C:\Users\iRoti\Desktop\tt\SMIC\SMIC_all_raw\HS\s20\non_micro\s20_n17\image17662650.bmp
s20,HS_100fps,Neutral,C:\Users\iRoti\Desktop\tt\SMIC\SMIC_all_raw\HS\s20\non_micro\s20_n18\image17660271.bmp|C:\Users\iRoti\Desktop\tt\SMIC\SMIC_all_raw\HS\s20\non_micro\s20_n18\image17660272.bmp|C:\Users\iRoti\Desktop\tt\SMIC\SMIC_all_raw\HS\s20\non_micro\s20_n18\image17660273.bmp|C:\Users\iRoti\Desktop\tt\SMIC\SMIC_all_raw\HS\s20\non_micro\s20_n18\image17660274.bmp|C:\Users\iRoti\Desktop\tt\SMIC\SMIC_all_raw\HS\s20\non_micro\s20_n18\image17660275.bmp|C:\Users\iRoti\Desktop\tt\SMIC\SMIC_all_raw\HS\s20\non_micro\s20_n18\image17660276.bmp|C:\Users\iRoti\Desktop\tt\SMIC\SMIC_all_raw\HS\s20\non_micro\s20_n18\image17660277.bmp|C:\Users\iRoti\Desktop\tt\SMIC\SMIC_all_raw\HS\s20\non_micro\s20_n18\image17660278.bmp|C:\Users\iRoti\Desktop\tt\SMIC\SMIC_all_raw\HS\s20\non_micro\s20_n18\image17660279.bmp|C:\Users\iRoti\Desktop\tt\SMIC\SMIC_all_raw\HS\s20\non_micro\s20_n18\image17660280.bmp|C:\Users\iRoti\Desktop\tt\SMIC\SMIC_all_raw\HS\s20\non_micro\s20_n18\image17660281.bmp|C:\Users\iRoti\Desktop\tt\SMIC\SMIC_all_raw\HS\s20\non_micro\s20_n18\image17660282.bmp|C:\Users\iRoti\Desktop\tt\SMIC\SMIC_all_raw\HS\s20\non_micro\s20_n18\image17660283.bmp|C:\Users\iRoti\Desktop\tt\SMIC\SMIC_all_raw\HS\s20\non_micro\s20_n18\image17660284.bmp|C:\Users\iRoti\Desktop\tt\SMIC\SMIC_all_raw\HS\s20\non_micro\s20_n18\image17660285.bmp|C:\Users\iRoti\Desktop\tt\SMIC\SMIC_all_raw\HS\s20\non_micro\s20_n18\image17660286.bmp|C:\Users\iRoti\Desktop\tt\SMIC\SMIC_all_raw\HS\s20\non_micro\s20_n18\image17660287.bmp|C:\Users\iRoti\Desktop\tt\SMIC\SMIC_all_raw\HS\s20\non_micro\s20_n18\image17660288.bmp|C:\Users\iRoti\Desktop\tt\SMIC\SMIC_all_raw\HS\s20\non_micro\s20_n18\image17660289.bmp|C:\Users\iRoti\Desktop\tt\SMIC\SMIC_all_raw\HS\s20\non_micro\s20_n18\image17660290.bmp|C:\Users\iRoti\Desktop\tt\SMIC\SMIC_all_raw\HS\s20\non_micro\s20_n18\image17660291.bmp|C:\Users\iRoti\Desktop\tt\SMIC\SMIC_all_raw\HS\s20\non_micro\s20_n18\image17660292.bmp|C:\Users\iRoti\Desktop\tt\SMIC\SMIC_all_raw\HS\s20\non_micro\s20_n18\image17660293.bmp|C:\Users\iRoti\Desktop\tt\SMIC\SMIC_all_raw\HS\s20\non_micro\s20_n18\image17660294.bmp|C:\Users\iRoti\Desktop\tt\SMIC\SMIC_all_raw\HS\s20\non_micro\s20_n18\image17660295.bmp|C:\Users\iRoti\Desktop\tt\SMIC\SMIC_all_raw\HS\s20\non_micro\s20_n18\image17660296.bmp|C:\Users\iRoti\Desktop\tt\SMIC\SMIC_all_raw\HS\s20\non_micro\s20_n18\image17660297.bmp|C:\Users\iRoti\Desktop\tt\SMIC\SMIC_all_raw\HS\s20\non_micro\s20_n18\image17660298.bmp
s20,HS_100fps,Neutral,C:\Users\iRoti\Desktop\tt\SMIC\SMIC_all_raw\HS\s20\non_micro\s20_n19\image17646291.bmp|C:\Users\iRoti\Desktop\tt\SMIC\SMIC_all_raw\HS\s20\non_micro\s20_n19\image17646292.bmp|C:\Users\iRoti\Desktop\tt\SMIC\SMIC_all_raw\HS\s20\non_micro\s20_n19\image17646293.bmp|C:\Users\iRoti\Desktop\tt\SMIC\SMIC_all_raw\HS\s20\non_micro\s20_n19\image17646294.bmp|C:\Users\iRoti\Desktop\tt\SMIC\SMIC_all_raw\HS\s20\non_micro\s20_n19\image17646295.bmp|C:\Users\iRoti\Desktop\tt\SMIC\SMIC_all_raw\HS\s20\non_micro\s20_n19\image17646296.bmp|C:\Users\iRoti\Desktop\tt\SMIC\SMIC_all_raw\HS\s20\non_micro\s20_n19\image17646297.bmp|C:\Users\iRoti\Desktop\tt\SMIC\SMIC_all_raw\HS\s20\non_micro\s20_n19\image17646298.bmp|C:\Users\iRoti\Desktop\tt\SMIC\SMIC_all_raw\HS\s20\non_micro\s20_n19\image17646299.bmp|C:\Users\iRoti\Desktop\tt\SMIC\SMIC_all_raw\HS\s20\non_micro\s20_n19\image17646300.bmp|C:\Users\iRoti\Desktop\tt\SMIC\SMIC_all_raw\HS\s20\non_micro\s20_n19\image17646301.bmp|C:\Users\iRoti\Desktop\tt\SMIC\SMIC_all_raw\HS\s20\non_micro\s20_n19\image17646302.bmp|C:\Users\iRoti\Desktop\tt\SMIC\SMIC_all_raw\HS\s20\non_micro\s20_n19\image17646303.bmp|C:\Users\iRoti\Desktop\tt\SMIC\SMIC_all_raw\HS\s20\non_micro\s20_n19\image17646304.bmp|C:\Users\iRoti\Desktop\tt\SMIC\SMIC_all_raw\HS\s20\non_micro\s20_n19\image17646305.bmp|C:\Users\iRoti\Desktop\tt\SMIC\SMIC_all_raw\HS\s20\non_micro\s20_n19\image17646306.bmp|C:\Users\iRoti\Desktop\tt\SMIC\SMIC_all_raw\HS\s20\non_micro\s20_n19\image17646307.bmp|C:\Users\iRoti\Desktop\tt\SMIC\SMIC_all_raw\HS\s20\non_micro\s20_n19\image17646308.bmp|C:\Users\iRoti\Desktop\tt\SMIC\SMIC_all_raw\HS\s20\non_micro\s20_n19\image17646309.bmp|C:\Users\iRoti\Desktop\tt\SMIC\SMIC_all_raw\HS\s20\non_micro\s20_n19\image17646310.bmp|C:\Users\iRoti\Desktop\tt\SMIC\SMIC_all_raw\HS\s20\non_micro\s20_n19\image17646311.bmp|C:\Users\iRoti\Desktop\tt\SMIC\SMIC_all_raw\HS\s20\non_micro\s20_n19\image17646312.bmp|C:\Users\iRoti\Desktop\tt\SMIC\SMIC_all_raw\HS\s20\non_micro\s20_n19\image17646313.bmp|C:\Users\iRoti\Desktop\tt\SMIC\SMIC_all_raw\HS\s20\non_micro\s20_n19\image17646314.bmp
s20,HS_100fps,Neutral,C:\Users\iRoti\Desktop\tt\SMIC\SMIC_all_raw\HS\s20\non_micro\s20_n2\image17773359.bmp|C:\Users\iRoti\Desktop\tt\SMIC\SMIC_all_raw\HS\s20\non_micro\s20_n2\image17773360.bmp|C:\Users\iRoti\Desktop\tt\SMIC\SMIC_all_raw\HS\s20\non_micro\s20_n2\image17773361.bmp|C:\Users\iRoti\Desktop\tt\SMIC\SMIC_all_raw\HS\s20\non_micro\s20_n2\image17773362.bmp|C:\Users\iRoti\Desktop\tt\SMIC\SMIC_all_raw\HS\s20\non_micro\s20_n2\image17773363.bmp|C:\Users\iRoti\Desktop\tt\SMIC\SMIC_all_raw\HS\s20\non_micro\s20_n2\image17773364.bmp|C:\Users\iRoti\Desktop\tt\SMIC\SMIC_all_raw\HS\s20\non_micro\s20_n2\image17773365.bmp|C:\Users\iRoti\Desktop\tt\SMIC\SMIC_all_raw\HS\s20\non_micro\s20_n2\image17773366.bmp|C:\Users\iRoti\Desktop\tt\SMIC\SMIC_all_raw\HS\s20\non_micro\s20_n2\image17773367.bmp|C:\Users\iRoti\Desktop\tt\SMIC\SMIC_all_raw\HS\s20\non_micro\s20_n2\image17773368.bmp|C:\Users\iRoti\Desktop\tt\SMIC\SMIC_all_raw\HS\s20\non_micro\s20_n2\image17773369.bmp|C:\Users\iRoti\Desktop\tt\SMIC\SMIC_all_raw\HS\s20\non_micro\s20_n2\image17773370.bmp|C:\Users\iRoti\Desktop\tt\SMIC\SMIC_all_raw\HS\s20\non_micro\s20_n2\image17773371.bmp|C:\Users\iRoti\Desktop\tt\SMIC\SMIC_all_raw\HS\s20\non_micro\s20_n2\image17773372.bmp|C:\Users\iRoti\Desktop\tt\SMIC\SMIC_all_raw\HS\s20\non_micro\s20_n2\image17773373.bmp|C:\Users\iRoti\Desktop\tt\SMIC\SMIC_all_raw\HS\s20\non_micro\s20_n2\image17773374.bmp|C:\Users\iRoti\Desktop\tt\SMIC\SMIC_all_raw\HS\s20\non_micro\s20_n2\image17773375.bmp|C:\Users\iRoti\Desktop\tt\SMIC\SMIC_all_raw\HS\s20\non_micro\s20_n2\image17773376.bmp|C:\Users\iRoti\Desktop\tt\SMIC\SMIC_all_raw\HS\s20\non_micro\s20_n2\image17773377.bmp|C:\Users\iRoti\Desktop\tt\SMIC\SMIC_all_raw\HS\s20\non_micro\s20_n2\image17773378.bmp|C:\Users\iRoti\Desktop\tt\SMIC\SMIC_all_raw\HS\s20\non_micro\s20_n2\image17773379.bmp|C:\Users\iRoti\Desktop\tt\SMIC\SMIC_all_raw\HS\s20\non_micro\s20_n2\image17773380.bmp|C:\Users\iRoti\Desktop\tt\SMIC\SMIC_all_raw\HS\s20\non_micro\s20_n2\image17773381.bmp|C:\Users\iRoti\Desktop\tt\SMIC\SMIC_all_raw\HS\s20\non_micro\s20_n2\image17773382.bmp|C:\Users\iRoti\Desktop\tt\SMIC\SMIC_all_raw\HS\s20\non_micro\s20_n2\image17773383.bmp|C:\Users\iRoti\Desktop\tt\SMIC\SMIC_all_raw\HS\s20\non_micro\s20_n2\image17773384.bmp|C:\Users\iRoti\Desktop\tt\SMIC\SMIC_all_raw\HS\s20\non_micro\s20_n2\image17773385.bmp|C:\Users\iRoti\Desktop\tt\SMIC\SMIC_all_raw\HS\s20\non_micro\s20_n2\image17773386.bmp|C:\Users\iRoti\Desktop\tt\SMIC\SMIC_all_raw\HS\s20\non_micro\s20_n2\image17773387.bmp|C:\Users\iRoti\Desktop\tt\SMIC\SMIC_all_raw\HS\s20\non_micro\s20_n2\image17773388.bmp|C:\Users\iRoti\Desktop\tt\SMIC\SMIC_all_raw\HS\s20\non_micro\s20_n2\image17773389.bmp|C:\Users\iRoti\Desktop\tt\SMIC\SMIC_all_raw\HS\s20\non_micro\s20_n2\image17773390.bmp|C:\Users\iRoti\Desktop\tt\SMIC\SMIC_all_raw\HS\s20\non_micro\s20_n2\image17773391.bmp|C:\Users\iRoti\Desktop\tt\SMIC\SMIC_all_raw\HS\s20\non_micro\s20_n2\image17773392.bmp|C:\Users\iRoti\Desktop\tt\SMIC\SMIC_all_raw\HS\s20\non_micro\s20_n2\image17773393.bmp|C:\Users\iRoti\Desktop\tt\SMIC\SMIC_all_raw\HS\s20\non_micro\s20_n2\image17773394.bmp|C:\Users\iRoti\Desktop\tt\SMIC\SMIC_all_raw\HS\s20\non_micro\s20_n2\image17773395.bmp|C:\Users\iRoti\Desktop\tt\SMIC\SMIC_all_raw\HS\s20\non_micro\s20_n2\image17773396.bmp|C:\Users\iRoti\Desktop\tt\SMIC\SMIC_all_raw\HS\s20\non_micro\s20_n2\image17773397.bmp|C:\Users\iRoti\Desktop\tt\SMIC\SMIC_all_raw\HS\s20\non_micro\s20_n2\image17773398.bmp
s20,HS_100fps,Neutral,C:\Users\iRoti\Desktop\tt\SMIC\SMIC_all_raw\HS\s20\non_micro\s20_n20\image17754463.bmp|C:\Users\iRoti\Desktop\tt\SMIC\SMIC_all_raw\HS\s20\non_micro\s20_n20\image17754464.bmp|C:\Users\iRoti\Desktop\tt\SMIC\SMIC_all_raw\HS\s20\non_micro\s20_n20\image17754465.bmp|C:\Users\iRoti\Desktop\tt\SMIC\SMIC_all_raw\HS\s20\non_micro\s20_n20\image17754466.bmp|C:\Users\iRoti\Desktop\tt\SMIC\SMIC_all_raw\HS\s20\non_micro\s20_n20\image17754467.bmp|C:\Users\iRoti\Desktop\tt\SMIC\SMIC_all_raw\HS\s20\non_micro\s20_n20\image17754468.bmp|C:\Users\iRoti\Desktop\tt\SMIC\SMIC_all_raw\HS\s20\non_micro\s20_n20\image17754469.bmp|C:\Users\iRoti\Desktop\tt\SMIC\SMIC_all_raw\HS\s20\non_micro\s20_n20\image17754470.bmp|C:\Users\iRoti\Desktop\tt\SMIC\SMIC_all_raw\HS\s20\non_micro\s20_n20\image17754471.bmp|C:\Users\iRoti\Desktop\tt\SMIC\SMIC_all_raw\HS\s20\non_micro\s20_n20\image17754472.bmp|C:\Users\iRoti\Desktop\tt\SMIC\SMIC_all_raw\HS\s20\non_micro\s20_n20\image17754473.bmp|C:\Users\iRoti\Desktop\tt\SMIC\SMIC_all_raw\HS\s20\non_micro\s20_n20\image17754474.bmp|C:\Users\iRoti\Desktop\tt\SMIC\SMIC_all_raw\HS\s20\non_micro\s20_n20\image17754475.bmp|C:\Users\iRoti\Desktop\tt\SMIC\SMIC_all_raw\HS\s20\non_micro\s20_n20\image17754476.bmp|C:\Users\iRoti\Desktop\tt\SMIC\SMIC_all_raw\HS\s20\non_micro\s20_n20\image17754477.bmp|C:\Users\iRoti\Desktop\tt\SMIC\SMIC_all_raw\HS\s20\non_micro\s20_n20\image17754478.bmp|C:\Users\iRoti\Desktop\tt\SMIC\SMIC_all_raw\HS\s20\non_micro\s20_n20\image17754479.bmp|C:\Users\iRoti\Desktop\tt\SMIC\SMIC_all_raw\HS\s20\non_micro\s20_n20\image17754480.bmp|C:\Users\iRoti\Desktop\tt\SMIC\SMIC_all_raw\HS\s20\non_micro\s20_n20\image17754481.bmp|C:\Users\iRoti\Desktop\tt\SMIC\SMIC_all_raw\HS\s20\non_micro\s20_n20\image17754482.bmp|C:\Users\iRoti\Desktop\tt\SMIC\SMIC_all_raw\HS\s20\non_micro\s20_n20\image17754483.bmp|C:\Users\iRoti\Desktop\tt\SMIC\SMIC_all_raw\HS\s20\non_micro\s20_n20\image17754484.bmp|C:\Users\iRoti\Desktop\tt\SMIC\SMIC_all_raw\HS\s20\non_micro\s20_n20\image17754485.bmp|C:\Users\iRoti\Desktop\tt\SMIC\SMIC_all_raw\HS\s20\non_micro\s20_n20\image17754486.bmp
s20,HS_100fps,Neutral,C:\Users\iRoti\Desktop\tt\SMIC\SMIC_all_raw\HS\s20\non_micro\s20_n21\image17663479.bmp|C:\Users\iRoti\Desktop\tt\SMIC\SMIC_all_raw\HS\s20\non_micro\s20_n21\image17663480.bmp|C:\Users\iRoti\Desktop\tt\SMIC\SMIC_all_raw\HS\s20\non_micro\s20_n21\image17663481.bmp|C:\Users\iRoti\Desktop\tt\SMIC\SMIC_all_raw\HS\s20\non_micro\s20_n21\image17663482.bmp|C:\Users\iRoti\Desktop\tt\SMIC\SMIC_all_raw\HS\s20\non_micro\s20_n21\image17663483.bmp|C:\Users\iRoti\Desktop\tt\SMIC\SMIC_all_raw\HS\s20\non_micro\s20_n21\image17663484.bmp|C:\Users\iRoti\Desktop\tt\SMIC\SMIC_all_raw\HS\s20\non_micro\s20_n21\image17663485.bmp|C:\Users\iRoti\Desktop\tt\SMIC\SMIC_all_raw\HS\s20\non_micro\s20_n21\image17663486.bmp|C:\Users\iRoti\Desktop\tt\SMIC\SMIC_all_raw\HS\s20\non_micro\s20_n21\image17663487.bmp|C:\Users\iRoti\Desktop\tt\SMIC\SMIC_all_raw\HS\s20\non_micro\s20_n21\image17663488.bmp|C:\Users\iRoti\Desktop\tt\SMIC\SMIC_all_raw\HS\s20\non_micro\s20_n21\image17663489.bmp|C:\Users\iRoti\Desktop\tt\SMIC\SMIC_all_raw\HS\s20\non_micro\s20_n21\image17663490.bmp|C:\Users\iRoti\Desktop\tt\SMIC\SMIC_all_raw\HS\s20\non_micro\s20_n21\image17663491.bmp|C:\Users\iRoti\Desktop\tt\SMIC\SMIC_all_raw\HS\s20\non_micro\s20_n21\image17663492.bmp|C:\Users\iRoti\Desktop\tt\SMIC\SMIC_all_raw\HS\s20\non_micro\s20_n21\image17663493.bmp|C:\Users\iRoti\Desktop\tt\SMIC\SMIC_all_raw\HS\s20\non_micro\s20_n21\image17663494.bmp|C:\Users\iRoti\Desktop\tt\SMIC\SMIC_all_raw\HS\s20\non_micro\s20_n21\image17663495.bmp|C:\Users\iRoti\Desktop\tt\SMIC\SMIC_all_raw\HS\s20\non_micro\s20_n21\image17663496.bmp|C:\Users\iRoti\Desktop\tt\SMIC\SMIC_all_raw\HS\s20\non_micro\s20_n21\image17663497.bmp|C:\Users\iRoti\Desktop\tt\SMIC\SMIC_all_raw\HS\s20\non_micro\s20_n21\image17663498.bmp|C:\Users\iRoti\Desktop\tt\SMIC\SMIC_all_raw\HS\s20\non_micro\s20_n21\image17663499.bmp|C:\Users\iRoti\Desktop\tt\SMIC\SMIC_all_raw\HS\s20\non_micro\s20_n21\image17663500.bmp|C:\Users\iRoti\Desktop\tt\SMIC\SMIC_all_raw\HS\s20\non_micro\s20_n21\image17663501.bmp|C:\Users\iRoti\Desktop\tt\SMIC\SMIC_all_raw\HS\s20\non_micro\s20_n21\image17663502.bmp|C:\Users\iRoti\Desktop\tt\SMIC\SMIC_all_raw\HS\s20\non_micro\s20_n21\image17663503.bmp|C:\Users\iRoti\Desktop\tt\SMIC\SMIC_all_raw\HS\s20\non_micro\s20_n21\image17663504.bmp|C:\Users\iRoti\Desktop\tt\SMIC\SMIC_all_raw\HS\s20\non_micro\s20_n21\image17663505.bmp|C:\Users\iRoti\Desktop\tt\SMIC\SMIC_all_raw\HS\s20\non_micro\s20_n21\image17663506.bmp
s20,HS_100fps,Neutral,C:\Users\iRoti\Desktop\tt\SMIC\SMIC_all_raw\HS\s20\non_micro\s20_n22\image17813939.bmp|C:\Users\iRoti\Desktop\tt\SMIC\SMIC_all_raw\HS\s20\non_micro\s20_n22\image17813940.bmp|C:\Users\iRoti\Desktop\tt\SMIC\SMIC_all_raw\HS\s20\non_micro\s20_n22\image17813941.bmp|C:\Users\iRoti\Desktop\tt\SMIC\SMIC_all_raw\HS\s20\non_micro\s20_n22\image17813942.bmp|C:\Users\iRoti\Desktop\tt\SMIC\SMIC_all_raw\HS\s20\non_micro\s20_n22\image17813943.bmp|C:\Users\iRoti\Desktop\tt\SMIC\SMIC_all_raw\HS\s20\non_micro\s20_n22\image17813944.bmp|C:\Users\iRoti\Desktop\tt\SMIC\SMIC_all_raw\HS\s20\non_micro\s20_n22\image17813945.bmp|C:\Users\iRoti\Desktop\tt\SMIC\SMIC_all_raw\HS\s20\non_micro\s20_n22\image17813946.bmp|C:\Users\iRoti\Desktop\tt\SMIC\SMIC_all_raw\HS\s20\non_micro\s20_n22\image17813947.bmp|C:\Users\iRoti\Desktop\tt\SMIC\SMIC_all_raw\HS\s20\non_micro\s20_n22\image17813948.bmp|C:\Users\iRoti\Desktop\tt\SMIC\SMIC_all_raw\HS\s20\non_micro\s20_n22\image17813949.bmp|C:\Users\iRoti\Desktop\tt\SMIC\SMIC_all_raw\HS\s20\non_micro\s20_n22\image17813950.bmp|C:\Users\iRoti\Desktop\tt\SMIC\SMIC_all_raw\HS\s20\non_micro\s20_n22\image17813951.bmp|C:\Users\iRoti\Desktop\tt\SMIC\SMIC_all_raw\HS\s20\non_micro\s20_n22\image17813952.bmp|C:\Users\iRoti\Desktop\tt\SMIC\SMIC_all_raw\HS\s20\non_micro\s20_n22\image17813953.bmp|C:\Users\iRoti\Desktop\tt\SMIC\SMIC_all_raw\HS\s20\non_micro\s20_n22\image17813954.bmp|C:\Users\iRoti\Desktop\tt\SMIC\SMIC_all_raw\HS\s20\non_micro\s20_n22\image17813955.bmp|C:\Users\iRoti\Desktop\tt\SMIC\SMIC_all_raw\HS\s20\non_micro\s20_n22\image17813956.bmp|C:\Users\iRoti\Desktop\tt\SMIC\SMIC_all_raw\HS\s20\non_micro\s20_n22\image17813957.bmp|C:\Users\iRoti\Desktop\tt\SMIC\SMIC_all_raw\HS\s20\non_micro\s20_n22\image17813958.bmp
s20,HS_100fps,Neutral,C:\Users\iRoti\Desktop\tt\SMIC\SMIC_all_raw\HS\s20\non_micro\s20_n3\image17616735.bmp|C:\Users\iRoti\Desktop\tt\SMIC\SMIC_all_raw\HS\s20\non_micro\s20_n3\image17616736.bmp|C:\Users\iRoti\Desktop\tt\SMIC\SMIC_all_raw\HS\s20\non_micro\s20_n3\image17616737.bmp|C:\Users\iRoti\Desktop\tt\SMIC\SMIC_all_raw\HS\s20\non_micro\s20_n3\image17616738.bmp|C:\Users\iRoti\Desktop\tt\SMIC\SMIC_all_raw\HS\s20\non_micro\s20_n3\image17616739.bmp|C:\Users\iRoti\Desktop\tt\SMIC\SMIC_all_raw\HS\s20\non_micro\s20_n3\image17616740.bmp|C:\Users\iRoti\Desktop\tt\SMIC\SMIC_all_raw\HS\s20\non_micro\s20_n3\image17616741.bmp|C:\Users\iRoti\Desktop\tt\SMIC\SMIC_all_raw\HS\s20\non_micro\s20_n3\image17616742.bmp|C:\Users\iRoti\Desktop\tt\SMIC\SMIC_all_raw\HS\s20\non_micro\s20_n3\image17616743.bmp|C:\Users\iRoti\Desktop\tt\SMIC\SMIC_all_raw\HS\s20\non_micro\s20_n3\image17616744.bmp|C:\Users\iRoti\Desktop\tt\SMIC\SMIC_all_raw\HS\s20\non_micro\s20_n3\image17616745.bmp|C:\Users\iRoti\Desktop\tt\SMIC\SMIC_all_raw\HS\s20\non_micro\s20_n3\image17616746.bmp|C:\Users\iRoti\Desktop\tt\SMIC\SMIC_all_raw\HS\s20\non_micro\s20_n3\image17616747.bmp|C:\Users\iRoti\Desktop\tt\SMIC\SMIC_all_raw\HS\s20\non_micro\s20_n3\image17616748.bmp|C:\Users\iRoti\Desktop\tt\SMIC\SMIC_all_raw\HS\s20\non_micro\s20_n3\image17616749.bmp|C:\Users\iRoti\Desktop\tt\SMIC\SMIC_all_raw\HS\s20\non_micro\s20_n3\image17616750.bmp|C:\Users\iRoti\Desktop\tt\SMIC\SMIC_all_raw\HS\s20\non_micro\s20_n3\image17616751.bmp|C:\Users\iRoti\Desktop\tt\SMIC\SMIC_all_raw\HS\s20\non_micro\s20_n3\image17616752.bmp|C:\Users\iRoti\Desktop\tt\SMIC\SMIC_all_raw\HS\s20\non_micro\s20_n3\image17616753.bmp|C:\Users\iRoti\Desktop\tt\SMIC\SMIC_all_raw\HS\s20\non_micro\s20_n3\image17616754.bmp|C:\Users\iRoti\Desktop\tt\SMIC\SMIC_all_raw\HS\s20\non_micro\s20_n3\image17616755.bmp|C:\Users\iRoti\Desktop\tt\SMIC\SMIC_all_raw\HS\s20\non_micro\s20_n3\image17616756.bmp|C:\Users\iRoti\Desktop\tt\SMIC\SMIC_all_raw\HS\s20\non_micro\s20_n3\image17616757.bmp|C:\Users\iRoti\Desktop\tt\SMIC\SMIC_all_raw\HS\s20\non_micro\s20_n3\image17616758.bmp|C:\Users\iRoti\Desktop\tt\SMIC\SMIC_all_raw\HS\s20\non_micro\s20_n3\image17616759.bmp|C:\Users\iRoti\Desktop\tt\SMIC\SMIC_all_raw\HS\s20\non_micro\s20_n3\image17616760.bmp|C:\Users\iRoti\Desktop\tt\SMIC\SMIC_all_raw\HS\s20\non_micro\s20_n3\image17616761.bmp|C:\Users\iRoti\Desktop\tt\SMIC\SMIC_all_raw\HS\s20\non_micro\s20_n3\image17616762.bmp|C:\Users\iRoti\Desktop\tt\SMIC\SMIC_all_raw\HS\s20\non_micro\s20_n3\image17616763.bmp|C:\Users\iRoti\Desktop\tt\SMIC\SMIC_all_raw\HS\s20\non_micro\s20_n3\image17616764.bmp|C:\Users\iRoti\Desktop\tt\SMIC\SMIC_all_raw\HS\s20\non_micro\s20_n3\image17616765.bmp|C:\Users\iRoti\Desktop\tt\SMIC\SMIC_all_raw\HS\s20\non_micro\s20_n3\image17616766.bmp|C:\Users\iRoti\Desktop\tt\SMIC\SMIC_all_raw\HS\s20\non_micro\s20_n3\image17616767.bmp|C:\Users\iRoti\Desktop\tt\SMIC\SMIC_all_raw\HS\s20\non_micro\s20_n3\image17616768.bmp|C:\Users\iRoti\Desktop\tt\SMIC\SMIC_all_raw\HS\s20\non_micro\s20_n3\image17616769.bmp|C:\Users\iRoti\Desktop\tt\SMIC\SMIC_all_raw\HS\s20\non_micro\s20_n3\image17616770.bmp|C:\Users\iRoti\Desktop\tt\SMIC\SMIC_all_raw\HS\s20\non_micro\s20_n3\image17616771.bmp|C:\Users\iRoti\Desktop\tt\SMIC\SMIC_all_raw\HS\s20\non_micro\s20_n3\image17616772.bmp|C:\Users\iRoti\Desktop\tt\SMIC\SMIC_all_raw\HS\s20\non_micro\s20_n3\image17616773.bmp|C:\Users\iRoti\Desktop\tt\SMIC\SMIC_all_raw\HS\s20\non_micro\s20_n3\image17616774.bmp|C:\Users\iRoti\Desktop\tt\SMIC\SMIC_all_raw\HS\s20\non_micro\s20_n3\image17616775.bmp|C:\Users\iRoti\Desktop\tt\SMIC\SMIC_all_raw\HS\s20\non_micro\s20_n3\image17616776.bmp|C:\Users\iRoti\Desktop\tt\SMIC\SMIC_all_raw\HS\s20\non_micro\s20_n3\image17616777.bmp|C:\Users\iRoti\Desktop\tt\SMIC\SMIC_all_raw\HS\s20\non_micro\s20_n3\image17616778.bmp
s20,HS_100fps,Neutral,C:\Users\iRoti\Desktop\tt\SMIC\SMIC_all_raw\HS\s20\non_micro\s20_n4\image17663823.bmp|C:\Users\iRoti\Desktop\tt\SMIC\SMIC_all_raw\HS\s20\non_micro\s20_n4\image17663824.bmp|C:\Users\iRoti\Desktop\tt\SMIC\SMIC_all_raw\HS\s20\non_micro\s20_n4\image17663825.bmp|C:\Users\iRoti\Desktop\tt\SMIC\SMIC_all_raw\HS\s20\non_micro\s20_n4\image17663826.bmp|C:\Users\iRoti\Desktop\tt\SMIC\SMIC_all_raw\HS\s20\non_micro\s20_n4\image17663827.bmp|C:\Users\iRoti\Desktop\tt\SMIC\SMIC_all_raw\HS\s20\non_micro\s20_n4\image17663828.bmp|C:\Users\iRoti\Desktop\tt\SMIC\SMIC_all_raw\HS\s20\non_micro\s20_n4\image17663829.bmp|C:\Users\iRoti\Desktop\tt\SMIC\SMIC_all_raw\HS\s20\non_micro\s20_n4\image17663830.bmp|C:\Users\iRoti\Desktop\tt\SMIC\SMIC_all_raw\HS\s20\non_micro\s20_n4\image17663831.bmp|C:\Users\iRoti\Desktop\tt\SMIC\SMIC_all_raw\HS\s20\non_micro\s20_n4\image17663832.bmp|C:\Users\iRoti\Desktop\tt\SMIC\SMIC_all_raw\HS\s20\non_micro\s20_n4\image17663833.bmp|C:\Users\iRoti\Desktop\tt\SMIC\SMIC_all_raw\HS\s20\non_micro\s20_n4\image17663834.bmp|C:\Users\iRoti\Desktop\tt\SMIC\SMIC_all_raw\HS\s20\non_micro\s20_n4\image17663835.bmp|C:\Users\iRoti\Desktop\tt\SMIC\SMIC_all_raw\HS\s20\non_micro\s20_n4\image17663836.bmp|C:\Users\iRoti\Desktop\tt\SMIC\SMIC_all_raw\HS\s20\non_micro\s20_n4\image17663837.bmp|C:\Users\iRoti\Desktop\tt\SMIC\SMIC_all_raw\HS\s20\non_micro\s20_n4\image17663838.bmp|C:\Users\iRoti\Desktop\tt\SMIC\SMIC_all_raw\HS\s20\non_micro\s20_n4\image17663839.bmp|C:\Users\iRoti\Desktop\tt\SMIC\SMIC_all_raw\HS\s20\non_micro\s20_n4\image17663840.bmp|C:\Users\iRoti\Desktop\tt\SMIC\SMIC_all_raw\HS\s20\non_micro\s20_n4\image17663841.bmp|C:\Users\iRoti\Desktop\tt\SMIC\SMIC_all_raw\HS\s20\non_micro\s20_n4\image17663842.bmp|C:\Users\iRoti\Desktop\tt\SMIC\SMIC_all_raw\HS\s20\non_micro\s20_n4\image17663843.bmp|C:\Users\iRoti\Desktop\tt\SMIC\SMIC_all_raw\HS\s20\non_micro\s20_n4\image17663844.bmp|C:\Users\iRoti\Desktop\tt\SMIC\SMIC_all_raw\HS\s20\non_micro\s20_n4\image17663845.bmp|C:\Users\iRoti\Desktop\tt\SMIC\SMIC_all_raw\HS\s20\non_micro\s20_n4\image17663846.bmp|C:\Users\iRoti\Desktop\tt\SMIC\SMIC_all_raw\HS\s20\non_micro\s20_n4\image17663847.bmp|C:\Users\iRoti\Desktop\tt\SMIC\SMIC_all_raw\HS\s20\non_micro\s20_n4\image17663848.bmp|C:\Users\iRoti\Desktop\tt\SMIC\SMIC_all_raw\HS\s20\non_micro\s20_n4\image17663849.bmp|C:\Users\iRoti\Desktop\tt\SMIC\SMIC_all_raw\HS\s20\non_micro\s20_n4\image17663850.bmp|C:\Users\iRoti\Desktop\tt\SMIC\SMIC_all_raw\HS\s20\non_micro\s20_n4\image17663851.bmp|C:\Users\iRoti\Desktop\tt\SMIC\SMIC_all_raw\HS\s20\non_micro\s20_n4\image17663852.bmp|C:\Users\iRoti\Desktop\tt\SMIC\SMIC_all_raw\HS\s20\non_micro\s20_n4\image17663853.bmp|C:\Users\iRoti\Desktop\tt\SMIC\SMIC_all_raw\HS\s20\non_micro\s20_n4\image17663854.bmp|C:\Users\iRoti\Desktop\tt\SMIC\SMIC_all_raw\HS\s20\non_micro\s20_n4\image17663855.bmp|C:\Users\iRoti\Desktop\tt\SMIC\SMIC_all_raw\HS\s20\non_micro\s20_n4\image17663856.bmp|C:\Users\iRoti\Desktop\tt\SMIC\SMIC_all_raw\HS\s20\non_micro\s20_n4\image17663857.bmp|C:\Users\iRoti\Desktop\tt\SMIC\SMIC_all_raw\HS\s20\non_micro\s20_n4\image17663858.bmp
s20,HS_100fps,Neutral,C:\Users\iRoti\Desktop\tt\SMIC\SMIC_all_raw\HS\s20\non_micro\s20_n5\image17818347.bmp|C:\Users\iRoti\Desktop\tt\SMIC\SMIC_all_raw\HS\s20\non_micro\s20_n5\image17818348.bmp|C:\Users\iRoti\Desktop\tt\SMIC\SMIC_all_raw\HS\s20\non_micro\s20_n5\image17818349.bmp|C:\Users\iRoti\Desktop\tt\SMIC\SMIC_all_raw\HS\s20\non_micro\s20_n5\image17818350.bmp|C:\Users\iRoti\Desktop\tt\SMIC\SMIC_all_raw\HS\s20\non_micro\s20_n5\image17818351.bmp|C:\Users\iRoti\Desktop\tt\SMIC\SMIC_all_raw\HS\s20\non_micro\s20_n5\image17818352.bmp|C:\Users\iRoti\Desktop\tt\SMIC\SMIC_all_raw\HS\s20\non_micro\s20_n5\image17818353.bmp|C:\Users\iRoti\Desktop\tt\SMIC\SMIC_all_raw\HS\s20\non_micro\s20_n5\image17818354.bmp|C:\Users\iRoti\Desktop\tt\SMIC\SMIC_all_raw\HS\s20\non_micro\s20_n5\image17818355.bmp|C:\Users\iRoti\Desktop\tt\SMIC\SMIC_all_raw\HS\s20\non_micro\s20_n5\image17818356.bmp|C:\Users\iRoti\Desktop\tt\SMIC\SMIC_all_raw\HS\s20\non_micro\s20_n5\image17818357.bmp|C:\Users\iRoti\Desktop\tt\SMIC\SMIC_all_raw\HS\s20\non_micro\s20_n5\image17818358.bmp|C:\Users\iRoti\Desktop\tt\SMIC\SMIC_all_raw\HS\s20\non_micro\s20_n5\image17818359.bmp|C:\Users\iRoti\Desktop\tt\SMIC\SMIC_all_raw\HS\s20\non_micro\s20_n5\image17818360.bmp|C:\Users\iRoti\Desktop\tt\SMIC\SMIC_all_raw\HS\s20\non_micro\s20_n5\image17818361.bmp|C:\Users\iRoti\Desktop\tt\SMIC\SMIC_all_raw\HS\s20\non_micro\s20_n5\image17818362.bmp|C:\Users\iRoti\Desktop\tt\SMIC\SMIC_all_raw\HS\s20\non_micro\s20_n5\image17818363.bmp|C:\Users\iRoti\Desktop\tt\SMIC\SMIC_all_raw\HS\s20\non_micro\s20_n5\image17818364.bmp|C:\Users\iRoti\Desktop\tt\SMIC\SMIC_all_raw\HS\s20\non_micro\s20_n5\image17818365.bmp|C:\Users\iRoti\Desktop\tt\SMIC\SMIC_all_raw\HS\s20\non_micro\s20_n5\image17818366.bmp|C:\Users\iRoti\Desktop\tt\SMIC\SMIC_all_raw\HS\s20\non_micro\s20_n5\image17818367.bmp|C:\Users\iRoti\Desktop\tt\SMIC\SMIC_all_raw\HS\s20\non_micro\s20_n5\image17818368.bmp|C:\Users\iRoti\Desktop\tt\SMIC\SMIC_all_raw\HS\s20\non_micro\s20_n5\image17818369.bmp|C:\Users\iRoti\Desktop\tt\SMIC\SMIC_all_raw\HS\s20\non_micro\s20_n5\image17818370.bmp|C:\Users\iRoti\Desktop\tt\SMIC\SMIC_all_raw\HS\s20\non_micro\s20_n5\image17818371.bmp|C:\Users\iRoti\Desktop\tt\SMIC\SMIC_all_raw\HS\s20\non_micro\s20_n5\image17818372.bmp|C:\Users\iRoti\Desktop\tt\SMIC\SMIC_all_raw\HS\s20\non_micro\s20_n5\image17818373.bmp|C:\Users\iRoti\Desktop\tt\SMIC\SMIC_all_raw\HS\s20\non_micro\s20_n5\image17818374.bmp
s20,HS_100fps,Neutral,C:\Users\iRoti\Desktop\tt\SMIC\SMIC_all_raw\HS\s20\non_micro\s20_n6\image17758503.bmp|C:\Users\iRoti\Desktop\tt\SMIC\SMIC_all_raw\HS\s20\non_micro\s20_n6\image17758504.bmp|C:\Users\iRoti\Desktop\tt\SMIC\SMIC_all_raw\HS\s20\non_micro\s20_n6\image17758505.bmp|C:\Users\iRoti\Desktop\tt\SMIC\SMIC_all_raw\HS\s20\non_micro\s20_n6\image17758506.bmp|C:\Users\iRoti\Desktop\tt\SMIC\SMIC_all_raw\HS\s20\non_micro\s20_n6\image17758507.bmp|C:\Users\iRoti\Desktop\tt\SMIC\SMIC_all_raw\HS\s20\non_micro\s20_n6\image17758508.bmp|C:\Users\iRoti\Desktop\tt\SMIC\SMIC_all_raw\HS\s20\non_micro\s20_n6\image17758509.bmp|C:\Users\iRoti\Desktop\tt\SMIC\SMIC_all_raw\HS\s20\non_micro\s20_n6\image17758510.bmp|C:\Users\iRoti\Desktop\tt\SMIC\SMIC_all_raw\HS\s20\non_micro\s20_n6\image17758511.bmp|C:\Users\iRoti\Desktop\tt\SMIC\SMIC_all_raw\HS\s20\non_micro\s20_n6\image17758512.bmp|C:\Users\iRoti\Desktop\tt\SMIC\SMIC_all_raw\HS\s20\non_micro\s20_n6\image17758513.bmp|C:\Users\iRoti\Desktop\tt\SMIC\SMIC_all_raw\HS\s20\non_micro\s20_n6\image17758514.bmp|C:\Users\iRoti\Desktop\tt\SMIC\SMIC_all_raw\HS\s20\non_micro\s20_n6\image17758515.bmp|C:\Users\iRoti\Desktop\tt\SMIC\SMIC_all_raw\HS\s20\non_micro\s20_n6\image17758516.bmp|C:\Users\iRoti\Desktop\tt\SMIC\SMIC_all_raw\HS\s20\non_micro\s20_n6\image17758517.bmp|C:\Users\iRoti\Desktop\tt\SMIC\SMIC_all_raw\HS\s20\non_micro\s20_n6\image17758518.bmp|C:\Users\iRoti\Desktop\tt\SMIC\SMIC_all_raw\HS\s20\non_micro\s20_n6\image17758519.bmp|C:\Users\iRoti\Desktop\tt\SMIC\SMIC_all_raw\HS\s20\non_micro\s20_n6\image17758520.bmp|C:\Users\iRoti\Desktop\tt\SMIC\SMIC_all_raw\HS\s20\non_micro\s20_n6\image17758521.bmp|C:\Users\iRoti\Desktop\tt\SMIC\SMIC_all_raw\HS\s20\non_micro\s20_n6\image17758522.bmp
s20,HS_100fps,Neutral,C:\Users\iRoti\Desktop\tt\SMIC\SMIC_all_raw\HS\s20\non_micro\s20_n7\image17704763.bmp|C:\Users\iRoti\Desktop\tt\SMIC\SMIC_all_raw\HS\s20\non_micro\s20_n7\image17704764.bmp|C:\Users\iRoti\Desktop\tt\SMIC\SMIC_all_raw\HS\s20\non_micro\s20_n7\image17704765.bmp|C:\Users\iRoti\Desktop\tt\SMIC\SMIC_all_raw\HS\s20\non_micro\s20_n7\image17704766.bmp|C:\Users\iRoti\Desktop\tt\SMIC\SMIC_all_raw\HS\s20\non_micro\s20_n7\image17704767.bmp|C:\Users\iRoti\Desktop\tt\SMIC\SMIC_all_raw\HS\s20\non_micro\s20_n7\image17704768.bmp|C:\Users\iRoti\Desktop\tt\SMIC\SMIC_all_raw\HS\s20\non_micro\s20_n7\image17704769.bmp|C:\Users\iRoti\Desktop\tt\SMIC\SMIC_all_raw\HS\s20\non_micro\s20_n7\image17704770.bmp|C:\Users\iRoti\Desktop\tt\SMIC\SMIC_all_raw\HS\s20\non_micro\s20_n7\image17704771.bmp|C:\Users\iRoti\Desktop\tt\SMIC\SMIC_all_raw\HS\s20\non_micro\s20_n7\image17704772.bmp|C:\Users\iRoti\Desktop\tt\SMIC\SMIC_all_raw\HS\s20\non_micro\s20_n7\image17704773.bmp|C:\Users\iRoti\Desktop\tt\SMIC\SMIC_all_raw\HS\s20\non_micro\s20_n7\image17704774.bmp|C:\Users\iRoti\Desktop\tt\SMIC\SMIC_all_raw\HS\s20\non_micro\s20_n7\image17704775.bmp|C:\Users\iRoti\Desktop\tt\SMIC\SMIC_all_raw\HS\s20\non_micro\s20_n7\image17704776.bmp|C:\Users\iRoti\Desktop\tt\SMIC\SMIC_all_raw\HS\s20\non_micro\s20_n7\image17704777.bmp|C:\Users\iRoti\Desktop\tt\SMIC\SMIC_all_raw\HS\s20\non_micro\s20_n7\image17704778.bmp|C:\Users\iRoti\Desktop\tt\SMIC\SMIC_all_raw\HS\s20\non_micro\s20_n7\image17704779.bmp|C:\Users\iRoti\Desktop\tt\SMIC\SMIC_all_raw\HS\s20\non_micro\s20_n7\image17704780.bmp|C:\Users\iRoti\Desktop\tt\SMIC\SMIC_all_raw\HS\s20\non_micro\s20_n7\image17704781.bmp|C:\Users\iRoti\Desktop\tt\SMIC\SMIC_all_raw\HS\s20\non_micro\s20_n7\image17704782.bmp|C:\Users\iRoti\Desktop\tt\SMIC\SMIC_all_raw\HS\s20\non_micro\s20_n7\image17704783.bmp|C:\Users\iRoti\Desktop\tt\SMIC\SMIC_all_raw\HS\s20\non_micro\s20_n7\image17704784.bmp|C:\Users\iRoti\Desktop\tt\SMIC\SMIC_all_raw\HS\s20\non_micro\s20_n7\image17704785.bmp|C:\Users\iRoti\Desktop\tt\SMIC\SMIC_all_raw\HS\s20\non_micro\s20_n7\image17704786.bmp|C:\Users\iRoti\Desktop\tt\SMIC\SMIC_all_raw\HS\s20\non_micro\s20_n7\image17704787.bmp|C:\Users\iRoti\Desktop\tt\SMIC\SMIC_all_raw\HS\s20\non_micro\s20_n7\image17704788.bmp|C:\Users\iRoti\Desktop\tt\SMIC\SMIC_all_raw\HS\s20\non_micro\s20_n7\image17704789.bmp|C:\Users\iRoti\Desktop\tt\SMIC\SMIC_all_raw\HS\s20\non_micro\s20_n7\image17704790.bmp|C:\Users\iRoti\Desktop\tt\SMIC\SMIC_all_raw\HS\s20\non_micro\s20_n7\image17704791.bmp|C:\Users\iRoti\Desktop\tt\SMIC\SMIC_all_raw\HS\s20\non_micro\s20_n7\image17704792.bmp|C:\Users\iRoti\Desktop\tt\SMIC\SMIC_all_raw\HS\s20\non_micro\s20_n7\image17704793.bmp|C:\Users\iRoti\Desktop\tt\SMIC\SMIC_all_raw\HS\s20\non_micro\s20_n7\image17704794.bmp|C:\Users\iRoti\Desktop\tt\SMIC\SMIC_all_raw\HS\s20\non_micro\s20_n7\image17704795.bmp|C:\Users\iRoti\Desktop\tt\SMIC\SMIC_all_raw\HS\s20\non_micro\s20_n7\image17704796.bmp|C:\Users\iRoti\Desktop\tt\SMIC\SMIC_all_raw\HS\s20\non_micro\s20_n7\image17704797.bmp|C:\Users\iRoti\Desktop\tt\SMIC\SMIC_all_raw\HS\s20\non_micro\s20_n7\image17704798.bmp
s20,HS_100fps,Neutral,C:\Users\iRoti\Desktop\tt\SMIC\SMIC_all_raw\HS\s20\non_micro\s20_n8\image17602459.bmp|C:\Users\iRoti\Desktop\tt\SMIC\SMIC_all_raw\HS\s20\non_micro\s20_n8\image17602460.bmp|C:\Users\iRoti\Desktop\tt\SMIC\SMIC_all_raw\HS\s20\non_micro\s20_n8\image17602461.bmp|C:\Users\iRoti\Desktop\tt\SMIC\SMIC_all_raw\HS\s20\non_micro\s20_n8\image17602462.bmp|C:\Users\iRoti\Desktop\tt\SMIC\SMIC_all_raw\HS\s20\non_micro\s20_n8\image17602463.bmp|C:\Users\iRoti\Desktop\tt\SMIC\SMIC_all_raw\HS\s20\non_micro\s20_n8\image17602464.bmp|C:\Users\iRoti\Desktop\tt\SMIC\SMIC_all_raw\HS\s20\non_micro\s20_n8\image17602465.bmp|C:\Users\iRoti\Desktop\tt\SMIC\SMIC_all_raw\HS\s20\non_micro\s20_n8\image17602466.bmp|C:\Users\iRoti\Desktop\tt\SMIC\SMIC_all_raw\HS\s20\non_micro\s20_n8\image17602467.bmp|C:\Users\iRoti\Desktop\tt\SMIC\SMIC_all_raw\HS\s20\non_micro\s20_n8\image17602468.bmp|C:\Users\iRoti\Desktop\tt\SMIC\SMIC_all_raw\HS\s20\non_micro\s20_n8\image17602469.bmp|C:\Users\iRoti\Desktop\tt\SMIC\SMIC_all_raw\HS\s20\non_micro\s20_n8\image17602470.bmp|C:\Users\iRoti\Desktop\tt\SMIC\SMIC_all_raw\HS\s20\non_micro\s20_n8\image17602471.bmp|C:\Users\iRoti\Desktop\tt\SMIC\SMIC_all_raw\HS\s20\non_micro\s20_n8\image17602472.bmp|C:\Users\iRoti\Desktop\tt\SMIC\SMIC_all_raw\HS\s20\non_micro\s20_n8\image17602473.bmp|C:\Users\iRoti\Desktop\tt\SMIC\SMIC_all_raw\HS\s20\non_micro\s20_n8\image17602474.bmp|C:\Users\iRoti\Desktop\tt\SMIC\SMIC_all_raw\HS\s20\non_micro\s20_n8\image17602475.bmp|C:\Users\iRoti\Desktop\tt\SMIC\SMIC_all_raw\HS\s20\non_micro\s20_n8\image17602476.bmp|C:\Users\iRoti\Desktop\tt\SMIC\SMIC_all_raw\HS\s20\non_micro\s20_n8\image17602477.bmp|C:\Users\iRoti\Desktop\tt\SMIC\SMIC_all_raw\HS\s20\non_micro\s20_n8\image17602478.bmp|C:\Users\iRoti\Desktop\tt\SMIC\SMIC_all_raw\HS\s20\non_micro\s20_n8\image17602479.bmp|C:\Users\iRoti\Desktop\tt\SMIC\SMIC_all_raw\HS\s20\non_micro\s20_n8\image17602480.bmp|C:\Users\iRoti\Desktop\tt\SMIC\SMIC_all_raw\HS\s20\non_micro\s20_n8\image17602481.bmp|C:\Users\iRoti\Desktop\tt\SMIC\SMIC_all_raw\HS\s20\non_micro\s20_n8\image17602482.bmp|C:\Users\iRoti\Desktop\tt\SMIC\SMIC_all_raw\HS\s20\non_micro\s20_n8\image17602483.bmp|C:\Users\iRoti\Desktop\tt\SMIC\SMIC_all_raw\HS\s20\non_micro\s20_n8\image17602484.bmp|C:\Users\iRoti\Desktop\tt\SMIC\SMIC_all_raw\HS\s20\non_micro\s20_n8\image17602485.bmp|C:\Users\iRoti\Desktop\tt\SMIC\SMIC_all_raw\HS\s20\non_micro\s20_n8\image17602486.bmp|C:\Users\iRoti\Desktop\tt\SMIC\SMIC_all_raw\HS\s20\non_micro\s20_n8\image17602487.bmp|C:\Users\iRoti\Desktop\tt\SMIC\SMIC_all_raw\HS\s20\non_micro\s20_n8\image17602488.bmp|C:\Users\iRoti\Desktop\tt\SMIC\SMIC_all_raw\HS\s20\non_micro\s20_n8\image17602489.bmp|C:\Users\iRoti\Desktop\tt\SMIC\SMIC_all_raw\HS\s20\non_micro\s20_n8\image17602490.bmp|C:\Users\iRoti\Desktop\tt\SMIC\SMIC_all_raw\HS\s20\non_micro\s20_n8\image17602491.bmp|C:\Users\iRoti\Desktop\tt\SMIC\SMIC_all_raw\HS\s20\non_micro\s20_n8\image17602492.bmp|C:\Users\iRoti\Desktop\tt\SMIC\SMIC_all_raw\HS\s20\non_micro\s20_n8\image17602493.bmp|C:\Users\iRoti\Desktop\tt\SMIC\SMIC_all_raw\HS\s20\non_micro\s20_n8\image17602494.bmp|C:\Users\iRoti\Desktop\tt\SMIC\SMIC_all_raw\HS\s20\non_micro\s20_n8\image17602495.bmp|C:\Users\iRoti\Desktop\tt\SMIC\SMIC_all_raw\HS\s20\non_micro\s20_n8\image17602496.bmp|C:\Users\iRoti\Desktop\tt\SMIC\SMIC_all_raw\HS\s20\non_micro\s20_n8\image17602497.bmp|C:\Users\iRoti\Desktop\tt\SMIC\SMIC_all_raw\HS\s20\non_micro\s20_n8\image17602498.bmp
s20,HS_100fps,Neutral,C:\Users\iRoti\Desktop\tt\SMIC\SMIC_all_raw\HS\s20\non_micro\s20_n9\image17671079.bmp|C:\Users\iRoti\Desktop\tt\SMIC\SMIC_all_raw\HS\s20\non_micro\s20_n9\image17671080.bmp|C:\Users\iRoti\Desktop\tt\SMIC\SMIC_all_raw\HS\s20\non_micro\s20_n9\image17671081.bmp|C:\Users\iRoti\Desktop\tt\SMIC\SMIC_all_raw\HS\s20\non_micro\s20_n9\image17671082.bmp|C:\Users\iRoti\Desktop\tt\SMIC\SMIC_all_raw\HS\s20\non_micro\s20_n9\image17671083.bmp|C:\Users\iRoti\Desktop\tt\SMIC\SMIC_all_raw\HS\s20\non_micro\s20_n9\image17671084.bmp|C:\Users\iRoti\Desktop\tt\SMIC\SMIC_all_raw\HS\s20\non_micro\s20_n9\image17671085.bmp|C:\Users\iRoti\Desktop\tt\SMIC\SMIC_all_raw\HS\s20\non_micro\s20_n9\image17671086.bmp|C:\Users\iRoti\Desktop\tt\SMIC\SMIC_all_raw\HS\s20\non_micro\s20_n9\image17671087.bmp|C:\Users\iRoti\Desktop\tt\SMIC\SMIC_all_raw\HS\s20\non_micro\s20_n9\image17671088.bmp|C:\Users\iRoti\Desktop\tt\SMIC\SMIC_all_raw\HS\s20\non_micro\s20_n9\image17671089.bmp|C:\Users\iRoti\Desktop\tt\SMIC\SMIC_all_raw\HS\s20\non_micro\s20_n9\image17671090.bmp|C:\Users\iRoti\Desktop\tt\SMIC\SMIC_all_raw\HS\s20\non_micro\s20_n9\image17671091.bmp|C:\Users\iRoti\Desktop\tt\SMIC\SMIC_all_raw\HS\s20\non_micro\s20_n9\image17671092.bmp|C:\Users\iRoti\Desktop\tt\SMIC\SMIC_all_raw\HS\s20\non_micro\s20_n9\image17671093.bmp|C:\Users\iRoti\Desktop\tt\SMIC\SMIC_all_raw\HS\s20\non_micro\s20_n9\image17671094.bmp|C:\Users\iRoti\Desktop\tt\SMIC\SMIC_all_raw\HS\s20\non_micro\s20_n9\image17671095.bmp|C:\Users\iRoti\Desktop\tt\SMIC\SMIC_all_raw\HS\s20\non_micro\s20_n9\image17671096.bmp|C:\Users\iRoti\Desktop\tt\SMIC\SMIC_all_raw\HS\s20\non_micro\s20_n9\image17671097.bmp|C:\Users\iRoti\Desktop\tt\SMIC\SMIC_all_raw\HS\s20\non_micro\s20_n9\image17671098.bmp|C:\Users\iRoti\Desktop\tt\SMIC\SMIC_all_raw\HS\s20\non_micro\s20_n9\image17671099.bmp|C:\Users\iRoti\Desktop\tt\SMIC\SMIC_all_raw\HS\s20\non_micro\s20_n9\image17671100.bmp|C:\Users\iRoti\Desktop\tt\SMIC\SMIC_all_raw\HS\s20\non_micro\s20_n9\image17671101.bmp|C:\Users\iRoti\Desktop\tt\SMIC\SMIC_all_raw\HS\s20\non_micro\s20_n9\image17671102.bmp|C:\Users\iRoti\Desktop\tt\SMIC\SMIC_all_raw\HS\s20\non_micro\s20_n9\image17671103.bmp|C:\Users\iRoti\Desktop\tt\SMIC\SMIC_all_raw\HS\s20\non_micro\s20_n9\image17671104.bmp|C:\Users\iRoti\Desktop\tt\SMIC\SMIC_all_raw\HS\s20\non_micro\s20_n9\image17671105.bmp|C:\Users\iRoti\Desktop\tt\SMIC\SMIC_all_raw\HS\s20\non_micro\s20_n9\image17671106.bmp|C:\Users\iRoti\Desktop\tt\SMIC\SMIC_all_raw\HS\s20\non_micro\s20_n9\image17671107.bmp|C:\Users\iRoti\Desktop\tt\SMIC\SMIC_all_raw\HS\s20\non_micro\s20_n9\image17671108.bmp|C:\Users\iRoti\Desktop\tt\SMIC\SMIC_all_raw\HS\s20\non_micro\s20_n9\image17671109.bmp|C:\Users\iRoti\Desktop\tt\SMIC\SMIC_all_raw\HS\s20\non_micro\s20_n9\image17671110.bmp|C:\Users\iRoti\Desktop\tt\SMIC\SMIC_all_raw\HS\s20\non_micro\s20_n9\image17671111.bmp|C:\Users\iRoti\Desktop\tt\SMIC\SMIC_all_raw\HS\s20\non_micro\s20_n9\image17671112.bmp|C:\Users\iRoti\Desktop\tt\SMIC\SMIC_all_raw\HS\s20\non_micro\s20_n9\image17671113.bmp|C:\Users\iRoti\Desktop\tt\SMIC\SMIC_all_raw\HS\s20\non_micro\s20_n9\image17671114.bmp|C:\Users\iRoti\Desktop\tt\SMIC\SMIC_all_raw\HS\s20\non_micro\s20_n9\image17671115.bmp|C:\Users\iRoti\Desktop\tt\SMIC\SMIC_all_raw\HS\s20\non_micro\s20_n9\image17671116.bmp|C:\Users\iRoti\Desktop\tt\SMIC\SMIC_all_raw\HS\s20\non_micro\s20_n9\image17671117.bmp|C:\Users\iRoti\Desktop\tt\SMIC\SMIC_all_raw\HS\s20\non_micro\s20_n9\image17671118.bmp|C:\Users\iRoti\Desktop\tt\SMIC\SMIC_all_raw\HS\s20\non_micro\s20_n9\image17671119.bmp|C:\Users\iRoti\Desktop\tt\SMIC\SMIC_all_raw\HS\s20\non_micro\s20_n9\image17671120.bmp|C:\Users\iRoti\Desktop\tt\SMIC\SMIC_all_raw\HS\s20\non_micro\s20_n9\image17671121.bmp|C:\Users\iRoti\Desktop\tt\SMIC\SMIC_all_raw\HS\s20\non_micro\s20_n9\image17671122.bmp
s3,HS_100fps,Negativo,C:\Users\iRoti\Desktop\tt\SMIC\SMIC_all_raw\HS\s3\micro\negative\s3_ne_01\image257900.bmp|C:\Users\iRoti\Desktop\tt\SMIC\SMIC_all_raw\HS\s3\micro\negative\s3_ne_01\image257901.bmp|C:\Users\iRoti\Desktop\tt\SMIC\SMIC_all_raw\HS\s3\micro\negative\s3_ne_01\image257902.bmp|C:\Users\iRoti\Desktop\tt\SMIC\SMIC_all_raw\HS\s3\micro\negative\s3_ne_01\image257903.bmp|C:\Users\iRoti\Desktop\tt\SMIC\SMIC_all_raw\HS\s3\micro\negative\s3_ne_01\image257904.bmp|C:\Users\iRoti\Desktop\tt\SMIC\SMIC_all_raw\HS\s3\micro\negative\s3_ne_01\image257905.bmp|C:\Users\iRoti\Desktop\tt\SMIC\SMIC_all_raw\HS\s3\micro\negative\s3_ne_01\image257906.bmp|C:\Users\iRoti\Desktop\tt\SMIC\SMIC_all_raw\HS\s3\micro\negative\s3_ne_01\image257907.bmp|C:\Users\iRoti\Desktop\tt\SMIC\SMIC_all_raw\HS\s3\micro\negative\s3_ne_01\image257908.bmp|C:\Users\iRoti\Desktop\tt\SMIC\SMIC_all_raw\HS\s3\micro\negative\s3_ne_01\image257909.bmp|C:\Users\iRoti\Desktop\tt\SMIC\SMIC_all_raw\HS\s3\micro\negative\s3_ne_01\image257910.bmp|C:\Users\iRoti\Desktop\tt\SMIC\SMIC_all_raw\HS\s3\micro\negative\s3_ne_01\image257911.bmp|C:\Users\iRoti\Desktop\tt\SMIC\SMIC_all_raw\HS\s3\micro\negative\s3_ne_01\image257912.bmp|C:\Users\iRoti\Desktop\tt\SMIC\SMIC_all_raw\HS\s3\micro\negative\s3_ne_01\image257913.bmp|C:\Users\iRoti\Desktop\tt\SMIC\SMIC_all_raw\HS\s3\micro\negative\s3_ne_01\image257914.bmp|C:\Users\iRoti\Desktop\tt\SMIC\SMIC_all_raw\HS\s3\micro\negative\s3_ne_01\image257915.bmp|C:\Users\iRoti\Desktop\tt\SMIC\SMIC_all_raw\HS\s3\micro\negative\s3_ne_01\image257916.bmp|C:\Users\iRoti\Desktop\tt\SMIC\SMIC_all_raw\HS\s3\micro\negative\s3_ne_01\image257917.bmp|C:\Users\iRoti\Desktop\tt\SMIC\SMIC_all_raw\HS\s3\micro\negative\s3_ne_01\image257918.bmp|C:\Users\iRoti\Desktop\tt\SMIC\SMIC_all_raw\HS\s3\micro\negative\s3_ne_01\image257919.bmp|C:\Users\iRoti\Desktop\tt\SMIC\SMIC_all_raw\HS\s3\micro\negative\s3_ne_01\image257920.bmp|C:\Users\iRoti\Desktop\tt\SMIC\SMIC_all_raw\HS\s3\micro\negative\s3_ne_01\image257921.bmp|C:\Users\iRoti\Desktop\tt\SMIC\SMIC_all_raw\HS\s3\micro\negative\s3_ne_01\image257922.bmp|C:\Users\iRoti\Desktop\tt\SMIC\SMIC_all_raw\HS\s3\micro\negative\s3_ne_01\image257923.bmp|C:\Users\iRoti\Desktop\tt\SMIC\SMIC_all_raw\HS\s3\micro\negative\s3_ne_01\image257924.bmp|C:\Users\iRoti\Desktop\tt\SMIC\SMIC_all_raw\HS\s3\micro\negative\s3_ne_01\image257925.bmp
s3,HS_100fps,Negativo,C:\Users\iRoti\Desktop\tt\SMIC\SMIC_all_raw\HS\s3\micro\negative\s3_ne_02\image302330.bmp|C:\Users\iRoti\Desktop\tt\SMIC\SMIC_all_raw\HS\s3\micro\negative\s3_ne_02\image302331.bmp|C:\Users\iRoti\Desktop\tt\SMIC\SMIC_all_raw\HS\s3\micro\negative\s3_ne_02\image302332.bmp|C:\Users\iRoti\Desktop\tt\SMIC\SMIC_all_raw\HS\s3\micro\negative\s3_ne_02\image302333.bmp|C:\Users\iRoti\Desktop\tt\SMIC\SMIC_all_raw\HS\s3\micro\negative\s3_ne_02\image302334.bmp|C:\Users\iRoti\Desktop\tt\SMIC\SMIC_all_raw\HS\s3\micro\negative\s3_ne_02\image302335.bmp|C:\Users\iRoti\Desktop\tt\SMIC\SMIC_all_raw\HS\s3\micro\negative\s3_ne_02\image302336.bmp|C:\Users\iRoti\Desktop\tt\SMIC\SMIC_all_raw\HS\s3\micro\negative\s3_ne_02\image302337.bmp|C:\Users\iRoti\Desktop\tt\SMIC\SMIC_all_raw\HS\s3\micro\negative\s3_ne_02\image302338.bmp|C:\Users\iRoti\Desktop\tt\SMIC\SMIC_all_raw\HS\s3\micro\negative\s3_ne_02\image302339.bmp|C:\Users\iRoti\Desktop\tt\SMIC\SMIC_all_raw\HS\s3\micro\negative\s3_ne_02\image302340.bmp|C:\Users\iRoti\Desktop\tt\SMIC\SMIC_all_raw\HS\s3\micro\negative\s3_ne_02\image302341.bmp|C:\Users\iRoti\Desktop\tt\SMIC\SMIC_all_raw\HS\s3\micro\negative\s3_ne_02\image302342.bmp|C:\Users\iRoti\Desktop\tt\SMIC\SMIC_all_raw\HS\s3\micro\negative\s3_ne_02\image302343.bmp|C:\Users\iRoti\Desktop\tt\SMIC\SMIC_all_raw\HS\s3\micro\negative\s3_ne_02\image302344.bmp|C:\Users\iRoti\Desktop\tt\SMIC\SMIC_all_raw\HS\s3\micro\negative\s3_ne_02\image302345.bmp|C:\Users\iRoti\Desktop\tt\SMIC\SMIC_all_raw\HS\s3\micro\negative\s3_ne_02\image302346.bmp|C:\Users\iRoti\Desktop\tt\SMIC\SMIC_all_raw\HS\s3\micro\negative\s3_ne_02\image302347.bmp|C:\Users\iRoti\Desktop\tt\SMIC\SMIC_all_raw\HS\s3\micro\negative\s3_ne_02\image302348.bmp|C:\Users\iRoti\Desktop\tt\SMIC\SMIC_all_raw\HS\s3\micro\negative\s3_ne_02\image302349.bmp|C:\Users\iRoti\Desktop\tt\SMIC\SMIC_all_raw\HS\s3\micro\negative\s3_ne_02\image302350.bmp|C:\Users\iRoti\Desktop\tt\SMIC\SMIC_all_raw\HS\s3\micro\negative\s3_ne_02\image302351.bmp|C:\Users\iRoti\Desktop\tt\SMIC\SMIC_all_raw\HS\s3\micro\negative\s3_ne_02\image302352.bmp|C:\Users\iRoti\Desktop\tt\SMIC\SMIC_all_raw\HS\s3\micro\negative\s3_ne_02\image302353.bmp|C:\Users\iRoti\Desktop\tt\SMIC\SMIC_all_raw\HS\s3\micro\negative\s3_ne_02\image302354.bmp|C:\Users\iRoti\Desktop\tt\SMIC\SMIC_all_raw\HS\s3\micro\negative\s3_ne_02\image302355.bmp|C:\Users\iRoti\Desktop\tt\SMIC\SMIC_all_raw\HS\s3\micro\negative\s3_ne_02\image302356.bmp
s3,HS_100fps,Negativo,C:\Users\iRoti\Desktop\tt\SMIC\SMIC_all_raw\HS\s3\micro\negative\s3_ne_03\image302370.bmp|C:\Users\iRoti\Desktop\tt\SMIC\SMIC_all_raw\HS\s3\micro\negative\s3_ne_03\image302371.bmp|C:\Users\iRoti\Desktop\tt\SMIC\SMIC_all_raw\HS\s3\micro\negative\s3_ne_03\image302372.bmp|C:\Users\iRoti\Desktop\tt\SMIC\SMIC_all_raw\HS\s3\micro\negative\s3_ne_03\image302373.bmp|C:\Users\iRoti\Desktop\tt\SMIC\SMIC_all_raw\HS\s3\micro\negative\s3_ne_03\image302374.bmp|C:\Users\iRoti\Desktop\tt\SMIC\SMIC_all_raw\HS\s3\micro\negative\s3_ne_03\image302375.bmp|C:\Users\iRoti\Desktop\tt\SMIC\SMIC_all_raw\HS\s3\micro\negative\s3_ne_03\image302376.bmp|C:\Users\iRoti\Desktop\tt\SMIC\SMIC_all_raw\HS\s3\micro\negative\s3_ne_03\image302377.bmp|C:\Users\iRoti\Desktop\tt\SMIC\SMIC_all_raw\HS\s3\micro\negative\s3_ne_03\image302378.bmp|C:\Users\iRoti\Desktop\tt\SMIC\SMIC_all_raw\HS\s3\micro\negative\s3_ne_03\image302379.bmp|C:\Users\iRoti\Desktop\tt\SMIC\SMIC_all_raw\HS\s3\micro\negative\s3_ne_03\image302380.bmp
s3,HS_100fps,Negativo,C:\Users\iRoti\Desktop\tt\SMIC\SMIC_all_raw\HS\s3\micro\negative\s3_ne_04\image303090.bmp|C:\Users\iRoti\Desktop\tt\SMIC\SMIC_all_raw\HS\s3\micro\negative\s3_ne_04\image303091.bmp|C:\Users\iRoti\Desktop\tt\SMIC\SMIC_all_raw\HS\s3\micro\negative\s3_ne_04\image303092.bmp|C:\Users\iRoti\Desktop\tt\SMIC\SMIC_all_raw\HS\s3\micro\negative\s3_ne_04\image303093.bmp|C:\Users\iRoti\Desktop\tt\SMIC\SMIC_all_raw\HS\s3\micro\negative\s3_ne_04\image303094.bmp|C:\Users\iRoti\Desktop\tt\SMIC\SMIC_all_raw\HS\s3\micro\negative\s3_ne_04\image303095.bmp|C:\Users\iRoti\Desktop\tt\SMIC\SMIC_all_raw\HS\s3\micro\negative\s3_ne_04\image303096.bmp|C:\Users\iRoti\Desktop\tt\SMIC\SMIC_all_raw\HS\s3\micro\negative\s3_ne_04\image303097.bmp|C:\Users\iRoti\Desktop\tt\SMIC\SMIC_all_raw\HS\s3\micro\negative\s3_ne_04\image303098.bmp|C:\Users\iRoti\Desktop\tt\SMIC\SMIC_all_raw\HS\s3\micro\negative\s3_ne_04\image303099.bmp|C:\Users\iRoti\Desktop\tt\SMIC\SMIC_all_raw\HS\s3\micro\negative\s3_ne_04\image303100.bmp|C:\Users\iRoti\Desktop\tt\SMIC\SMIC_all_raw\HS\s3\micro\negative\s3_ne_04\image303101.bmp|C:\Users\iRoti\Desktop\tt\SMIC\SMIC_all_raw\HS\s3\micro\negative\s3_ne_04\image303102.bmp|C:\Users\iRoti\Desktop\tt\SMIC\SMIC_all_raw\HS\s3\micro\negative\s3_ne_04\image303103.bmp|C:\Users\iRoti\Desktop\tt\SMIC\SMIC_all_raw\HS\s3\micro\negative\s3_ne_04\image303104.bmp|C:\Users\iRoti\Desktop\tt\SMIC\SMIC_all_raw\HS\s3\micro\negative\s3_ne_04\image303105.bmp|C:\Users\iRoti\Desktop\tt\SMIC\SMIC_all_raw\HS\s3\micro\negative\s3_ne_04\image303106.bmp|C:\Users\iRoti\Desktop\tt\SMIC\SMIC_all_raw\HS\s3\micro\negative\s3_ne_04\image303107.bmp|C:\Users\iRoti\Desktop\tt\SMIC\SMIC_all_raw\HS\s3\micro\negative\s3_ne_04\image303108.bmp|C:\Users\iRoti\Desktop\tt\SMIC\SMIC_all_raw\HS\s3\micro\negative\s3_ne_04\image303109.bmp|C:\Users\iRoti\Desktop\tt\SMIC\SMIC_all_raw\HS\s3\micro\negative\s3_ne_04\image303110.bmp
s3,HS_100fps,Negativo,C:\Users\iRoti\Desktop\tt\SMIC\SMIC_all_raw\HS\s3\micro\negative\s3_ne_05\image304365.bmp|C:\Users\iRoti\Desktop\tt\SMIC\SMIC_all_raw\HS\s3\micro\negative\s3_ne_05\image304366.bmp|C:\Users\iRoti\Desktop\tt\SMIC\SMIC_all_raw\HS\s3\micro\negative\s3_ne_05\image304367.bmp|C:\Users\iRoti\Desktop\tt\SMIC\SMIC_all_raw\HS\s3\micro\negative\s3_ne_05\image304368.bmp|C:\Users\iRoti\Desktop\tt\SMIC\SMIC_all_raw\HS\s3\micro\negative\s3_ne_05\image304369.bmp|C:\Users\iRoti\Desktop\tt\SMIC\SMIC_all_raw\HS\s3\micro\negative\s3_ne_05\image304370.bmp|C:\Users\iRoti\Desktop\tt\SMIC\SMIC_all_raw\HS\s3\micro\negative\s3_ne_05\image304371.bmp|C:\Users\iRoti\Desktop\tt\SMIC\SMIC_all_raw\HS\s3\micro\negative\s3_ne_05\image304372.bmp|C:\Users\iRoti\Desktop\tt\SMIC\SMIC_all_raw\HS\s3\micro\negative\s3_ne_05\image304373.bmp|C:\Users\iRoti\Desktop\tt\SMIC\SMIC_all_raw\HS\s3\micro\negative\s3_ne_05\image304374.bmp|C:\Users\iRoti\Desktop\tt\SMIC\SMIC_all_raw\HS\s3\micro\negative\s3_ne_05\image304375.bmp|C:\Users\iRoti\Desktop\tt\SMIC\SMIC_all_raw\HS\s3\micro\negative\s3_ne_05\image304376.bmp|C:\Users\iRoti\Desktop\tt\SMIC\SMIC_all_raw\HS\s3\micro\negative\s3_ne_05\image304377.bmp|C:\Users\iRoti\Desktop\tt\SMIC\SMIC_all_raw\HS\s3\micro\negative\s3_ne_05\image304378.bmp|C:\Users\iRoti\Desktop\tt\SMIC\SMIC_all_raw\HS\s3\micro\negative\s3_ne_05\image304379.bmp|C:\Users\iRoti\Desktop\tt\SMIC\SMIC_all_raw\HS\s3\micro\negative\s3_ne_05\image304380.bmp|C:\Users\iRoti\Desktop\tt\SMIC\SMIC_all_raw\HS\s3\micro\negative\s3_ne_05\image304381.bmp|C:\Users\iRoti\Desktop\tt\SMIC\SMIC_all_raw\HS\s3\micro\negative\s3_ne_05\image304382.bmp|C:\Users\iRoti\Desktop\tt\SMIC\SMIC_all_raw\HS\s3\micro\negative\s3_ne_05\image304383.bmp|C:\Users\iRoti\Desktop\tt\SMIC\SMIC_all_raw\HS\s3\micro\negative\s3_ne_05\image304384.bmp|C:\Users\iRoti\Desktop\tt\SMIC\SMIC_all_raw\HS\s3\micro\negative\s3_ne_05\image304385.bmp|C:\Users\iRoti\Desktop\tt\SMIC\SMIC_all_raw\HS\s3\micro\negative\s3_ne_05\image304386.bmp|C:\Users\iRoti\Desktop\tt\SMIC\SMIC_all_raw\HS\s3\micro\negative\s3_ne_05\image304387.bmp|C:\Users\iRoti\Desktop\tt\SMIC\SMIC_all_raw\HS\s3\micro\negative\s3_ne_05\image304388.bmp|C:\Users\iRoti\Desktop\tt\SMIC\SMIC_all_raw\HS\s3\micro\negative\s3_ne_05\image304389.bmp|C:\Users\iRoti\Desktop\tt\SMIC\SMIC_all_raw\HS\s3\micro\negative\s3_ne_05\image304390.bmp
s3,HS_100fps,Negativo,C:\Users\iRoti\Desktop\tt\SMIC\SMIC_all_raw\HS\s3\micro\negative\s3_ne_06\image304979.bmp|C:\Users\iRoti\Desktop\tt\SMIC\SMIC_all_raw\HS\s3\micro\negative\s3_ne_06\image304980.bmp|C:\Users\iRoti\Desktop\tt\SMIC\SMIC_all_raw\HS\s3\micro\negative\s3_ne_06\image304981.bmp|C:\Users\iRoti\Desktop\tt\SMIC\SMIC_all_raw\HS\s3\micro\negative\s3_ne_06\image304982.bmp|C:\Users\iRoti\Desktop\tt\SMIC\SMIC_all_raw\HS\s3\micro\negative\s3_ne_06\image304983.bmp|C:\Users\iRoti\Desktop\tt\SMIC\SMIC_all_raw\HS\s3\micro\negative\s3_ne_06\image304984.bmp|C:\Users\iRoti\Desktop\tt\SMIC\SMIC_all_raw\HS\s3\micro\negative\s3_ne_06\image304985.bmp|C:\Users\iRoti\Desktop\tt\SMIC\SMIC_all_raw\HS\s3\micro\negative\s3_ne_06\image304986.bmp|C:\Users\iRoti\Desktop\tt\SMIC\SMIC_all_raw\HS\s3\micro\negative\s3_ne_06\image304987.bmp|C:\Users\iRoti\Desktop\tt\SMIC\SMIC_all_raw\HS\s3\micro\negative\s3_ne_06\image304988.bmp|C:\Users\iRoti\Desktop\tt\SMIC\SMIC_all_raw\HS\s3\micro\negative\s3_ne_06\image304989.bmp|C:\Users\iRoti\Desktop\tt\SMIC\SMIC_all_raw\HS\s3\micro\negative\s3_ne_06\image304990.bmp|C:\Users\iRoti\Desktop\tt\SMIC\SMIC_all_raw\HS\s3\micro\negative\s3_ne_06\image304991.bmp|C:\Users\iRoti\Desktop\tt\SMIC\SMIC_all_raw\HS\s3\micro\negative\s3_ne_06\image304992.bmp|C:\Users\iRoti\Desktop\tt\SMIC\SMIC_all_raw\HS\s3\micro\negative\s3_ne_06\image304993.bmp|C:\Users\iRoti\Desktop\tt\SMIC\SMIC_all_raw\HS\s3\micro\negative\s3_ne_06\image304994.bmp|C:\Users\iRoti\Desktop\tt\SMIC\SMIC_all_raw\HS\s3\micro\negative\s3_ne_06\image304995.bmp|C:\Users\iRoti\Desktop\tt\SMIC\SMIC_all_raw\HS\s3\micro\negative\s3_ne_06\image304996.bmp|C:\Users\iRoti\Desktop\tt\SMIC\SMIC_all_raw\HS\s3\micro\negative\s3_ne_06\image304997.bmp|C:\Users\iRoti\Desktop\tt\SMIC\SMIC_all_raw\HS\s3\micro\negative\s3_ne_06\image304998.bmp|C:\Users\iRoti\Desktop\tt\SMIC\SMIC_all_raw\HS\s3\micro\negative\s3_ne_06\image304999.bmp|C:\Users\iRoti\Desktop\tt\SMIC\SMIC_all_raw\HS\s3\micro\negative\s3_ne_06\image305000.bmp|C:\Users\iRoti\Desktop\tt\SMIC\SMIC_all_raw\HS\s3\micro\negative\s3_ne_06\image305001.bmp|C:\Users\iRoti\Desktop\tt\SMIC\SMIC_all_raw\HS\s3\micro\negative\s3_ne_06\image305002.bmp|C:\Users\iRoti\Desktop\tt\SMIC\SMIC_all_raw\HS\s3\micro\negative\s3_ne_06\image305003.bmp|C:\Users\iRoti\Desktop\tt\SMIC\SMIC_all_raw\HS\s3\micro\negative\s3_ne_06\image305004.bmp|C:\Users\iRoti\Desktop\tt\SMIC\SMIC_all_raw\HS\s3\micro\negative\s3_ne_06\image305005.bmp|C:\Users\iRoti\Desktop\tt\SMIC\SMIC_all_raw\HS\s3\micro\negative\s3_ne_06\image305006.bmp|C:\Users\iRoti\Desktop\tt\SMIC\SMIC_all_raw\HS\s3\micro\negative\s3_ne_06\image305007.bmp|C:\Users\iRoti\Desktop\tt\SMIC\SMIC_all_raw\HS\s3\micro\negative\s3_ne_06\image305008.bmp|C:\Users\iRoti\Desktop\tt\SMIC\SMIC_all_raw\HS\s3\micro\negative\s3_ne_06\image305009.bmp|C:\Users\iRoti\Desktop\tt\SMIC\SMIC_all_raw\HS\s3\micro\negative\s3_ne_06\image305010.bmp|C:\Users\iRoti\Desktop\tt\SMIC\SMIC_all_raw\HS\s3\micro\negative\s3_ne_06\image305011.bmp|C:\Users\iRoti\Desktop\tt\SMIC\SMIC_all_raw\HS\s3\micro\negative\s3_ne_06\image305012.bmp|C:\Users\iRoti\Desktop\tt\SMIC\SMIC_all_raw\HS\s3\micro\negative\s3_ne_06\image305013.bmp|C:\Users\iRoti\Desktop\tt\SMIC\SMIC_all_raw\HS\s3\micro\negative\s3_ne_06\image305014.bmp|C:\Users\iRoti\Desktop\tt\SMIC\SMIC_all_raw\HS\s3\micro\negative\s3_ne_06\image305015.bmp|C:\Users\iRoti\Desktop\tt\SMIC\SMIC_all_raw\HS\s3\micro\negative\s3_ne_06\image305016.bmp|C:\Users\iRoti\Desktop\tt\SMIC\SMIC_all_raw\HS\s3\micro\negative\s3_ne_06\image305017.bmp|C:\Users\iRoti\Desktop\tt\SMIC\SMIC_all_raw\HS\s3\micro\negative\s3_ne_06\image305018.bmp|C:\Users\iRoti\Desktop\tt\SMIC\SMIC_all_raw\HS\s3\micro\negative\s3_ne_06\image305019.bmp|C:\Users\iRoti\Desktop\tt\SMIC\SMIC_all_raw\HS\s3\micro\negative\s3_ne_06\image305020.bmp
s3,HS_100fps,Negativo,C:\Users\iRoti\Desktop\tt\SMIC\SMIC_all_raw\HS\s3\micro\negative\s3_ne_07\image307920.bmp|C:\Users\iRoti\Desktop\tt\SMIC\SMIC_all_raw\HS\s3\micro\negative\s3_ne_07\image307921.bmp|C:\Users\iRoti\Desktop\tt\SMIC\SMIC_all_raw\HS\s3\micro\negative\s3_ne_07\image307922.bmp|C:\Users\iRoti\Desktop\tt\SMIC\SMIC_all_raw\HS\s3\micro\negative\s3_ne_07\image307923.bmp|C:\Users\iRoti\Desktop\tt\SMIC\SMIC_all_raw\HS\s3\micro\negative\s3_ne_07\image307924.bmp|C:\Users\iRoti\Desktop\tt\SMIC\SMIC_all_raw\HS\s3\micro\negative\s3_ne_07\image307925.bmp|C:\Users\iRoti\Desktop\tt\SMIC\SMIC_all_raw\HS\s3\micro\negative\s3_ne_07\image307926.bmp|C:\Users\iRoti\Desktop\tt\SMIC\SMIC_all_raw\HS\s3\micro\negative\s3_ne_07\image307927.bmp|C:\Users\iRoti\Desktop\tt\SMIC\SMIC_all_raw\HS\s3\micro\negative\s3_ne_07\image307928.bmp|C:\Users\iRoti\Desktop\tt\SMIC\SMIC_all_raw\HS\s3\micro\negative\s3_ne_07\image307929.bmp|C:\Users\iRoti\Desktop\tt\SMIC\SMIC_all_raw\HS\s3\micro\negative\s3_ne_07\image307930.bmp|C:\Users\iRoti\Desktop\tt\SMIC\SMIC_all_raw\HS\s3\micro\negative\s3_ne_07\image307931.bmp|C:\Users\iRoti\Desktop\tt\SMIC\SMIC_all_raw\HS\s3\micro\negative\s3_ne_07\image307932.bmp|C:\Users\iRoti\Desktop\tt\SMIC\SMIC_all_raw\HS\s3\micro\negative\s3_ne_07\image307933.bmp|C:\Users\iRoti\Desktop\tt\SMIC\SMIC_all_raw\HS\s3\micro\negative\s3_ne_07\image307934.bmp|C:\Users\iRoti\Desktop\tt\SMIC\SMIC_all_raw\HS\s3\micro\negative\s3_ne_07\image307935.bmp|C:\Users\iRoti\Desktop\tt\SMIC\SMIC_all_raw\HS\s3\micro\negative\s3_ne_07\image307936.bmp|C:\Users\iRoti\Desktop\tt\SMIC\SMIC_all_raw\HS\s3\micro\negative\s3_ne_07\image307937.bmp|C:\Users\iRoti\Desktop\tt\SMIC\SMIC_all_raw\HS\s3\micro\negative\s3_ne_07\image307938.bmp|C:\Users\iRoti\Desktop\tt\SMIC\SMIC_all_raw\HS\s3\micro\negative\s3_ne_07\image307939.bmp|C:\Users\iRoti\Desktop\tt\SMIC\SMIC_all_raw\HS\s3\micro\negative\s3_ne_07\image307940.bmp|C:\Users\iRoti\Desktop\tt\SMIC\SMIC_all_raw\HS\s3\micro\negative\s3_ne_07\image307941.bmp|C:\Users\iRoti\Desktop\tt\SMIC\SMIC_all_raw\HS\s3\micro\negative\s3_ne_07\image307942.bmp|C:\Users\iRoti\Desktop\tt\SMIC\SMIC_all_raw\HS\s3\micro\negative\s3_ne_07\image307943.bmp|C:\Users\iRoti\Desktop\tt\SMIC\SMIC_all_raw\HS\s3\micro\negative\s3_ne_07\image307944.bmp|C:\Users\iRoti\Desktop\tt\SMIC\SMIC_all_raw\HS\s3\micro\negative\s3_ne_07\image307945.bmp|C:\Users\iRoti\Desktop\tt\SMIC\SMIC_all_raw\HS\s3\micro\negative\s3_ne_07\image307946.bmp|C:\Users\iRoti\Desktop\tt\SMIC\SMIC_all_raw\HS\s3\micro\negative\s3_ne_07\image307947.bmp|C:\Users\iRoti\Desktop\tt\SMIC\SMIC_all_raw\HS\s3\micro\negative\s3_ne_07\image307948.bmp|C:\Users\iRoti\Desktop\tt\SMIC\SMIC_all_raw\HS\s3\micro\negative\s3_ne_07\image307949.bmp|C:\Users\iRoti\Desktop\tt\SMIC\SMIC_all_raw\HS\s3\micro\negative\s3_ne_07\image307950.bmp
s3,HS_100fps,Negativo,C:\Users\iRoti\Desktop\tt\SMIC\SMIC_all_raw\HS\s3\micro\negative\s3_ne_08\image325380.bmp|C:\Users\iRoti\Desktop\tt\SMIC\SMIC_all_raw\HS\s3\micro\negative\s3_ne_08\image325381.bmp|C:\Users\iRoti\Desktop\tt\SMIC\SMIC_all_raw\HS\s3\micro\negative\s3_ne_08\image325382.bmp|C:\Users\iRoti\Desktop\tt\SMIC\SMIC_all_raw\HS\s3\micro\negative\s3_ne_08\image325383.bmp|C:\Users\iRoti\Desktop\tt\SMIC\SMIC_all_raw\HS\s3\micro\negative\s3_ne_08\image325384.bmp|C:\Users\iRoti\Desktop\tt\SMIC\SMIC_all_raw\HS\s3\micro\negative\s3_ne_08\image325385.bmp|C:\Users\iRoti\Desktop\tt\SMIC\SMIC_all_raw\HS\s3\micro\negative\s3_ne_08\image325386.bmp|C:\Users\iRoti\Desktop\tt\SMIC\SMIC_all_raw\HS\s3\micro\negative\s3_ne_08\image325387.bmp|C:\Users\iRoti\Desktop\tt\SMIC\SMIC_all_raw\HS\s3\micro\negative\s3_ne_08\image325388.bmp|C:\Users\iRoti\Desktop\tt\SMIC\SMIC_all_raw\HS\s3\micro\negative\s3_ne_08\image325389.bmp|C:\Users\iRoti\Desktop\tt\SMIC\SMIC_all_raw\HS\s3\micro\negative\s3_ne_08\image325390.bmp|C:\Users\iRoti\Desktop\tt\SMIC\SMIC_all_raw\HS\s3\micro\negative\s3_ne_08\image325391.bmp|C:\Users\iRoti\Desktop\tt\SMIC\SMIC_all_raw\HS\s3\micro\negative\s3_ne_08\image325392.bmp|C:\Users\iRoti\Desktop\tt\SMIC\SMIC_all_raw\HS\s3\micro\negative\s3_ne_08\image325393.bmp|C:\Users\iRoti\Desktop\tt\SMIC\SMIC_all_raw\HS\s3\micro\negative\s3_ne_08\image325394.bmp|C:\Users\iRoti\Desktop\tt\SMIC\SMIC_all_raw\HS\s3\micro\negative\s3_ne_08\image325395.bmp|C:\Users\iRoti\Desktop\tt\SMIC\SMIC_all_raw\HS\s3\micro\negative\s3_ne_08\image325396.bmp|C:\Users\iRoti\Desktop\tt\SMIC\SMIC_all_raw\HS\s3\micro\negative\s3_ne_08\image325397.bmp|C:\Users\iRoti\Desktop\tt\SMIC\SMIC_all_raw\HS\s3\micro\negative\s3_ne_08\image325398.bmp|C:\Users\iRoti\Desktop\tt\SMIC\SMIC_all_raw\HS\s3\micro\negative\s3_ne_08\image325399.bmp|C:\Users\iRoti\Desktop\tt\SMIC\SMIC_all_raw\HS\s3\micro\negative\s3_ne_08\image325400.bmp|C:\Users\iRoti\Desktop\tt\SMIC\SMIC_all_raw\HS\s3\micro\negative\s3_ne_08\image325401.bmp|C:\Users\iRoti\Desktop\tt\SMIC\SMIC_all_raw\HS\s3\micro\negative\s3_ne_08\image325402.bmp|C:\Users\iRoti\Desktop\tt\SMIC\SMIC_all_raw\HS\s3\micro\negative\s3_ne_08\image325403.bmp|C:\Users\iRoti\Desktop\tt\SMIC\SMIC_all_raw\HS\s3\micro\negative\s3_ne_08\image325404.bmp|C:\Users\iRoti\Desktop\tt\SMIC\SMIC_all_raw\HS\s3\micro\negative\s3_ne_08\image325405.bmp|C:\Users\iRoti\Desktop\tt\SMIC\SMIC_all_raw\HS\s3\micro\negative\s3_ne_08\image325406.bmp|C:\Users\iRoti\Desktop\tt\SMIC\SMIC_all_raw\HS\s3\micro\negative\s3_ne_08\image325407.bmp|C:\Users\iRoti\Desktop\tt\SMIC\SMIC_all_raw\HS\s3\micro\negative\s3_ne_08\image325408.bmp|C:\Users\iRoti\Desktop\tt\SMIC\SMIC_all_raw\HS\s3\micro\negative\s3_ne_08\image325409.bmp|C:\Users\iRoti\Desktop\tt\SMIC\SMIC_all_raw\HS\s3\micro\negative\s3_ne_08\image325410.bmp|C:\Users\iRoti\Desktop\tt\SMIC\SMIC_all_raw\HS\s3\micro\negative\s3_ne_08\image325411.bmp|C:\Users\iRoti\Desktop\tt\SMIC\SMIC_all_raw\HS\s3\micro\negative\s3_ne_08\image325412.bmp|C:\Users\iRoti\Desktop\tt\SMIC\SMIC_all_raw\HS\s3\micro\negative\s3_ne_08\image325413.bmp|C:\Users\iRoti\Desktop\tt\SMIC\SMIC_all_raw\HS\s3\micro\negative\s3_ne_08\image325414.bmp|C:\Users\iRoti\Desktop\tt\SMIC\SMIC_all_raw\HS\s3\micro\negative\s3_ne_08\image325415.bmp|C:\Users\iRoti\Desktop\tt\SMIC\SMIC_all_raw\HS\s3\micro\negative\s3_ne_08\image325416.bmp|C:\Users\iRoti\Desktop\tt\SMIC\SMIC_all_raw\HS\s3\micro\negative\s3_ne_08\image325417.bmp|C:\Users\iRoti\Desktop\tt\SMIC\SMIC_all_raw\HS\s3\micro\negative\s3_ne_08\image325418.bmp|C:\Users\iRoti\Desktop\tt\SMIC\SMIC_all_raw\HS\s3\micro\negative\s3_ne_08\image325419.bmp|C:\Users\iRoti\Desktop\tt\SMIC\SMIC_all_raw\HS\s3\micro\negative\s3_ne_08\image325420.bmp
s3,HS_100fps,Negativo,C:\Users\iRoti\Desktop\tt\SMIC\SMIC_all_raw\HS\s3\micro\negative\s3_ne_09\image357430.bmp|C:\Users\iRoti\Desktop\tt\SMIC\SMIC_all_raw\HS\s3\micro\negative\s3_ne_09\image357431.bmp|C:\Users\iRoti\Desktop\tt\SMIC\SMIC_all_raw\HS\s3\micro\negative\s3_ne_09\image357432.bmp|C:\Users\iRoti\Desktop\tt\SMIC\SMIC_all_raw\HS\s3\micro\negative\s3_ne_09\image357433.bmp|C:\Users\iRoti\Desktop\tt\SMIC\SMIC_all_raw\HS\s3\micro\negative\s3_ne_09\image357434.bmp|C:\Users\iRoti\Desktop\tt\SMIC\SMIC_all_raw\HS\s3\micro\negative\s3_ne_09\image357435.bmp|C:\Users\iRoti\Desktop\tt\SMIC\SMIC_all_raw\HS\s3\micro\negative\s3_ne_09\image357436.bmp|C:\Users\iRoti\Desktop\tt\SMIC\SMIC_all_raw\HS\s3\micro\negative\s3_ne_09\image357437.bmp|C:\Users\iRoti\Desktop\tt\SMIC\SMIC_all_raw\HS\s3\micro\negative\s3_ne_09\image357438.bmp|C:\Users\iRoti\Desktop\tt\SMIC\SMIC_all_raw\HS\s3\micro\negative\s3_ne_09\image357439.bmp|C:\Users\iRoti\Desktop\tt\SMIC\SMIC_all_raw\HS\s3\micro\negative\s3_ne_09\image357440.bmp|C:\Users\iRoti\Desktop\tt\SMIC\SMIC_all_raw\HS\s3\micro\negative\s3_ne_09\image357441.bmp|C:\Users\iRoti\Desktop\tt\SMIC\SMIC_all_raw\HS\s3\micro\negative\s3_ne_09\image357442.bmp|C:\Users\iRoti\Desktop\tt\SMIC\SMIC_all_raw\HS\s3\micro\negative\s3_ne_09\image357443.bmp|C:\Users\iRoti\Desktop\tt\SMIC\SMIC_all_raw\HS\s3\micro\negative\s3_ne_09\image357444.bmp|C:\Users\iRoti\Desktop\tt\SMIC\SMIC_all_raw\HS\s3\micro\negative\s3_ne_09\image357445.bmp|C:\Users\iRoti\Desktop\tt\SMIC\SMIC_all_raw\HS\s3\micro\negative\s3_ne_09\image357446.bmp|C:\Users\iRoti\Desktop\tt\SMIC\SMIC_all_raw\HS\s3\micro\negative\s3_ne_09\image357447.bmp|C:\Users\iRoti\Desktop\tt\SMIC\SMIC_all_raw\HS\s3\micro\negative\s3_ne_09\image357448.bmp|C:\Users\iRoti\Desktop\tt\SMIC\SMIC_all_raw\HS\s3\micro\negative\s3_ne_09\image357449.bmp|C:\Users\iRoti\Desktop\tt\SMIC\SMIC_all_raw\HS\s3\micro\negative\s3_ne_09\image357450.bmp
s3,HS_100fps,Negativo,C:\Users\iRoti\Desktop\tt\SMIC\SMIC_all_raw\HS\s3\micro\negative\s3_ne_10\image358085.bmp|C:\Users\iRoti\Desktop\tt\SMIC\SMIC_all_raw\HS\s3\micro\negative\s3_ne_10\image358086.bmp|C:\Users\iRoti\Desktop\tt\SMIC\SMIC_all_raw\HS\s3\micro\negative\s3_ne_10\image358087.bmp|C:\Users\iRoti\Desktop\tt\SMIC\SMIC_all_raw\HS\s3\micro\negative\s3_ne_10\image358088.bmp|C:\Users\iRoti\Desktop\tt\SMIC\SMIC_all_raw\HS\s3\micro\negative\s3_ne_10\image358089.bmp|C:\Users\iRoti\Desktop\tt\SMIC\SMIC_all_raw\HS\s3\micro\negative\s3_ne_10\image358090.bmp|C:\Users\iRoti\Desktop\tt\SMIC\SMIC_all_raw\HS\s3\micro\negative\s3_ne_10\image358091.bmp|C:\Users\iRoti\Desktop\tt\SMIC\SMIC_all_raw\HS\s3\micro\negative\s3_ne_10\image358092.bmp|C:\Users\iRoti\Desktop\tt\SMIC\SMIC_all_raw\HS\s3\micro\negative\s3_ne_10\image358093.bmp|C:\Users\iRoti\Desktop\tt\SMIC\SMIC_all_raw\HS\s3\micro\negative\s3_ne_10\image358094.bmp|C:\Users\iRoti\Desktop\tt\SMIC\SMIC_all_raw\HS\s3\micro\negative\s3_ne_10\image358095.bmp|C:\Users\iRoti\Desktop\tt\SMIC\SMIC_all_raw\HS\s3\micro\negative\s3_ne_10\image358096.bmp|C:\Users\iRoti\Desktop\tt\SMIC\SMIC_all_raw\HS\s3\micro\negative\s3_ne_10\image358097.bmp|C:\Users\iRoti\Desktop\tt\SMIC\SMIC_all_raw\HS\s3\micro\negative\s3_ne_10\image358098.bmp|C:\Users\iRoti\Desktop\tt\SMIC\SMIC_all_raw\HS\s3\micro\negative\s3_ne_10\image358099.bmp|C:\Users\iRoti\Desktop\tt\SMIC\SMIC_all_raw\HS\s3\micro\negative\s3_ne_10\image358100.bmp|C:\Users\iRoti\Desktop\tt\SMIC\SMIC_all_raw\HS\s3\micro\negative\s3_ne_10\image358101.bmp|C:\Users\iRoti\Desktop\tt\SMIC\SMIC_all_raw\HS\s3\micro\negative\s3_ne_10\image358102.bmp|C:\Users\iRoti\Desktop\tt\SMIC\SMIC_all_raw\HS\s3\micro\negative\s3_ne_10\image358103.bmp|C:\Users\iRoti\Desktop\tt\SMIC\SMIC_all_raw\HS\s3\micro\negative\s3_ne_10\image358104.bmp|C:\Users\iRoti\Desktop\tt\SMIC\SMIC_all_raw\HS\s3\micro\negative\s3_ne_10\image358105.bmp|C:\Users\iRoti\Desktop\tt\SMIC\SMIC_all_raw\HS\s3\micro\negative\s3_ne_10\image358106.bmp|C:\Users\iRoti\Desktop\tt\SMIC\SMIC_all_raw\HS\s3\micro\negative\s3_ne_10\image358107.bmp|C:\Users\iRoti\Desktop\tt\SMIC\SMIC_all_raw\HS\s3\micro\negative\s3_ne_10\image358108.bmp|C:\Users\iRoti\Desktop\tt\SMIC\SMIC_all_raw\HS\s3\micro\negative\s3_ne_10\image358109.bmp|C:\Users\iRoti\Desktop\tt\SMIC\SMIC_all_raw\HS\s3\micro\negative\s3_ne_10\image358110.bmp|C:\Users\iRoti\Desktop\tt\SMIC\SMIC_all_raw\HS\s3\micro\negative\s3_ne_10\image358111.bmp|C:\Users\iRoti\Desktop\tt\SMIC\SMIC_all_raw\HS\s3\micro\negative\s3_ne_10\image358112.bmp|C:\Users\iRoti\Desktop\tt\SMIC\SMIC_all_raw\HS\s3\micro\negative\s3_ne_10\image358113.bmp|C:\Users\iRoti\Desktop\tt\SMIC\SMIC_all_raw\HS\s3\micro\negative\s3_ne_10\image358114.bmp|C:\Users\iRoti\Desktop\tt\SMIC\SMIC_all_raw\HS\s3\micro\negative\s3_ne_10\image358115.bmp
s3,HS_100fps,Negativo,C:\Users\iRoti\Desktop\tt\SMIC\SMIC_all_raw\HS\s3\micro\negative\s3_ne_11\image362132.bmp|C:\Users\iRoti\Desktop\tt\SMIC\SMIC_all_raw\HS\s3\micro\negative\s3_ne_11\image362133.bmp|C:\Users\iRoti\Desktop\tt\SMIC\SMIC_all_raw\HS\s3\micro\negative\s3_ne_11\image362134.bmp|C:\Users\iRoti\Desktop\tt\SMIC\SMIC_all_raw\HS\s3\micro\negative\s3_ne_11\image362135.bmp|C:\Users\iRoti\Desktop\tt\SMIC\SMIC_all_raw\HS\s3\micro\negative\s3_ne_11\image362136.bmp|C:\Users\iRoti\Desktop\tt\SMIC\SMIC_all_raw\HS\s3\micro\negative\s3_ne_11\image362137.bmp|C:\Users\iRoti\Desktop\tt\SMIC\SMIC_all_raw\HS\s3\micro\negative\s3_ne_11\image362138.bmp|C:\Users\iRoti\Desktop\tt\SMIC\SMIC_all_raw\HS\s3\micro\negative\s3_ne_11\image362139.bmp|C:\Users\iRoti\Desktop\tt\SMIC\SMIC_all_raw\HS\s3\micro\negative\s3_ne_11\image362140.bmp|C:\Users\iRoti\Desktop\tt\SMIC\SMIC_all_raw\HS\s3\micro\negative\s3_ne_11\image362141.bmp|C:\Users\iRoti\Desktop\tt\SMIC\SMIC_all_raw\HS\s3\micro\negative\s3_ne_11\image362142.bmp|C:\Users\iRoti\Desktop\tt\SMIC\SMIC_all_raw\HS\s3\micro\negative\s3_ne_11\image362143.bmp|C:\Users\iRoti\Desktop\tt\SMIC\SMIC_all_raw\HS\s3\micro\negative\s3_ne_11\image362144.bmp|C:\Users\iRoti\Desktop\tt\SMIC\SMIC_all_raw\HS\s3\micro\negative\s3_ne_11\image362145.bmp|C:\Users\iRoti\Desktop\tt\SMIC\SMIC_all_raw\HS\s3\micro\negative\s3_ne_11\image362146.bmp|C:\Users\iRoti\Desktop\tt\SMIC\SMIC_all_raw\HS\s3\micro\negative\s3_ne_11\image362147.bmp|C:\Users\iRoti\Desktop\tt\SMIC\SMIC_all_raw\HS\s3\micro\negative\s3_ne_11\image362148.bmp|C:\Users\iRoti\Desktop\tt\SMIC\SMIC_all_raw\HS\s3\micro\negative\s3_ne_11\image362149.bmp|C:\Users\iRoti\Desktop\tt\SMIC\SMIC_all_raw\HS\s3\micro\negative\s3_ne_11\image362150.bmp|C:\Users\iRoti\Desktop\tt\SMIC\SMIC_all_raw\HS\s3\micro\negative\s3_ne_11\image362151.bmp|C:\Users\iRoti\Desktop\tt\SMIC\SMIC_all_raw\HS\s3\micro\negative\s3_ne_11\image362152.bmp|C:\Users\iRoti\Desktop\tt\SMIC\SMIC_all_raw\HS\s3\micro\negative\s3_ne_11\image362153.bmp|C:\Users\iRoti\Desktop\tt\SMIC\SMIC_all_raw\HS\s3\micro\negative\s3_ne_11\image362154.bmp|C:\Users\iRoti\Desktop\tt\SMIC\SMIC_all_raw\HS\s3\micro\negative\s3_ne_11\image362155.bmp|C:\Users\iRoti\Desktop\tt\SMIC\SMIC_all_raw\HS\s3\micro\negative\s3_ne_11\image362156.bmp|C:\Users\iRoti\Desktop\tt\SMIC\SMIC_all_raw\HS\s3\micro\negative\s3_ne_11\image362157.bmp
s3,HS_100fps,Negativo,C:\Users\iRoti\Desktop\tt\SMIC\SMIC_all_raw\HS\s3\micro\negative\s3_ne_12\image365106.bmp|C:\Users\iRoti\Desktop\tt\SMIC\SMIC_all_raw\HS\s3\micro\negative\s3_ne_12\image365107.bmp|C:\Users\iRoti\Desktop\tt\SMIC\SMIC_all_raw\HS\s3\micro\negative\s3_ne_12\image365108.bmp|C:\Users\iRoti\Desktop\tt\SMIC\SMIC_all_raw\HS\s3\micro\negative\s3_ne_12\image365109.bmp|C:\Users\iRoti\Desktop\tt\SMIC\SMIC_all_raw\HS\s3\micro\negative\s3_ne_12\image365110.bmp|C:\Users\iRoti\Desktop\tt\SMIC\SMIC_all_raw\HS\s3\micro\negative\s3_ne_12\image365111.bmp|C:\Users\iRoti\Desktop\tt\SMIC\SMIC_all_raw\HS\s3\micro\negative\s3_ne_12\image365112.bmp|C:\Users\iRoti\Desktop\tt\SMIC\SMIC_all_raw\HS\s3\micro\negative\s3_ne_12\image365113.bmp|C:\Users\iRoti\Desktop\tt\SMIC\SMIC_all_raw\HS\s3\micro\negative\s3_ne_12\image365114.bmp|C:\Users\iRoti\Desktop\tt\SMIC\SMIC_all_raw\HS\s3\micro\negative\s3_ne_12\image365115.bmp|C:\Users\iRoti\Desktop\tt\SMIC\SMIC_all_raw\HS\s3\micro\negative\s3_ne_12\image365116.bmp|C:\Users\iRoti\Desktop\tt\SMIC\SMIC_all_raw\HS\s3\micro\negative\s3_ne_12\image365117.bmp|C:\Users\iRoti\Desktop\tt\SMIC\SMIC_all_raw\HS\s3\micro\negative\s3_ne_12\image365118.bmp|C:\Users\iRoti\Desktop\tt\SMIC\SMIC_all_raw\HS\s3\micro\negative\s3_ne_12\image365119.bmp|C:\Users\iRoti\Desktop\tt\SMIC\SMIC_all_raw\HS\s3\micro\negative\s3_ne_12\image365120.bmp|C:\Users\iRoti\Desktop\tt\SMIC\SMIC_all_raw\HS\s3\micro\negative\s3_ne_12\image365121.bmp|C:\Users\iRoti\Desktop\tt\SMIC\SMIC_all_raw\HS\s3\micro\negative\s3_ne_12\image365122.bmp|C:\Users\iRoti\Desktop\tt\SMIC\SMIC_all_raw\HS\s3\micro\negative\s3_ne_12\image365123.bmp|C:\Users\iRoti\Desktop\tt\SMIC\SMIC_all_raw\HS\s3\micro\negative\s3_ne_12\image365124.bmp|C:\Users\iRoti\Desktop\tt\SMIC\SMIC_all_raw\HS\s3\micro\negative\s3_ne_12\image365125.bmp|C:\Users\iRoti\Desktop\tt\SMIC\SMIC_all_raw\HS\s3\micro\negative\s3_ne_12\image365126.bmp|C:\Users\iRoti\Desktop\tt\SMIC\SMIC_all_raw\HS\s3\micro\negative\s3_ne_12\image365127.bmp|C:\Users\iRoti\Desktop\tt\SMIC\SMIC_all_raw\HS\s3\micro\negative\s3_ne_12\image365128.bmp
s3,HS_100fps,Negativo,C:\Users\iRoti\Desktop\tt\SMIC\SMIC_all_raw\HS\s3\micro\negative\s3_ne_13\image388781.bmp|C:\Users\iRoti\Desktop\tt\SMIC\SMIC_all_raw\HS\s3\micro\negative\s3_ne_13\image388782.bmp|C:\Users\iRoti\Desktop\tt\SMIC\SMIC_all_raw\HS\s3\micro\negative\s3_ne_13\image388783.bmp|C:\Users\iRoti\Desktop\tt\SMIC\SMIC_all_raw\HS\s3\micro\negative\s3_ne_13\image388784.bmp|C:\Users\iRoti\Desktop\tt\SMIC\SMIC_all_raw\HS\s3\micro\negative\s3_ne_13\image388785.bmp|C:\Users\iRoti\Desktop\tt\SMIC\SMIC_all_raw\HS\s3\micro\negative\s3_ne_13\image388786.bmp|C:\Users\iRoti\Desktop\tt\SMIC\SMIC_all_raw\HS\s3\micro\negative\s3_ne_13\image388787.bmp|C:\Users\iRoti\Desktop\tt\SMIC\SMIC_all_raw\HS\s3\micro\negative\s3_ne_13\image388788.bmp|C:\Users\iRoti\Desktop\tt\SMIC\SMIC_all_raw\HS\s3\micro\negative\s3_ne_13\image388789.bmp|C:\Users\iRoti\Desktop\tt\SMIC\SMIC_all_raw\HS\s3\micro\negative\s3_ne_13\image388790.bmp|C:\Users\iRoti\Desktop\tt\SMIC\SMIC_all_raw\HS\s3\micro\negative\s3_ne_13\image388791.bmp|C:\Users\iRoti\Desktop\tt\SMIC\SMIC_all_raw\HS\s3\micro\negative\s3_ne_13\image388792.bmp|C:\Users\iRoti\Desktop\tt\SMIC\SMIC_all_raw\HS\s3\micro\negative\s3_ne_13\image388793.bmp|C:\Users\iRoti\Desktop\tt\SMIC\SMIC_all_raw\HS\s3\micro\negative\s3_ne_13\image388794.bmp|C:\Users\iRoti\Desktop\tt\SMIC\SMIC_all_raw\HS\s3\micro\negative\s3_ne_13\image388795.bmp|C:\Users\iRoti\Desktop\tt\SMIC\SMIC_all_raw\HS\s3\micro\negative\s3_ne_13\image388796.bmp|C:\Users\iRoti\Desktop\tt\SMIC\SMIC_all_raw\HS\s3\micro\negative\s3_ne_13\image388797.bmp|C:\Users\iRoti\Desktop\tt\SMIC\SMIC_all_raw\HS\s3\micro\negative\s3_ne_13\image388798.bmp|C:\Users\iRoti\Desktop\tt\SMIC\SMIC_all_raw\HS\s3\micro\negative\s3_ne_13\image388799.bmp|C:\Users\iRoti\Desktop\tt\SMIC\SMIC_all_raw\HS\s3\micro\negative\s3_ne_13\image388800.bmp|C:\Users\iRoti\Desktop\tt\SMIC\SMIC_all_raw\HS\s3\micro\negative\s3_ne_13\image388801.bmp|C:\Users\iRoti\Desktop\tt\SMIC\SMIC_all_raw\HS\s3\micro\negative\s3_ne_13\image388802.bmp|C:\Users\iRoti\Desktop\tt\SMIC\SMIC_all_raw\HS\s3\micro\negative\s3_ne_13\image388803.bmp|C:\Users\iRoti\Desktop\tt\SMIC\SMIC_all_raw\HS\s3\micro\negative\s3_ne_13\image388804.bmp|C:\Users\iRoti\Desktop\tt\SMIC\SMIC_all_raw\HS\s3\micro\negative\s3_ne_13\image388805.bmp|C:\Users\iRoti\Desktop\tt\SMIC\SMIC_all_raw\HS\s3\micro\negative\s3_ne_13\image388806.bmp|C:\Users\iRoti\Desktop\tt\SMIC\SMIC_all_raw\HS\s3\micro\negative\s3_ne_13\image388807.bmp|C:\Users\iRoti\Desktop\tt\SMIC\SMIC_all_raw\HS\s3\micro\negative\s3_ne_13\image388808.bmp|C:\Users\iRoti\Desktop\tt\SMIC\SMIC_all_raw\HS\s3\micro\negative\s3_ne_13\image388809.bmp|C:\Users\iRoti\Desktop\tt\SMIC\SMIC_all_raw\HS\s3\micro\negative\s3_ne_13\image388810.bmp|C:\Users\iRoti\Desktop\tt\SMIC\SMIC_all_raw\HS\s3\micro\negative\s3_ne_13\image388811.bmp
s3,HS_100fps,Negativo,C:\Users\iRoti\Desktop\tt\SMIC\SMIC_all_raw\HS\s3\micro\negative\s3_ne_14\image401504.bmp|C:\Users\iRoti\Desktop\tt\SMIC\SMIC_all_raw\HS\s3\micro\negative\s3_ne_14\image401505.bmp|C:\Users\iRoti\Desktop\tt\SMIC\SMIC_all_raw\HS\s3\micro\negative\s3_ne_14\image401506.bmp|C:\Users\iRoti\Desktop\tt\SMIC\SMIC_all_raw\HS\s3\micro\negative\s3_ne_14\image401507.bmp|C:\Users\iRoti\Desktop\tt\SMIC\SMIC_all_raw\HS\s3\micro\negative\s3_ne_14\image401508.bmp|C:\Users\iRoti\Desktop\tt\SMIC\SMIC_all_raw\HS\s3\micro\negative\s3_ne_14\image401509.bmp|C:\Users\iRoti\Desktop\tt\SMIC\SMIC_all_raw\HS\s3\micro\negative\s3_ne_14\image401510.bmp|C:\Users\iRoti\Desktop\tt\SMIC\SMIC_all_raw\HS\s3\micro\negative\s3_ne_14\image401511.bmp|C:\Users\iRoti\Desktop\tt\SMIC\SMIC_all_raw\HS\s3\micro\negative\s3_ne_14\image401512.bmp|C:\Users\iRoti\Desktop\tt\SMIC\SMIC_all_raw\HS\s3\micro\negative\s3_ne_14\image401513.bmp|C:\Users\iRoti\Desktop\tt\SMIC\SMIC_all_raw\HS\s3\micro\negative\s3_ne_14\image401514.bmp|C:\Users\iRoti\Desktop\tt\SMIC\SMIC_all_raw\HS\s3\micro\negative\s3_ne_14\image401515.bmp|C:\Users\iRoti\Desktop\tt\SMIC\SMIC_all_raw\HS\s3\micro\negative\s3_ne_14\image401516.bmp|C:\Users\iRoti\Desktop\tt\SMIC\SMIC_all_raw\HS\s3\micro\negative\s3_ne_14\image401517.bmp|C:\Users\iRoti\Desktop\tt\SMIC\SMIC_all_raw\HS\s3\micro\negative\s3_ne_14\image401518.bmp|C:\Users\iRoti\Desktop\tt\SMIC\SMIC_all_raw\HS\s3\micro\negative\s3_ne_14\image401519.bmp|C:\Users\iRoti\Desktop\tt\SMIC\SMIC_all_raw\HS\s3\micro\negative\s3_ne_14\image401520.bmp|C:\Users\iRoti\Desktop\tt\SMIC\SMIC_all_raw\HS\s3\micro\negative\s3_ne_14\image401521.bmp|C:\Users\iRoti\Desktop\tt\SMIC\SMIC_all_raw\HS\s3\micro\negative\s3_ne_14\image401522.bmp|C:\Users\iRoti\Desktop\tt\SMIC\SMIC_all_raw\HS\s3\micro\negative\s3_ne_14\image401523.bmp|C:\Users\iRoti\Desktop\tt\SMIC\SMIC_all_raw\HS\s3\micro\negative\s3_ne_14\image401524.bmp|C:\Users\iRoti\Desktop\tt\SMIC\SMIC_all_raw\HS\s3\micro\negative\s3_ne_14\image401525.bmp|C:\Users\iRoti\Desktop\tt\SMIC\SMIC_all_raw\HS\s3\micro\negative\s3_ne_14\image401526.bmp|C:\Users\iRoti\Desktop\tt\SMIC\SMIC_all_raw\HS\s3\micro\negative\s3_ne_14\image401527.bmp|C:\Users\iRoti\Desktop\tt\SMIC\SMIC_all_raw\HS\s3\micro\negative\s3_ne_14\image401528.bmp|C:\Users\iRoti\Desktop\tt\SMIC\SMIC_all_raw\HS\s3\micro\negative\s3_ne_14\image401529.bmp|C:\Users\iRoti\Desktop\tt\SMIC\SMIC_all_raw\HS\s3\micro\negative\s3_ne_14\image401530.bmp|C:\Users\iRoti\Desktop\tt\SMIC\SMIC_all_raw\HS\s3\micro\negative\s3_ne_14\image401531.bmp|C:\Users\iRoti\Desktop\tt\SMIC\SMIC_all_raw\HS\s3\micro\negative\s3_ne_14\image401532.bmp|C:\Users\iRoti\Desktop\tt\SMIC\SMIC_all_raw\HS\s3\micro\negative\s3_ne_14\image401533.bmp
s3,HS_100fps,Negativo,C:\Users\iRoti\Desktop\tt\SMIC\SMIC_all_raw\HS\s3\micro\negative\s3_ne_15\image406314.bmp|C:\Users\iRoti\Desktop\tt\SMIC\SMIC_all_raw\HS\s3\micro\negative\s3_ne_15\image406315.bmp|C:\Users\iRoti\Desktop\tt\SMIC\SMIC_all_raw\HS\s3\micro\negative\s3_ne_15\image406316.bmp|C:\Users\iRoti\Desktop\tt\SMIC\SMIC_all_raw\HS\s3\micro\negative\s3_ne_15\image406317.bmp|C:\Users\iRoti\Desktop\tt\SMIC\SMIC_all_raw\HS\s3\micro\negative\s3_ne_15\image406318.bmp|C:\Users\iRoti\Desktop\tt\SMIC\SMIC_all_raw\HS\s3\micro\negative\s3_ne_15\image406319.bmp|C:\Users\iRoti\Desktop\tt\SMIC\SMIC_all_raw\HS\s3\micro\negative\s3_ne_15\image406320.bmp|C:\Users\iRoti\Desktop\tt\SMIC\SMIC_all_raw\HS\s3\micro\negative\s3_ne_15\image406321.bmp|C:\Users\iRoti\Desktop\tt\SMIC\SMIC_all_raw\HS\s3\micro\negative\s3_ne_15\image406322.bmp|C:\Users\iRoti\Desktop\tt\SMIC\SMIC_all_raw\HS\s3\micro\negative\s3_ne_15\image406323.bmp|C:\Users\iRoti\Desktop\tt\SMIC\SMIC_all_raw\HS\s3\micro\negative\s3_ne_15\image406324.bmp|C:\Users\iRoti\Desktop\tt\SMIC\SMIC_all_raw\HS\s3\micro\negative\s3_ne_15\image406325.bmp|C:\Users\iRoti\Desktop\tt\SMIC\SMIC_all_raw\HS\s3\micro\negative\s3_ne_15\image406326.bmp|C:\Users\iRoti\Desktop\tt\SMIC\SMIC_all_raw\HS\s3\micro\negative\s3_ne_15\image406327.bmp|C:\Users\iRoti\Desktop\tt\SMIC\SMIC_all_raw\HS\s3\micro\negative\s3_ne_15\image406328.bmp|C:\Users\iRoti\Desktop\tt\SMIC\SMIC_all_raw\HS\s3\micro\negative\s3_ne_15\image406329.bmp|C:\Users\iRoti\Desktop\tt\SMIC\SMIC_all_raw\HS\s3\micro\negative\s3_ne_15\image406330.bmp|C:\Users\iRoti\Desktop\tt\SMIC\SMIC_all_raw\HS\s3\micro\negative\s3_ne_15\image406331.bmp|C:\Users\iRoti\Desktop\tt\SMIC\SMIC_all_raw\HS\s3\micro\negative\s3_ne_15\image406332.bmp|C:\Users\iRoti\Desktop\tt\SMIC\SMIC_all_raw\HS\s3\micro\negative\s3_ne_15\image406333.bmp|C:\Users\iRoti\Desktop\tt\SMIC\SMIC_all_raw\HS\s3\micro\negative\s3_ne_15\image406334.bmp|C:\Users\iRoti\Desktop\tt\SMIC\SMIC_all_raw\HS\s3\micro\negative\s3_ne_15\image406335.bmp|C:\Users\iRoti\Desktop\tt\SMIC\SMIC_all_raw\HS\s3\micro\negative\s3_ne_15\image406336.bmp|C:\Users\iRoti\Desktop\tt\SMIC\SMIC_all_raw\HS\s3\micro\negative\s3_ne_15\image406337.bmp|C:\Users\iRoti\Desktop\tt\SMIC\SMIC_all_raw\HS\s3\micro\negative\s3_ne_15\image406338.bmp|C:\Users\iRoti\Desktop\tt\SMIC\SMIC_all_raw\HS\s3\micro\negative\s3_ne_15\image406339.bmp|C:\Users\iRoti\Desktop\tt\SMIC\SMIC_all_raw\HS\s3\micro\negative\s3_ne_15\image406340.bmp|C:\Users\iRoti\Desktop\tt\SMIC\SMIC_all_raw\HS\s3\micro\negative\s3_ne_15\image406341.bmp|C:\Users\iRoti\Desktop\tt\SMIC\SMIC_all_raw\HS\s3\micro\negative\s3_ne_15\image406342.bmp|C:\Users\iRoti\Desktop\tt\SMIC\SMIC_all_raw\HS\s3\micro\negative\s3_ne_15\image406343.bmp|C:\Users\iRoti\Desktop\tt\SMIC\SMIC_all_raw\HS\s3\micro\negative\s3_ne_15\image406344.bmp|C:\Users\iRoti\Desktop\tt\SMIC\SMIC_all_raw\HS\s3\micro\negative\s3_ne_15\image406345.bmp|C:\Users\iRoti\Desktop\tt\SMIC\SMIC_all_raw\HS\s3\micro\negative\s3_ne_15\image406346.bmp|C:\Users\iRoti\Desktop\tt\SMIC\SMIC_all_raw\HS\s3\micro\negative\s3_ne_15\image406347.bmp|C:\Users\iRoti\Desktop\tt\SMIC\SMIC_all_raw\HS\s3\micro\negative\s3_ne_15\image406348.bmp
s3,HS_100fps,Negativo,C:\Users\iRoti\Desktop\tt\SMIC\SMIC_all_raw\HS\s3\micro\negative\s3_ne_16\image409046.bmp|C:\Users\iRoti\Desktop\tt\SMIC\SMIC_all_raw\HS\s3\micro\negative\s3_ne_16\image409047.bmp|C:\Users\iRoti\Desktop\tt\SMIC\SMIC_all_raw\HS\s3\micro\negative\s3_ne_16\image409048.bmp|C:\Users\iRoti\Desktop\tt\SMIC\SMIC_all_raw\HS\s3\micro\negative\s3_ne_16\image409049.bmp|C:\Users\iRoti\Desktop\tt\SMIC\SMIC_all_raw\HS\s3\micro\negative\s3_ne_16\image409050.bmp|C:\Users\iRoti\Desktop\tt\SMIC\SMIC_all_raw\HS\s3\micro\negative\s3_ne_16\image409051.bmp|C:\Users\iRoti\Desktop\tt\SMIC\SMIC_all_raw\HS\s3\micro\negative\s3_ne_16\image409053.bmp|C:\Users\iRoti\Desktop\tt\SMIC\SMIC_all_raw\HS\s3\micro\negative\s3_ne_16\image409054.bmp|C:\Users\iRoti\Desktop\tt\SMIC\SMIC_all_raw\HS\s3\micro\negative\s3_ne_16\image409055.bmp|C:\Users\iRoti\Desktop\tt\SMIC\SMIC_all_raw\HS\s3\micro\negative\s3_ne_16\image409056.bmp|C:\Users\iRoti\Desktop\tt\SMIC\SMIC_all_raw\HS\s3\micro\negative\s3_ne_16\image409057.bmp|C:\Users\iRoti\Desktop\tt\SMIC\SMIC_all_raw\HS\s3\micro\negative\s3_ne_16\image409058.bmp|C:\Users\iRoti\Desktop\tt\SMIC\SMIC_all_raw\HS\s3\micro\negative\s3_ne_16\image409059.bmp|C:\Users\iRoti\Desktop\tt\SMIC\SMIC_all_raw\HS\s3\micro\negative\s3_ne_16\image409060.bmp|C:\Users\iRoti\Desktop\tt\SMIC\SMIC_all_raw\HS\s3\micro\negative\s3_ne_16\image409061.bmp|C:\Users\iRoti\Desktop\tt\SMIC\SMIC_all_raw\HS\s3\micro\negative\s3_ne_16\image409062.bmp|C:\Users\iRoti\Desktop\tt\SMIC\SMIC_all_raw\HS\s3\micro\negative\s3_ne_16\image409063.bmp
s3,HS_100fps,Negativo,C:\Users\iRoti\Desktop\tt\SMIC\SMIC_all_raw\HS\s3\micro\negative\s3_ne_17\image425101.bmp|C:\Users\iRoti\Desktop\tt\SMIC\SMIC_all_raw\HS\s3\micro\negative\s3_ne_17\image425102.bmp|C:\Users\iRoti\Desktop\tt\SMIC\SMIC_all_raw\HS\s3\micro\negative\s3_ne_17\image425103.bmp|C:\Users\iRoti\Desktop\tt\SMIC\SMIC_all_raw\HS\s3\micro\negative\s3_ne_17\image425104.bmp|C:\Users\iRoti\Desktop\tt\SMIC\SMIC_all_raw\HS\s3\micro\negative\s3_ne_17\image425105.bmp|C:\Users\iRoti\Desktop\tt\SMIC\SMIC_all_raw\HS\s3\micro\negative\s3_ne_17\image425106.bmp|C:\Users\iRoti\Desktop\tt\SMIC\SMIC_all_raw\HS\s3\micro\negative\s3_ne_17\image425107.bmp|C:\Users\iRoti\Desktop\tt\SMIC\SMIC_all_raw\HS\s3\micro\negative\s3_ne_17\image425108.bmp|C:\Users\iRoti\Desktop\tt\SMIC\SMIC_all_raw\HS\s3\micro\negative\s3_ne_17\image425109.bmp|C:\Users\iRoti\Desktop\tt\SMIC\SMIC_all_raw\HS\s3\micro\negative\s3_ne_17\image425110.bmp|C:\Users\iRoti\Desktop\tt\SMIC\SMIC_all_raw\HS\s3\micro\negative\s3_ne_17\image425111.bmp|C:\Users\iRoti\Desktop\tt\SMIC\SMIC_all_raw\HS\s3\micro\negative\s3_ne_17\image425112.bmp|C:\Users\iRoti\Desktop\tt\SMIC\SMIC_all_raw\HS\s3\micro\negative\s3_ne_17\image425113.bmp|C:\Users\iRoti\Desktop\tt\SMIC\SMIC_all_raw\HS\s3\micro\negative\s3_ne_17\image425114.bmp|C:\Users\iRoti\Desktop\tt\SMIC\SMIC_all_raw\HS\s3\micro\negative\s3_ne_17\image425115.bmp|C:\Users\iRoti\Desktop\tt\SMIC\SMIC_all_raw\HS\s3\micro\negative\s3_ne_17\image425116.bmp|C:\Users\iRoti\Desktop\tt\SMIC\SMIC_all_raw\HS\s3\micro\negative\s3_ne_17\image425117.bmp|C:\Users\iRoti\Desktop\tt\SMIC\SMIC_all_raw\HS\s3\micro\negative\s3_ne_17\image425118.bmp|C:\Users\iRoti\Desktop\tt\SMIC\SMIC_all_raw\HS\s3\micro\negative\s3_ne_17\image425119.bmp|C:\Users\iRoti\Desktop\tt\SMIC\SMIC_all_raw\HS\s3\micro\negative\s3_ne_17\image425120.bmp|C:\Users\iRoti\Desktop\tt\SMIC\SMIC_all_raw\HS\s3\micro\negative\s3_ne_17\image425121.bmp|C:\Users\iRoti\Desktop\tt\SMIC\SMIC_all_raw\HS\s3\micro\negative\s3_ne_17\image425122.bmp|C:\Users\iRoti\Desktop\tt\SMIC\SMIC_all_raw\HS\s3\micro\negative\s3_ne_17\image425123.bmp|C:\Users\iRoti\Desktop\tt\SMIC\SMIC_all_raw\HS\s3\micro\negative\s3_ne_17\image425124.bmp|C:\Users\iRoti\Desktop\tt\SMIC\SMIC_all_raw\HS\s3\micro\negative\s3_ne_17\image425125.bmp|C:\Users\iRoti\Desktop\tt\SMIC\SMIC_all_raw\HS\s3\micro\negative\s3_ne_17\image425126.bmp|C:\Users\iRoti\Desktop\tt\SMIC\SMIC_all_raw\HS\s3\micro\negative\s3_ne_17\image425127.bmp|C:\Users\iRoti\Desktop\tt\SMIC\SMIC_all_raw\HS\s3\micro\negative\s3_ne_17\image425128.bmp|C:\Users\iRoti\Desktop\tt\SMIC\SMIC_all_raw\HS\s3\micro\negative\s3_ne_17\image425129.bmp|C:\Users\iRoti\Desktop\tt\SMIC\SMIC_all_raw\HS\s3\micro\negative\s3_ne_17\image425130.bmp|C:\Users\iRoti\Desktop\tt\SMIC\SMIC_all_raw\HS\s3\micro\negative\s3_ne_17\image425131.bmp|C:\Users\iRoti\Desktop\tt\SMIC\SMIC_all_raw\HS\s3\micro\negative\s3_ne_17\image425132.bmp|C:\Users\iRoti\Desktop\tt\SMIC\SMIC_all_raw\HS\s3\micro\negative\s3_ne_17\image425133.bmp|C:\Users\iRoti\Desktop\tt\SMIC\SMIC_all_raw\HS\s3\micro\negative\s3_ne_17\image425134.bmp
s3,HS_100fps,Negativo,C:\Users\iRoti\Desktop\tt\SMIC\SMIC_all_raw\HS\s3\micro\negative\s3_ne_18\image425330.bmp|C:\Users\iRoti\Desktop\tt\SMIC\SMIC_all_raw\HS\s3\micro\negative\s3_ne_18\image425331.bmp|C:\Users\iRoti\Desktop\tt\SMIC\SMIC_all_raw\HS\s3\micro\negative\s3_ne_18\image425332.bmp|C:\Users\iRoti\Desktop\tt\SMIC\SMIC_all_raw\HS\s3\micro\negative\s3_ne_18\image425333.bmp|C:\Users\iRoti\Desktop\tt\SMIC\SMIC_all_raw\HS\s3\micro\negative\s3_ne_18\image425334.bmp|C:\Users\iRoti\Desktop\tt\SMIC\SMIC_all_raw\HS\s3\micro\negative\s3_ne_18\image425335.bmp|C:\Users\iRoti\Desktop\tt\SMIC\SMIC_all_raw\HS\s3\micro\negative\s3_ne_18\image425336.bmp|C:\Users\iRoti\Desktop\tt\SMIC\SMIC_all_raw\HS\s3\micro\negative\s3_ne_18\image425337.bmp|C:\Users\iRoti\Desktop\tt\SMIC\SMIC_all_raw\HS\s3\micro\negative\s3_ne_18\image425338.bmp|C:\Users\iRoti\Desktop\tt\SMIC\SMIC_all_raw\HS\s3\micro\negative\s3_ne_18\image425339.bmp|C:\Users\iRoti\Desktop\tt\SMIC\SMIC_all_raw\HS\s3\micro\negative\s3_ne_18\image425340.bmp|C:\Users\iRoti\Desktop\tt\SMIC\SMIC_all_raw\HS\s3\micro\negative\s3_ne_18\image425341.bmp|C:\Users\iRoti\Desktop\tt\SMIC\SMIC_all_raw\HS\s3\micro\negative\s3_ne_18\image425342.bmp|C:\Users\iRoti\Desktop\tt\SMIC\SMIC_all_raw\HS\s3\micro\negative\s3_ne_18\image425343.bmp|C:\Users\iRoti\Desktop\tt\SMIC\SMIC_all_raw\HS\s3\micro\negative\s3_ne_18\image425344.bmp|C:\Users\iRoti\Desktop\tt\SMIC\SMIC_all_raw\HS\s3\micro\negative\s3_ne_18\image425345.bmp|C:\Users\iRoti\Desktop\tt\SMIC\SMIC_all_raw\HS\s3\micro\negative\s3_ne_18\image425346.bmp|C:\Users\iRoti\Desktop\tt\SMIC\SMIC_all_raw\HS\s3\micro\negative\s3_ne_18\image425347.bmp|C:\Users\iRoti\Desktop\tt\SMIC\SMIC_all_raw\HS\s3\micro\negative\s3_ne_18\image425348.bmp|C:\Users\iRoti\Desktop\tt\SMIC\SMIC_all_raw\HS\s3\micro\negative\s3_ne_18\image425349.bmp|C:\Users\iRoti\Desktop\tt\SMIC\SMIC_all_raw\HS\s3\micro\negative\s3_ne_18\image425350.bmp|C:\Users\iRoti\Desktop\tt\SMIC\SMIC_all_raw\HS\s3\micro\negative\s3_ne_18\image425351.bmp|C:\Users\iRoti\Desktop\tt\SMIC\SMIC_all_raw\HS\s3\micro\negative\s3_ne_18\image425352.bmp|C:\Users\iRoti\Desktop\tt\SMIC\SMIC_all_raw\HS\s3\micro\negative\s3_ne_18\image425353.bmp|C:\Users\iRoti\Desktop\tt\SMIC\SMIC_all_raw\HS\s3\micro\negative\s3_ne_18\image425354.bmp|C:\Users\iRoti\Desktop\tt\SMIC\SMIC_all_raw\HS\s3\micro\negative\s3_ne_18\image425355.bmp|C:\Users\iRoti\Desktop\tt\SMIC\SMIC_all_raw\HS\s3\micro\negative\s3_ne_18\image425356.bmp|C:\Users\iRoti\Desktop\tt\SMIC\SMIC_all_raw\HS\s3\micro\negative\s3_ne_18\image425357.bmp|C:\Users\iRoti\Desktop\tt\SMIC\SMIC_all_raw\HS\s3\micro\negative\s3_ne_18\image425358.bmp|C:\Users\iRoti\Desktop\tt\SMIC\SMIC_all_raw\HS\s3\micro\negative\s3_ne_18\image425359.bmp|C:\Users\iRoti\Desktop\tt\SMIC\SMIC_all_raw\HS\s3\micro\negative\s3_ne_18\image425360.bmp|C:\Users\iRoti\Desktop\tt\SMIC\SMIC_all_raw\HS\s3\micro\negative\s3_ne_18\image425361.bmp|C:\Users\iRoti\Desktop\tt\SMIC\SMIC_all_raw\HS\s3\micro\negative\s3_ne_18\image425362.bmp|C:\Users\iRoti\Desktop\tt\SMIC\SMIC_all_raw\HS\s3\micro\negative\s3_ne_18\image425363.bmp|C:\Users\iRoti\Desktop\tt\SMIC\SMIC_all_raw\HS\s3\micro\negative\s3_ne_18\image425364.bmp|C:\Users\iRoti\Desktop\tt\SMIC\SMIC_all_raw\HS\s3\micro\negative\s3_ne_18\image425365.bmp|C:\Users\iRoti\Desktop\tt\SMIC\SMIC_all_raw\HS\s3\micro\negative\s3_ne_18\image425366.bmp|C:\Users\iRoti\Desktop\tt\SMIC\SMIC_all_raw\HS\s3\micro\negative\s3_ne_18\image425367.bmp|C:\Users\iRoti\Desktop\tt\SMIC\SMIC_all_raw\HS\s3\micro\negative\s3_ne_18\image425368.bmp|C:\Users\iRoti\Desktop\tt\SMIC\SMIC_all_raw\HS\s3\micro\negative\s3_ne_18\image425369.bmp
s3,HS_100fps,Negativo,C:\Users\iRoti\Desktop\tt\SMIC\SMIC_all_raw\HS\s3\micro\negative\s3_ne_19\image425879.bmp|C:\Users\iRoti\Desktop\tt\SMIC\SMIC_all_raw\HS\s3\micro\negative\s3_ne_19\image425880.bmp|C:\Users\iRoti\Desktop\tt\SMIC\SMIC_all_raw\HS\s3\micro\negative\s3_ne_19\image425881.bmp|C:\Users\iRoti\Desktop\tt\SMIC\SMIC_all_raw\HS\s3\micro\negative\s3_ne_19\image425882.bmp|C:\Users\iRoti\Desktop\tt\SMIC\SMIC_all_raw\HS\s3\micro\negative\s3_ne_19\image425883.bmp|C:\Users\iRoti\Desktop\tt\SMIC\SMIC_all_raw\HS\s3\micro\negative\s3_ne_19\image425884.bmp|C:\Users\iRoti\Desktop\tt\SMIC\SMIC_all_raw\HS\s3\micro\negative\s3_ne_19\image425885.bmp|C:\Users\iRoti\Desktop\tt\SMIC\SMIC_all_raw\HS\s3\micro\negative\s3_ne_19\image425886.bmp|C:\Users\iRoti\Desktop\tt\SMIC\SMIC_all_raw\HS\s3\micro\negative\s3_ne_19\image425887.bmp|C:\Users\iRoti\Desktop\tt\SMIC\SMIC_all_raw\HS\s3\micro\negative\s3_ne_19\image425888.bmp|C:\Users\iRoti\Desktop\tt\SMIC\SMIC_all_raw\HS\s3\micro\negative\s3_ne_19\image425889.bmp|C:\Users\iRoti\Desktop\tt\SMIC\SMIC_all_raw\HS\s3\micro\negative\s3_ne_19\image425890.bmp|C:\Users\iRoti\Desktop\tt\SMIC\SMIC_all_raw\HS\s3\micro\negative\s3_ne_19\image425891.bmp|C:\Users\iRoti\Desktop\tt\SMIC\SMIC_all_raw\HS\s3\micro\negative\s3_ne_19\image425892.bmp|C:\Users\iRoti\Desktop\tt\SMIC\SMIC_all_raw\HS\s3\micro\negative\s3_ne_19\image425893.bmp|C:\Users\iRoti\Desktop\tt\SMIC\SMIC_all_raw\HS\s3\micro\negative\s3_ne_19\image425894.bmp|C:\Users\iRoti\Desktop\tt\SMIC\SMIC_all_raw\HS\s3\micro\negative\s3_ne_19\image425895.bmp|C:\Users\iRoti\Desktop\tt\SMIC\SMIC_all_raw\HS\s3\micro\negative\s3_ne_19\image425896.bmp|C:\Users\iRoti\Desktop\tt\SMIC\SMIC_all_raw\HS\s3\micro\negative\s3_ne_19\image425897.bmp|C:\Users\iRoti\Desktop\tt\SMIC\SMIC_all_raw\HS\s3\micro\negative\s3_ne_19\image425898.bmp|C:\Users\iRoti\Desktop\tt\SMIC\SMIC_all_raw\HS\s3\micro\negative\s3_ne_19\image425899.bmp|C:\Users\iRoti\Desktop\tt\SMIC\SMIC_all_raw\HS\s3\micro\negative\s3_ne_19\image425900.bmp|C:\Users\iRoti\Desktop\tt\SMIC\SMIC_all_raw\HS\s3\micro\negative\s3_ne_19\image425901.bmp|C:\Users\iRoti\Desktop\tt\SMIC\SMIC_all_raw\HS\s3\micro\negative\s3_ne_19\image425902.bmp|C:\Users\iRoti\Desktop\tt\SMIC\SMIC_all_raw\HS\s3\micro\negative\s3_ne_19\image425903.bmp|C:\Users\iRoti\Desktop\tt\SMIC\SMIC_all_raw\HS\s3\micro\negative\s3_ne_19\image425904.bmp|C:\Users\iRoti\Desktop\tt\SMIC\SMIC_all_raw\HS\s3\micro\negative\s3_ne_19\image425905.bmp|C:\Users\iRoti\Desktop\tt\SMIC\SMIC_all_raw\HS\s3\micro\negative\s3_ne_19\image425906.bmp|C:\Users\iRoti\Desktop\tt\SMIC\SMIC_all_raw\HS\s3\micro\negative\s3_ne_19\image425907.bmp|C:\Users\iRoti\Desktop\tt\SMIC\SMIC_all_raw\HS\s3\micro\negative\s3_ne_19\image425908.bmp|C:\Users\iRoti\Desktop\tt\SMIC\SMIC_all_raw\HS\s3\micro\negative\s3_ne_19\image425909.bmp|C:\Users\iRoti\Desktop\tt\SMIC\SMIC_all_raw\HS\s3\micro\negative\s3_ne_19\image425910.bmp|C:\Users\iRoti\Desktop\tt\SMIC\SMIC_all_raw\HS\s3\micro\negative\s3_ne_19\image425911.bmp|C:\Users\iRoti\Desktop\tt\SMIC\SMIC_all_raw\HS\s3\micro\negative\s3_ne_19\image425912.bmp|C:\Users\iRoti\Desktop\tt\SMIC\SMIC_all_raw\HS\s3\micro\negative\s3_ne_19\image425913.bmp|C:\Users\iRoti\Desktop\tt\SMIC\SMIC_all_raw\HS\s3\micro\negative\s3_ne_19\image425914.bmp|C:\Users\iRoti\Desktop\tt\SMIC\SMIC_all_raw\HS\s3\micro\negative\s3_ne_19\image425915.bmp|C:\Users\iRoti\Desktop\tt\SMIC\SMIC_all_raw\HS\s3\micro\negative\s3_ne_19\image425916.bmp|C:\Users\iRoti\Desktop\tt\SMIC\SMIC_all_raw\HS\s3\micro\negative\s3_ne_19\image425917.bmp|C:\Users\iRoti\Desktop\tt\SMIC\SMIC_all_raw\HS\s3\micro\negative\s3_ne_19\image425918.bmp
s3,HS_100fps,Negativo,C:\Users\iRoti\Desktop\tt\SMIC\SMIC_all_raw\HS\s3\micro\negative\s3_ne_20\image426679.bmp|C:\Users\iRoti\Desktop\tt\SMIC\SMIC_all_raw\HS\s3\micro\negative\s3_ne_20\image426680.bmp|C:\Users\iRoti\Desktop\tt\SMIC\SMIC_all_raw\HS\s3\micro\negative\s3_ne_20\image426681.bmp|C:\Users\iRoti\Desktop\tt\SMIC\SMIC_all_raw\HS\s3\micro\negative\s3_ne_20\image426682.bmp|C:\Users\iRoti\Desktop\tt\SMIC\SMIC_all_raw\HS\s3\micro\negative\s3_ne_20\image426683.bmp|C:\Users\iRoti\Desktop\tt\SMIC\SMIC_all_raw\HS\s3\micro\negative\s3_ne_20\image426684.bmp|C:\Users\iRoti\Desktop\tt\SMIC\SMIC_all_raw\HS\s3\micro\negative\s3_ne_20\image426685.bmp|C:\Users\iRoti\Desktop\tt\SMIC\SMIC_all_raw\HS\s3\micro\negative\s3_ne_20\image426686.bmp|C:\Users\iRoti\Desktop\tt\SMIC\SMIC_all_raw\HS\s3\micro\negative\s3_ne_20\image426687.bmp|C:\Users\iRoti\Desktop\tt\SMIC\SMIC_all_raw\HS\s3\micro\negative\s3_ne_20\image426688.bmp|C:\Users\iRoti\Desktop\tt\SMIC\SMIC_all_raw\HS\s3\micro\negative\s3_ne_20\image426689.bmp|C:\Users\iRoti\Desktop\tt\SMIC\SMIC_all_raw\HS\s3\micro\negative\s3_ne_20\image426690.bmp|C:\Users\iRoti\Desktop\tt\SMIC\SMIC_all_raw\HS\s3\micro\negative\s3_ne_20\image426691.bmp|C:\Users\iRoti\Desktop\tt\SMIC\SMIC_all_raw\HS\s3\micro\negative\s3_ne_20\image426692.bmp|C:\Users\iRoti\Desktop\tt\SMIC\SMIC_all_raw\HS\s3\micro\negative\s3_ne_20\image426693.bmp|C:\Users\iRoti\Desktop\tt\SMIC\SMIC_all_raw\HS\s3\micro\negative\s3_ne_20\image426694.bmp|C:\Users\iRoti\Desktop\tt\SMIC\SMIC_all_raw\HS\s3\micro\negative\s3_ne_20\image426695.bmp|C:\Users\iRoti\Desktop\tt\SMIC\SMIC_all_raw\HS\s3\micro\negative\s3_ne_20\image426696.bmp|C:\Users\iRoti\Desktop\tt\SMIC\SMIC_all_raw\HS\s3\micro\negative\s3_ne_20\image426697.bmp|C:\Users\iRoti\Desktop\tt\SMIC\SMIC_all_raw\HS\s3\micro\negative\s3_ne_20\image426698.bmp|C:\Users\iRoti\Desktop\tt\SMIC\SMIC_all_raw\HS\s3\micro\negative\s3_ne_20\image426699.bmp|C:\Users\iRoti\Desktop\tt\SMIC\SMIC_all_raw\HS\s3\micro\negative\s3_ne_20\image426700.bmp|C:\Users\iRoti\Desktop\tt\SMIC\SMIC_all_raw\HS\s3\micro\negative\s3_ne_20\image426701.bmp|C:\Users\iRoti\Desktop\tt\SMIC\SMIC_all_raw\HS\s3\micro\negative\s3_ne_20\image426702.bmp|C:\Users\iRoti\Desktop\tt\SMIC\SMIC_all_raw\HS\s3\micro\negative\s3_ne_20\image426703.bmp|C:\Users\iRoti\Desktop\tt\SMIC\SMIC_all_raw\HS\s3\micro\negative\s3_ne_20\image426704.bmp|C:\Users\iRoti\Desktop\tt\SMIC\SMIC_all_raw\HS\s3\micro\negative\s3_ne_20\image426705.bmp|C:\Users\iRoti\Desktop\tt\SMIC\SMIC_all_raw\HS\s3\micro\negative\s3_ne_20\image426706.bmp|C:\Users\iRoti\Desktop\tt\SMIC\SMIC_all_raw\HS\s3\micro\negative\s3_ne_20\image426707.bmp|C:\Users\iRoti\Desktop\tt\SMIC\SMIC_all_raw\HS\s3\micro\negative\s3_ne_20\image426708.bmp|C:\Users\iRoti\Desktop\tt\SMIC\SMIC_all_raw\HS\s3\micro\negative\s3_ne_20\image426709.bmp
s3,HS_100fps,Negativo,C:\Users\iRoti\Desktop\tt\SMIC\SMIC_all_raw\HS\s3\micro\negative\s3_ne_21\image427607.bmp|C:\Users\iRoti\Desktop\tt\SMIC\SMIC_all_raw\HS\s3\micro\negative\s3_ne_21\image427608.bmp|C:\Users\iRoti\Desktop\tt\SMIC\SMIC_all_raw\HS\s3\micro\negative\s3_ne_21\image427609.bmp|C:\Users\iRoti\Desktop\tt\SMIC\SMIC_all_raw\HS\s3\micro\negative\s3_ne_21\image427610.bmp|C:\Users\iRoti\Desktop\tt\SMIC\SMIC_all_raw\HS\s3\micro\negative\s3_ne_21\image427611.bmp|C:\Users\iRoti\Desktop\tt\SMIC\SMIC_all_raw\HS\s3\micro\negative\s3_ne_21\image427612.bmp|C:\Users\iRoti\Desktop\tt\SMIC\SMIC_all_raw\HS\s3\micro\negative\s3_ne_21\image427613.bmp|C:\Users\iRoti\Desktop\tt\SMIC\SMIC_all_raw\HS\s3\micro\negative\s3_ne_21\image427614.bmp|C:\Users\iRoti\Desktop\tt\SMIC\SMIC_all_raw\HS\s3\micro\negative\s3_ne_21\image427615.bmp|C:\Users\iRoti\Desktop\tt\SMIC\SMIC_all_raw\HS\s3\micro\negative\s3_ne_21\image427616.bmp|C:\Users\iRoti\Desktop\tt\SMIC\SMIC_all_raw\HS\s3\micro\negative\s3_ne_21\image427617.bmp|C:\Users\iRoti\Desktop\tt\SMIC\SMIC_all_raw\HS\s3\micro\negative\s3_ne_21\image427618.bmp|C:\Users\iRoti\Desktop\tt\SMIC\SMIC_all_raw\HS\s3\micro\negative\s3_ne_21\image427619.bmp|C:\Users\iRoti\Desktop\tt\SMIC\SMIC_all_raw\HS\s3\micro\negative\s3_ne_21\image427620.bmp|C:\Users\iRoti\Desktop\tt\SMIC\SMIC_all_raw\HS\s3\micro\negative\s3_ne_21\image427621.bmp|C:\Users\iRoti\Desktop\tt\SMIC\SMIC_all_raw\HS\s3\micro\negative\s3_ne_21\image427622.bmp|C:\Users\iRoti\Desktop\tt\SMIC\SMIC_all_raw\HS\s3\micro\negative\s3_ne_21\image427623.bmp|C:\Users\iRoti\Desktop\tt\SMIC\SMIC_all_raw\HS\s3\micro\negative\s3_ne_21\image427624.bmp|C:\Users\iRoti\Desktop\tt\SMIC\SMIC_all_raw\HS\s3\micro\negative\s3_ne_21\image427625.bmp|C:\Users\iRoti\Desktop\tt\SMIC\SMIC_all_raw\HS\s3\micro\negative\s3_ne_21\image427626.bmp
s3,HS_100fps,Negativo,C:\Users\iRoti\Desktop\tt\SMIC\SMIC_all_raw\HS\s3\micro\negative\s3_ne_22\image443812.bmp|C:\Users\iRoti\Desktop\tt\SMIC\SMIC_all_raw\HS\s3\micro\negative\s3_ne_22\image443813.bmp|C:\Users\iRoti\Desktop\tt\SMIC\SMIC_all_raw\HS\s3\micro\negative\s3_ne_22\image443814.bmp|C:\Users\iRoti\Desktop\tt\SMIC\SMIC_all_raw\HS\s3\micro\negative\s3_ne_22\image443815.bmp|C:\Users\iRoti\Desktop\tt\SMIC\SMIC_all_raw\HS\s3\micro\negative\s3_ne_22\image443816.bmp|C:\Users\iRoti\Desktop\tt\SMIC\SMIC_all_raw\HS\s3\micro\negative\s3_ne_22\image443817.bmp|C:\Users\iRoti\Desktop\tt\SMIC\SMIC_all_raw\HS\s3\micro\negative\s3_ne_22\image443818.bmp|C:\Users\iRoti\Desktop\tt\SMIC\SMIC_all_raw\HS\s3\micro\negative\s3_ne_22\image443819.bmp|C:\Users\iRoti\Desktop\tt\SMIC\SMIC_all_raw\HS\s3\micro\negative\s3_ne_22\image443820.bmp|C:\Users\iRoti\Desktop\tt\SMIC\SMIC_all_raw\HS\s3\micro\negative\s3_ne_22\image443821.bmp|C:\Users\iRoti\Desktop\tt\SMIC\SMIC_all_raw\HS\s3\micro\negative\s3_ne_22\image443822.bmp|C:\Users\iRoti\Desktop\tt\SMIC\SMIC_all_raw\HS\s3\micro\negative\s3_ne_22\image443823.bmp|C:\Users\iRoti\Desktop\tt\SMIC\SMIC_all_raw\HS\s3\micro\negative\s3_ne_22\image443824.bmp|C:\Users\iRoti\Desktop\tt\SMIC\SMIC_all_raw\HS\s3\micro\negative\s3_ne_22\image443825.bmp|C:\Users\iRoti\Desktop\tt\SMIC\SMIC_all_raw\HS\s3\micro\negative\s3_ne_22\image443826.bmp|C:\Users\iRoti\Desktop\tt\SMIC\SMIC_all_raw\HS\s3\micro\negative\s3_ne_22\image443827.bmp|C:\Users\iRoti\Desktop\tt\SMIC\SMIC_all_raw\HS\s3\micro\negative\s3_ne_22\image443828.bmp|C:\Users\iRoti\Desktop\tt\SMIC\SMIC_all_raw\HS\s3\micro\negative\s3_ne_22\image443829.bmp|C:\Users\iRoti\Desktop\tt\SMIC\SMIC_all_raw\HS\s3\micro\negative\s3_ne_22\image443830.bmp|C:\Users\iRoti\Desktop\tt\SMIC\SMIC_all_raw\HS\s3\micro\negative\s3_ne_22\image443831.bmp|C:\Users\iRoti\Desktop\tt\SMIC\SMIC_all_raw\HS\s3\micro\negative\s3_ne_22\image443832.bmp|C:\Users\iRoti\Desktop\tt\SMIC\SMIC_all_raw\HS\s3\micro\negative\s3_ne_22\image443833.bmp|C:\Users\iRoti\Desktop\tt\SMIC\SMIC_all_raw\HS\s3\micro\negative\s3_ne_22\image443834.bmp
s3,HS_100fps,Felicidad,C:\Users\iRoti\Desktop\tt\SMIC\SMIC_all_raw\HS\s3\micro\positive\s3_po_01\image272800.bmp|C:\Users\iRoti\Desktop\tt\SMIC\SMIC_all_raw\HS\s3\micro\positive\s3_po_01\image272801.bmp|C:\Users\iRoti\Desktop\tt\SMIC\SMIC_all_raw\HS\s3\micro\positive\s3_po_01\image272802.bmp|C:\Users\iRoti\Desktop\tt\SMIC\SMIC_all_raw\HS\s3\micro\positive\s3_po_01\image272803.bmp|C:\Users\iRoti\Desktop\tt\SMIC\SMIC_all_raw\HS\s3\micro\positive\s3_po_01\image272804.bmp|C:\Users\iRoti\Desktop\tt\SMIC\SMIC_all_raw\HS\s3\micro\positive\s3_po_01\image272805.bmp|C:\Users\iRoti\Desktop\tt\SMIC\SMIC_all_raw\HS\s3\micro\positive\s3_po_01\image272806.bmp|C:\Users\iRoti\Desktop\tt\SMIC\SMIC_all_raw\HS\s3\micro\positive\s3_po_01\image272807.bmp|C:\Users\iRoti\Desktop\tt\SMIC\SMIC_all_raw\HS\s3\micro\positive\s3_po_01\image272808.bmp|C:\Users\iRoti\Desktop\tt\SMIC\SMIC_all_raw\HS\s3\micro\positive\s3_po_01\image272809.bmp|C:\Users\iRoti\Desktop\tt\SMIC\SMIC_all_raw\HS\s3\micro\positive\s3_po_01\image272810.bmp|C:\Users\iRoti\Desktop\tt\SMIC\SMIC_all_raw\HS\s3\micro\positive\s3_po_01\image272811.bmp|C:\Users\iRoti\Desktop\tt\SMIC\SMIC_all_raw\HS\s3\micro\positive\s3_po_01\image272812.bmp|C:\Users\iRoti\Desktop\tt\SMIC\SMIC_all_raw\HS\s3\micro\positive\s3_po_01\image272813.bmp|C:\Users\iRoti\Desktop\tt\SMIC\SMIC_all_raw\HS\s3\micro\positive\s3_po_01\image272814.bmp|C:\Users\iRoti\Desktop\tt\SMIC\SMIC_all_raw\HS\s3\micro\positive\s3_po_01\image272815.bmp|C:\Users\iRoti\Desktop\tt\SMIC\SMIC_all_raw\HS\s3\micro\positive\s3_po_01\image272816.bmp|C:\Users\iRoti\Desktop\tt\SMIC\SMIC_all_raw\HS\s3\micro\positive\s3_po_01\image272817.bmp|C:\Users\iRoti\Desktop\tt\SMIC\SMIC_all_raw\HS\s3\micro\positive\s3_po_01\image272818.bmp|C:\Users\iRoti\Desktop\tt\SMIC\SMIC_all_raw\HS\s3\micro\positive\s3_po_01\image272819.bmp|C:\Users\iRoti\Desktop\tt\SMIC\SMIC_all_raw\HS\s3\micro\positive\s3_po_01\image272820.bmp|C:\Users\iRoti\Desktop\tt\SMIC\SMIC_all_raw\HS\s3\micro\positive\s3_po_01\image272821.bmp|C:\Users\iRoti\Desktop\tt\SMIC\SMIC_all_raw\HS\s3\micro\positive\s3_po_01\image272822.bmp|C:\Users\iRoti\Desktop\tt\SMIC\SMIC_all_raw\HS\s3\micro\positive\s3_po_01\image272823.bmp|C:\Users\iRoti\Desktop\tt\SMIC\SMIC_all_raw\HS\s3\micro\positive\s3_po_01\image272824.bmp|C:\Users\iRoti\Desktop\tt\SMIC\SMIC_all_raw\HS\s3\micro\positive\s3_po_01\image272825.bmp
s3,HS_100fps,Felicidad,C:\Users\iRoti\Desktop\tt\SMIC\SMIC_all_raw\HS\s3\micro\positive\s3_po_02\image291386.bmp|C:\Users\iRoti\Desktop\tt\SMIC\SMIC_all_raw\HS\s3\micro\positive\s3_po_02\image291387.bmp|C:\Users\iRoti\Desktop\tt\SMIC\SMIC_all_raw\HS\s3\micro\positive\s3_po_02\image291388.bmp|C:\Users\iRoti\Desktop\tt\SMIC\SMIC_all_raw\HS\s3\micro\positive\s3_po_02\image291389.bmp|C:\Users\iRoti\Desktop\tt\SMIC\SMIC_all_raw\HS\s3\micro\positive\s3_po_02\image291390.bmp|C:\Users\iRoti\Desktop\tt\SMIC\SMIC_all_raw\HS\s3\micro\positive\s3_po_02\image291391.bmp|C:\Users\iRoti\Desktop\tt\SMIC\SMIC_all_raw\HS\s3\micro\positive\s3_po_02\image291392.bmp|C:\Users\iRoti\Desktop\tt\SMIC\SMIC_all_raw\HS\s3\micro\positive\s3_po_02\image291393.bmp|C:\Users\iRoti\Desktop\tt\SMIC\SMIC_all_raw\HS\s3\micro\positive\s3_po_02\image291394.bmp|C:\Users\iRoti\Desktop\tt\SMIC\SMIC_all_raw\HS\s3\micro\positive\s3_po_02\image291395.bmp|C:\Users\iRoti\Desktop\tt\SMIC\SMIC_all_raw\HS\s3\micro\positive\s3_po_02\image291396.bmp|C:\Users\iRoti\Desktop\tt\SMIC\SMIC_all_raw\HS\s3\micro\positive\s3_po_02\image291397.bmp|C:\Users\iRoti\Desktop\tt\SMIC\SMIC_all_raw\HS\s3\micro\positive\s3_po_02\image291398.bmp|C:\Users\iRoti\Desktop\tt\SMIC\SMIC_all_raw\HS\s3\micro\positive\s3_po_02\image291399.bmp|C:\Users\iRoti\Desktop\tt\SMIC\SMIC_all_raw\HS\s3\micro\positive\s3_po_02\image291400.bmp|C:\Users\iRoti\Desktop\tt\SMIC\SMIC_all_raw\HS\s3\micro\positive\s3_po_02\image291401.bmp|C:\Users\iRoti\Desktop\tt\SMIC\SMIC_all_raw\HS\s3\micro\positive\s3_po_02\image291402.bmp|C:\Users\iRoti\Desktop\tt\SMIC\SMIC_all_raw\HS\s3\micro\positive\s3_po_02\image291403.bmp|C:\Users\iRoti\Desktop\tt\SMIC\SMIC_all_raw\HS\s3\micro\positive\s3_po_02\image291404.bmp|C:\Users\iRoti\Desktop\tt\SMIC\SMIC_all_raw\HS\s3\micro\positive\s3_po_02\image291405.bmp|C:\Users\iRoti\Desktop\tt\SMIC\SMIC_all_raw\HS\s3\micro\positive\s3_po_02\image291406.bmp|C:\Users\iRoti\Desktop\tt\SMIC\SMIC_all_raw\HS\s3\micro\positive\s3_po_02\image291407.bmp|C:\Users\iRoti\Desktop\tt\SMIC\SMIC_all_raw\HS\s3\micro\positive\s3_po_02\image291408.bmp|C:\Users\iRoti\Desktop\tt\SMIC\SMIC_all_raw\HS\s3\micro\positive\s3_po_02\image291409.bmp|C:\Users\iRoti\Desktop\tt\SMIC\SMIC_all_raw\HS\s3\micro\positive\s3_po_02\image291410.bmp|C:\Users\iRoti\Desktop\tt\SMIC\SMIC_all_raw\HS\s3\micro\positive\s3_po_02\image291411.bmp|C:\Users\iRoti\Desktop\tt\SMIC\SMIC_all_raw\HS\s3\micro\positive\s3_po_02\image291412.bmp|C:\Users\iRoti\Desktop\tt\SMIC\SMIC_all_raw\HS\s3\micro\positive\s3_po_02\image291413.bmp|C:\Users\iRoti\Desktop\tt\SMIC\SMIC_all_raw\HS\s3\micro\positive\s3_po_02\image291414.bmp|C:\Users\iRoti\Desktop\tt\SMIC\SMIC_all_raw\HS\s3\micro\positive\s3_po_02\image291415.bmp|C:\Users\iRoti\Desktop\tt\SMIC\SMIC_all_raw\HS\s3\micro\positive\s3_po_02\image291416.bmp|C:\Users\iRoti\Desktop\tt\SMIC\SMIC_all_raw\HS\s3\micro\positive\s3_po_02\image291417.bmp|C:\Users\iRoti\Desktop\tt\SMIC\SMIC_all_raw\HS\s3\micro\positive\s3_po_02\image291418.bmp|C:\Users\iRoti\Desktop\tt\SMIC\SMIC_all_raw\HS\s3\micro\positive\s3_po_02\image291419.bmp
s3,HS_100fps,Felicidad,C:\Users\iRoti\Desktop\tt\SMIC\SMIC_all_raw\HS\s3\micro\positive\s3_po_03\image293422.bmp|C:\Users\iRoti\Desktop\tt\SMIC\SMIC_all_raw\HS\s3\micro\positive\s3_po_03\image293423.bmp|C:\Users\iRoti\Desktop\tt\SMIC\SMIC_all_raw\HS\s3\micro\positive\s3_po_03\image293424.bmp|C:\Users\iRoti\Desktop\tt\SMIC\SMIC_all_raw\HS\s3\micro\positive\s3_po_03\image293425.bmp|C:\Users\iRoti\Desktop\tt\SMIC\SMIC_all_raw\HS\s3\micro\positive\s3_po_03\image293426.bmp|C:\Users\iRoti\Desktop\tt\SMIC\SMIC_all_raw\HS\s3\micro\positive\s3_po_03\image293427.bmp|C:\Users\iRoti\Desktop\tt\SMIC\SMIC_all_raw\HS\s3\micro\positive\s3_po_03\image293428.bmp|C:\Users\iRoti\Desktop\tt\SMIC\SMIC_all_raw\HS\s3\micro\positive\s3_po_03\image293429.bmp|C:\Users\iRoti\Desktop\tt\SMIC\SMIC_all_raw\HS\s3\micro\positive\s3_po_03\image293430.bmp|C:\Users\iRoti\Desktop\tt\SMIC\SMIC_all_raw\HS\s3\micro\positive\s3_po_03\image293431.bmp|C:\Users\iRoti\Desktop\tt\SMIC\SMIC_all_raw\HS\s3\micro\positive\s3_po_03\image293432.bmp|C:\Users\iRoti\Desktop\tt\SMIC\SMIC_all_raw\HS\s3\micro\positive\s3_po_03\image293433.bmp|C:\Users\iRoti\Desktop\tt\SMIC\SMIC_all_raw\HS\s3\micro\positive\s3_po_03\image293434.bmp|C:\Users\iRoti\Desktop\tt\SMIC\SMIC_all_raw\HS\s3\micro\positive\s3_po_03\image293435.bmp|C:\Users\iRoti\Desktop\tt\SMIC\SMIC_all_raw\HS\s3\micro\positive\s3_po_03\image293436.bmp|C:\Users\iRoti\Desktop\tt\SMIC\SMIC_all_raw\HS\s3\micro\positive\s3_po_03\image293437.bmp|C:\Users\iRoti\Desktop\tt\SMIC\SMIC_all_raw\HS\s3\micro\positive\s3_po_03\image293438.bmp|C:\Users\iRoti\Desktop\tt\SMIC\SMIC_all_raw\HS\s3\micro\positive\s3_po_03\image293439.bmp|C:\Users\iRoti\Desktop\tt\SMIC\SMIC_all_raw\HS\s3\micro\positive\s3_po_03\image293440.bmp
s3,HS_100fps,Felicidad,C:\Users\iRoti\Desktop\tt\SMIC\SMIC_all_raw\HS\s3\micro\positive\s3_po_04\image294795.bmp|C:\Users\iRoti\Desktop\tt\SMIC\SMIC_all_raw\HS\s3\micro\positive\s3_po_04\image294796.bmp|C:\Users\iRoti\Desktop\tt\SMIC\SMIC_all_raw\HS\s3\micro\positive\s3_po_04\image294797.bmp|C:\Users\iRoti\Desktop\tt\SMIC\SMIC_all_raw\HS\s3\micro\positive\s3_po_04\image294798.bmp|C:\Users\iRoti\Desktop\tt\SMIC\SMIC_all_raw\HS\s3\micro\positive\s3_po_04\image294799.bmp|C:\Users\iRoti\Desktop\tt\SMIC\SMIC_all_raw\HS\s3\micro\positive\s3_po_04\image294800.bmp|C:\Users\iRoti\Desktop\tt\SMIC\SMIC_all_raw\HS\s3\micro\positive\s3_po_04\image294801.bmp|C:\Users\iRoti\Desktop\tt\SMIC\SMIC_all_raw\HS\s3\micro\positive\s3_po_04\image294802.bmp|C:\Users\iRoti\Desktop\tt\SMIC\SMIC_all_raw\HS\s3\micro\positive\s3_po_04\image294803.bmp|C:\Users\iRoti\Desktop\tt\SMIC\SMIC_all_raw\HS\s3\micro\positive\s3_po_04\image294804.bmp|C:\Users\iRoti\Desktop\tt\SMIC\SMIC_all_raw\HS\s3\micro\positive\s3_po_04\image294805.bmp|C:\Users\iRoti\Desktop\tt\SMIC\SMIC_all_raw\HS\s3\micro\positive\s3_po_04\image294806.bmp|C:\Users\iRoti\Desktop\tt\SMIC\SMIC_all_raw\HS\s3\micro\positive\s3_po_04\image294807.bmp|C:\Users\iRoti\Desktop\tt\SMIC\SMIC_all_raw\HS\s3\micro\positive\s3_po_04\image294808.bmp|C:\Users\iRoti\Desktop\tt\SMIC\SMIC_all_raw\HS\s3\micro\positive\s3_po_04\image294809.bmp|C:\Users\iRoti\Desktop\tt\SMIC\SMIC_all_raw\HS\s3\micro\positive\s3_po_04\image294810.bmp|C:\Users\iRoti\Desktop\tt\SMIC\SMIC_all_raw\HS\s3\micro\positive\s3_po_04\image294811.bmp|C:\Users\iRoti\Desktop\tt\SMIC\SMIC_all_raw\HS\s3\micro\positive\s3_po_04\image294812.bmp|C:\Users\iRoti\Desktop\tt\SMIC\SMIC_all_raw\HS\s3\micro\positive\s3_po_04\image294813.bmp|C:\Users\iRoti\Desktop\tt\SMIC\SMIC_all_raw\HS\s3\micro\positive\s3_po_04\image294814.bmp|C:\Users\iRoti\Desktop\tt\SMIC\SMIC_all_raw\HS\s3\micro\positive\s3_po_04\image294815.bmp|C:\Users\iRoti\Desktop\tt\SMIC\SMIC_all_raw\HS\s3\micro\positive\s3_po_04\image294816.bmp|C:\Users\iRoti\Desktop\tt\SMIC\SMIC_all_raw\HS\s3\micro\positive\s3_po_04\image294817.bmp|C:\Users\iRoti\Desktop\tt\SMIC\SMIC_all_raw\HS\s3\micro\positive\s3_po_04\image294818.bmp|C:\Users\iRoti\Desktop\tt\SMIC\SMIC_all_raw\HS\s3\micro\positive\s3_po_04\image294819.bmp|C:\Users\iRoti\Desktop\tt\SMIC\SMIC_all_raw\HS\s3\micro\positive\s3_po_04\image294820.bmp
s3,HS_100fps,Felicidad,C:\Users\iRoti\Desktop\tt\SMIC\SMIC_all_raw\HS\s3\micro\positive\s3_po_05\image304630.bmp|C:\Users\iRoti\Desktop\tt\SMIC\SMIC_all_raw\HS\s3\micro\positive\s3_po_05\image304631.bmp|C:\Users\iRoti\Desktop\tt\SMIC\SMIC_all_raw\HS\s3\micro\positive\s3_po_05\image304632.bmp|C:\Users\iRoti\Desktop\tt\SMIC\SMIC_all_raw\HS\s3\micro\positive\s3_po_05\image304633.bmp|C:\Users\iRoti\Desktop\tt\SMIC\SMIC_all_raw\HS\s3\micro\positive\s3_po_05\image304634.bmp|C:\Users\iRoti\Desktop\tt\SMIC\SMIC_all_raw\HS\s3\micro\positive\s3_po_05\image304635.bmp|C:\Users\iRoti\Desktop\tt\SMIC\SMIC_all_raw\HS\s3\micro\positive\s3_po_05\image304636.bmp|C:\Users\iRoti\Desktop\tt\SMIC\SMIC_all_raw\HS\s3\micro\positive\s3_po_05\image304637.bmp|C:\Users\iRoti\Desktop\tt\SMIC\SMIC_all_raw\HS\s3\micro\positive\s3_po_05\image304638.bmp|C:\Users\iRoti\Desktop\tt\SMIC\SMIC_all_raw\HS\s3\micro\positive\s3_po_05\image304639.bmp|C:\Users\iRoti\Desktop\tt\SMIC\SMIC_all_raw\HS\s3\micro\positive\s3_po_05\image304640.bmp|C:\Users\iRoti\Desktop\tt\SMIC\SMIC_all_raw\HS\s3\micro\positive\s3_po_05\image304641.bmp|C:\Users\iRoti\Desktop\tt\SMIC\SMIC_all_raw\HS\s3\micro\positive\s3_po_05\image304642.bmp|C:\Users\iRoti\Desktop\tt\SMIC\SMIC_all_raw\HS\s3\micro\positive\s3_po_05\image304643.bmp|C:\Users\iRoti\Desktop\tt\SMIC\SMIC_all_raw\HS\s3\micro\positive\s3_po_05\image304644.bmp|C:\Users\iRoti\Desktop\tt\SMIC\SMIC_all_raw\HS\s3\micro\positive\s3_po_05\image304645.bmp|C:\Users\iRoti\Desktop\tt\SMIC\SMIC_all_raw\HS\s3\micro\positive\s3_po_05\image304646.bmp|C:\Users\iRoti\Desktop\tt\SMIC\SMIC_all_raw\HS\s3\micro\positive\s3_po_05\image304647.bmp|C:\Users\iRoti\Desktop\tt\SMIC\SMIC_all_raw\HS\s3\micro\positive\s3_po_05\image304648.bmp|C:\Users\iRoti\Desktop\tt\SMIC\SMIC_all_raw\HS\s3\micro\positive\s3_po_05\image304649.bmp|C:\Users\iRoti\Desktop\tt\SMIC\SMIC_all_raw\HS\s3\micro\positive\s3_po_05\image304650.bmp|C:\Users\iRoti\Desktop\tt\SMIC\SMIC_all_raw\HS\s3\micro\positive\s3_po_05\image304651.bmp|C:\Users\iRoti\Desktop\tt\SMIC\SMIC_all_raw\HS\s3\micro\positive\s3_po_05\image304652.bmp|C:\Users\iRoti\Desktop\tt\SMIC\SMIC_all_raw\HS\s3\micro\positive\s3_po_05\image304653.bmp|C:\Users\iRoti\Desktop\tt\SMIC\SMIC_all_raw\HS\s3\micro\positive\s3_po_05\image304654.bmp|C:\Users\iRoti\Desktop\tt\SMIC\SMIC_all_raw\HS\s3\micro\positive\s3_po_05\image304655.bmp|C:\Users\iRoti\Desktop\tt\SMIC\SMIC_all_raw\HS\s3\micro\positive\s3_po_05\image304656.bmp|C:\Users\iRoti\Desktop\tt\SMIC\SMIC_all_raw\HS\s3\micro\positive\s3_po_05\image304657.bmp|C:\Users\iRoti\Desktop\tt\SMIC\SMIC_all_raw\HS\s3\micro\positive\s3_po_05\image304658.bmp|C:\Users\iRoti\Desktop\tt\SMIC\SMIC_all_raw\HS\s3\micro\positive\s3_po_05\image304659.bmp|C:\Users\iRoti\Desktop\tt\SMIC\SMIC_all_raw\HS\s3\micro\positive\s3_po_05\image304660.bmp
s3,HS_100fps,Felicidad,C:\Users\iRoti\Desktop\tt\SMIC\SMIC_all_raw\HS\s3\micro\positive\s3_po_06\image379734.bmp|C:\Users\iRoti\Desktop\tt\SMIC\SMIC_all_raw\HS\s3\micro\positive\s3_po_06\image379735.bmp|C:\Users\iRoti\Desktop\tt\SMIC\SMIC_all_raw\HS\s3\micro\positive\s3_po_06\image379736.bmp|C:\Users\iRoti\Desktop\tt\SMIC\SMIC_all_raw\HS\s3\micro\positive\s3_po_06\image379737.bmp|C:\Users\iRoti\Desktop\tt\SMIC\SMIC_all_raw\HS\s3\micro\positive\s3_po_06\image379738.bmp|C:\Users\iRoti\Desktop\tt\SMIC\SMIC_all_raw\HS\s3\micro\positive\s3_po_06\image379739.bmp|C:\Users\iRoti\Desktop\tt\SMIC\SMIC_all_raw\HS\s3\micro\positive\s3_po_06\image379740.bmp|C:\Users\iRoti\Desktop\tt\SMIC\SMIC_all_raw\HS\s3\micro\positive\s3_po_06\image379741.bmp|C:\Users\iRoti\Desktop\tt\SMIC\SMIC_all_raw\HS\s3\micro\positive\s3_po_06\image379742.bmp|C:\Users\iRoti\Desktop\tt\SMIC\SMIC_all_raw\HS\s3\micro\positive\s3_po_06\image379743.bmp|C:\Users\iRoti\Desktop\tt\SMIC\SMIC_all_raw\HS\s3\micro\positive\s3_po_06\image379744.bmp|C:\Users\iRoti\Desktop\tt\SMIC\SMIC_all_raw\HS\s3\micro\positive\s3_po_06\image379745.bmp|C:\Users\iRoti\Desktop\tt\SMIC\SMIC_all_raw\HS\s3\micro\positive\s3_po_06\image379746.bmp|C:\Users\iRoti\Desktop\tt\SMIC\SMIC_all_raw\HS\s3\micro\positive\s3_po_06\image379747.bmp|C:\Users\iRoti\Desktop\tt\SMIC\SMIC_all_raw\HS\s3\micro\positive\s3_po_06\image379748.bmp|C:\Users\iRoti\Desktop\tt\SMIC\SMIC_all_raw\HS\s3\micro\positive\s3_po_06\image379749.bmp|C:\Users\iRoti\Desktop\tt\SMIC\SMIC_all_raw\HS\s3\micro\positive\s3_po_06\image379750.bmp|C:\Users\iRoti\Desktop\tt\SMIC\SMIC_all_raw\HS\s3\micro\positive\s3_po_06\image379751.bmp|C:\Users\iRoti\Desktop\tt\SMIC\SMIC_all_raw\HS\s3\micro\positive\s3_po_06\image379752.bmp|C:\Users\iRoti\Desktop\tt\SMIC\SMIC_all_raw\HS\s3\micro\positive\s3_po_06\image379753.bmp|C:\Users\iRoti\Desktop\tt\SMIC\SMIC_all_raw\HS\s3\micro\positive\s3_po_06\image379754.bmp|C:\Users\iRoti\Desktop\tt\SMIC\SMIC_all_raw\HS\s3\micro\positive\s3_po_06\image379755.bmp|C:\Users\iRoti\Desktop\tt\SMIC\SMIC_all_raw\HS\s3\micro\positive\s3_po_06\image379756.bmp|C:\Users\iRoti\Desktop\tt\SMIC\SMIC_all_raw\HS\s3\micro\positive\s3_po_06\image379757.bmp|C:\Users\iRoti\Desktop\tt\SMIC\SMIC_all_raw\HS\s3\micro\positive\s3_po_06\image379758.bmp|C:\Users\iRoti\Desktop\tt\SMIC\SMIC_all_raw\HS\s3\micro\positive\s3_po_06\image379759.bmp
s3,HS_100fps,Felicidad,C:\Users\iRoti\Desktop\tt\SMIC\SMIC_all_raw\HS\s3\micro\positive\s3_po_07\image387920.bmp|C:\Users\iRoti\Desktop\tt\SMIC\SMIC_all_raw\HS\s3\micro\positive\s3_po_07\image387921.bmp|C:\Users\iRoti\Desktop\tt\SMIC\SMIC_all_raw\HS\s3\micro\positive\s3_po_07\image387922.bmp|C:\Users\iRoti\Desktop\tt\SMIC\SMIC_all_raw\HS\s3\micro\positive\s3_po_07\image387923.bmp|C:\Users\iRoti\Desktop\tt\SMIC\SMIC_all_raw\HS\s3\micro\positive\s3_po_07\image387924.bmp|C:\Users\iRoti\Desktop\tt\SMIC\SMIC_all_raw\HS\s3\micro\positive\s3_po_07\image387925.bmp|C:\Users\iRoti\Desktop\tt\SMIC\SMIC_all_raw\HS\s3\micro\positive\s3_po_07\image387926.bmp|C:\Users\iRoti\Desktop\tt\SMIC\SMIC_all_raw\HS\s3\micro\positive\s3_po_07\image387927.bmp|C:\Users\iRoti\Desktop\tt\SMIC\SMIC_all_raw\HS\s3\micro\positive\s3_po_07\image387928.bmp|C:\Users\iRoti\Desktop\tt\SMIC\SMIC_all_raw\HS\s3\micro\positive\s3_po_07\image387929.bmp|C:\Users\iRoti\Desktop\tt\SMIC\SMIC_all_raw\HS\s3\micro\positive\s3_po_07\image387930.bmp|C:\Users\iRoti\Desktop\tt\SMIC\SMIC_all_raw\HS\s3\micro\positive\s3_po_07\image387931.bmp|C:\Users\iRoti\Desktop\tt\SMIC\SMIC_all_raw\HS\s3\micro\positive\s3_po_07\image387932.bmp|C:\Users\iRoti\Desktop\tt\SMIC\SMIC_all_raw\HS\s3\micro\positive\s3_po_07\image387933.bmp|C:\Users\iRoti\Desktop\tt\SMIC\SMIC_all_raw\HS\s3\micro\positive\s3_po_07\image387934.bmp|C:\Users\iRoti\Desktop\tt\SMIC\SMIC_all_raw\HS\s3\micro\positive\s3_po_07\image387935.bmp|C:\Users\iRoti\Desktop\tt\SMIC\SMIC_all_raw\HS\s3\micro\positive\s3_po_07\image387936.bmp|C:\Users\iRoti\Desktop\tt\SMIC\SMIC_all_raw\HS\s3\micro\positive\s3_po_07\image387937.bmp|C:\Users\iRoti\Desktop\tt\SMIC\SMIC_all_raw\HS\s3\micro\positive\s3_po_07\image387938.bmp|C:\Users\iRoti\Desktop\tt\SMIC\SMIC_all_raw\HS\s3\micro\positive\s3_po_07\image387939.bmp|C:\Users\iRoti\Desktop\tt\SMIC\SMIC_all_raw\HS\s3\micro\positive\s3_po_07\image387940.bmp|C:\Users\iRoti\Desktop\tt\SMIC\SMIC_all_raw\HS\s3\micro\positive\s3_po_07\image387941.bmp|C:\Users\iRoti\Desktop\tt\SMIC\SMIC_all_raw\HS\s3\micro\positive\s3_po_07\image387942.bmp|C:\Users\iRoti\Desktop\tt\SMIC\SMIC_all_raw\HS\s3\micro\positive\s3_po_07\image387943.bmp|C:\Users\iRoti\Desktop\tt\SMIC\SMIC_all_raw\HS\s3\micro\positive\s3_po_07\image387944.bmp|C:\Users\iRoti\Desktop\tt\SMIC\SMIC_all_raw\HS\s3\micro\positive\s3_po_07\image387945.bmp|C:\Users\iRoti\Desktop\tt\SMIC\SMIC_all_raw\HS\s3\micro\positive\s3_po_07\image387946.bmp|C:\Users\iRoti\Desktop\tt\SMIC\SMIC_all_raw\HS\s3\micro\positive\s3_po_07\image387947.bmp|C:\Users\iRoti\Desktop\tt\SMIC\SMIC_all_raw\HS\s3\micro\positive\s3_po_07\image387948.bmp|C:\Users\iRoti\Desktop\tt\SMIC\SMIC_all_raw\HS\s3\micro\positive\s3_po_07\image387949.bmp|C:\Users\iRoti\Desktop\tt\SMIC\SMIC_all_raw\HS\s3\micro\positive\s3_po_07\image387950.bmp|C:\Users\iRoti\Desktop\tt\SMIC\SMIC_all_raw\HS\s3\micro\positive\s3_po_07\image387951.bmp|C:\Users\iRoti\Desktop\tt\SMIC\SMIC_all_raw\HS\s3\micro\positive\s3_po_07\image387952.bmp|C:\Users\iRoti\Desktop\tt\SMIC\SMIC_all_raw\HS\s3\micro\positive\s3_po_07\image387953.bmp|C:\Users\iRoti\Desktop\tt\SMIC\SMIC_all_raw\HS\s3\micro\positive\s3_po_07\image387954.bmp|C:\Users\iRoti\Desktop\tt\SMIC\SMIC_all_raw\HS\s3\micro\positive\s3_po_07\image387955.bmp|C:\Users\iRoti\Desktop\tt\SMIC\SMIC_all_raw\HS\s3\micro\positive\s3_po_07\image387956.bmp|C:\Users\iRoti\Desktop\tt\SMIC\SMIC_all_raw\HS\s3\micro\positive\s3_po_07\image387957.bmp|C:\Users\iRoti\Desktop\tt\SMIC\SMIC_all_raw\HS\s3\micro\positive\s3_po_07\image387958.bmp
s3,HS_100fps,Felicidad,C:\Users\iRoti\Desktop\tt\SMIC\SMIC_all_raw\HS\s3\micro\positive\s3_po_08\image402194.bmp|C:\Users\iRoti\Desktop\tt\SMIC\SMIC_all_raw\HS\s3\micro\positive\s3_po_08\image402195.bmp|C:\Users\iRoti\Desktop\tt\SMIC\SMIC_all_raw\HS\s3\micro\positive\s3_po_08\image402196.bmp|C:\Users\iRoti\Desktop\tt\SMIC\SMIC_all_raw\HS\s3\micro\positive\s3_po_08\image402197.bmp|C:\Users\iRoti\Desktop\tt\SMIC\SMIC_all_raw\HS\s3\micro\positive\s3_po_08\image402198.bmp|C:\Users\iRoti\Desktop\tt\SMIC\SMIC_all_raw\HS\s3\micro\positive\s3_po_08\image402199.bmp|C:\Users\iRoti\Desktop\tt\SMIC\SMIC_all_raw\HS\s3\micro\positive\s3_po_08\image402200.bmp|C:\Users\iRoti\Desktop\tt\SMIC\SMIC_all_raw\HS\s3\micro\positive\s3_po_08\image402201.bmp|C:\Users\iRoti\Desktop\tt\SMIC\SMIC_all_raw\HS\s3\micro\positive\s3_po_08\image402202.bmp|C:\Users\iRoti\Desktop\tt\SMIC\SMIC_all_raw\HS\s3\micro\positive\s3_po_08\image402203.bmp|C:\Users\iRoti\Desktop\tt\SMIC\SMIC_all_raw\HS\s3\micro\positive\s3_po_08\image402204.bmp|C:\Users\iRoti\Desktop\tt\SMIC\SMIC_all_raw\HS\s3\micro\positive\s3_po_08\image402205.bmp|C:\Users\iRoti\Desktop\tt\SMIC\SMIC_all_raw\HS\s3\micro\positive\s3_po_08\image402207.bmp|C:\Users\iRoti\Desktop\tt\SMIC\SMIC_all_raw\HS\s3\micro\positive\s3_po_08\image402208.bmp|C:\Users\iRoti\Desktop\tt\SMIC\SMIC_all_raw\HS\s3\micro\positive\s3_po_08\image402209.bmp|C:\Users\iRoti\Desktop\tt\SMIC\SMIC_all_raw\HS\s3\micro\positive\s3_po_08\image402210.bmp|C:\Users\iRoti\Desktop\tt\SMIC\SMIC_all_raw\HS\s3\micro\positive\s3_po_08\image402211.bmp|C:\Users\iRoti\Desktop\tt\SMIC\SMIC_all_raw\HS\s3\micro\positive\s3_po_08\image402213.bmp|C:\Users\iRoti\Desktop\tt\SMIC\SMIC_all_raw\HS\s3\micro\positive\s3_po_08\image402214.bmp|C:\Users\iRoti\Desktop\tt\SMIC\SMIC_all_raw\HS\s3\micro\positive\s3_po_08\image402215.bmp|C:\Users\iRoti\Desktop\tt\SMIC\SMIC_all_raw\HS\s3\micro\positive\s3_po_08\image402216.bmp|C:\Users\iRoti\Desktop\tt\SMIC\SMIC_all_raw\HS\s3\micro\positive\s3_po_08\image402217.bmp|C:\Users\iRoti\Desktop\tt\SMIC\SMIC_all_raw\HS\s3\micro\positive\s3_po_08\image402218.bmp|C:\Users\iRoti\Desktop\tt\SMIC\SMIC_all_raw\HS\s3\micro\positive\s3_po_08\image402219.bmp|C:\Users\iRoti\Desktop\tt\SMIC\SMIC_all_raw\HS\s3\micro\positive\s3_po_08\image402220.bmp|C:\Users\iRoti\Desktop\tt\SMIC\SMIC_all_raw\HS\s3\micro\positive\s3_po_08\image402221.bmp|C:\Users\iRoti\Desktop\tt\SMIC\SMIC_all_raw\HS\s3\micro\positive\s3_po_08\image402222.bmp|C:\Users\iRoti\Desktop\tt\SMIC\SMIC_all_raw\HS\s3\micro\positive\s3_po_08\image402223.bmp|C:\Users\iRoti\Desktop\tt\SMIC\SMIC_all_raw\HS\s3\micro\positive\s3_po_08\image402224.bmp|C:\Users\iRoti\Desktop\tt\SMIC\SMIC_all_raw\HS\s3\micro\positive\s3_po_08\image402225.bmp
s3,HS_100fps,Felicidad,C:\Users\iRoti\Desktop\tt\SMIC\SMIC_all_raw\HS\s3\micro\positive\s3_po_09\image402936.bmp|C:\Users\iRoti\Desktop\tt\SMIC\SMIC_all_raw\HS\s3\micro\positive\s3_po_09\image402937.bmp|C:\Users\iRoti\Desktop\tt\SMIC\SMIC_all_raw\HS\s3\micro\positive\s3_po_09\image402938.bmp|C:\Users\iRoti\Desktop\tt\SMIC\SMIC_all_raw\HS\s3\micro\positive\s3_po_09\image402939.bmp|C:\Users\iRoti\Desktop\tt\SMIC\SMIC_all_raw\HS\s3\micro\positive\s3_po_09\image402940.bmp|C:\Users\iRoti\Desktop\tt\SMIC\SMIC_all_raw\HS\s3\micro\positive\s3_po_09\image402941.bmp|C:\Users\iRoti\Desktop\tt\SMIC\SMIC_all_raw\HS\s3\micro\positive\s3_po_09\image402942.bmp|C:\Users\iRoti\Desktop\tt\SMIC\SMIC_all_raw\HS\s3\micro\positive\s3_po_09\image402943.bmp|C:\Users\iRoti\Desktop\tt\SMIC\SMIC_all_raw\HS\s3\micro\positive\s3_po_09\image402944.bmp|C:\Users\iRoti\Desktop\tt\SMIC\SMIC_all_raw\HS\s3\micro\positive\s3_po_09\image402945.bmp|C:\Users\iRoti\Desktop\tt\SMIC\SMIC_all_raw\HS\s3\micro\positive\s3_po_09\image402946.bmp|C:\Users\iRoti\Desktop\tt\SMIC\SMIC_all_raw\HS\s3\micro\positive\s3_po_09\image402947.bmp|C:\Users\iRoti\Desktop\tt\SMIC\SMIC_all_raw\HS\s3\micro\positive\s3_po_09\image402948.bmp|C:\Users\iRoti\Desktop\tt\SMIC\SMIC_all_raw\HS\s3\micro\positive\s3_po_09\image402949.bmp|C:\Users\iRoti\Desktop\tt\SMIC\SMIC_all_raw\HS\s3\micro\positive\s3_po_09\image402950.bmp|C:\Users\iRoti\Desktop\tt\SMIC\SMIC_all_raw\HS\s3\micro\positive\s3_po_09\image402951.bmp|C:\Users\iRoti\Desktop\tt\SMIC\SMIC_all_raw\HS\s3\micro\positive\s3_po_09\image402952.bmp|C:\Users\iRoti\Desktop\tt\SMIC\SMIC_all_raw\HS\s3\micro\positive\s3_po_09\image402953.bmp|C:\Users\iRoti\Desktop\tt\SMIC\SMIC_all_raw\HS\s3\micro\positive\s3_po_09\image402954.bmp|C:\Users\iRoti\Desktop\tt\SMIC\SMIC_all_raw\HS\s3\micro\positive\s3_po_09\image402955.bmp|C:\Users\iRoti\Desktop\tt\SMIC\SMIC_all_raw\HS\s3\micro\positive\s3_po_09\image402956.bmp|C:\Users\iRoti\Desktop\tt\SMIC\SMIC_all_raw\HS\s3\micro\positive\s3_po_09\image402957.bmp|C:\Users\iRoti\Desktop\tt\SMIC\SMIC_all_raw\HS\s3\micro\positive\s3_po_09\image402958.bmp|C:\Users\iRoti\Desktop\tt\SMIC\SMIC_all_raw\HS\s3\micro\positive\s3_po_09\image402959.bmp|C:\Users\iRoti\Desktop\tt\SMIC\SMIC_all_raw\HS\s3\micro\positive\s3_po_09\image402960.bmp|C:\Users\iRoti\Desktop\tt\SMIC\SMIC_all_raw\HS\s3\micro\positive\s3_po_09\image402961.bmp|C:\Users\iRoti\Desktop\tt\SMIC\SMIC_all_raw\HS\s3\micro\positive\s3_po_09\image402962.bmp|C:\Users\iRoti\Desktop\tt\SMIC\SMIC_all_raw\HS\s3\micro\positive\s3_po_09\image402963.bmp|C:\Users\iRoti\Desktop\tt\SMIC\SMIC_all_raw\HS\s3\micro\positive\s3_po_09\image402964.bmp|C:\Users\iRoti\Desktop\tt\SMIC\SMIC_all_raw\HS\s3\micro\positive\s3_po_09\image402965.bmp|C:\Users\iRoti\Desktop\tt\SMIC\SMIC_all_raw\HS\s3\micro\positive\s3_po_09\image402966.bmp|C:\Users\iRoti\Desktop\tt\SMIC\SMIC_all_raw\HS\s3\micro\positive\s3_po_09\image402967.bmp|C:\Users\iRoti\Desktop\tt\SMIC\SMIC_all_raw\HS\s3\micro\positive\s3_po_09\image402968.bmp|C:\Users\iRoti\Desktop\tt\SMIC\SMIC_all_raw\HS\s3\micro\positive\s3_po_09\image402969.bmp|C:\Users\iRoti\Desktop\tt\SMIC\SMIC_all_raw\HS\s3\micro\positive\s3_po_09\image402970.bmp|C:\Users\iRoti\Desktop\tt\SMIC\SMIC_all_raw\HS\s3\micro\positive\s3_po_09\image402971.bmp|C:\Users\iRoti\Desktop\tt\SMIC\SMIC_all_raw\HS\s3\micro\positive\s3_po_09\image402972.bmp|C:\Users\iRoti\Desktop\tt\SMIC\SMIC_all_raw\HS\s3\micro\positive\s3_po_09\image402973.bmp
s3,HS_100fps,Felicidad,C:\Users\iRoti\Desktop\tt\SMIC\SMIC_all_raw\HS\s3\micro\positive\s3_po_10\image442880.bmp|C:\Users\iRoti\Desktop\tt\SMIC\SMIC_all_raw\HS\s3\micro\positive\s3_po_10\image442881.bmp|C:\Users\iRoti\Desktop\tt\SMIC\SMIC_all_raw\HS\s3\micro\positive\s3_po_10\image442882.bmp|C:\Users\iRoti\Desktop\tt\SMIC\SMIC_all_raw\HS\s3\micro\positive\s3_po_10\image442883.bmp|C:\Users\iRoti\Desktop\tt\SMIC\SMIC_all_raw\HS\s3\micro\positive\s3_po_10\image442884.bmp|C:\Users\iRoti\Desktop\tt\SMIC\SMIC_all_raw\HS\s3\micro\positive\s3_po_10\image442885.bmp|C:\Users\iRoti\Desktop\tt\SMIC\SMIC_all_raw\HS\s3\micro\positive\s3_po_10\image442886.bmp|C:\Users\iRoti\Desktop\tt\SMIC\SMIC_all_raw\HS\s3\micro\positive\s3_po_10\image442887.bmp|C:\Users\iRoti\Desktop\tt\SMIC\SMIC_all_raw\HS\s3\micro\positive\s3_po_10\image442888.bmp|C:\Users\iRoti\Desktop\tt\SMIC\SMIC_all_raw\HS\s3\micro\positive\s3_po_10\image442889.bmp|C:\Users\iRoti\Desktop\tt\SMIC\SMIC_all_raw\HS\s3\micro\positive\s3_po_10\image442890.bmp|C:\Users\iRoti\Desktop\tt\SMIC\SMIC_all_raw\HS\s3\micro\positive\s3_po_10\image442891.bmp|C:\Users\iRoti\Desktop\tt\SMIC\SMIC_all_raw\HS\s3\micro\positive\s3_po_10\image442892.bmp|C:\Users\iRoti\Desktop\tt\SMIC\SMIC_all_raw\HS\s3\micro\positive\s3_po_10\image442893.bmp|C:\Users\iRoti\Desktop\tt\SMIC\SMIC_all_raw\HS\s3\micro\positive\s3_po_10\image442894.bmp|C:\Users\iRoti\Desktop\tt\SMIC\SMIC_all_raw\HS\s3\micro\positive\s3_po_10\image442895.bmp|C:\Users\iRoti\Desktop\tt\SMIC\SMIC_all_raw\HS\s3\micro\positive\s3_po_10\image442896.bmp|C:\Users\iRoti\Desktop\tt\SMIC\SMIC_all_raw\HS\s3\micro\positive\s3_po_10\image442897.bmp|C:\Users\iRoti\Desktop\tt\SMIC\SMIC_all_raw\HS\s3\micro\positive\s3_po_10\image442898.bmp|C:\Users\iRoti\Desktop\tt\SMIC\SMIC_all_raw\HS\s3\micro\positive\s3_po_10\image442899.bmp|C:\Users\iRoti\Desktop\tt\SMIC\SMIC_all_raw\HS\s3\micro\positive\s3_po_10\image442900.bmp|C:\Users\iRoti\Desktop\tt\SMIC\SMIC_all_raw\HS\s3\micro\positive\s3_po_10\image442901.bmp|C:\Users\iRoti\Desktop\tt\SMIC\SMIC_all_raw\HS\s3\micro\positive\s3_po_10\image442902.bmp
s3,HS_100fps,Felicidad,C:\Users\iRoti\Desktop\tt\SMIC\SMIC_all_raw\HS\s3\micro\positive\s3_po_11\image443304.bmp|C:\Users\iRoti\Desktop\tt\SMIC\SMIC_all_raw\HS\s3\micro\positive\s3_po_11\image443305.bmp|C:\Users\iRoti\Desktop\tt\SMIC\SMIC_all_raw\HS\s3\micro\positive\s3_po_11\image443306.bmp|C:\Users\iRoti\Desktop\tt\SMIC\SMIC_all_raw\HS\s3\micro\positive\s3_po_11\image443307.bmp|C:\Users\iRoti\Desktop\tt\SMIC\SMIC_all_raw\HS\s3\micro\positive\s3_po_11\image443308.bmp|C:\Users\iRoti\Desktop\tt\SMIC\SMIC_all_raw\HS\s3\micro\positive\s3_po_11\image443309.bmp|C:\Users\iRoti\Desktop\tt\SMIC\SMIC_all_raw\HS\s3\micro\positive\s3_po_11\image443310.bmp|C:\Users\iRoti\Desktop\tt\SMIC\SMIC_all_raw\HS\s3\micro\positive\s3_po_11\image443311.bmp|C:\Users\iRoti\Desktop\tt\SMIC\SMIC_all_raw\HS\s3\micro\positive\s3_po_11\image443312.bmp|C:\Users\iRoti\Desktop\tt\SMIC\SMIC_all_raw\HS\s3\micro\positive\s3_po_11\image443313.bmp|C:\Users\iRoti\Desktop\tt\SMIC\SMIC_all_raw\HS\s3\micro\positive\s3_po_11\image443314.bmp|C:\Users\iRoti\Desktop\tt\SMIC\SMIC_all_raw\HS\s3\micro\positive\s3_po_11\image443315.bmp|C:\Users\iRoti\Desktop\tt\SMIC\SMIC_all_raw\HS\s3\micro\positive\s3_po_11\image443316.bmp|C:\Users\iRoti\Desktop\tt\SMIC\SMIC_all_raw\HS\s3\micro\positive\s3_po_11\image443317.bmp|C:\Users\iRoti\Desktop\tt\SMIC\SMIC_all_raw\HS\s3\micro\positive\s3_po_11\image443318.bmp|C:\Users\iRoti\Desktop\tt\SMIC\SMIC_all_raw\HS\s3\micro\positive\s3_po_11\image443319.bmp
s3,HS_100fps,Sorpresa,C:\Users\iRoti\Desktop\tt\SMIC\SMIC_all_raw\HS\s3\micro\surprise\s3_sur_01\image308860.bmp|C:\Users\iRoti\Desktop\tt\SMIC\SMIC_all_raw\HS\s3\micro\surprise\s3_sur_01\image308861.bmp|C:\Users\iRoti\Desktop\tt\SMIC\SMIC_all_raw\HS\s3\micro\surprise\s3_sur_01\image308862.bmp|C:\Users\iRoti\Desktop\tt\SMIC\SMIC_all_raw\HS\s3\micro\surprise\s3_sur_01\image308863.bmp|C:\Users\iRoti\Desktop\tt\SMIC\SMIC_all_raw\HS\s3\micro\surprise\s3_sur_01\image308864.bmp|C:\Users\iRoti\Desktop\tt\SMIC\SMIC_all_raw\HS\s3\micro\surprise\s3_sur_01\image308865.bmp|C:\Users\iRoti\Desktop\tt\SMIC\SMIC_all_raw\HS\s3\micro\surprise\s3_sur_01\image308866.bmp|C:\Users\iRoti\Desktop\tt\SMIC\SMIC_all_raw\HS\s3\micro\surprise\s3_sur_01\image308867.bmp|C:\Users\iRoti\Desktop\tt\SMIC\SMIC_all_raw\HS\s3\micro\surprise\s3_sur_01\image308868.bmp|C:\Users\iRoti\Desktop\tt\SMIC\SMIC_all_raw\HS\s3\micro\surprise\s3_sur_01\image308869.bmp|C:\Users\iRoti\Desktop\tt\SMIC\SMIC_all_raw\HS\s3\micro\surprise\s3_sur_01\image308870.bmp|C:\Users\iRoti\Desktop\tt\SMIC\SMIC_all_raw\HS\s3\micro\surprise\s3_sur_01\image308871.bmp|C:\Users\iRoti\Desktop\tt\SMIC\SMIC_all_raw\HS\s3\micro\surprise\s3_sur_01\image308872.bmp|C:\Users\iRoti\Desktop\tt\SMIC\SMIC_all_raw\HS\s3\micro\surprise\s3_sur_01\image308873.bmp|C:\Users\iRoti\Desktop\tt\SMIC\SMIC_all_raw\HS\s3\micro\surprise\s3_sur_01\image308874.bmp|C:\Users\iRoti\Desktop\tt\SMIC\SMIC_all_raw\HS\s3\micro\surprise\s3_sur_01\image308875.bmp|C:\Users\iRoti\Desktop\tt\SMIC\SMIC_all_raw\HS\s3\micro\surprise\s3_sur_01\image308876.bmp|C:\Users\iRoti\Desktop\tt\SMIC\SMIC_all_raw\HS\s3\micro\surprise\s3_sur_01\image308878.bmp|C:\Users\iRoti\Desktop\tt\SMIC\SMIC_all_raw\HS\s3\micro\surprise\s3_sur_01\image308879.bmp|C:\Users\iRoti\Desktop\tt\SMIC\SMIC_all_raw\HS\s3\micro\surprise\s3_sur_01\image308880.bmp|C:\Users\iRoti\Desktop\tt\SMIC\SMIC_all_raw\HS\s3\micro\surprise\s3_sur_01\image308881.bmp|C:\Users\iRoti\Desktop\tt\SMIC\SMIC_all_raw\HS\s3\micro\surprise\s3_sur_01\image308882.bmp|C:\Users\iRoti\Desktop\tt\SMIC\SMIC_all_raw\HS\s3\micro\surprise\s3_sur_01\image308883.bmp|C:\Users\iRoti\Desktop\tt\SMIC\SMIC_all_raw\HS\s3\micro\surprise\s3_sur_01\image308884.bmp|C:\Users\iRoti\Desktop\tt\SMIC\SMIC_all_raw\HS\s3\micro\surprise\s3_sur_01\image308885.bmp|C:\Users\iRoti\Desktop\tt\SMIC\SMIC_all_raw\HS\s3\micro\surprise\s3_sur_01\image308886.bmp|C:\Users\iRoti\Desktop\tt\SMIC\SMIC_all_raw\HS\s3\micro\surprise\s3_sur_01\image308887.bmp|C:\Users\iRoti\Desktop\tt\SMIC\SMIC_all_raw\HS\s3\micro\surprise\s3_sur_01\image308888.bmp|C:\Users\iRoti\Desktop\tt\SMIC\SMIC_all_raw\HS\s3\micro\surprise\s3_sur_01\image308889.bmp|C:\Users\iRoti\Desktop\tt\SMIC\SMIC_all_raw\HS\s3\micro\surprise\s3_sur_01\image308890.bmp
s3,HS_100fps,Sorpresa,C:\Users\iRoti\Desktop\tt\SMIC\SMIC_all_raw\HS\s3\micro\surprise\s3_sur_02\image397654.bmp|C:\Users\iRoti\Desktop\tt\SMIC\SMIC_all_raw\HS\s3\micro\surprise\s3_sur_02\image397655.bmp|C:\Users\iRoti\Desktop\tt\SMIC\SMIC_all_raw\HS\s3\micro\surprise\s3_sur_02\image397656.bmp|C:\Users\iRoti\Desktop\tt\SMIC\SMIC_all_raw\HS\s3\micro\surprise\s3_sur_02\image397657.bmp|C:\Users\iRoti\Desktop\tt\SMIC\SMIC_all_raw\HS\s3\micro\surprise\s3_sur_02\image397658.bmp|C:\Users\iRoti\Desktop\tt\SMIC\SMIC_all_raw\HS\s3\micro\surprise\s3_sur_02\image397659.bmp|C:\Users\iRoti\Desktop\tt\SMIC\SMIC_all_raw\HS\s3\micro\surprise\s3_sur_02\image397660.bmp|C:\Users\iRoti\Desktop\tt\SMIC\SMIC_all_raw\HS\s3\micro\surprise\s3_sur_02\image397661.bmp|C:\Users\iRoti\Desktop\tt\SMIC\SMIC_all_raw\HS\s3\micro\surprise\s3_sur_02\image397662.bmp|C:\Users\iRoti\Desktop\tt\SMIC\SMIC_all_raw\HS\s3\micro\surprise\s3_sur_02\image397663.bmp|C:\Users\iRoti\Desktop\tt\SMIC\SMIC_all_raw\HS\s3\micro\surprise\s3_sur_02\image397664.bmp|C:\Users\iRoti\Desktop\tt\SMIC\SMIC_all_raw\HS\s3\micro\surprise\s3_sur_02\image397665.bmp|C:\Users\iRoti\Desktop\tt\SMIC\SMIC_all_raw\HS\s3\micro\surprise\s3_sur_02\image397666.bmp|C:\Users\iRoti\Desktop\tt\SMIC\SMIC_all_raw\HS\s3\micro\surprise\s3_sur_02\image397667.bmp|C:\Users\iRoti\Desktop\tt\SMIC\SMIC_all_raw\HS\s3\micro\surprise\s3_sur_02\image397668.bmp|C:\Users\iRoti\Desktop\tt\SMIC\SMIC_all_raw\HS\s3\micro\surprise\s3_sur_02\image397669.bmp|C:\Users\iRoti\Desktop\tt\SMIC\SMIC_all_raw\HS\s3\micro\surprise\s3_sur_02\image397670.bmp|C:\Users\iRoti\Desktop\tt\SMIC\SMIC_all_raw\HS\s3\micro\surprise\s3_sur_02\image397671.bmp|C:\Users\iRoti\Desktop\tt\SMIC\SMIC_all_raw\HS\s3\micro\surprise\s3_sur_02\image397672.bmp|C:\Users\iRoti\Desktop\tt\SMIC\SMIC_all_raw\HS\s3\micro\surprise\s3_sur_02\image397673.bmp
s3,HS_100fps,Sorpresa,C:\Users\iRoti\Desktop\tt\SMIC\SMIC_all_raw\HS\s3\micro\surprise\s3_sur_03\image399885.bmp|C:\Users\iRoti\Desktop\tt\SMIC\SMIC_all_raw\HS\s3\micro\surprise\s3_sur_03\image399886.bmp|C:\Users\iRoti\Desktop\tt\SMIC\SMIC_all_raw\HS\s3\micro\surprise\s3_sur_03\image399887.bmp|C:\Users\iRoti\Desktop\tt\SMIC\SMIC_all_raw\HS\s3\micro\surprise\s3_sur_03\image399888.bmp|C:\Users\iRoti\Desktop\tt\SMIC\SMIC_all_raw\HS\s3\micro\surprise\s3_sur_03\image399889.bmp|C:\Users\iRoti\Desktop\tt\SMIC\SMIC_all_raw\HS\s3\micro\surprise\s3_sur_03\image399890.bmp|C:\Users\iRoti\Desktop\tt\SMIC\SMIC_all_raw\HS\s3\micro\surprise\s3_sur_03\image399891.bmp|C:\Users\iRoti\Desktop\tt\SMIC\SMIC_all_raw\HS\s3\micro\surprise\s3_sur_03\image399892.bmp|C:\Users\iRoti\Desktop\tt\SMIC\SMIC_all_raw\HS\s3\micro\surprise\s3_sur_03\image399893.bmp|C:\Users\iRoti\Desktop\tt\SMIC\SMIC_all_raw\HS\s3\micro\surprise\s3_sur_03\image399894.bmp|C:\Users\iRoti\Desktop\tt\SMIC\SMIC_all_raw\HS\s3\micro\surprise\s3_sur_03\image399895.bmp|C:\Users\iRoti\Desktop\tt\SMIC\SMIC_all_raw\HS\s3\micro\surprise\s3_sur_03\image399896.bmp|C:\Users\iRoti\Desktop\tt\SMIC\SMIC_all_raw\HS\s3\micro\surprise\s3_sur_03\image399897.bmp|C:\Users\iRoti\Desktop\tt\SMIC\SMIC_all_raw\HS\s3\micro\surprise\s3_sur_03\image399898.bmp|C:\Users\iRoti\Desktop\tt\SMIC\SMIC_all_raw\HS\s3\micro\surprise\s3_sur_03\image399899.bmp|C:\Users\iRoti\Desktop\tt\SMIC\SMIC_all_raw\HS\s3\micro\surprise\s3_sur_03\image399900.bmp|C:\Users\iRoti\Desktop\tt\SMIC\SMIC_all_raw\HS\s3\micro\surprise\s3_sur_03\image399901.bmp|C:\Users\iRoti\Desktop\tt\SMIC\SMIC_all_raw\HS\s3\micro\surprise\s3_sur_03\image399902.bmp|C:\Users\iRoti\Desktop\tt\SMIC\SMIC_all_raw\HS\s3\micro\surprise\s3_sur_03\image399903.bmp|C:\Users\iRoti\Desktop\tt\SMIC\SMIC_all_raw\HS\s3\micro\surprise\s3_sur_03\image399904.bmp|C:\Users\iRoti\Desktop\tt\SMIC\SMIC_all_raw\HS\s3\micro\surprise\s3_sur_03\image399905.bmp
s3,HS_100fps,Sorpresa,C:\Users\iRoti\Desktop\tt\SMIC\SMIC_all_raw\HS\s3\micro\surprise\s3_sur_04\image401806.bmp|C:\Users\iRoti\Desktop\tt\SMIC\SMIC_all_raw\HS\s3\micro\surprise\s3_sur_04\image401807.bmp|C:\Users\iRoti\Desktop\tt\SMIC\SMIC_all_raw\HS\s3\micro\surprise\s3_sur_04\image401808.bmp|C:\Users\iRoti\Desktop\tt\SMIC\SMIC_all_raw\HS\s3\micro\surprise\s3_sur_04\image401809.bmp|C:\Users\iRoti\Desktop\tt\SMIC\SMIC_all_raw\HS\s3\micro\surprise\s3_sur_04\image401810.bmp|C:\Users\iRoti\Desktop\tt\SMIC\SMIC_all_raw\HS\s3\micro\surprise\s3_sur_04\image401811.bmp|C:\Users\iRoti\Desktop\tt\SMIC\SMIC_all_raw\HS\s3\micro\surprise\s3_sur_04\image401812.bmp|C:\Users\iRoti\Desktop\tt\SMIC\SMIC_all_raw\HS\s3\micro\surprise\s3_sur_04\image401813.bmp|C:\Users\iRoti\Desktop\tt\SMIC\SMIC_all_raw\HS\s3\micro\surprise\s3_sur_04\image401814.bmp|C:\Users\iRoti\Desktop\tt\SMIC\SMIC_all_raw\HS\s3\micro\surprise\s3_sur_04\image401815.bmp|C:\Users\iRoti\Desktop\tt\SMIC\SMIC_all_raw\HS\s3\micro\surprise\s3_sur_04\image401816.bmp|C:\Users\iRoti\Desktop\tt\SMIC\SMIC_all_raw\HS\s3\micro\surprise\s3_sur_04\image401817.bmp|C:\Users\iRoti\Desktop\tt\SMIC\SMIC_all_raw\HS\s3\micro\surprise\s3_sur_04\image401818.bmp|C:\Users\iRoti\Desktop\tt\SMIC\SMIC_all_raw\HS\s3\micro\surprise\s3_sur_04\image401819.bmp|C:\Users\iRoti\Desktop\tt\SMIC\SMIC_all_raw\HS\s3\micro\surprise\s3_sur_04\image401820.bmp|C:\Users\iRoti\Desktop\tt\SMIC\SMIC_all_raw\HS\s3\micro\surprise\s3_sur_04\image401821.bmp|C:\Users\iRoti\Desktop\tt\SMIC\SMIC_all_raw\HS\s3\micro\surprise\s3_sur_04\image401822.bmp|C:\Users\iRoti\Desktop\tt\SMIC\SMIC_all_raw\HS\s3\micro\surprise\s3_sur_04\image401823.bmp|C:\Users\iRoti\Desktop\tt\SMIC\SMIC_all_raw\HS\s3\micro\surprise\s3_sur_04\image401824.bmp|C:\Users\iRoti\Desktop\tt\SMIC\SMIC_all_raw\HS\s3\micro\surprise\s3_sur_04\image401825.bmp|C:\Users\iRoti\Desktop\tt\SMIC\SMIC_all_raw\HS\s3\micro\surprise\s3_sur_04\image401826.bmp|C:\Users\iRoti\Desktop\tt\SMIC\SMIC_all_raw\HS\s3\micro\surprise\s3_sur_04\image401827.bmp|C:\Users\iRoti\Desktop\tt\SMIC\SMIC_all_raw\HS\s3\micro\surprise\s3_sur_04\image401828.bmp|C:\Users\iRoti\Desktop\tt\SMIC\SMIC_all_raw\HS\s3\micro\surprise\s3_sur_04\image401829.bmp|C:\Users\iRoti\Desktop\tt\SMIC\SMIC_all_raw\HS\s3\micro\surprise\s3_sur_04\image401830.bmp|C:\Users\iRoti\Desktop\tt\SMIC\SMIC_all_raw\HS\s3\micro\surprise\s3_sur_04\image401831.bmp|C:\Users\iRoti\Desktop\tt\SMIC\SMIC_all_raw\HS\s3\micro\surprise\s3_sur_04\image401832.bmp|C:\Users\iRoti\Desktop\tt\SMIC\SMIC_all_raw\HS\s3\micro\surprise\s3_sur_04\image401833.bmp|C:\Users\iRoti\Desktop\tt\SMIC\SMIC_all_raw\HS\s3\micro\surprise\s3_sur_04\image401834.bmp|C:\Users\iRoti\Desktop\tt\SMIC\SMIC_all_raw\HS\s3\micro\surprise\s3_sur_04\image401835.bmp|C:\Users\iRoti\Desktop\tt\SMIC\SMIC_all_raw\HS\s3\micro\surprise\s3_sur_04\image401836.bmp|C:\Users\iRoti\Desktop\tt\SMIC\SMIC_all_raw\HS\s3\micro\surprise\s3_sur_04\image401837.bmp|C:\Users\iRoti\Desktop\tt\SMIC\SMIC_all_raw\HS\s3\micro\surprise\s3_sur_04\image401838.bmp|C:\Users\iRoti\Desktop\tt\SMIC\SMIC_all_raw\HS\s3\micro\surprise\s3_sur_04\image401839.bmp|C:\Users\iRoti\Desktop\tt\SMIC\SMIC_all_raw\HS\s3\micro\surprise\s3_sur_04\image401840.bmp|C:\Users\iRoti\Desktop\tt\SMIC\SMIC_all_raw\HS\s3\micro\surprise\s3_sur_04\image401841.bmp|C:\Users\iRoti\Desktop\tt\SMIC\SMIC_all_raw\HS\s3\micro\surprise\s3_sur_04\image401842.bmp|C:\Users\iRoti\Desktop\tt\SMIC\SMIC_all_raw\HS\s3\micro\surprise\s3_sur_04\image401843.bmp|C:\Users\iRoti\Desktop\tt\SMIC\SMIC_all_raw\HS\s3\micro\surprise\s3_sur_04\image401844.bmp|C:\Users\iRoti\Desktop\tt\SMIC\SMIC_all_raw\HS\s3\micro\surprise\s3_sur_04\image401845.bmp
s3,HS_100fps,Sorpresa,C:\Users\iRoti\Desktop\tt\SMIC\SMIC_all_raw\HS\s3\micro\surprise\s3_sur_05\image402300.bmp|C:\Users\iRoti\Desktop\tt\SMIC\SMIC_all_raw\HS\s3\micro\surprise\s3_sur_05\image402301.bmp|C:\Users\iRoti\Desktop\tt\SMIC\SMIC_all_raw\HS\s3\micro\surprise\s3_sur_05\image402302.bmp|C:\Users\iRoti\Desktop\tt\SMIC\SMIC_all_raw\HS\s3\micro\surprise\s3_sur_05\image402303.bmp|C:\Users\iRoti\Desktop\tt\SMIC\SMIC_all_raw\HS\s3\micro\surprise\s3_sur_05\image402304.bmp|C:\Users\iRoti\Desktop\tt\SMIC\SMIC_all_raw\HS\s3\micro\surprise\s3_sur_05\image402305.bmp|C:\Users\iRoti\Desktop\tt\SMIC\SMIC_all_raw\HS\s3\micro\surprise\s3_sur_05\image402306.bmp|C:\Users\iRoti\Desktop\tt\SMIC\SMIC_all_raw\HS\s3\micro\surprise\s3_sur_05\image402307.bmp|C:\Users\iRoti\Desktop\tt\SMIC\SMIC_all_raw\HS\s3\micro\surprise\s3_sur_05\image402308.bmp|C:\Users\iRoti\Desktop\tt\SMIC\SMIC_all_raw\HS\s3\micro\surprise\s3_sur_05\image402309.bmp|C:\Users\iRoti\Desktop\tt\SMIC\SMIC_all_raw\HS\s3\micro\surprise\s3_sur_05\image402310.bmp|C:\Users\iRoti\Desktop\tt\SMIC\SMIC_all_raw\HS\s3\micro\surprise\s3_sur_05\image402311.bmp|C:\Users\iRoti\Desktop\tt\SMIC\SMIC_all_raw\HS\s3\micro\surprise\s3_sur_05\image402312.bmp|C:\Users\iRoti\Desktop\tt\SMIC\SMIC_all_raw\HS\s3\micro\surprise\s3_sur_05\image402313.bmp|C:\Users\iRoti\Desktop\tt\SMIC\SMIC_all_raw\HS\s3\micro\surprise\s3_sur_05\image402315.bmp|C:\Users\iRoti\Desktop\tt\SMIC\SMIC_all_raw\HS\s3\micro\surprise\s3_sur_05\image402316.bmp|C:\Users\iRoti\Desktop\tt\SMIC\SMIC_all_raw\HS\s3\micro\surprise\s3_sur_05\image402317.bmp|C:\Users\iRoti\Desktop\tt\SMIC\SMIC_all_raw\HS\s3\micro\surprise\s3_sur_05\image402318.bmp|C:\Users\iRoti\Desktop\tt\SMIC\SMIC_all_raw\HS\s3\micro\surprise\s3_sur_05\image402319.bmp|C:\Users\iRoti\Desktop\tt\SMIC\SMIC_all_raw\HS\s3\micro\surprise\s3_sur_05\image402320.bmp|C:\Users\iRoti\Desktop\tt\SMIC\SMIC_all_raw\HS\s3\micro\surprise\s3_sur_05\image402321.bmp|C:\Users\iRoti\Desktop\tt\SMIC\SMIC_all_raw\HS\s3\micro\surprise\s3_sur_05\image402322.bmp|C:\Users\iRoti\Desktop\tt\SMIC\SMIC_all_raw\HS\s3\micro\surprise\s3_sur_05\image402323.bmp|C:\Users\iRoti\Desktop\tt\SMIC\SMIC_all_raw\HS\s3\micro\surprise\s3_sur_05\image402324.bmp|C:\Users\iRoti\Desktop\tt\SMIC\SMIC_all_raw\HS\s3\micro\surprise\s3_sur_05\image402325.bmp|C:\Users\iRoti\Desktop\tt\SMIC\SMIC_all_raw\HS\s3\micro\surprise\s3_sur_05\image402326.bmp|C:\Users\iRoti\Desktop\tt\SMIC\SMIC_all_raw\HS\s3\micro\surprise\s3_sur_05\image402327.bmp
s3,HS_100fps,Sorpresa,C:\Users\iRoti\Desktop\tt\SMIC\SMIC_all_raw\HS\s3\micro\surprise\s3_sur_06\image403395.bmp|C:\Users\iRoti\Desktop\tt\SMIC\SMIC_all_raw\HS\s3\micro\surprise\s3_sur_06\image403396.bmp|C:\Users\iRoti\Desktop\tt\SMIC\SMIC_all_raw\HS\s3\micro\surprise\s3_sur_06\image403397.bmp|C:\Users\iRoti\Desktop\tt\SMIC\SMIC_all_raw\HS\s3\micro\surprise\s3_sur_06\image403398.bmp|C:\Users\iRoti\Desktop\tt\SMIC\SMIC_all_raw\HS\s3\micro\surprise\s3_sur_06\image403399.bmp|C:\Users\iRoti\Desktop\tt\SMIC\SMIC_all_raw\HS\s3\micro\surprise\s3_sur_06\image403400.bmp|C:\Users\iRoti\Desktop\tt\SMIC\SMIC_all_raw\HS\s3\micro\surprise\s3_sur_06\image403401.bmp|C:\Users\iRoti\Desktop\tt\SMIC\SMIC_all_raw\HS\s3\micro\surprise\s3_sur_06\image403402.bmp|C:\Users\iRoti\Desktop\tt\SMIC\SMIC_all_raw\HS\s3\micro\surprise\s3_sur_06\image403403.bmp|C:\Users\iRoti\Desktop\tt\SMIC\SMIC_all_raw\HS\s3\micro\surprise\s3_sur_06\image403404.bmp|C:\Users\iRoti\Desktop\tt\SMIC\SMIC_all_raw\HS\s3\micro\surprise\s3_sur_06\image403405.bmp|C:\Users\iRoti\Desktop\tt\SMIC\SMIC_all_raw\HS\s3\micro\surprise\s3_sur_06\image403406.bmp|C:\Users\iRoti\Desktop\tt\SMIC\SMIC_all_raw\HS\s3\micro\surprise\s3_sur_06\image403407.bmp|C:\Users\iRoti\Desktop\tt\SMIC\SMIC_all_raw\HS\s3\micro\surprise\s3_sur_06\image403408.bmp|C:\Users\iRoti\Desktop\tt\SMIC\SMIC_all_raw\HS\s3\micro\surprise\s3_sur_06\image403409.bmp|C:\Users\iRoti\Desktop\tt\SMIC\SMIC_all_raw\HS\s3\micro\surprise\s3_sur_06\image403410.bmp|C:\Users\iRoti\Desktop\tt\SMIC\SMIC_all_raw\HS\s3\micro\surprise\s3_sur_06\image403411.bmp|C:\Users\iRoti\Desktop\tt\SMIC\SMIC_all_raw\HS\s3\micro\surprise\s3_sur_06\image403412.bmp|C:\Users\iRoti\Desktop\tt\SMIC\SMIC_all_raw\HS\s3\micro\surprise\s3_sur_06\image403413.bmp|C:\Users\iRoti\Desktop\tt\SMIC\SMIC_all_raw\HS\s3\micro\surprise\s3_sur_06\image403414.bmp|C:\Users\iRoti\Desktop\tt\SMIC\SMIC_all_raw\HS\s3\micro\surprise\s3_sur_06\image403415.bmp
s3,HS_100fps,Neutral,C:\Users\iRoti\Desktop\tt\SMIC\SMIC_all_raw\HS\s3\non_micro\s3_n1\image303937.bmp|C:\Users\iRoti\Desktop\tt\SMIC\SMIC_all_raw\HS\s3\non_micro\s3_n1\image303938.bmp|C:\Users\iRoti\Desktop\tt\SMIC\SMIC_all_raw\HS\s3\non_micro\s3_n1\image303939.bmp|C:\Users\iRoti\Desktop\tt\SMIC\SMIC_all_raw\HS\s3\non_micro\s3_n1\image303940.bmp|C:\Users\iRoti\Desktop\tt\SMIC\SMIC_all_raw\HS\s3\non_micro\s3_n1\image303941.bmp|C:\Users\iRoti\Desktop\tt\SMIC\SMIC_all_raw\HS\s3\non_micro\s3_n1\image303942.bmp|C:\Users\iRoti\Desktop\tt\SMIC\SMIC_all_raw\HS\s3\non_micro\s3_n1\image303943.bmp|C:\Users\iRoti\Desktop\tt\SMIC\SMIC_all_raw\HS\s3\non_micro\s3_n1\image303944.bmp|C:\Users\iRoti\Desktop\tt\SMIC\SMIC_all_raw\HS\s3\non_micro\s3_n1\image303945.bmp|C:\Users\iRoti\Desktop\tt\SMIC\SMIC_all_raw\HS\s3\non_micro\s3_n1\image303946.bmp|C:\Users\iRoti\Desktop\tt\SMIC\SMIC_all_raw\HS\s3\non_micro\s3_n1\image303947.bmp|C:\Users\iRoti\Desktop\tt\SMIC\SMIC_all_raw\HS\s3\non_micro\s3_n1\image303948.bmp|C:\Users\iRoti\Desktop\tt\SMIC\SMIC_all_raw\HS\s3\non_micro\s3_n1\image303949.bmp|C:\Users\iRoti\Desktop\tt\SMIC\SMIC_all_raw\HS\s3\non_micro\s3_n1\image303950.bmp|C:\Users\iRoti\Desktop\tt\SMIC\SMIC_all_raw\HS\s3\non_micro\s3_n1\image303951.bmp|C:\Users\iRoti\Desktop\tt\SMIC\SMIC_all_raw\HS\s3\non_micro\s3_n1\image303952.bmp|C:\Users\iRoti\Desktop\tt\SMIC\SMIC_all_raw\HS\s3\non_micro\s3_n1\image303953.bmp|C:\Users\iRoti\Desktop\tt\SMIC\SMIC_all_raw\HS\s3\non_micro\s3_n1\image303954.bmp|C:\Users\iRoti\Desktop\tt\SMIC\SMIC_all_raw\HS\s3\non_micro\s3_n1\image303955.bmp|C:\Users\iRoti\Desktop\tt\SMIC\SMIC_all_raw\HS\s3\non_micro\s3_n1\image303956.bmp|C:\Users\iRoti\Desktop\tt\SMIC\SMIC_all_raw\HS\s3\non_micro\s3_n1\image303957.bmp|C:\Users\iRoti\Desktop\tt\SMIC\SMIC_all_raw\HS\s3\non_micro\s3_n1\image303958.bmp|C:\Users\iRoti\Desktop\tt\SMIC\SMIC_all_raw\HS\s3\non_micro\s3_n1\image303959.bmp|C:\Users\iRoti\Desktop\tt\SMIC\SMIC_all_raw\HS\s3\non_micro\s3_n1\image303960.bmp|C:\Users\iRoti\Desktop\tt\SMIC\SMIC_all_raw\HS\s3\non_micro\s3_n1\image303961.bmp|C:\Users\iRoti\Desktop\tt\SMIC\SMIC_all_raw\HS\s3\non_micro\s3_n1\image303962.bmp
s3,HS_100fps,Neutral,C:\Users\iRoti\Desktop\tt\SMIC\SMIC_all_raw\HS\s3\non_micro\s3_n10\image304909.bmp|C:\Users\iRoti\Desktop\tt\SMIC\SMIC_all_raw\HS\s3\non_micro\s3_n10\image304911.bmp|C:\Users\iRoti\Desktop\tt\SMIC\SMIC_all_raw\HS\s3\non_micro\s3_n10\image304912.bmp|C:\Users\iRoti\Desktop\tt\SMIC\SMIC_all_raw\HS\s3\non_micro\s3_n10\image304913.bmp|C:\Users\iRoti\Desktop\tt\SMIC\SMIC_all_raw\HS\s3\non_micro\s3_n10\image304914.bmp|C:\Users\iRoti\Desktop\tt\SMIC\SMIC_all_raw\HS\s3\non_micro\s3_n10\image304915.bmp|C:\Users\iRoti\Desktop\tt\SMIC\SMIC_all_raw\HS\s3\non_micro\s3_n10\image304916.bmp|C:\Users\iRoti\Desktop\tt\SMIC\SMIC_all_raw\HS\s3\non_micro\s3_n10\image304917.bmp|C:\Users\iRoti\Desktop\tt\SMIC\SMIC_all_raw\HS\s3\non_micro\s3_n10\image304918.bmp|C:\Users\iRoti\Desktop\tt\SMIC\SMIC_all_raw\HS\s3\non_micro\s3_n10\image304919.bmp|C:\Users\iRoti\Desktop\tt\SMIC\SMIC_all_raw\HS\s3\non_micro\s3_n10\image304920.bmp|C:\Users\iRoti\Desktop\tt\SMIC\SMIC_all_raw\HS\s3\non_micro\s3_n10\image304921.bmp|C:\Users\iRoti\Desktop\tt\SMIC\SMIC_all_raw\HS\s3\non_micro\s3_n10\image304922.bmp|C:\Users\iRoti\Desktop\tt\SMIC\SMIC_all_raw\HS\s3\non_micro\s3_n10\image304923.bmp|C:\Users\iRoti\Desktop\tt\SMIC\SMIC_all_raw\HS\s3\non_micro\s3_n10\image304924.bmp|C:\Users\iRoti\Desktop\tt\SMIC\SMIC_all_raw\HS\s3\non_micro\s3_n10\image304925.bmp|C:\Users\iRoti\Desktop\tt\SMIC\SMIC_all_raw\HS\s3\non_micro\s3_n10\image304926.bmp|C:\Users\iRoti\Desktop\tt\SMIC\SMIC_all_raw\HS\s3\non_micro\s3_n10\image304927.bmp|C:\Users\iRoti\Desktop\tt\SMIC\SMIC_all_raw\HS\s3\non_micro\s3_n10\image304928.bmp|C:\Users\iRoti\Desktop\tt\SMIC\SMIC_all_raw\HS\s3\non_micro\s3_n10\image304929.bmp|C:\Users\iRoti\Desktop\tt\SMIC\SMIC_all_raw\HS\s3\non_micro\s3_n10\image304930.bmp|C:\Users\iRoti\Desktop\tt\SMIC\SMIC_all_raw\HS\s3\non_micro\s3_n10\image304931.bmp|C:\Users\iRoti\Desktop\tt\SMIC\SMIC_all_raw\HS\s3\non_micro\s3_n10\image304932.bmp|C:\Users\iRoti\Desktop\tt\SMIC\SMIC_all_raw\HS\s3\non_micro\s3_n10\image304933.bmp|C:\Users\iRoti\Desktop\tt\SMIC\SMIC_all_raw\HS\s3\non_micro\s3_n10\image304934.bmp|C:\Users\iRoti\Desktop\tt\SMIC\SMIC_all_raw\HS\s3\non_micro\s3_n10\image304935.bmp
s3,HS_100fps,Neutral,C:\Users\iRoti\Desktop\tt\SMIC\SMIC_all_raw\HS\s3\non_micro\s3_n11\image305070.bmp|C:\Users\iRoti\Desktop\tt\SMIC\SMIC_all_raw\HS\s3\non_micro\s3_n11\image305071.bmp|C:\Users\iRoti\Desktop\tt\SMIC\SMIC_all_raw\HS\s3\non_micro\s3_n11\image305072.bmp|C:\Users\iRoti\Desktop\tt\SMIC\SMIC_all_raw\HS\s3\non_micro\s3_n11\image305073.bmp|C:\Users\iRoti\Desktop\tt\SMIC\SMIC_all_raw\HS\s3\non_micro\s3_n11\image305074.bmp|C:\Users\iRoti\Desktop\tt\SMIC\SMIC_all_raw\HS\s3\non_micro\s3_n11\image305075.bmp|C:\Users\iRoti\Desktop\tt\SMIC\SMIC_all_raw\HS\s3\non_micro\s3_n11\image305076.bmp|C:\Users\iRoti\Desktop\tt\SMIC\SMIC_all_raw\HS\s3\non_micro\s3_n11\image305077.bmp|C:\Users\iRoti\Desktop\tt\SMIC\SMIC_all_raw\HS\s3\non_micro\s3_n11\image305078.bmp|C:\Users\iRoti\Desktop\tt\SMIC\SMIC_all_raw\HS\s3\non_micro\s3_n11\image305079.bmp|C:\Users\iRoti\Desktop\tt\SMIC\SMIC_all_raw\HS\s3\non_micro\s3_n11\image305080.bmp|C:\Users\iRoti\Desktop\tt\SMIC\SMIC_all_raw\HS\s3\non_micro\s3_n11\image305081.bmp|C:\Users\iRoti\Desktop\tt\SMIC\SMIC_all_raw\HS\s3\non_micro\s3_n11\image305082.bmp|C:\Users\iRoti\Desktop\tt\SMIC\SMIC_all_raw\HS\s3\non_micro\s3_n11\image305083.bmp|C:\Users\iRoti\Desktop\tt\SMIC\SMIC_all_raw\HS\s3\non_micro\s3_n11\image305084.bmp|C:\Users\iRoti\Desktop\tt\SMIC\SMIC_all_raw\HS\s3\non_micro\s3_n11\image305085.bmp|C:\Users\iRoti\Desktop\tt\SMIC\SMIC_all_raw\HS\s3\non_micro\s3_n11\image305086.bmp|C:\Users\iRoti\Desktop\tt\SMIC\SMIC_all_raw\HS\s3\non_micro\s3_n11\image305087.bmp|C:\Users\iRoti\Desktop\tt\SMIC\SMIC_all_raw\HS\s3\non_micro\s3_n11\image305088.bmp|C:\Users\iRoti\Desktop\tt\SMIC\SMIC_all_raw\HS\s3\non_micro\s3_n11\image305089.bmp|C:\Users\iRoti\Desktop\tt\SMIC\SMIC_all_raw\HS\s3\non_micro\s3_n11\image305090.bmp|C:\Users\iRoti\Desktop\tt\SMIC\SMIC_all_raw\HS\s3\non_micro\s3_n11\image305091.bmp|C:\Users\iRoti\Desktop\tt\SMIC\SMIC_all_raw\HS\s3\non_micro\s3_n11\image305092.bmp|C:\Users\iRoti\Desktop\tt\SMIC\SMIC_all_raw\HS\s3\non_micro\s3_n11\image305093.bmp|C:\Users\iRoti\Desktop\tt\SMIC\SMIC_all_raw\HS\s3\non_micro\s3_n11\image305094.bmp|C:\Users\iRoti\Desktop\tt\SMIC\SMIC_all_raw\HS\s3\non_micro\s3_n11\image305095.bmp|C:\Users\iRoti\Desktop\tt\SMIC\SMIC_all_raw\HS\s3\non_micro\s3_n11\image305096.bmp|C:\Users\iRoti\Desktop\tt\SMIC\SMIC_all_raw\HS\s3\non_micro\s3_n11\image305097.bmp
s3,HS_100fps,Neutral,C:\Users\iRoti\Desktop\tt\SMIC\SMIC_all_raw\HS\s3\non_micro\s3_n12\image305108.bmp|C:\Users\iRoti\Desktop\tt\SMIC\SMIC_all_raw\HS\s3\non_micro\s3_n12\image305109.bmp|C:\Users\iRoti\Desktop\tt\SMIC\SMIC_all_raw\HS\s3\non_micro\s3_n12\image305110.bmp|C:\Users\iRoti\Desktop\tt\SMIC\SMIC_all_raw\HS\s3\non_micro\s3_n12\image305111.bmp|C:\Users\iRoti\Desktop\tt\SMIC\SMIC_all_raw\HS\s3\non_micro\s3_n12\image305112.bmp|C:\Users\iRoti\Desktop\tt\SMIC\SMIC_all_raw\HS\s3\non_micro\s3_n12\image305113.bmp|C:\Users\iRoti\Desktop\tt\SMIC\SMIC_all_raw\HS\s3\non_micro\s3_n12\image305114.bmp|C:\Users\iRoti\Desktop\tt\SMIC\SMIC_all_raw\HS\s3\non_micro\s3_n12\image305115.bmp|C:\Users\iRoti\Desktop\tt\SMIC\SMIC_all_raw\HS\s3\non_micro\s3_n12\image305116.bmp|C:\Users\iRoti\Desktop\tt\SMIC\SMIC_all_raw\HS\s3\non_micro\s3_n12\image305117.bmp|C:\Users\iRoti\Desktop\tt\SMIC\SMIC_all_raw\HS\s3\non_micro\s3_n12\image305118.bmp|C:\Users\iRoti\Desktop\tt\SMIC\SMIC_all_raw\HS\s3\non_micro\s3_n12\image305119.bmp|C:\Users\iRoti\Desktop\tt\SMIC\SMIC_all_raw\HS\s3\non_micro\s3_n12\image305120.bmp|C:\Users\iRoti\Desktop\tt\SMIC\SMIC_all_raw\HS\s3\non_micro\s3_n12\image305121.bmp|C:\Users\iRoti\Desktop\tt\SMIC\SMIC_all_raw\HS\s3\non_micro\s3_n12\image305122.bmp|C:\Users\iRoti\Desktop\tt\SMIC\SMIC_all_raw\HS\s3\non_micro\s3_n12\image305123.bmp|C:\Users\iRoti\Desktop\tt\SMIC\SMIC_all_raw\HS\s3\non_micro\s3_n12\image305124.bmp|C:\Users\iRoti\Desktop\tt\SMIC\SMIC_all_raw\HS\s3\non_micro\s3_n12\image305125.bmp|C:\Users\iRoti\Desktop\tt\SMIC\SMIC_all_raw\HS\s3\non_micro\s3_n12\image305126.bmp|C:\Users\iRoti\Desktop\tt\SMIC\SMIC_all_raw\HS\s3\non_micro\s3_n12\image305127.bmp|C:\Users\iRoti\Desktop\tt\SMIC\SMIC_all_raw\HS\s3\non_micro\s3_n12\image305128.bmp
s3,HS_100fps,Neutral,C:\Users\iRoti\Desktop\tt\SMIC\SMIC_all_raw\HS\s3\non_micro\s3_n13\image306214.bmp|C:\Users\iRoti\Desktop\tt\SMIC\SMIC_all_raw\HS\s3\non_micro\s3_n13\image306215.bmp|C:\Users\iRoti\Desktop\tt\SMIC\SMIC_all_raw\HS\s3\non_micro\s3_n13\image306216.bmp|C:\Users\iRoti\Desktop\tt\SMIC\SMIC_all_raw\HS\s3\non_micro\s3_n13\image306217.bmp|C:\Users\iRoti\Desktop\tt\SMIC\SMIC_all_raw\HS\s3\non_micro\s3_n13\image306218.bmp|C:\Users\iRoti\Desktop\tt\SMIC\SMIC_all_raw\HS\s3\non_micro\s3_n13\image306219.bmp|C:\Users\iRoti\Desktop\tt\SMIC\SMIC_all_raw\HS\s3\non_micro\s3_n13\image306220.bmp|C:\Users\iRoti\Desktop\tt\SMIC\SMIC_all_raw\HS\s3\non_micro\s3_n13\image306221.bmp|C:\Users\iRoti\Desktop\tt\SMIC\SMIC_all_raw\HS\s3\non_micro\s3_n13\image306222.bmp|C:\Users\iRoti\Desktop\tt\SMIC\SMIC_all_raw\HS\s3\non_micro\s3_n13\image306223.bmp|C:\Users\iRoti\Desktop\tt\SMIC\SMIC_all_raw\HS\s3\non_micro\s3_n13\image306224.bmp|C:\Users\iRoti\Desktop\tt\SMIC\SMIC_all_raw\HS\s3\non_micro\s3_n13\image306225.bmp|C:\Users\iRoti\Desktop\tt\SMIC\SMIC_all_raw\HS\s3\non_micro\s3_n13\image306226.bmp|C:\Users\iRoti\Desktop\tt\SMIC\SMIC_all_raw\HS\s3\non_micro\s3_n13\image306227.bmp|C:\Users\iRoti\Desktop\tt\SMIC\SMIC_all_raw\HS\s3\non_micro\s3_n13\image306228.bmp|C:\Users\iRoti\Desktop\tt\SMIC\SMIC_all_raw\HS\s3\non_micro\s3_n13\image306229.bmp|C:\Users\iRoti\Desktop\tt\SMIC\SMIC_all_raw\HS\s3\non_micro\s3_n13\image306230.bmp|C:\Users\iRoti\Desktop\tt\SMIC\SMIC_all_raw\HS\s3\non_micro\s3_n13\image306231.bmp|C:\Users\iRoti\Desktop\tt\SMIC\SMIC_all_raw\HS\s3\non_micro\s3_n13\image306232.bmp|C:\Users\iRoti\Desktop\tt\SMIC\SMIC_all_raw\HS\s3\non_micro\s3_n13\image306233.bmp|C:\Users\iRoti\Desktop\tt\SMIC\SMIC_all_raw\HS\s3\non_micro\s3_n13\image306234.bmp|C:\Users\iRoti\Desktop\tt\SMIC\SMIC_all_raw\HS\s3\non_micro\s3_n13\image306235.bmp|C:\Users\iRoti\Desktop\tt\SMIC\SMIC_all_raw\HS\s3\non_micro\s3_n13\image306236.bmp|C:\Users\iRoti\Desktop\tt\SMIC\SMIC_all_raw\HS\s3\non_micro\s3_n13\image306237.bmp|C:\Users\iRoti\Desktop\tt\SMIC\SMIC_all_raw\HS\s3\non_micro\s3_n13\image306238.bmp|C:\Users\iRoti\Desktop\tt\SMIC\SMIC_all_raw\HS\s3\non_micro\s3_n13\image306239.bmp
s3,HS_100fps,Neutral,C:\Users\iRoti\Desktop\tt\SMIC\SMIC_all_raw\HS\s3\non_micro\s3_n14\image389577.bmp|C:\Users\iRoti\Desktop\tt\SMIC\SMIC_all_raw\HS\s3\non_micro\s3_n14\image389578.bmp|C:\Users\iRoti\Desktop\tt\SMIC\SMIC_all_raw\HS\s3\non_micro\s3_n14\image389579.bmp|C:\Users\iRoti\Desktop\tt\SMIC\SMIC_all_raw\HS\s3\non_micro\s3_n14\image389580.bmp|C:\Users\iRoti\Desktop\tt\SMIC\SMIC_all_raw\HS\s3\non_micro\s3_n14\image389581.bmp|C:\Users\iRoti\Desktop\tt\SMIC\SMIC_all_raw\HS\s3\non_micro\s3_n14\image389582.bmp|C:\Users\iRoti\Desktop\tt\SMIC\SMIC_all_raw\HS\s3\non_micro\s3_n14\image389583.bmp|C:\Users\iRoti\Desktop\tt\SMIC\SMIC_all_raw\HS\s3\non_micro\s3_n14\image389584.bmp|C:\Users\iRoti\Desktop\tt\SMIC\SMIC_all_raw\HS\s3\non_micro\s3_n14\image389585.bmp|C:\Users\iRoti\Desktop\tt\SMIC\SMIC_all_raw\HS\s3\non_micro\s3_n14\image389586.bmp|C:\Users\iRoti\Desktop\tt\SMIC\SMIC_all_raw\HS\s3\non_micro\s3_n14\image389587.bmp|C:\Users\iRoti\Desktop\tt\SMIC\SMIC_all_raw\HS\s3\non_micro\s3_n14\image389588.bmp|C:\Users\iRoti\Desktop\tt\SMIC\SMIC_all_raw\HS\s3\non_micro\s3_n14\image389589.bmp|C:\Users\iRoti\Desktop\tt\SMIC\SMIC_all_raw\HS\s3\non_micro\s3_n14\image389590.bmp|C:\Users\iRoti\Desktop\tt\SMIC\SMIC_all_raw\HS\s3\non_micro\s3_n14\image389591.bmp|C:\Users\iRoti\Desktop\tt\SMIC\SMIC_all_raw\HS\s3\non_micro\s3_n14\image389592.bmp|C:\Users\iRoti\Desktop\tt\SMIC\SMIC_all_raw\HS\s3\non_micro\s3_n14\image389593.bmp|C:\Users\iRoti\Desktop\tt\SMIC\SMIC_all_raw\HS\s3\non_micro\s3_n14\image389594.bmp|C:\Users\iRoti\Desktop\tt\SMIC\SMIC_all_raw\HS\s3\non_micro\s3_n14\image389595.bmp|C:\Users\iRoti\Desktop\tt\SMIC\SMIC_all_raw\HS\s3\non_micro\s3_n14\image389596.bmp|C:\Users\iRoti\Desktop\tt\SMIC\SMIC_all_raw\HS\s3\non_micro\s3_n14\image389597.bmp|C:\Users\iRoti\Desktop\tt\SMIC\SMIC_all_raw\HS\s3\non_micro\s3_n14\image389598.bmp|C:\Users\iRoti\Desktop\tt\SMIC\SMIC_all_raw\HS\s3\non_micro\s3_n14\image389599.bmp|C:\Users\iRoti\Desktop\tt\SMIC\SMIC_all_raw\HS\s3\non_micro\s3_n14\image389600.bmp
s3,HS_100fps,Neutral,C:\Users\iRoti\Desktop\tt\SMIC\SMIC_all_raw\HS\s3\non_micro\s3_n15\image389610.bmp|C:\Users\iRoti\Desktop\tt\SMIC\SMIC_all_raw\HS\s3\non_micro\s3_n15\image389611.bmp|C:\Users\iRoti\Desktop\tt\SMIC\SMIC_all_raw\HS\s3\non_micro\s3_n15\image389612.bmp|C:\Users\iRoti\Desktop\tt\SMIC\SMIC_all_raw\HS\s3\non_micro\s3_n15\image389613.bmp|C:\Users\iRoti\Desktop\tt\SMIC\SMIC_all_raw\HS\s3\non_micro\s3_n15\image389614.bmp|C:\Users\iRoti\Desktop\tt\SMIC\SMIC_all_raw\HS\s3\non_micro\s3_n15\image389615.bmp|C:\Users\iRoti\Desktop\tt\SMIC\SMIC_all_raw\HS\s3\non_micro\s3_n15\image389616.bmp|C:\Users\iRoti\Desktop\tt\SMIC\SMIC_all_raw\HS\s3\non_micro\s3_n15\image389617.bmp|C:\Users\iRoti\Desktop\tt\SMIC\SMIC_all_raw\HS\s3\non_micro\s3_n15\image389618.bmp|C:\Users\iRoti\Desktop\tt\SMIC\SMIC_all_raw\HS\s3\non_micro\s3_n15\image389619.bmp|C:\Users\iRoti\Desktop\tt\SMIC\SMIC_all_raw\HS\s3\non_micro\s3_n15\image389620.bmp|C:\Users\iRoti\Desktop\tt\SMIC\SMIC_all_raw\HS\s3\non_micro\s3_n15\image389621.bmp|C:\Users\iRoti\Desktop\tt\SMIC\SMIC_all_raw\HS\s3\non_micro\s3_n15\image389622.bmp|C:\Users\iRoti\Desktop\tt\SMIC\SMIC_all_raw\HS\s3\non_micro\s3_n15\image389623.bmp|C:\Users\iRoti\Desktop\tt\SMIC\SMIC_all_raw\HS\s3\non_micro\s3_n15\image389624.bmp|C:\Users\iRoti\Desktop\tt\SMIC\SMIC_all_raw\HS\s3\non_micro\s3_n15\image389625.bmp|C:\Users\iRoti\Desktop\tt\SMIC\SMIC_all_raw\HS\s3\non_micro\s3_n15\image389626.bmp|C:\Users\iRoti\Desktop\tt\SMIC\SMIC_all_raw\HS\s3\non_micro\s3_n15\image389627.bmp|C:\Users\iRoti\Desktop\tt\SMIC\SMIC_all_raw\HS\s3\non_micro\s3_n15\image389628.bmp|C:\Users\iRoti\Desktop\tt\SMIC\SMIC_all_raw\HS\s3\non_micro\s3_n15\image389629.bmp|C:\Users\iRoti\Desktop\tt\SMIC\SMIC_all_raw\HS\s3\non_micro\s3_n15\image389630.bmp|C:\Users\iRoti\Desktop\tt\SMIC\SMIC_all_raw\HS\s3\non_micro\s3_n15\image389631.bmp|C:\Users\iRoti\Desktop\tt\SMIC\SMIC_all_raw\HS\s3\non_micro\s3_n15\image389632.bmp|C:\Users\iRoti\Desktop\tt\SMIC\SMIC_all_raw\HS\s3\non_micro\s3_n15\image389633.bmp|C:\Users\iRoti\Desktop\tt\SMIC\SMIC_all_raw\HS\s3\non_micro\s3_n15\image389634.bmp
s3,HS_100fps,Neutral,C:\Users\iRoti\Desktop\tt\SMIC\SMIC_all_raw\HS\s3\non_micro\s3_n16\image389663.bmp|C:\Users\iRoti\Desktop\tt\SMIC\SMIC_all_raw\HS\s3\non_micro\s3_n16\image389664.bmp|C:\Users\iRoti\Desktop\tt\SMIC\SMIC_all_raw\HS\s3\non_micro\s3_n16\image389665.bmp|C:\Users\iRoti\Desktop\tt\SMIC\SMIC_all_raw\HS\s3\non_micro\s3_n16\image389666.bmp|C:\Users\iRoti\Desktop\tt\SMIC\SMIC_all_raw\HS\s3\non_micro\s3_n16\image389667.bmp|C:\Users\iRoti\Desktop\tt\SMIC\SMIC_all_raw\HS\s3\non_micro\s3_n16\image389668.bmp|C:\Users\iRoti\Desktop\tt\SMIC\SMIC_all_raw\HS\s3\non_micro\s3_n16\image389669.bmp|C:\Users\iRoti\Desktop\tt\SMIC\SMIC_all_raw\HS\s3\non_micro\s3_n16\image389670.bmp|C:\Users\iRoti\Desktop\tt\SMIC\SMIC_all_raw\HS\s3\non_micro\s3_n16\image389671.bmp|C:\Users\iRoti\Desktop\tt\SMIC\SMIC_all_raw\HS\s3\non_micro\s3_n16\image389672.bmp|C:\Users\iRoti\Desktop\tt\SMIC\SMIC_all_raw\HS\s3\non_micro\s3_n16\image389673.bmp|C:\Users\iRoti\Desktop\tt\SMIC\SMIC_all_raw\HS\s3\non_micro\s3_n16\image389674.bmp|C:\Users\iRoti\Desktop\tt\SMIC\SMIC_all_raw\HS\s3\non_micro\s3_n16\image389675.bmp|C:\Users\iRoti\Desktop\tt\SMIC\SMIC_all_raw\HS\s3\non_micro\s3_n16\image389676.bmp|C:\Users\iRoti\Desktop\tt\SMIC\SMIC_all_raw\HS\s3\non_micro\s3_n16\image389677.bmp|C:\Users\iRoti\Desktop\tt\SMIC\SMIC_all_raw\HS\s3\non_micro\s3_n16\image389678.bmp|C:\Users\iRoti\Desktop\tt\SMIC\SMIC_all_raw\HS\s3\non_micro\s3_n16\image389679.bmp|C:\Users\iRoti\Desktop\tt\SMIC\SMIC_all_raw\HS\s3\non_micro\s3_n16\image389680.bmp|C:\Users\iRoti\Desktop\tt\SMIC\SMIC_all_raw\HS\s3\non_micro\s3_n16\image389681.bmp|C:\Users\iRoti\Desktop\tt\SMIC\SMIC_all_raw\HS\s3\non_micro\s3_n16\image389682.bmp|C:\Users\iRoti\Desktop\tt\SMIC\SMIC_all_raw\HS\s3\non_micro\s3_n16\image389683.bmp|C:\Users\iRoti\Desktop\tt\SMIC\SMIC_all_raw\HS\s3\non_micro\s3_n16\image389684.bmp|C:\Users\iRoti\Desktop\tt\SMIC\SMIC_all_raw\HS\s3\non_micro\s3_n16\image389685.bmp|C:\Users\iRoti\Desktop\tt\SMIC\SMIC_all_raw\HS\s3\non_micro\s3_n16\image389686.bmp|C:\Users\iRoti\Desktop\tt\SMIC\SMIC_all_raw\HS\s3\non_micro\s3_n16\image389687.bmp|C:\Users\iRoti\Desktop\tt\SMIC\SMIC_all_raw\HS\s3\non_micro\s3_n16\image389688.bmp
s3,HS_100fps,Neutral,C:\Users\iRoti\Desktop\tt\SMIC\SMIC_all_raw\HS\s3\non_micro\s3_n17\image426826.bmp|C:\Users\iRoti\Desktop\tt\SMIC\SMIC_all_raw\HS\s3\non_micro\s3_n17\image426827.bmp|C:\Users\iRoti\Desktop\tt\SMIC\SMIC_all_raw\HS\s3\non_micro\s3_n17\image426828.bmp|C:\Users\iRoti\Desktop\tt\SMIC\SMIC_all_raw\HS\s3\non_micro\s3_n17\image426829.bmp|C:\Users\iRoti\Desktop\tt\SMIC\SMIC_all_raw\HS\s3\non_micro\s3_n17\image426830.bmp|C:\Users\iRoti\Desktop\tt\SMIC\SMIC_all_raw\HS\s3\non_micro\s3_n17\image426831.bmp|C:\Users\iRoti\Desktop\tt\SMIC\SMIC_all_raw\HS\s3\non_micro\s3_n17\image426832.bmp|C:\Users\iRoti\Desktop\tt\SMIC\SMIC_all_raw\HS\s3\non_micro\s3_n17\image426833.bmp|C:\Users\iRoti\Desktop\tt\SMIC\SMIC_all_raw\HS\s3\non_micro\s3_n17\image426834.bmp|C:\Users\iRoti\Desktop\tt\SMIC\SMIC_all_raw\HS\s3\non_micro\s3_n17\image426835.bmp|C:\Users\iRoti\Desktop\tt\SMIC\SMIC_all_raw\HS\s3\non_micro\s3_n17\image426836.bmp|C:\Users\iRoti\Desktop\tt\SMIC\SMIC_all_raw\HS\s3\non_micro\s3_n17\image426837.bmp|C:\Users\iRoti\Desktop\tt\SMIC\SMIC_all_raw\HS\s3\non_micro\s3_n17\image426838.bmp|C:\Users\iRoti\Desktop\tt\SMIC\SMIC_all_raw\HS\s3\non_micro\s3_n17\image426839.bmp|C:\Users\iRoti\Desktop\tt\SMIC\SMIC_all_raw\HS\s3\non_micro\s3_n17\image426840.bmp|C:\Users\iRoti\Desktop\tt\SMIC\SMIC_all_raw\HS\s3\non_micro\s3_n17\image426841.bmp|C:\Users\iRoti\Desktop\tt\SMIC\SMIC_all_raw\HS\s3\non_micro\s3_n17\image426842.bmp|C:\Users\iRoti\Desktop\tt\SMIC\SMIC_all_raw\HS\s3\non_micro\s3_n17\image426843.bmp|C:\Users\iRoti\Desktop\tt\SMIC\SMIC_all_raw\HS\s3\non_micro\s3_n17\image426844.bmp|C:\Users\iRoti\Desktop\tt\SMIC\SMIC_all_raw\HS\s3\non_micro\s3_n17\image426845.bmp|C:\Users\iRoti\Desktop\tt\SMIC\SMIC_all_raw\HS\s3\non_micro\s3_n17\image426846.bmp|C:\Users\iRoti\Desktop\tt\SMIC\SMIC_all_raw\HS\s3\non_micro\s3_n17\image426847.bmp|C:\Users\iRoti\Desktop\tt\SMIC\SMIC_all_raw\HS\s3\non_micro\s3_n17\image426848.bmp|C:\Users\iRoti\Desktop\tt\SMIC\SMIC_all_raw\HS\s3\non_micro\s3_n17\image426849.bmp|C:\Users\iRoti\Desktop\tt\SMIC\SMIC_all_raw\HS\s3\non_micro\s3_n17\image426850.bmp|C:\Users\iRoti\Desktop\tt\SMIC\SMIC_all_raw\HS\s3\non_micro\s3_n17\image426851.bmp
s3,HS_100fps,Neutral,C:\Users\iRoti\Desktop\tt\SMIC\SMIC_all_raw\HS\s3\non_micro\s3_n18\image427060.bmp|C:\Users\iRoti\Desktop\tt\SMIC\SMIC_all_raw\HS\s3\non_micro\s3_n18\image427061.bmp|C:\Users\iRoti\Desktop\tt\SMIC\SMIC_all_raw\HS\s3\non_micro\s3_n18\image427062.bmp|C:\Users\iRoti\Desktop\tt\SMIC\SMIC_all_raw\HS\s3\non_micro\s3_n18\image427063.bmp|C:\Users\iRoti\Desktop\tt\SMIC\SMIC_all_raw\HS\s3\non_micro\s3_n18\image427064.bmp|C:\Users\iRoti\Desktop\tt\SMIC\SMIC_all_raw\HS\s3\non_micro\s3_n18\image427065.bmp|C:\Users\iRoti\Desktop\tt\SMIC\SMIC_all_raw\HS\s3\non_micro\s3_n18\image427066.bmp|C:\Users\iRoti\Desktop\tt\SMIC\SMIC_all_raw\HS\s3\non_micro\s3_n18\image427067.bmp|C:\Users\iRoti\Desktop\tt\SMIC\SMIC_all_raw\HS\s3\non_micro\s3_n18\image427068.bmp|C:\Users\iRoti\Desktop\tt\SMIC\SMIC_all_raw\HS\s3\non_micro\s3_n18\image427069.bmp|C:\Users\iRoti\Desktop\tt\SMIC\SMIC_all_raw\HS\s3\non_micro\s3_n18\image427070.bmp|C:\Users\iRoti\Desktop\tt\SMIC\SMIC_all_raw\HS\s3\non_micro\s3_n18\image427071.bmp|C:\Users\iRoti\Desktop\tt\SMIC\SMIC_all_raw\HS\s3\non_micro\s3_n18\image427072.bmp|C:\Users\iRoti\Desktop\tt\SMIC\SMIC_all_raw\HS\s3\non_micro\s3_n18\image427073.bmp|C:\Users\iRoti\Desktop\tt\SMIC\SMIC_all_raw\HS\s3\non_micro\s3_n18\image427074.bmp|C:\Users\iRoti\Desktop\tt\SMIC\SMIC_all_raw\HS\s3\non_micro\s3_n18\image427075.bmp|C:\Users\iRoti\Desktop\tt\SMIC\SMIC_all_raw\HS\s3\non_micro\s3_n18\image427076.bmp|C:\Users\iRoti\Desktop\tt\SMIC\SMIC_all_raw\HS\s3\non_micro\s3_n18\image427077.bmp|C:\Users\iRoti\Desktop\tt\SMIC\SMIC_all_raw\HS\s3\non_micro\s3_n18\image427078.bmp|C:\Users\iRoti\Desktop\tt\SMIC\SMIC_all_raw\HS\s3\non_micro\s3_n18\image427079.bmp|C:\Users\iRoti\Desktop\tt\SMIC\SMIC_all_raw\HS\s3\non_micro\s3_n18\image427080.bmp|C:\Users\iRoti\Desktop\tt\SMIC\SMIC_all_raw\HS\s3\non_micro\s3_n18\image427081.bmp|C:\Users\iRoti\Desktop\tt\SMIC\SMIC_all_raw\HS\s3\non_micro\s3_n18\image427082.bmp
s3,HS_100fps,Neutral,C:\Users\iRoti\Desktop\tt\SMIC\SMIC_all_raw\HS\s3\non_micro\s3_n19\image427797.bmp|C:\Users\iRoti\Desktop\tt\SMIC\SMIC_all_raw\HS\s3\non_micro\s3_n19\image427798.bmp|C:\Users\iRoti\Desktop\tt\SMIC\SMIC_all_raw\HS\s3\non_micro\s3_n19\image427799.bmp|C:\Users\iRoti\Desktop\tt\SMIC\SMIC_all_raw\HS\s3\non_micro\s3_n19\image427800.bmp|C:\Users\iRoti\Desktop\tt\SMIC\SMIC_all_raw\HS\s3\non_micro\s3_n19\image427801.bmp|C:\Users\iRoti\Desktop\tt\SMIC\SMIC_all_raw\HS\s3\non_micro\s3_n19\image427802.bmp|C:\Users\iRoti\Desktop\tt\SMIC\SMIC_all_raw\HS\s3\non_micro\s3_n19\image427803.bmp|C:\Users\iRoti\Desktop\tt\SMIC\SMIC_all_raw\HS\s3\non_micro\s3_n19\image427804.bmp|C:\Users\iRoti\Desktop\tt\SMIC\SMIC_all_raw\HS\s3\non_micro\s3_n19\image427805.bmp|C:\Users\iRoti\Desktop\tt\SMIC\SMIC_all_raw\HS\s3\non_micro\s3_n19\image427806.bmp|C:\Users\iRoti\Desktop\tt\SMIC\SMIC_all_raw\HS\s3\non_micro\s3_n19\image427807.bmp|C:\Users\iRoti\Desktop\tt\SMIC\SMIC_all_raw\HS\s3\non_micro\s3_n19\image427808.bmp|C:\Users\iRoti\Desktop\tt\SMIC\SMIC_all_raw\HS\s3\non_micro\s3_n19\image427809.bmp|C:\Users\iRoti\Desktop\tt\SMIC\SMIC_all_raw\HS\s3\non_micro\s3_n19\image427810.bmp|C:\Users\iRoti\Desktop\tt\SMIC\SMIC_all_raw\HS\s3\non_micro\s3_n19\image427811.bmp|C:\Users\iRoti\Desktop\tt\SMIC\SMIC_all_raw\HS\s3\non_micro\s3_n19\image427812.bmp|C:\Users\iRoti\Desktop\tt\SMIC\SMIC_all_raw\HS\s3\non_micro\s3_n19\image427813.bmp|C:\Users\iRoti\Desktop\tt\SMIC\SMIC_all_raw\HS\s3\non_micro\s3_n19\image427814.bmp|C:\Users\iRoti\Desktop\tt\SMIC\SMIC_all_raw\HS\s3\non_micro\s3_n19\image427815.bmp|C:\Users\iRoti\Desktop\tt\SMIC\SMIC_all_raw\HS\s3\non_micro\s3_n19\image427816.bmp|C:\Users\iRoti\Desktop\tt\SMIC\SMIC_all_raw\HS\s3\non_micro\s3_n19\image427817.bmp
s3,HS_100fps,Neutral,C:\Users\iRoti\Desktop\tt\SMIC\SMIC_all_raw\HS\s3\non_micro\s3_n2\image304004.bmp|C:\Users\iRoti\Desktop\tt\SMIC\SMIC_all_raw\HS\s3\non_micro\s3_n2\image304005.bmp|C:\Users\iRoti\Desktop\tt\SMIC\SMIC_all_raw\HS\s3\non_micro\s3_n2\image304006.bmp|C:\Users\iRoti\Desktop\tt\SMIC\SMIC_all_raw\HS\s3\non_micro\s3_n2\image304007.bmp|C:\Users\iRoti\Desktop\tt\SMIC\SMIC_all_raw\HS\s3\non_micro\s3_n2\image304008.bmp|C:\Users\iRoti\Desktop\tt\SMIC\SMIC_all_raw\HS\s3\non_micro\s3_n2\image304009.bmp|C:\Users\iRoti\Desktop\tt\SMIC\SMIC_all_raw\HS\s3\non_micro\s3_n2\image304010.bmp|C:\Users\iRoti\Desktop\tt\SMIC\SMIC_all_raw\HS\s3\non_micro\s3_n2\image304011.bmp|C:\Users\iRoti\Desktop\tt\SMIC\SMIC_all_raw\HS\s3\non_micro\s3_n2\image304012.bmp|C:\Users\iRoti\Desktop\tt\SMIC\SMIC_all_raw\HS\s3\non_micro\s3_n2\image304013.bmp|C:\Users\iRoti\Desktop\tt\SMIC\SMIC_all_raw\HS\s3\non_micro\s3_n2\image304014.bmp|C:\Users\iRoti\Desktop\tt\SMIC\SMIC_all_raw\HS\s3\non_micro\s3_n2\image304015.bmp|C:\Users\iRoti\Desktop\tt\SMIC\SMIC_all_raw\HS\s3\non_micro\s3_n2\image304016.bmp|C:\Users\iRoti\Desktop\tt\SMIC\SMIC_all_raw\HS\s3\non_micro\s3_n2\image304017.bmp|C:\Users\iRoti\Desktop\tt\SMIC\SMIC_all_raw\HS\s3\non_micro\s3_n2\image304018.bmp|C:\Users\iRoti\Desktop\tt\SMIC\SMIC_all_raw\HS\s3\non_micro\s3_n2\image304019.bmp|C:\Users\iRoti\Desktop\tt\SMIC\SMIC_all_raw\HS\s3\non_micro\s3_n2\image304020.bmp|C:\Users\iRoti\Desktop\tt\SMIC\SMIC_all_raw\HS\s3\non_micro\s3_n2\image304021.bmp|C:\Users\iRoti\Desktop\tt\SMIC\SMIC_all_raw\HS\s3\non_micro\s3_n2\image304022.bmp|C:\Users\iRoti\Desktop\tt\SMIC\SMIC_all_raw\HS\s3\non_micro\s3_n2\image304023.bmp|C:\Users\iRoti\Desktop\tt\SMIC\SMIC_all_raw\HS\s3\non_micro\s3_n2\image304024.bmp|C:\Users\iRoti\Desktop\tt\SMIC\SMIC_all_raw\HS\s3\non_micro\s3_n2\image304025.bmp|C:\Users\iRoti\Desktop\tt\SMIC\SMIC_all_raw\HS\s3\non_micro\s3_n2\image304026.bmp|C:\Users\iRoti\Desktop\tt\SMIC\SMIC_all_raw\HS\s3\non_micro\s3_n2\image304027.bmp|C:\Users\iRoti\Desktop\tt\SMIC\SMIC_all_raw\HS\s3\non_micro\s3_n2\image304028.bmp|C:\Users\iRoti\Desktop\tt\SMIC\SMIC_all_raw\HS\s3\non_micro\s3_n2\image304029.bmp|C:\Users\iRoti\Desktop\tt\SMIC\SMIC_all_raw\HS\s3\non_micro\s3_n2\image304030.bmp
s3,HS_100fps,Neutral,C:\Users\iRoti\Desktop\tt\SMIC\SMIC_all_raw\HS\s3\non_micro\s3_n20\image427880.bmp|C:\Users\iRoti\Desktop\tt\SMIC\SMIC_all_raw\HS\s3\non_micro\s3_n20\image427881.bmp|C:\Users\iRoti\Desktop\tt\SMIC\SMIC_all_raw\HS\s3\non_micro\s3_n20\image427882.bmp|C:\Users\iRoti\Desktop\tt\SMIC\SMIC_all_raw\HS\s3\non_micro\s3_n20\image427883.bmp|C:\Users\iRoti\Desktop\tt\SMIC\SMIC_all_raw\HS\s3\non_micro\s3_n20\image427884.bmp|C:\Users\iRoti\Desktop\tt\SMIC\SMIC_all_raw\HS\s3\non_micro\s3_n20\image427885.bmp|C:\Users\iRoti\Desktop\tt\SMIC\SMIC_all_raw\HS\s3\non_micro\s3_n20\image427886.bmp|C:\Users\iRoti\Desktop\tt\SMIC\SMIC_all_raw\HS\s3\non_micro\s3_n20\image427887.bmp|C:\Users\iRoti\Desktop\tt\SMIC\SMIC_all_raw\HS\s3\non_micro\s3_n20\image427888.bmp|C:\Users\iRoti\Desktop\tt\SMIC\SMIC_all_raw\HS\s3\non_micro\s3_n20\image427889.bmp|C:\Users\iRoti\Desktop\tt\SMIC\SMIC_all_raw\HS\s3\non_micro\s3_n20\image427890.bmp|C:\Users\iRoti\Desktop\tt\SMIC\SMIC_all_raw\HS\s3\non_micro\s3_n20\image427891.bmp|C:\Users\iRoti\Desktop\tt\SMIC\SMIC_all_raw\HS\s3\non_micro\s3_n20\image427892.bmp|C:\Users\iRoti\Desktop\tt\SMIC\SMIC_all_raw\HS\s3\non_micro\s3_n20\image427893.bmp|C:\Users\iRoti\Desktop\tt\SMIC\SMIC_all_raw\HS\s3\non_micro\s3_n20\image427894.bmp|C:\Users\iRoti\Desktop\tt\SMIC\SMIC_all_raw\HS\s3\non_micro\s3_n20\image427895.bmp|C:\Users\iRoti\Desktop\tt\SMIC\SMIC_all_raw\HS\s3\non_micro\s3_n20\image427896.bmp|C:\Users\iRoti\Desktop\tt\SMIC\SMIC_all_raw\HS\s3\non_micro\s3_n20\image427897.bmp|C:\Users\iRoti\Desktop\tt\SMIC\SMIC_all_raw\HS\s3\non_micro\s3_n20\image427898.bmp|C:\Users\iRoti\Desktop\tt\SMIC\SMIC_all_raw\HS\s3\non_micro\s3_n20\image427899.bmp
s3,HS_100fps,Neutral,C:\Users\iRoti\Desktop\tt\SMIC\SMIC_all_raw\HS\s3\non_micro\s3_n21\image427948.bmp|C:\Users\iRoti\Desktop\tt\SMIC\SMIC_all_raw\HS\s3\non_micro\s3_n21\image427949.bmp|C:\Users\iRoti\Desktop\tt\SMIC\SMIC_all_raw\HS\s3\non_micro\s3_n21\image427950.bmp|C:\Users\iRoti\Desktop\tt\SMIC\SMIC_all_raw\HS\s3\non_micro\s3_n21\image427951.bmp|C:\Users\iRoti\Desktop\tt\SMIC\SMIC_all_raw\HS\s3\non_micro\s3_n21\image427952.bmp|C:\Users\iRoti\Desktop\tt\SMIC\SMIC_all_raw\HS\s3\non_micro\s3_n21\image427953.bmp|C:\Users\iRoti\Desktop\tt\SMIC\SMIC_all_raw\HS\s3\non_micro\s3_n21\image427954.bmp|C:\Users\iRoti\Desktop\tt\SMIC\SMIC_all_raw\HS\s3\non_micro\s3_n21\image427955.bmp|C:\Users\iRoti\Desktop\tt\SMIC\SMIC_all_raw\HS\s3\non_micro\s3_n21\image427956.bmp|C:\Users\iRoti\Desktop\tt\SMIC\SMIC_all_raw\HS\s3\non_micro\s3_n21\image427957.bmp|C:\Users\iRoti\Desktop\tt\SMIC\SMIC_all_raw\HS\s3\non_micro\s3_n21\image427958.bmp|C:\Users\iRoti\Desktop\tt\SMIC\SMIC_all_raw\HS\s3\non_micro\s3_n21\image427959.bmp|C:\Users\iRoti\Desktop\tt\SMIC\SMIC_all_raw\HS\s3\non_micro\s3_n21\image427960.bmp|C:\Users\iRoti\Desktop\tt\SMIC\SMIC_all_raw\HS\s3\non_micro\s3_n21\image427961.bmp|C:\Users\iRoti\Desktop\tt\SMIC\SMIC_all_raw\HS\s3\non_micro\s3_n21\image427962.bmp|C:\Users\iRoti\Desktop\tt\SMIC\SMIC_all_raw\HS\s3\non_micro\s3_n21\image427963.bmp|C:\Users\iRoti\Desktop\tt\SMIC\SMIC_all_raw\HS\s3\non_micro\s3_n21\image427964.bmp|C:\Users\iRoti\Desktop\tt\SMIC\SMIC_all_raw\HS\s3\non_micro\s3_n21\image427965.bmp|C:\Users\iRoti\Desktop\tt\SMIC\SMIC_all_raw\HS\s3\non_micro\s3_n21\image427966.bmp|C:\Users\iRoti\Desktop\tt\SMIC\SMIC_all_raw\HS\s3\non_micro\s3_n21\image427967.bmp|C:\Users\iRoti\Desktop\tt\SMIC\SMIC_all_raw\HS\s3\non_micro\s3_n21\image427968.bmp|C:\Users\iRoti\Desktop\tt\SMIC\SMIC_all_raw\HS\s3\non_micro\s3_n21\image427969.bmp
s3,HS_100fps,Neutral,C:\Users\iRoti\Desktop\tt\SMIC\SMIC_all_raw\HS\s3\non_micro\s3_n22\image428016.bmp|C:\Users\iRoti\Desktop\tt\SMIC\SMIC_all_raw\HS\s3\non_micro\s3_n22\image428017.bmp|C:\Users\iRoti\Desktop\tt\SMIC\SMIC_all_raw\HS\s3\non_micro\s3_n22\image428018.bmp|C:\Users\iRoti\Desktop\tt\SMIC\SMIC_all_raw\HS\s3\non_micro\s3_n22\image428019.bmp|C:\Users\iRoti\Desktop\tt\SMIC\SMIC_all_raw\HS\s3\non_micro\s3_n22\image428020.bmp|C:\Users\iRoti\Desktop\tt\SMIC\SMIC_all_raw\HS\s3\non_micro\s3_n22\image428021.bmp|C:\Users\iRoti\Desktop\tt\SMIC\SMIC_all_raw\HS\s3\non_micro\s3_n22\image428022.bmp|C:\Users\iRoti\Desktop\tt\SMIC\SMIC_all_raw\HS\s3\non_micro\s3_n22\image428023.bmp|C:\Users\iRoti\Desktop\tt\SMIC\SMIC_all_raw\HS\s3\non_micro\s3_n22\image428024.bmp|C:\Users\iRoti\Desktop\tt\SMIC\SMIC_all_raw\HS\s3\non_micro\s3_n22\image428025.bmp|C:\Users\iRoti\Desktop\tt\SMIC\SMIC_all_raw\HS\s3\non_micro\s3_n22\image428026.bmp|C:\Users\iRoti\Desktop\tt\SMIC\SMIC_all_raw\HS\s3\non_micro\s3_n22\image428027.bmp|C:\Users\iRoti\Desktop\tt\SMIC\SMIC_all_raw\HS\s3\non_micro\s3_n22\image428028.bmp|C:\Users\iRoti\Desktop\tt\SMIC\SMIC_all_raw\HS\s3\non_micro\s3_n22\image428029.bmp
s3,HS_100fps,Neutral,C:\Users\iRoti\Desktop\tt\SMIC\SMIC_all_raw\HS\s3\non_micro\s3_n23\image428052.bmp|C:\Users\iRoti\Desktop\tt\SMIC\SMIC_all_raw\HS\s3\non_micro\s3_n23\image428053.bmp|C:\Users\iRoti\Desktop\tt\SMIC\SMIC_all_raw\HS\s3\non_micro\s3_n23\image428054.bmp|C:\Users\iRoti\Desktop\tt\SMIC\SMIC_all_raw\HS\s3\non_micro\s3_n23\image428055.bmp|C:\Users\iRoti\Desktop\tt\SMIC\SMIC_all_raw\HS\s3\non_micro\s3_n23\image428056.bmp|C:\Users\iRoti\Desktop\tt\SMIC\SMIC_all_raw\HS\s3\non_micro\s3_n23\image428057.bmp|C:\Users\iRoti\Desktop\tt\SMIC\SMIC_all_raw\HS\s3\non_micro\s3_n23\image428058.bmp|C:\Users\iRoti\Desktop\tt\SMIC\SMIC_all_raw\HS\s3\non_micro\s3_n23\image428059.bmp|C:\Users\iRoti\Desktop\tt\SMIC\SMIC_all_raw\HS\s3\non_micro\s3_n23\image428060.bmp|C:\Users\iRoti\Desktop\tt\SMIC\SMIC_all_raw\HS\s3\non_micro\s3_n23\image428061.bmp|C:\Users\iRoti\Desktop\tt\SMIC\SMIC_all_raw\HS\s3\non_micro\s3_n23\image428062.bmp|C:\Users\iRoti\Desktop\tt\SMIC\SMIC_all_raw\HS\s3\non_micro\s3_n23\image428063.bmp|C:\Users\iRoti\Desktop\tt\SMIC\SMIC_all_raw\HS\s3\non_micro\s3_n23\image428064.bmp|C:\Users\iRoti\Desktop\tt\SMIC\SMIC_all_raw\HS\s3\non_micro\s3_n23\image428065.bmp|C:\Users\iRoti\Desktop\tt\SMIC\SMIC_all_raw\HS\s3\non_micro\s3_n23\image428066.bmp|C:\Users\iRoti\Desktop\tt\SMIC\SMIC_all_raw\HS\s3\non_micro\s3_n23\image428067.bmp|C:\Users\iRoti\Desktop\tt\SMIC\SMIC_all_raw\HS\s3\non_micro\s3_n23\image428068.bmp|C:\Users\iRoti\Desktop\tt\SMIC\SMIC_all_raw\HS\s3\non_micro\s3_n23\image428069.bmp|C:\Users\iRoti\Desktop\tt\SMIC\SMIC_all_raw\HS\s3\non_micro\s3_n23\image428070.bmp|C:\Users\iRoti\Desktop\tt\SMIC\SMIC_all_raw\HS\s3\non_micro\s3_n23\image428071.bmp|C:\Users\iRoti\Desktop\tt\SMIC\SMIC_all_raw\HS\s3\non_micro\s3_n23\image428072.bmp|C:\Users\iRoti\Desktop\tt\SMIC\SMIC_all_raw\HS\s3\non_micro\s3_n23\image428073.bmp|C:\Users\iRoti\Desktop\tt\SMIC\SMIC_all_raw\HS\s3\non_micro\s3_n23\image428074.bmp|C:\Users\iRoti\Desktop\tt\SMIC\SMIC_all_raw\HS\s3\non_micro\s3_n23\image428075.bmp
s3,HS_100fps,Neutral,C:\Users\iRoti\Desktop\tt\SMIC\SMIC_all_raw\HS\s3\non_micro\s3_n24\image428061.bmp|C:\Users\iRoti\Desktop\tt\SMIC\SMIC_all_raw\HS\s3\non_micro\s3_n24\image428062.bmp|C:\Users\iRoti\Desktop\tt\SMIC\SMIC_all_raw\HS\s3\non_micro\s3_n24\image428063.bmp|C:\Users\iRoti\Desktop\tt\SMIC\SMIC_all_raw\HS\s3\non_micro\s3_n24\image428064.bmp|C:\Users\iRoti\Desktop\tt\SMIC\SMIC_all_raw\HS\s3\non_micro\s3_n24\image428065.bmp|C:\Users\iRoti\Desktop\tt\SMIC\SMIC_all_raw\HS\s3\non_micro\s3_n24\image428066.bmp|C:\Users\iRoti\Desktop\tt\SMIC\SMIC_all_raw\HS\s3\non_micro\s3_n24\image428067.bmp|C:\Users\iRoti\Desktop\tt\SMIC\SMIC_all_raw\HS\s3\non_micro\s3_n24\image428068.bmp|C:\Users\iRoti\Desktop\tt\SMIC\SMIC_all_raw\HS\s3\non_micro\s3_n24\image428069.bmp|C:\Users\iRoti\Desktop\tt\SMIC\SMIC_all_raw\HS\s3\non_micro\s3_n24\image428070.bmp|C:\Users\iRoti\Desktop\tt\SMIC\SMIC_all_raw\HS\s3\non_micro\s3_n24\image428071.bmp|C:\Users\iRoti\Desktop\tt\SMIC\SMIC_all_raw\HS\s3\non_micro\s3_n24\image428072.bmp|C:\Users\iRoti\Desktop\tt\SMIC\SMIC_all_raw\HS\s3\non_micro\s3_n24\image428073.bmp|C:\Users\iRoti\Desktop\tt\SMIC\SMIC_all_raw\HS\s3\non_micro\s3_n24\image428074.bmp|C:\Users\iRoti\Desktop\tt\SMIC\SMIC_all_raw\HS\s3\non_micro\s3_n24\image428075.bmp|C:\Users\iRoti\Desktop\tt\SMIC\SMIC_all_raw\HS\s3\non_micro\s3_n24\image428076.bmp|C:\Users\iRoti\Desktop\tt\SMIC\SMIC_all_raw\HS\s3\non_micro\s3_n24\image428077.bmp|C:\Users\iRoti\Desktop\tt\SMIC\SMIC_all_raw\HS\s3\non_micro\s3_n24\image428078.bmp|C:\Users\iRoti\Desktop\tt\SMIC\SMIC_all_raw\HS\s3\non_micro\s3_n24\image428079.bmp|C:\Users\iRoti\Desktop\tt\SMIC\SMIC_all_raw\HS\s3\non_micro\s3_n24\image428080.bmp|C:\Users\iRoti\Desktop\tt\SMIC\SMIC_all_raw\HS\s3\non_micro\s3_n24\image428081.bmp|C:\Users\iRoti\Desktop\tt\SMIC\SMIC_all_raw\HS\s3\non_micro\s3_n24\image428082.bmp|C:\Users\iRoti\Desktop\tt\SMIC\SMIC_all_raw\HS\s3\non_micro\s3_n24\image428083.bmp|C:\Users\iRoti\Desktop\tt\SMIC\SMIC_all_raw\HS\s3\non_micro\s3_n24\image428084.bmp|C:\Users\iRoti\Desktop\tt\SMIC\SMIC_all_raw\HS\s3\non_micro\s3_n24\image428085.bmp|C:\Users\iRoti\Desktop\tt\SMIC\SMIC_all_raw\HS\s3\non_micro\s3_n24\image428086.bmp|C:\Users\iRoti\Desktop\tt\SMIC\SMIC_all_raw\HS\s3\non_micro\s3_n24\image428087.bmp|C:\Users\iRoti\Desktop\tt\SMIC\SMIC_all_raw\HS\s3\non_micro\s3_n24\image428088.bmp|C:\Users\iRoti\Desktop\tt\SMIC\SMIC_all_raw\HS\s3\non_micro\s3_n24\image428089.bmp|C:\Users\iRoti\Desktop\tt\SMIC\SMIC_all_raw\HS\s3\non_micro\s3_n24\image428090.bmp|C:\Users\iRoti\Desktop\tt\SMIC\SMIC_all_raw\HS\s3\non_micro\s3_n24\image428091.bmp|C:\Users\iRoti\Desktop\tt\SMIC\SMIC_all_raw\HS\s3\non_micro\s3_n24\image428092.bmp|C:\Users\iRoti\Desktop\tt\SMIC\SMIC_all_raw\HS\s3\non_micro\s3_n24\image428093.bmp|C:\Users\iRoti\Desktop\tt\SMIC\SMIC_all_raw\HS\s3\non_micro\s3_n24\image428094.bmp|C:\Users\iRoti\Desktop\tt\SMIC\SMIC_all_raw\HS\s3\non_micro\s3_n24\image428095.bmp|C:\Users\iRoti\Desktop\tt\SMIC\SMIC_all_raw\HS\s3\non_micro\s3_n24\image428096.bmp|C:\Users\iRoti\Desktop\tt\SMIC\SMIC_all_raw\HS\s3\non_micro\s3_n24\image428097.bmp|C:\Users\iRoti\Desktop\tt\SMIC\SMIC_all_raw\HS\s3\non_micro\s3_n24\image428098.bmp|C:\Users\iRoti\Desktop\tt\SMIC\SMIC_all_raw\HS\s3\non_micro\s3_n24\image428099.bmp|C:\Users\iRoti\Desktop\tt\SMIC\SMIC_all_raw\HS\s3\non_micro\s3_n24\image428100.bmp
s3,HS_100fps,Neutral,C:\Users\iRoti\Desktop\tt\SMIC\SMIC_all_raw\HS\s3\non_micro\s3_n25\image428091.bmp|C:\Users\iRoti\Desktop\tt\SMIC\SMIC_all_raw\HS\s3\non_micro\s3_n25\image428092.bmp|C:\Users\iRoti\Desktop\tt\SMIC\SMIC_all_raw\HS\s3\non_micro\s3_n25\image428093.bmp|C:\Users\iRoti\Desktop\tt\SMIC\SMIC_all_raw\HS\s3\non_micro\s3_n25\image428094.bmp|C:\Users\iRoti\Desktop\tt\SMIC\SMIC_all_raw\HS\s3\non_micro\s3_n25\image428095.bmp|C:\Users\iRoti\Desktop\tt\SMIC\SMIC_all_raw\HS\s3\non_micro\s3_n25\image428096.bmp|C:\Users\iRoti\Desktop\tt\SMIC\SMIC_all_raw\HS\s3\non_micro\s3_n25\image428097.bmp|C:\Users\iRoti\Desktop\tt\SMIC\SMIC_all_raw\HS\s3\non_micro\s3_n25\image428098.bmp|C:\Users\iRoti\Desktop\tt\SMIC\SMIC_all_raw\HS\s3\non_micro\s3_n25\image428099.bmp|C:\Users\iRoti\Desktop\tt\SMIC\SMIC_all_raw\HS\s3\non_micro\s3_n25\image428100.bmp|C:\Users\iRoti\Desktop\tt\SMIC\SMIC_all_raw\HS\s3\non_micro\s3_n25\image428101.bmp|C:\Users\iRoti\Desktop\tt\SMIC\SMIC_all_raw\HS\s3\non_micro\s3_n25\image428102.bmp|C:\Users\iRoti\Desktop\tt\SMIC\SMIC_all_raw\HS\s3\non_micro\s3_n25\image428103.bmp|C:\Users\iRoti\Desktop\tt\SMIC\SMIC_all_raw\HS\s3\non_micro\s3_n25\image428104.bmp|C:\Users\iRoti\Desktop\tt\SMIC\SMIC_all_raw\HS\s3\non_micro\s3_n25\image428105.bmp|C:\Users\iRoti\Desktop\tt\SMIC\SMIC_all_raw\HS\s3\non_micro\s3_n25\image428106.bmp|C:\Users\iRoti\Desktop\tt\SMIC\SMIC_all_raw\HS\s3\non_micro\s3_n25\image428107.bmp|C:\Users\iRoti\Desktop\tt\SMIC\SMIC_all_raw\HS\s3\non_micro\s3_n25\image428108.bmp
s3,HS_100fps,Neutral,C:\Users\iRoti\Desktop\tt\SMIC\SMIC_all_raw\HS\s3\non_micro\s3_n26\image428206.bmp|C:\Users\iRoti\Desktop\tt\SMIC\SMIC_all_raw\HS\s3\non_micro\s3_n26\image428207.bmp|C:\Users\iRoti\Desktop\tt\SMIC\SMIC_all_raw\HS\s3\non_micro\s3_n26\image428208.bmp|C:\Users\iRoti\Desktop\tt\SMIC\SMIC_all_raw\HS\s3\non_micro\s3_n26\image428209.bmp|C:\Users\iRoti\Desktop\tt\SMIC\SMIC_all_raw\HS\s3\non_micro\s3_n26\image428210.bmp|C:\Users\iRoti\Desktop\tt\SMIC\SMIC_all_raw\HS\s3\non_micro\s3_n26\image428211.bmp|C:\Users\iRoti\Desktop\tt\SMIC\SMIC_all_raw\HS\s3\non_micro\s3_n26\image428212.bmp|C:\Users\iRoti\Desktop\tt\SMIC\SMIC_all_raw\HS\s3\non_micro\s3_n26\image428213.bmp|C:\Users\iRoti\Desktop\tt\SMIC\SMIC_all_raw\HS\s3\non_micro\s3_n26\image428214.bmp|C:\Users\iRoti\Desktop\tt\SMIC\SMIC_all_raw\HS\s3\non_micro\s3_n26\image428215.bmp|C:\Users\iRoti\Desktop\tt\SMIC\SMIC_all_raw\HS\s3\non_micro\s3_n26\image428216.bmp|C:\Users\iRoti\Desktop\tt\SMIC\SMIC_all_raw\HS\s3\non_micro\s3_n26\image428217.bmp|C:\Users\iRoti\Desktop\tt\SMIC\SMIC_all_raw\HS\s3\non_micro\s3_n26\image428218.bmp|C:\Users\iRoti\Desktop\tt\SMIC\SMIC_all_raw\HS\s3\non_micro\s3_n26\image428219.bmp|C:\Users\iRoti\Desktop\tt\SMIC\SMIC_all_raw\HS\s3\non_micro\s3_n26\image428220.bmp|C:\Users\iRoti\Desktop\tt\SMIC\SMIC_all_raw\HS\s3\non_micro\s3_n26\image428221.bmp|C:\Users\iRoti\Desktop\tt\SMIC\SMIC_all_raw\HS\s3\non_micro\s3_n26\image428222.bmp|C:\Users\iRoti\Desktop\tt\SMIC\SMIC_all_raw\HS\s3\non_micro\s3_n26\image428223.bmp|C:\Users\iRoti\Desktop\tt\SMIC\SMIC_all_raw\HS\s3\non_micro\s3_n26\image428224.bmp|C:\Users\iRoti\Desktop\tt\SMIC\SMIC_all_raw\HS\s3\non_micro\s3_n26\image428225.bmp
s3,HS_100fps,Neutral,C:\Users\iRoti\Desktop\tt\SMIC\SMIC_all_raw\HS\s3\non_micro\s3_n27\image428232.bmp|C:\Users\iRoti\Desktop\tt\SMIC\SMIC_all_raw\HS\s3\non_micro\s3_n27\image428233.bmp|C:\Users\iRoti\Desktop\tt\SMIC\SMIC_all_raw\HS\s3\non_micro\s3_n27\image428234.bmp|C:\Users\iRoti\Desktop\tt\SMIC\SMIC_all_raw\HS\s3\non_micro\s3_n27\image428235.bmp|C:\Users\iRoti\Desktop\tt\SMIC\SMIC_all_raw\HS\s3\non_micro\s3_n27\image428236.bmp|C:\Users\iRoti\Desktop\tt\SMIC\SMIC_all_raw\HS\s3\non_micro\s3_n27\image428237.bmp|C:\Users\iRoti\Desktop\tt\SMIC\SMIC_all_raw\HS\s3\non_micro\s3_n27\image428238.bmp|C:\Users\iRoti\Desktop\tt\SMIC\SMIC_all_raw\HS\s3\non_micro\s3_n27\image428239.bmp|C:\Users\iRoti\Desktop\tt\SMIC\SMIC_all_raw\HS\s3\non_micro\s3_n27\image428240.bmp|C:\Users\iRoti\Desktop\tt\SMIC\SMIC_all_raw\HS\s3\non_micro\s3_n27\image428241.bmp|C:\Users\iRoti\Desktop\tt\SMIC\SMIC_all_raw\HS\s3\non_micro\s3_n27\image428242.bmp|C:\Users\iRoti\Desktop\tt\SMIC\SMIC_all_raw\HS\s3\non_micro\s3_n27\image428243.bmp|C:\Users\iRoti\Desktop\tt\SMIC\SMIC_all_raw\HS\s3\non_micro\s3_n27\image428244.bmp|C:\Users\iRoti\Desktop\tt\SMIC\SMIC_all_raw\HS\s3\non_micro\s3_n27\image428245.bmp|C:\Users\iRoti\Desktop\tt\SMIC\SMIC_all_raw\HS\s3\non_micro\s3_n27\image428246.bmp|C:\Users\iRoti\Desktop\tt\SMIC\SMIC_all_raw\HS\s3\non_micro\s3_n27\image428247.bmp|C:\Users\iRoti\Desktop\tt\SMIC\SMIC_all_raw\HS\s3\non_micro\s3_n27\image428248.bmp|C:\Users\iRoti\Desktop\tt\SMIC\SMIC_all_raw\HS\s3\non_micro\s3_n27\image428249.bmp|C:\Users\iRoti\Desktop\tt\SMIC\SMIC_all_raw\HS\s3\non_micro\s3_n27\image428250.bmp|C:\Users\iRoti\Desktop\tt\SMIC\SMIC_all_raw\HS\s3\non_micro\s3_n27\image428251.bmp|C:\Users\iRoti\Desktop\tt\SMIC\SMIC_all_raw\HS\s3\non_micro\s3_n27\image428252.bmp|C:\Users\iRoti\Desktop\tt\SMIC\SMIC_all_raw\HS\s3\non_micro\s3_n27\image428253.bmp|C:\Users\iRoti\Desktop\tt\SMIC\SMIC_all_raw\HS\s3\non_micro\s3_n27\image428254.bmp|C:\Users\iRoti\Desktop\tt\SMIC\SMIC_all_raw\HS\s3\non_micro\s3_n27\image428255.bmp|C:\Users\iRoti\Desktop\tt\SMIC\SMIC_all_raw\HS\s3\non_micro\s3_n27\image428256.bmp|C:\Users\iRoti\Desktop\tt\SMIC\SMIC_all_raw\HS\s3\non_micro\s3_n27\image428257.bmp
s3,HS_100fps,Neutral,C:\Users\iRoti\Desktop\tt\SMIC\SMIC_all_raw\HS\s3\non_micro\s3_n28\image428325.bmp|C:\Users\iRoti\Desktop\tt\SMIC\SMIC_all_raw\HS\s3\non_micro\s3_n28\image428326.bmp|C:\Users\iRoti\Desktop\tt\SMIC\SMIC_all_raw\HS\s3\non_micro\s3_n28\image428327.bmp|C:\Users\iRoti\Desktop\tt\SMIC\SMIC_all_raw\HS\s3\non_micro\s3_n28\image428328.bmp|C:\Users\iRoti\Desktop\tt\SMIC\SMIC_all_raw\HS\s3\non_micro\s3_n28\image428329.bmp|C:\Users\iRoti\Desktop\tt\SMIC\SMIC_all_raw\HS\s3\non_micro\s3_n28\image428330.bmp|C:\Users\iRoti\Desktop\tt\SMIC\SMIC_all_raw\HS\s3\non_micro\s3_n28\image428331.bmp|C:\Users\iRoti\Desktop\tt\SMIC\SMIC_all_raw\HS\s3\non_micro\s3_n28\image428332.bmp|C:\Users\iRoti\Desktop\tt\SMIC\SMIC_all_raw\HS\s3\non_micro\s3_n28\image428333.bmp|C:\Users\iRoti\Desktop\tt\SMIC\SMIC_all_raw\HS\s3\non_micro\s3_n28\image428334.bmp|C:\Users\iRoti\Desktop\tt\SMIC\SMIC_all_raw\HS\s3\non_micro\s3_n28\image428335.bmp|C:\Users\iRoti\Desktop\tt\SMIC\SMIC_all_raw\HS\s3\non_micro\s3_n28\image428336.bmp|C:\Users\iRoti\Desktop\tt\SMIC\SMIC_all_raw\HS\s3\non_micro\s3_n28\image428337.bmp|C:\Users\iRoti\Desktop\tt\SMIC\SMIC_all_raw\HS\s3\non_micro\s3_n28\image428338.bmp|C:\Users\iRoti\Desktop\tt\SMIC\SMIC_all_raw\HS\s3\non_micro\s3_n28\image428339.bmp|C:\Users\iRoti\Desktop\tt\SMIC\SMIC_all_raw\HS\s3\non_micro\s3_n28\image428340.bmp|C:\Users\iRoti\Desktop\tt\SMIC\SMIC_all_raw\HS\s3\non_micro\s3_n28\image428341.bmp|C:\Users\iRoti\Desktop\tt\SMIC\SMIC_all_raw\HS\s3\non_micro\s3_n28\image428342.bmp|C:\Users\iRoti\Desktop\tt\SMIC\SMIC_all_raw\HS\s3\non_micro\s3_n28\image428343.bmp|C:\Users\iRoti\Desktop\tt\SMIC\SMIC_all_raw\HS\s3\non_micro\s3_n28\image428344.bmp|C:\Users\iRoti\Desktop\tt\SMIC\SMIC_all_raw\HS\s3\non_micro\s3_n28\image428345.bmp
s3,HS_100fps,Neutral,C:\Users\iRoti\Desktop\tt\SMIC\SMIC_all_raw\HS\s3\non_micro\s3_n29\image428348.bmp|C:\Users\iRoti\Desktop\tt\SMIC\SMIC_all_raw\HS\s3\non_micro\s3_n29\image428349.bmp|C:\Users\iRoti\Desktop\tt\SMIC\SMIC_all_raw\HS\s3\non_micro\s3_n29\image428350.bmp|C:\Users\iRoti\Desktop\tt\SMIC\SMIC_all_raw\HS\s3\non_micro\s3_n29\image428351.bmp|C:\Users\iRoti\Desktop\tt\SMIC\SMIC_all_raw\HS\s3\non_micro\s3_n29\image428352.bmp|C:\Users\iRoti\Desktop\tt\SMIC\SMIC_all_raw\HS\s3\non_micro\s3_n29\image428353.bmp|C:\Users\iRoti\Desktop\tt\SMIC\SMIC_all_raw\HS\s3\non_micro\s3_n29\image428354.bmp|C:\Users\iRoti\Desktop\tt\SMIC\SMIC_all_raw\HS\s3\non_micro\s3_n29\image428355.bmp|C:\Users\iRoti\Desktop\tt\SMIC\SMIC_all_raw\HS\s3\non_micro\s3_n29\image428356.bmp|C:\Users\iRoti\Desktop\tt\SMIC\SMIC_all_raw\HS\s3\non_micro\s3_n29\image428357.bmp|C:\Users\iRoti\Desktop\tt\SMIC\SMIC_all_raw\HS\s3\non_micro\s3_n29\image428358.bmp|C:\Users\iRoti\Desktop\tt\SMIC\SMIC_all_raw\HS\s3\non_micro\s3_n29\image428359.bmp|C:\Users\iRoti\Desktop\tt\SMIC\SMIC_all_raw\HS\s3\non_micro\s3_n29\image428360.bmp|C:\Users\iRoti\Desktop\tt\SMIC\SMIC_all_raw\HS\s3\non_micro\s3_n29\image428361.bmp|C:\Users\iRoti\Desktop\tt\SMIC\SMIC_all_raw\HS\s3\non_micro\s3_n29\image428362.bmp|C:\Users\iRoti\Desktop\tt\SMIC\SMIC_all_raw\HS\s3\non_micro\s3_n29\image428363.bmp|C:\Users\iRoti\Desktop\tt\SMIC\SMIC_all_raw\HS\s3\non_micro\s3_n29\image428364.bmp|C:\Users\iRoti\Desktop\tt\SMIC\SMIC_all_raw\HS\s3\non_micro\s3_n29\image428365.bmp|C:\Users\iRoti\Desktop\tt\SMIC\SMIC_all_raw\HS\s3\non_micro\s3_n29\image428366.bmp|C:\Users\iRoti\Desktop\tt\SMIC\SMIC_all_raw\HS\s3\non_micro\s3_n29\image428367.bmp|C:\Users\iRoti\Desktop\tt\SMIC\SMIC_all_raw\HS\s3\non_micro\s3_n29\image428368.bmp|C:\Users\iRoti\Desktop\tt\SMIC\SMIC_all_raw\HS\s3\non_micro\s3_n29\image428369.bmp|C:\Users\iRoti\Desktop\tt\SMIC\SMIC_all_raw\HS\s3\non_micro\s3_n29\image428370.bmp|C:\Users\iRoti\Desktop\tt\SMIC\SMIC_all_raw\HS\s3\non_micro\s3_n29\image428371.bmp
s3,HS_100fps,Neutral,C:\Users\iRoti\Desktop\tt\SMIC\SMIC_all_raw\HS\s3\non_micro\s3_n3\image304004.bmp|C:\Users\iRoti\Desktop\tt\SMIC\SMIC_all_raw\HS\s3\non_micro\s3_n3\image304005.bmp|C:\Users\iRoti\Desktop\tt\SMIC\SMIC_all_raw\HS\s3\non_micro\s3_n3\image304006.bmp|C:\Users\iRoti\Desktop\tt\SMIC\SMIC_all_raw\HS\s3\non_micro\s3_n3\image304007.bmp|C:\Users\iRoti\Desktop\tt\SMIC\SMIC_all_raw\HS\s3\non_micro\s3_n3\image304008.bmp|C:\Users\iRoti\Desktop\tt\SMIC\SMIC_all_raw\HS\s3\non_micro\s3_n3\image304009.bmp|C:\Users\iRoti\Desktop\tt\SMIC\SMIC_all_raw\HS\s3\non_micro\s3_n3\image304010.bmp|C:\Users\iRoti\Desktop\tt\SMIC\SMIC_all_raw\HS\s3\non_micro\s3_n3\image304011.bmp|C:\Users\iRoti\Desktop\tt\SMIC\SMIC_all_raw\HS\s3\non_micro\s3_n3\image304012.bmp|C:\Users\iRoti\Desktop\tt\SMIC\SMIC_all_raw\HS\s3\non_micro\s3_n3\image304013.bmp|C:\Users\iRoti\Desktop\tt\SMIC\SMIC_all_raw\HS\s3\non_micro\s3_n3\image304014.bmp|C:\Users\iRoti\Desktop\tt\SMIC\SMIC_all_raw\HS\s3\non_micro\s3_n3\image304015.bmp|C:\Users\iRoti\Desktop\tt\SMIC\SMIC_all_raw\HS\s3\non_micro\s3_n3\image304016.bmp|C:\Users\iRoti\Desktop\tt\SMIC\SMIC_all_raw\HS\s3\non_micro\s3_n3\image304017.bmp|C:\Users\iRoti\Desktop\tt\SMIC\SMIC_all_raw\HS\s3\non_micro\s3_n3\image304018.bmp|C:\Users\iRoti\Desktop\tt\SMIC\SMIC_all_raw\HS\s3\non_micro\s3_n3\image304019.bmp|C:\Users\iRoti\Desktop\tt\SMIC\SMIC_all_raw\HS\s3\non_micro\s3_n3\image304020.bmp|C:\Users\iRoti\Desktop\tt\SMIC\SMIC_all_raw\HS\s3\non_micro\s3_n3\image304021.bmp|C:\Users\iRoti\Desktop\tt\SMIC\SMIC_all_raw\HS\s3\non_micro\s3_n3\image304022.bmp|C:\Users\iRoti\Desktop\tt\SMIC\SMIC_all_raw\HS\s3\non_micro\s3_n3\image304023.bmp|C:\Users\iRoti\Desktop\tt\SMIC\SMIC_all_raw\HS\s3\non_micro\s3_n3\image304024.bmp|C:\Users\iRoti\Desktop\tt\SMIC\SMIC_all_raw\HS\s3\non_micro\s3_n3\image304025.bmp|C:\Users\iRoti\Desktop\tt\SMIC\SMIC_all_raw\HS\s3\non_micro\s3_n3\image304026.bmp|C:\Users\iRoti\Desktop\tt\SMIC\SMIC_all_raw\HS\s3\non_micro\s3_n3\image304027.bmp|C:\Users\iRoti\Desktop\tt\SMIC\SMIC_all_raw\HS\s3\non_micro\s3_n3\image304028.bmp|C:\Users\iRoti\Desktop\tt\SMIC\SMIC_all_raw\HS\s3\non_micro\s3_n3\image304029.bmp|C:\Users\iRoti\Desktop\tt\SMIC\SMIC_all_raw\HS\s3\non_micro\s3_n3\image304030.bmp
s3,HS_100fps,Neutral,C:\Users\iRoti\Desktop\tt\SMIC\SMIC_all_raw\HS\s3\non_micro\s3_n30\image428388.bmp|C:\Users\iRoti\Desktop\tt\SMIC\SMIC_all_raw\HS\s3\non_micro\s3_n30\image428389.bmp|C:\Users\iRoti\Desktop\tt\SMIC\SMIC_all_raw\HS\s3\non_micro\s3_n30\image428390.bmp|C:\Users\iRoti\Desktop\tt\SMIC\SMIC_all_raw\HS\s3\non_micro\s3_n30\image428391.bmp|C:\Users\iRoti\Desktop\tt\SMIC\SMIC_all_raw\HS\s3\non_micro\s3_n30\image428392.bmp|C:\Users\iRoti\Desktop\tt\SMIC\SMIC_all_raw\HS\s3\non_micro\s3_n30\image428393.bmp|C:\Users\iRoti\Desktop\tt\SMIC\SMIC_all_raw\HS\s3\non_micro\s3_n30\image428394.bmp|C:\Users\iRoti\Desktop\tt\SMIC\SMIC_all_raw\HS\s3\non_micro\s3_n30\image428395.bmp|C:\Users\iRoti\Desktop\tt\SMIC\SMIC_all_raw\HS\s3\non_micro\s3_n30\image428396.bmp|C:\Users\iRoti\Desktop\tt\SMIC\SMIC_all_raw\HS\s3\non_micro\s3_n30\image428397.bmp|C:\Users\iRoti\Desktop\tt\SMIC\SMIC_all_raw\HS\s3\non_micro\s3_n30\image428398.bmp|C:\Users\iRoti\Desktop\tt\SMIC\SMIC_all_raw\HS\s3\non_micro\s3_n30\image428399.bmp|C:\Users\iRoti\Desktop\tt\SMIC\SMIC_all_raw\HS\s3\non_micro\s3_n30\image428400.bmp|C:\Users\iRoti\Desktop\tt\SMIC\SMIC_all_raw\HS\s3\non_micro\s3_n30\image428401.bmp|C:\Users\iRoti\Desktop\tt\SMIC\SMIC_all_raw\HS\s3\non_micro\s3_n30\image428402.bmp|C:\Users\iRoti\Desktop\tt\SMIC\SMIC_all_raw\HS\s3\non_micro\s3_n30\image428403.bmp|C:\Users\iRoti\Desktop\tt\SMIC\SMIC_all_raw\HS\s3\non_micro\s3_n30\image428404.bmp|C:\Users\iRoti\Desktop\tt\SMIC\SMIC_all_raw\HS\s3\non_micro\s3_n30\image428405.bmp|C:\Users\iRoti\Desktop\tt\SMIC\SMIC_all_raw\HS\s3\non_micro\s3_n30\image428406.bmp
s3,HS_100fps,Neutral,C:\Users\iRoti\Desktop\tt\SMIC\SMIC_all_raw\HS\s3\non_micro\s3_n31\image428432.bmp|C:\Users\iRoti\Desktop\tt\SMIC\SMIC_all_raw\HS\s3\non_micro\s3_n31\image428433.bmp|C:\Users\iRoti\Desktop\tt\SMIC\SMIC_all_raw\HS\s3\non_micro\s3_n31\image428434.bmp|C:\Users\iRoti\Desktop\tt\SMIC\SMIC_all_raw\HS\s3\non_micro\s3_n31\image428435.bmp|C:\Users\iRoti\Desktop\tt\SMIC\SMIC_all_raw\HS\s3\non_micro\s3_n31\image428436.bmp|C:\Users\iRoti\Desktop\tt\SMIC\SMIC_all_raw\HS\s3\non_micro\s3_n31\image428437.bmp|C:\Users\iRoti\Desktop\tt\SMIC\SMIC_all_raw\HS\s3\non_micro\s3_n31\image428438.bmp|C:\Users\iRoti\Desktop\tt\SMIC\SMIC_all_raw\HS\s3\non_micro\s3_n31\image428439.bmp|C:\Users\iRoti\Desktop\tt\SMIC\SMIC_all_raw\HS\s3\non_micro\s3_n31\image428440.bmp|C:\Users\iRoti\Desktop\tt\SMIC\SMIC_all_raw\HS\s3\non_micro\s3_n31\image428441.bmp|C:\Users\iRoti\Desktop\tt\SMIC\SMIC_all_raw\HS\s3\non_micro\s3_n31\image428442.bmp|C:\Users\iRoti\Desktop\tt\SMIC\SMIC_all_raw\HS\s3\non_micro\s3_n31\image428443.bmp|C:\Users\iRoti\Desktop\tt\SMIC\SMIC_all_raw\HS\s3\non_micro\s3_n31\image428444.bmp|C:\Users\iRoti\Desktop\tt\SMIC\SMIC_all_raw\HS\s3\non_micro\s3_n31\image428445.bmp|C:\Users\iRoti\Desktop\tt\SMIC\SMIC_all_raw\HS\s3\non_micro\s3_n31\image428446.bmp|C:\Users\iRoti\Desktop\tt\SMIC\SMIC_all_raw\HS\s3\non_micro\s3_n31\image428447.bmp|C:\Users\iRoti\Desktop\tt\SMIC\SMIC_all_raw\HS\s3\non_micro\s3_n31\image428448.bmp|C:\Users\iRoti\Desktop\tt\SMIC\SMIC_all_raw\HS\s3\non_micro\s3_n31\image428449.bmp
s3,HS_100fps,Neutral,C:\Users\iRoti\Desktop\tt\SMIC\SMIC_all_raw\HS\s3\non_micro\s3_n32\image428473.bmp|C:\Users\iRoti\Desktop\tt\SMIC\SMIC_all_raw\HS\s3\non_micro\s3_n32\image428474.bmp|C:\Users\iRoti\Desktop\tt\SMIC\SMIC_all_raw\HS\s3\non_micro\s3_n32\image428475.bmp|C:\Users\iRoti\Desktop\tt\SMIC\SMIC_all_raw\HS\s3\non_micro\s3_n32\image428476.bmp|C:\Users\iRoti\Desktop\tt\SMIC\SMIC_all_raw\HS\s3\non_micro\s3_n32\image428477.bmp|C:\Users\iRoti\Desktop\tt\SMIC\SMIC_all_raw\HS\s3\non_micro\s3_n32\image428478.bmp|C:\Users\iRoti\Desktop\tt\SMIC\SMIC_all_raw\HS\s3\non_micro\s3_n32\image428479.bmp|C:\Users\iRoti\Desktop\tt\SMIC\SMIC_all_raw\HS\s3\non_micro\s3_n32\image428480.bmp|C:\Users\iRoti\Desktop\tt\SMIC\SMIC_all_raw\HS\s3\non_micro\s3_n32\image428481.bmp|C:\Users\iRoti\Desktop\tt\SMIC\SMIC_all_raw\HS\s3\non_micro\s3_n32\image428482.bmp|C:\Users\iRoti\Desktop\tt\SMIC\SMIC_all_raw\HS\s3\non_micro\s3_n32\image428483.bmp|C:\Users\iRoti\Desktop\tt\SMIC\SMIC_all_raw\HS\s3\non_micro\s3_n32\image428484.bmp|C:\Users\iRoti\Desktop\tt\SMIC\SMIC_all_raw\HS\s3\non_micro\s3_n32\image428485.bmp|C:\Users\iRoti\Desktop\tt\SMIC\SMIC_all_raw\HS\s3\non_micro\s3_n32\image428486.bmp|C:\Users\iRoti\Desktop\tt\SMIC\SMIC_all_raw\HS\s3\non_micro\s3_n32\image428487.bmp|C:\Users\iRoti\Desktop\tt\SMIC\SMIC_all_raw\HS\s3\non_micro\s3_n32\image428488.bmp|C:\Users\iRoti\Desktop\tt\SMIC\SMIC_all_raw\HS\s3\non_micro\s3_n32\image428489.bmp|C:\Users\iRoti\Desktop\tt\SMIC\SMIC_all_raw\HS\s3\non_micro\s3_n32\image428490.bmp|C:\Users\iRoti\Desktop\tt\SMIC\SMIC_all_raw\HS\s3\non_micro\s3_n32\image428491.bmp|C:\Users\iRoti\Desktop\tt\SMIC\SMIC_all_raw\HS\s3\non_micro\s3_n32\image428492.bmp|C:\Users\iRoti\Desktop\tt\SMIC\SMIC_all_raw\HS\s3\non_micro\s3_n32\image428493.bmp|C:\Users\iRoti\Desktop\tt\SMIC\SMIC_all_raw\HS\s3\non_micro\s3_n32\image428494.bmp
s3,HS_100fps,Neutral,C:\Users\iRoti\Desktop\tt\SMIC\SMIC_all_raw\HS\s3\non_micro\s3_n33\image428517.bmp|C:\Users\iRoti\Desktop\tt\SMIC\SMIC_all_raw\HS\s3\non_micro\s3_n33\image428518.bmp|C:\Users\iRoti\Desktop\tt\SMIC\SMIC_all_raw\HS\s3\non_micro\s3_n33\image428519.bmp|C:\Users\iRoti\Desktop\tt\SMIC\SMIC_all_raw\HS\s3\non_micro\s3_n33\image428520.bmp|C:\Users\iRoti\Desktop\tt\SMIC\SMIC_all_raw\HS\s3\non_micro\s3_n33\image428521.bmp|C:\Users\iRoti\Desktop\tt\SMIC\SMIC_all_raw\HS\s3\non_micro\s3_n33\image428522.bmp|C:\Users\iRoti\Desktop\tt\SMIC\SMIC_all_raw\HS\s3\non_micro\s3_n33\image428523.bmp|C:\Users\iRoti\Desktop\tt\SMIC\SMIC_all_raw\HS\s3\non_micro\s3_n33\image428524.bmp|C:\Users\iRoti\Desktop\tt\SMIC\SMIC_all_raw\HS\s3\non_micro\s3_n33\image428525.bmp|C:\Users\iRoti\Desktop\tt\SMIC\SMIC_all_raw\HS\s3\non_micro\s3_n33\image428526.bmp|C:\Users\iRoti\Desktop\tt\SMIC\SMIC_all_raw\HS\s3\non_micro\s3_n33\image428527.bmp|C:\Users\iRoti\Desktop\tt\SMIC\SMIC_all_raw\HS\s3\non_micro\s3_n33\image428528.bmp|C:\Users\iRoti\Desktop\tt\SMIC\SMIC_all_raw\HS\s3\non_micro\s3_n33\image428529.bmp|C:\Users\iRoti\Desktop\tt\SMIC\SMIC_all_raw\HS\s3\non_micro\s3_n33\image428530.bmp|C:\Users\iRoti\Desktop\tt\SMIC\SMIC_all_raw\HS\s3\non_micro\s3_n33\image428531.bmp|C:\Users\iRoti\Desktop\tt\SMIC\SMIC_all_raw\HS\s3\non_micro\s3_n33\image428532.bmp|C:\Users\iRoti\Desktop\tt\SMIC\SMIC_all_raw\HS\s3\non_micro\s3_n33\image428533.bmp|C:\Users\iRoti\Desktop\tt\SMIC\SMIC_all_raw\HS\s3\non_micro\s3_n33\image428534.bmp|C:\Users\iRoti\Desktop\tt\SMIC\SMIC_all_raw\HS\s3\non_micro\s3_n33\image428535.bmp|C:\Users\iRoti\Desktop\tt\SMIC\SMIC_all_raw\HS\s3\non_micro\s3_n33\image428536.bmp|C:\Users\iRoti\Desktop\tt\SMIC\SMIC_all_raw\HS\s3\non_micro\s3_n33\image428537.bmp|C:\Users\iRoti\Desktop\tt\SMIC\SMIC_all_raw\HS\s3\non_micro\s3_n33\image428538.bmp|C:\Users\iRoti\Desktop\tt\SMIC\SMIC_all_raw\HS\s3\non_micro\s3_n33\image428539.bmp|C:\Users\iRoti\Desktop\tt\SMIC\SMIC_all_raw\HS\s3\non_micro\s3_n33\image428540.bmp|C:\Users\iRoti\Desktop\tt\SMIC\SMIC_all_raw\HS\s3\non_micro\s3_n33\image428541.bmp
s3,HS_100fps,Neutral,C:\Users\iRoti\Desktop\tt\SMIC\SMIC_all_raw\HS\s3\non_micro\s3_n34\image428558.bmp|C:\Users\iRoti\Desktop\tt\SMIC\SMIC_all_raw\HS\s3\non_micro\s3_n34\image428559.bmp|C:\Users\iRoti\Desktop\tt\SMIC\SMIC_all_raw\HS\s3\non_micro\s3_n34\image428560.bmp|C:\Users\iRoti\Desktop\tt\SMIC\SMIC_all_raw\HS\s3\non_micro\s3_n34\image428561.bmp|C:\Users\iRoti\Desktop\tt\SMIC\SMIC_all_raw\HS\s3\non_micro\s3_n34\image428562.bmp|C:\Users\iRoti\Desktop\tt\SMIC\SMIC_all_raw\HS\s3\non_micro\s3_n34\image428563.bmp|C:\Users\iRoti\Desktop\tt\SMIC\SMIC_all_raw\HS\s3\non_micro\s3_n34\image428564.bmp|C:\Users\iRoti\Desktop\tt\SMIC\SMIC_all_raw\HS\s3\non_micro\s3_n34\image428565.bmp|C:\Users\iRoti\Desktop\tt\SMIC\SMIC_all_raw\HS\s3\non_micro\s3_n34\image428566.bmp|C:\Users\iRoti\Desktop\tt\SMIC\SMIC_all_raw\HS\s3\non_micro\s3_n34\image428567.bmp|C:\Users\iRoti\Desktop\tt\SMIC\SMIC_all_raw\HS\s3\non_micro\s3_n34\image428568.bmp|C:\Users\iRoti\Desktop\tt\SMIC\SMIC_all_raw\HS\s3\non_micro\s3_n34\image428569.bmp|C:\Users\iRoti\Desktop\tt\SMIC\SMIC_all_raw\HS\s3\non_micro\s3_n34\image428570.bmp|C:\Users\iRoti\Desktop\tt\SMIC\SMIC_all_raw\HS\s3\non_micro\s3_n34\image428571.bmp|C:\Users\iRoti\Desktop\tt\SMIC\SMIC_all_raw\HS\s3\non_micro\s3_n34\image428572.bmp|C:\Users\iRoti\Desktop\tt\SMIC\SMIC_all_raw\HS\s3\non_micro\s3_n34\image428573.bmp|C:\Users\iRoti\Desktop\tt\SMIC\SMIC_all_raw\HS\s3\non_micro\s3_n34\image428574.bmp|C:\Users\iRoti\Desktop\tt\SMIC\SMIC_all_raw\HS\s3\non_micro\s3_n34\image428575.bmp|C:\Users\iRoti\Desktop\tt\SMIC\SMIC_all_raw\HS\s3\non_micro\s3_n34\image428576.bmp|C:\Users\iRoti\Desktop\tt\SMIC\SMIC_all_raw\HS\s3\non_micro\s3_n34\image428577.bmp|C:\Users\iRoti\Desktop\tt\SMIC\SMIC_all_raw\HS\s3\non_micro\s3_n34\image428578.bmp|C:\Users\iRoti\Desktop\tt\SMIC\SMIC_all_raw\HS\s3\non_micro\s3_n34\image428579.bmp|C:\Users\iRoti\Desktop\tt\SMIC\SMIC_all_raw\HS\s3\non_micro\s3_n34\image428580.bmp|C:\Users\iRoti\Desktop\tt\SMIC\SMIC_all_raw\HS\s3\non_micro\s3_n34\image428581.bmp|C:\Users\iRoti\Desktop\tt\SMIC\SMIC_all_raw\HS\s3\non_micro\s3_n34\image428582.bmp|C:\Users\iRoti\Desktop\tt\SMIC\SMIC_all_raw\HS\s3\non_micro\s3_n34\image428583.bmp|C:\Users\iRoti\Desktop\tt\SMIC\SMIC_all_raw\HS\s3\non_micro\s3_n34\image428584.bmp|C:\Users\iRoti\Desktop\tt\SMIC\SMIC_all_raw\HS\s3\non_micro\s3_n34\image428585.bmp
s3,HS_100fps,Neutral,C:\Users\iRoti\Desktop\tt\SMIC\SMIC_all_raw\HS\s3\non_micro\s3_n35\image428589.bmp|C:\Users\iRoti\Desktop\tt\SMIC\SMIC_all_raw\HS\s3\non_micro\s3_n35\image428590.bmp|C:\Users\iRoti\Desktop\tt\SMIC\SMIC_all_raw\HS\s3\non_micro\s3_n35\image428591.bmp|C:\Users\iRoti\Desktop\tt\SMIC\SMIC_all_raw\HS\s3\non_micro\s3_n35\image428592.bmp|C:\Users\iRoti\Desktop\tt\SMIC\SMIC_all_raw\HS\s3\non_micro\s3_n35\image428593.bmp|C:\Users\iRoti\Desktop\tt\SMIC\SMIC_all_raw\HS\s3\non_micro\s3_n35\image428594.bmp|C:\Users\iRoti\Desktop\tt\SMIC\SMIC_all_raw\HS\s3\non_micro\s3_n35\image428595.bmp|C:\Users\iRoti\Desktop\tt\SMIC\SMIC_all_raw\HS\s3\non_micro\s3_n35\image428596.bmp|C:\Users\iRoti\Desktop\tt\SMIC\SMIC_all_raw\HS\s3\non_micro\s3_n35\image428597.bmp|C:\Users\iRoti\Desktop\tt\SMIC\SMIC_all_raw\HS\s3\non_micro\s3_n35\image428598.bmp|C:\Users\iRoti\Desktop\tt\SMIC\SMIC_all_raw\HS\s3\non_micro\s3_n35\image428599.bmp|C:\Users\iRoti\Desktop\tt\SMIC\SMIC_all_raw\HS\s3\non_micro\s3_n35\image428600.bmp|C:\Users\iRoti\Desktop\tt\SMIC\SMIC_all_raw\HS\s3\non_micro\s3_n35\image428601.bmp|C:\Users\iRoti\Desktop\tt\SMIC\SMIC_all_raw\HS\s3\non_micro\s3_n35\image428602.bmp|C:\Users\iRoti\Desktop\tt\SMIC\SMIC_all_raw\HS\s3\non_micro\s3_n35\image428603.bmp|C:\Users\iRoti\Desktop\tt\SMIC\SMIC_all_raw\HS\s3\non_micro\s3_n35\image428604.bmp|C:\Users\iRoti\Desktop\tt\SMIC\SMIC_all_raw\HS\s3\non_micro\s3_n35\image428605.bmp|C:\Users\iRoti\Desktop\tt\SMIC\SMIC_all_raw\HS\s3\non_micro\s3_n35\image428606.bmp|C:\Users\iRoti\Desktop\tt\SMIC\SMIC_all_raw\HS\s3\non_micro\s3_n35\image428607.bmp|C:\Users\iRoti\Desktop\tt\SMIC\SMIC_all_raw\HS\s3\non_micro\s3_n35\image428608.bmp
s3,HS_100fps,Neutral,C:\Users\iRoti\Desktop\tt\SMIC\SMIC_all_raw\HS\s3\non_micro\s3_n36\image428663.bmp|C:\Users\iRoti\Desktop\tt\SMIC\SMIC_all_raw\HS\s3\non_micro\s3_n36\image428664.bmp|C:\Users\iRoti\Desktop\tt\SMIC\SMIC_all_raw\HS\s3\non_micro\s3_n36\image428665.bmp|C:\Users\iRoti\Desktop\tt\SMIC\SMIC_all_raw\HS\s3\non_micro\s3_n36\image428666.bmp|C:\Users\iRoti\Desktop\tt\SMIC\SMIC_all_raw\HS\s3\non_micro\s3_n36\image428667.bmp|C:\Users\iRoti\Desktop\tt\SMIC\SMIC_all_raw\HS\s3\non_micro\s3_n36\image428668.bmp|C:\Users\iRoti\Desktop\tt\SMIC\SMIC_all_raw\HS\s3\non_micro\s3_n36\image428669.bmp|C:\Users\iRoti\Desktop\tt\SMIC\SMIC_all_raw\HS\s3\non_micro\s3_n36\image428670.bmp|C:\Users\iRoti\Desktop\tt\SMIC\SMIC_all_raw\HS\s3\non_micro\s3_n36\image428671.bmp|C:\Users\iRoti\Desktop\tt\SMIC\SMIC_all_raw\HS\s3\non_micro\s3_n36\image428672.bmp|C:\Users\iRoti\Desktop\tt\SMIC\SMIC_all_raw\HS\s3\non_micro\s3_n36\image428673.bmp|C:\Users\iRoti\Desktop\tt\SMIC\SMIC_all_raw\HS\s3\non_micro\s3_n36\image428674.bmp|C:\Users\iRoti\Desktop\tt\SMIC\SMIC_all_raw\HS\s3\non_micro\s3_n36\image428675.bmp|C:\Users\iRoti\Desktop\tt\SMIC\SMIC_all_raw\HS\s3\non_micro\s3_n36\image428676.bmp|C:\Users\iRoti\Desktop\tt\SMIC\SMIC_all_raw\HS\s3\non_micro\s3_n36\image428677.bmp|C:\Users\iRoti\Desktop\tt\SMIC\SMIC_all_raw\HS\s3\non_micro\s3_n36\image428678.bmp|C:\Users\iRoti\Desktop\tt\SMIC\SMIC_all_raw\HS\s3\non_micro\s3_n36\image428679.bmp|C:\Users\iRoti\Desktop\tt\SMIC\SMIC_all_raw\HS\s3\non_micro\s3_n36\image428680.bmp|C:\Users\iRoti\Desktop\tt\SMIC\SMIC_all_raw\HS\s3\non_micro\s3_n36\image428681.bmp|C:\Users\iRoti\Desktop\tt\SMIC\SMIC_all_raw\HS\s3\non_micro\s3_n36\image428682.bmp|C:\Users\iRoti\Desktop\tt\SMIC\SMIC_all_raw\HS\s3\non_micro\s3_n36\image428683.bmp|C:\Users\iRoti\Desktop\tt\SMIC\SMIC_all_raw\HS\s3\non_micro\s3_n36\image428684.bmp|C:\Users\iRoti\Desktop\tt\SMIC\SMIC_all_raw\HS\s3\non_micro\s3_n36\image428685.bmp|C:\Users\iRoti\Desktop\tt\SMIC\SMIC_all_raw\HS\s3\non_micro\s3_n36\image428686.bmp|C:\Users\iRoti\Desktop\tt\SMIC\SMIC_all_raw\HS\s3\non_micro\s3_n36\image428687.bmp|C:\Users\iRoti\Desktop\tt\SMIC\SMIC_all_raw\HS\s3\non_micro\s3_n36\image428688.bmp|C:\Users\iRoti\Desktop\tt\SMIC\SMIC_all_raw\HS\s3\non_micro\s3_n36\image428689.bmp|C:\Users\iRoti\Desktop\tt\SMIC\SMIC_all_raw\HS\s3\non_micro\s3_n36\image428690.bmp|C:\Users\iRoti\Desktop\tt\SMIC\SMIC_all_raw\HS\s3\non_micro\s3_n36\image428691.bmp
s3,HS_100fps,Neutral,C:\Users\iRoti\Desktop\tt\SMIC\SMIC_all_raw\HS\s3\non_micro\s3_n37\image428704.bmp|C:\Users\iRoti\Desktop\tt\SMIC\SMIC_all_raw\HS\s3\non_micro\s3_n37\image428705.bmp|C:\Users\iRoti\Desktop\tt\SMIC\SMIC_all_raw\HS\s3\non_micro\s3_n37\image428706.bmp|C:\Users\iRoti\Desktop\tt\SMIC\SMIC_all_raw\HS\s3\non_micro\s3_n37\image428707.bmp|C:\Users\iRoti\Desktop\tt\SMIC\SMIC_all_raw\HS\s3\non_micro\s3_n37\image428708.bmp|C:\Users\iRoti\Desktop\tt\SMIC\SMIC_all_raw\HS\s3\non_micro\s3_n37\image428709.bmp|C:\Users\iRoti\Desktop\tt\SMIC\SMIC_all_raw\HS\s3\non_micro\s3_n37\image428710.bmp|C:\Users\iRoti\Desktop\tt\SMIC\SMIC_all_raw\HS\s3\non_micro\s3_n37\image428711.bmp|C:\Users\iRoti\Desktop\tt\SMIC\SMIC_all_raw\HS\s3\non_micro\s3_n37\image428712.bmp|C:\Users\iRoti\Desktop\tt\SMIC\SMIC_all_raw\HS\s3\non_micro\s3_n37\image428713.bmp|C:\Users\iRoti\Desktop\tt\SMIC\SMIC_all_raw\HS\s3\non_micro\s3_n37\image428716.bmp|C:\Users\iRoti\Desktop\tt\SMIC\SMIC_all_raw\HS\s3\non_micro\s3_n37\image428717.bmp|C:\Users\iRoti\Desktop\tt\SMIC\SMIC_all_raw\HS\s3\non_micro\s3_n37\image428718.bmp|C:\Users\iRoti\Desktop\tt\SMIC\SMIC_all_raw\HS\s3\non_micro\s3_n37\image428719.bmp|C:\Users\iRoti\Desktop\tt\SMIC\SMIC_all_raw\HS\s3\non_micro\s3_n37\image428720.bmp|C:\Users\iRoti\Desktop\tt\SMIC\SMIC_all_raw\HS\s3\non_micro\s3_n37\image428721.bmp|C:\Users\iRoti\Desktop\tt\SMIC\SMIC_all_raw\HS\s3\non_micro\s3_n37\image428722.bmp|C:\Users\iRoti\Desktop\tt\SMIC\SMIC_all_raw\HS\s3\non_micro\s3_n37\image428725.bmp
s3,HS_100fps,Neutral,C:\Users\iRoti\Desktop\tt\SMIC\SMIC_all_raw\HS\s3\non_micro\s3_n38\image428703.bmp|C:\Users\iRoti\Desktop\tt\SMIC\SMIC_all_raw\HS\s3\non_micro\s3_n38\image428704.bmp|C:\Users\iRoti\Desktop\tt\SMIC\SMIC_all_raw\HS\s3\non_micro\s3_n38\image428705.bmp|C:\Users\iRoti\Desktop\tt\SMIC\SMIC_all_raw\HS\s3\non_micro\s3_n38\image428706.bmp|C:\Users\iRoti\Desktop\tt\SMIC\SMIC_all_raw\HS\s3\non_micro\s3_n38\image428707.bmp|C:\Users\iRoti\Desktop\tt\SMIC\SMIC_all_raw\HS\s3\non_micro\s3_n38\image428708.bmp|C:\Users\iRoti\Desktop\tt\SMIC\SMIC_all_raw\HS\s3\non_micro\s3_n38\image428709.bmp|C:\Users\iRoti\Desktop\tt\SMIC\SMIC_all_raw\HS\s3\non_micro\s3_n38\image428710.bmp|C:\Users\iRoti\Desktop\tt\SMIC\SMIC_all_raw\HS\s3\non_micro\s3_n38\image428711.bmp|C:\Users\iRoti\Desktop\tt\SMIC\SMIC_all_raw\HS\s3\non_micro\s3_n38\image428712.bmp|C:\Users\iRoti\Desktop\tt\SMIC\SMIC_all_raw\HS\s3\non_micro\s3_n38\image428713.bmp|C:\Users\iRoti\Desktop\tt\SMIC\SMIC_all_raw\HS\s3\non_micro\s3_n38\image428714.bmp|C:\Users\iRoti\Desktop\tt\SMIC\SMIC_all_raw\HS\s3\non_micro\s3_n38\image428715.bmp|C:\Users\iRoti\Desktop\tt\SMIC\SMIC_all_raw\HS\s3\non_micro\s3_n38\image428716.bmp|C:\Users\iRoti\Desktop\tt\SMIC\SMIC_all_raw\HS\s3\non_micro\s3_n38\image428717.bmp|C:\Users\iRoti\Desktop\tt\SMIC\SMIC_all_raw\HS\s3\non_micro\s3_n38\image428718.bmp|C:\Users\iRoti\Desktop\tt\SMIC\SMIC_all_raw\HS\s3\non_micro\s3_n38\image428719.bmp|C:\Users\iRoti\Desktop\tt\SMIC\SMIC_all_raw\HS\s3\non_micro\s3_n38\image428720.bmp|C:\Users\iRoti\Desktop\tt\SMIC\SMIC_all_raw\HS\s3\non_micro\s3_n38\image428721.bmp|C:\Users\iRoti\Desktop\tt\SMIC\SMIC_all_raw\HS\s3\non_micro\s3_n38\image428722.bmp|C:\Users\iRoti\Desktop\tt\SMIC\SMIC_all_raw\HS\s3\non_micro\s3_n38\image428723.bmp|C:\Users\iRoti\Desktop\tt\SMIC\SMIC_all_raw\HS\s3\non_micro\s3_n38\image428724.bmp|C:\Users\iRoti\Desktop\tt\SMIC\SMIC_all_raw\HS\s3\non_micro\s3_n38\image428725.bmp|C:\Users\iRoti\Desktop\tt\SMIC\SMIC_all_raw\HS\s3\non_micro\s3_n38\image428726.bmp|C:\Users\iRoti\Desktop\tt\SMIC\SMIC_all_raw\HS\s3\non_micro\s3_n38\image428727.bmp|C:\Users\iRoti\Desktop\tt\SMIC\SMIC_all_raw\HS\s3\non_micro\s3_n38\image428728.bmp|C:\Users\iRoti\Desktop\tt\SMIC\SMIC_all_raw\HS\s3\non_micro\s3_n38\image428729.bmp|C:\Users\iRoti\Desktop\tt\SMIC\SMIC_all_raw\HS\s3\non_micro\s3_n38\image428730.bmp|C:\Users\iRoti\Desktop\tt\SMIC\SMIC_all_raw\HS\s3\non_micro\s3_n38\image428731.bmp|C:\Users\iRoti\Desktop\tt\SMIC\SMIC_all_raw\HS\s3\non_micro\s3_n38\image428732.bmp|C:\Users\iRoti\Desktop\tt\SMIC\SMIC_all_raw\HS\s3\non_micro\s3_n38\image428733.bmp|C:\Users\iRoti\Desktop\tt\SMIC\SMIC_all_raw\HS\s3\non_micro\s3_n38\image428734.bmp|C:\Users\iRoti\Desktop\tt\SMIC\SMIC_all_raw\HS\s3\non_micro\s3_n38\image428735.bmp|C:\Users\iRoti\Desktop\tt\SMIC\SMIC_all_raw\HS\s3\non_micro\s3_n38\image428736.bmp|C:\Users\iRoti\Desktop\tt\SMIC\SMIC_all_raw\HS\s3\non_micro\s3_n38\image428737.bmp|C:\Users\iRoti\Desktop\tt\SMIC\SMIC_all_raw\HS\s3\non_micro\s3_n38\image428738.bmp
s3,HS_100fps,Neutral,C:\Users\iRoti\Desktop\tt\SMIC\SMIC_all_raw\HS\s3\non_micro\s3_n39\image428463.bmp|C:\Users\iRoti\Desktop\tt\SMIC\SMIC_all_raw\HS\s3\non_micro\s3_n39\image428464.bmp|C:\Users\iRoti\Desktop\tt\SMIC\SMIC_all_raw\HS\s3\non_micro\s3_n39\image428465.bmp|C:\Users\iRoti\Desktop\tt\SMIC\SMIC_all_raw\HS\s3\non_micro\s3_n39\image428466.bmp|C:\Users\iRoti\Desktop\tt\SMIC\SMIC_all_raw\HS\s3\non_micro\s3_n39\image428467.bmp|C:\Users\iRoti\Desktop\tt\SMIC\SMIC_all_raw\HS\s3\non_micro\s3_n39\image428468.bmp|C:\Users\iRoti\Desktop\tt\SMIC\SMIC_all_raw\HS\s3\non_micro\s3_n39\image428469.bmp|C:\Users\iRoti\Desktop\tt\SMIC\SMIC_all_raw\HS\s3\non_micro\s3_n39\image428470.bmp|C:\Users\iRoti\Desktop\tt\SMIC\SMIC_all_raw\HS\s3\non_micro\s3_n39\image428471.bmp|C:\Users\iRoti\Desktop\tt\SMIC\SMIC_all_raw\HS\s3\non_micro\s3_n39\image428472.bmp|C:\Users\iRoti\Desktop\tt\SMIC\SMIC_all_raw\HS\s3\non_micro\s3_n39\image428473.bmp|C:\Users\iRoti\Desktop\tt\SMIC\SMIC_all_raw\HS\s3\non_micro\s3_n39\image428474.bmp|C:\Users\iRoti\Desktop\tt\SMIC\SMIC_all_raw\HS\s3\non_micro\s3_n39\image428475.bmp|C:\Users\iRoti\Desktop\tt\SMIC\SMIC_all_raw\HS\s3\non_micro\s3_n39\image428476.bmp|C:\Users\iRoti\Desktop\tt\SMIC\SMIC_all_raw\HS\s3\non_micro\s3_n39\image428477.bmp|C:\Users\iRoti\Desktop\tt\SMIC\SMIC_all_raw\HS\s3\non_micro\s3_n39\image428478.bmp|C:\Users\iRoti\Desktop\tt\SMIC\SMIC_all_raw\HS\s3\non_micro\s3_n39\image428479.bmp|C:\Users\iRoti\Desktop\tt\SMIC\SMIC_all_raw\HS\s3\non_micro\s3_n39\image428480.bmp|C:\Users\iRoti\Desktop\tt\SMIC\SMIC_all_raw\HS\s3\non_micro\s3_n39\image428481.bmp|C:\Users\iRoti\Desktop\tt\SMIC\SMIC_all_raw\HS\s3\non_micro\s3_n39\image428482.bmp|C:\Users\iRoti\Desktop\tt\SMIC\SMIC_all_raw\HS\s3\non_micro\s3_n39\image428483.bmp|C:\Users\iRoti\Desktop\tt\SMIC\SMIC_all_raw\HS\s3\non_micro\s3_n39\image428484.bmp|C:\Users\iRoti\Desktop\tt\SMIC\SMIC_all_raw\HS\s3\non_micro\s3_n39\image428485.bmp|C:\Users\iRoti\Desktop\tt\SMIC\SMIC_all_raw\HS\s3\non_micro\s3_n39\image428486.bmp|C:\Users\iRoti\Desktop\tt\SMIC\SMIC_all_raw\HS\s3\non_micro\s3_n39\image428487.bmp|C:\Users\iRoti\Desktop\tt\SMIC\SMIC_all_raw\HS\s3\non_micro\s3_n39\image428488.bmp|C:\Users\iRoti\Desktop\tt\SMIC\SMIC_all_raw\HS\s3\non_micro\s3_n39\image428489.bmp|C:\Users\iRoti\Desktop\tt\SMIC\SMIC_all_raw\HS\s3\non_micro\s3_n39\image428490.bmp|C:\Users\iRoti\Desktop\tt\SMIC\SMIC_all_raw\HS\s3\non_micro\s3_n39\image428491.bmp|C:\Users\iRoti\Desktop\tt\SMIC\SMIC_all_raw\HS\s3\non_micro\s3_n39\image428492.bmp
s3,HS_100fps,Neutral,C:\Users\iRoti\Desktop\tt\SMIC\SMIC_all_raw\HS\s3\non_micro\s3_n4\image304191.bmp|C:\Users\iRoti\Desktop\tt\SMIC\SMIC_all_raw\HS\s3\non_micro\s3_n4\image304192.bmp|C:\Users\iRoti\Desktop\tt\SMIC\SMIC_all_raw\HS\s3\non_micro\s3_n4\image304193.bmp|C:\Users\iRoti\Desktop\tt\SMIC\SMIC_all_raw\HS\s3\non_micro\s3_n4\image304194.bmp|C:\Users\iRoti\Desktop\tt\SMIC\SMIC_all_raw\HS\s3\non_micro\s3_n4\image304195.bmp|C:\Users\iRoti\Desktop\tt\SMIC\SMIC_all_raw\HS\s3\non_micro\s3_n4\image304196.bmp|C:\Users\iRoti\Desktop\tt\SMIC\SMIC_all_raw\HS\s3\non_micro\s3_n4\image304197.bmp|C:\Users\iRoti\Desktop\tt\SMIC\SMIC_all_raw\HS\s3\non_micro\s3_n4\image304198.bmp|C:\Users\iRoti\Desktop\tt\SMIC\SMIC_all_raw\HS\s3\non_micro\s3_n4\image304199.bmp|C:\Users\iRoti\Desktop\tt\SMIC\SMIC_all_raw\HS\s3\non_micro\s3_n4\image304200.bmp|C:\Users\iRoti\Desktop\tt\SMIC\SMIC_all_raw\HS\s3\non_micro\s3_n4\image304201.bmp|C:\Users\iRoti\Desktop\tt\SMIC\SMIC_all_raw\HS\s3\non_micro\s3_n4\image304202.bmp|C:\Users\iRoti\Desktop\tt\SMIC\SMIC_all_raw\HS\s3\non_micro\s3_n4\image304203.bmp|C:\Users\iRoti\Desktop\tt\SMIC\SMIC_all_raw\HS\s3\non_micro\s3_n4\image304204.bmp|C:\Users\iRoti\Desktop\tt\SMIC\SMIC_all_raw\HS\s3\non_micro\s3_n4\image304205.bmp|C:\Users\iRoti\Desktop\tt\SMIC\SMIC_all_raw\HS\s3\non_micro\s3_n4\image304206.bmp|C:\Users\iRoti\Desktop\tt\SMIC\SMIC_all_raw\HS\s3\non_micro\s3_n4\image304207.bmp|C:\Users\iRoti\Desktop\tt\SMIC\SMIC_all_raw\HS\s3\non_micro\s3_n4\image304208.bmp|C:\Users\iRoti\Desktop\tt\SMIC\SMIC_all_raw\HS\s3\non_micro\s3_n4\image304209.bmp|C:\Users\iRoti\Desktop\tt\SMIC\SMIC_all_raw\HS\s3\non_micro\s3_n4\image304210.bmp|C:\Users\iRoti\Desktop\tt\SMIC\SMIC_all_raw\HS\s3\non_micro\s3_n4\image304211.bmp|C:\Users\iRoti\Desktop\tt\SMIC\SMIC_all_raw\HS\s3\non_micro\s3_n4\image304212.bmp|C:\Users\iRoti\Desktop\tt\SMIC\SMIC_all_raw\HS\s3\non_micro\s3_n4\image304213.bmp
s3,HS_100fps,Neutral,C:\Users\iRoti\Desktop\tt\SMIC\SMIC_all_raw\HS\s3\non_micro\s3_n5\image304455.bmp|C:\Users\iRoti\Desktop\tt\SMIC\SMIC_all_raw\HS\s3\non_micro\s3_n5\image304456.bmp|C:\Users\iRoti\Desktop\tt\SMIC\SMIC_all_raw\HS\s3\non_micro\s3_n5\image304457.bmp|C:\Users\iRoti\Desktop\tt\SMIC\SMIC_all_raw\HS\s3\non_micro\s3_n5\image304458.bmp|C:\Users\iRoti\Desktop\tt\SMIC\SMIC_all_raw\HS\s3\non_micro\s3_n5\image304459.bmp|C:\Users\iRoti\Desktop\tt\SMIC\SMIC_all_raw\HS\s3\non_micro\s3_n5\image304460.bmp|C:\Users\iRoti\Desktop\tt\SMIC\SMIC_all_raw\HS\s3\non_micro\s3_n5\image304461.bmp|C:\Users\iRoti\Desktop\tt\SMIC\SMIC_all_raw\HS\s3\non_micro\s3_n5\image304462.bmp|C:\Users\iRoti\Desktop\tt\SMIC\SMIC_all_raw\HS\s3\non_micro\s3_n5\image304463.bmp|C:\Users\iRoti\Desktop\tt\SMIC\SMIC_all_raw\HS\s3\non_micro\s3_n5\image304464.bmp|C:\Users\iRoti\Desktop\tt\SMIC\SMIC_all_raw\HS\s3\non_micro\s3_n5\image304465.bmp|C:\Users\iRoti\Desktop\tt\SMIC\SMIC_all_raw\HS\s3\non_micro\s3_n5\image304466.bmp|C:\Users\iRoti\Desktop\tt\SMIC\SMIC_all_raw\HS\s3\non_micro\s3_n5\image304467.bmp|C:\Users\iRoti\Desktop\tt\SMIC\SMIC_all_raw\HS\s3\non_micro\s3_n5\image304468.bmp|C:\Users\iRoti\Desktop\tt\SMIC\SMIC_all_raw\HS\s3\non_micro\s3_n5\image304469.bmp|C:\Users\iRoti\Desktop\tt\SMIC\SMIC_all_raw\HS\s3\non_micro\s3_n5\image304470.bmp|C:\Users\iRoti\Desktop\tt\SMIC\SMIC_all_raw\HS\s3\non_micro\s3_n5\image304471.bmp|C:\Users\iRoti\Desktop\tt\SMIC\SMIC_all_raw\HS\s3\non_micro\s3_n5\image304472.bmp|C:\Users\iRoti\Desktop\tt\SMIC\SMIC_all_raw\HS\s3\non_micro\s3_n5\image304473.bmp|C:\Users\iRoti\Desktop\tt\SMIC\SMIC_all_raw\HS\s3\non_micro\s3_n5\image304474.bmp|C:\Users\iRoti\Desktop\tt\SMIC\SMIC_all_raw\HS\s3\non_micro\s3_n5\image304475.bmp|C:\Users\iRoti\Desktop\tt\SMIC\SMIC_all_raw\HS\s3\non_micro\s3_n5\image304476.bmp|C:\Users\iRoti\Desktop\tt\SMIC\SMIC_all_raw\HS\s3\non_micro\s3_n5\image304477.bmp|C:\Users\iRoti\Desktop\tt\SMIC\SMIC_all_raw\HS\s3\non_micro\s3_n5\image304478.bmp|C:\Users\iRoti\Desktop\tt\SMIC\SMIC_all_raw\HS\s3\non_micro\s3_n5\image304479.bmp|C:\Users\iRoti\Desktop\tt\SMIC\SMIC_all_raw\HS\s3\non_micro\s3_n5\image304480.bmp
s3,HS_100fps,Neutral,C:\Users\iRoti\Desktop\tt\SMIC\SMIC_all_raw\HS\s3\non_micro\s3_n6\image304455.bmp|C:\Users\iRoti\Desktop\tt\SMIC\SMIC_all_raw\HS\s3\non_micro\s3_n6\image304456.bmp|C:\Users\iRoti\Desktop\tt\SMIC\SMIC_all_raw\HS\s3\non_micro\s3_n6\image304457.bmp|C:\Users\iRoti\Desktop\tt\SMIC\SMIC_all_raw\HS\s3\non_micro\s3_n6\image304458.bmp|C:\Users\iRoti\Desktop\tt\SMIC\SMIC_all_raw\HS\s3\non_micro\s3_n6\image304459.bmp|C:\Users\iRoti\Desktop\tt\SMIC\SMIC_all_raw\HS\s3\non_micro\s3_n6\image304460.bmp|C:\Users\iRoti\Desktop\tt\SMIC\SMIC_all_raw\HS\s3\non_micro\s3_n6\image304461.bmp|C:\Users\iRoti\Desktop\tt\SMIC\SMIC_all_raw\HS\s3\non_micro\s3_n6\image304462.bmp|C:\Users\iRoti\Desktop\tt\SMIC\SMIC_all_raw\HS\s3\non_micro\s3_n6\image304463.bmp|C:\Users\iRoti\Desktop\tt\SMIC\SMIC_all_raw\HS\s3\non_micro\s3_n6\image304464.bmp|C:\Users\iRoti\Desktop\tt\SMIC\SMIC_all_raw\HS\s3\non_micro\s3_n6\image304465.bmp|C:\Users\iRoti\Desktop\tt\SMIC\SMIC_all_raw\HS\s3\non_micro\s3_n6\image304466.bmp|C:\Users\iRoti\Desktop\tt\SMIC\SMIC_all_raw\HS\s3\non_micro\s3_n6\image304467.bmp|C:\Users\iRoti\Desktop\tt\SMIC\SMIC_all_raw\HS\s3\non_micro\s3_n6\image304468.bmp|C:\Users\iRoti\Desktop\tt\SMIC\SMIC_all_raw\HS\s3\non_micro\s3_n6\image304469.bmp|C:\Users\iRoti\Desktop\tt\SMIC\SMIC_all_raw\HS\s3\non_micro\s3_n6\image304470.bmp|C:\Users\iRoti\Desktop\tt\SMIC\SMIC_all_raw\HS\s3\non_micro\s3_n6\image304471.bmp|C:\Users\iRoti\Desktop\tt\SMIC\SMIC_all_raw\HS\s3\non_micro\s3_n6\image304472.bmp|C:\Users\iRoti\Desktop\tt\SMIC\SMIC_all_raw\HS\s3\non_micro\s3_n6\image304473.bmp|C:\Users\iRoti\Desktop\tt\SMIC\SMIC_all_raw\HS\s3\non_micro\s3_n6\image304474.bmp|C:\Users\iRoti\Desktop\tt\SMIC\SMIC_all_raw\HS\s3\non_micro\s3_n6\image304475.bmp|C:\Users\iRoti\Desktop\tt\SMIC\SMIC_all_raw\HS\s3\non_micro\s3_n6\image304476.bmp|C:\Users\iRoti\Desktop\tt\SMIC\SMIC_all_raw\HS\s3\non_micro\s3_n6\image304477.bmp|C:\Users\iRoti\Desktop\tt\SMIC\SMIC_all_raw\HS\s3\non_micro\s3_n6\image304478.bmp|C:\Users\iRoti\Desktop\tt\SMIC\SMIC_all_raw\HS\s3\non_micro\s3_n6\image304479.bmp|C:\Users\iRoti\Desktop\tt\SMIC\SMIC_all_raw\HS\s3\non_micro\s3_n6\image304480.bmp
s3,HS_100fps,Neutral,C:\Users\iRoti\Desktop\tt\SMIC\SMIC_all_raw\HS\s3\non_micro\s3_n7\image304731.bmp|C:\Users\iRoti\Desktop\tt\SMIC\SMIC_all_raw\HS\s3\non_micro\s3_n7\image304732.bmp|C:\Users\iRoti\Desktop\tt\SMIC\SMIC_all_raw\HS\s3\non_micro\s3_n7\image304733.bmp|C:\Users\iRoti\Desktop\tt\SMIC\SMIC_all_raw\HS\s3\non_micro\s3_n7\image304734.bmp|C:\Users\iRoti\Desktop\tt\SMIC\SMIC_all_raw\HS\s3\non_micro\s3_n7\image304735.bmp|C:\Users\iRoti\Desktop\tt\SMIC\SMIC_all_raw\HS\s3\non_micro\s3_n7\image304736.bmp|C:\Users\iRoti\Desktop\tt\SMIC\SMIC_all_raw\HS\s3\non_micro\s3_n7\image304737.bmp|C:\Users\iRoti\Desktop\tt\SMIC\SMIC_all_raw\HS\s3\non_micro\s3_n7\image304738.bmp|C:\Users\iRoti\Desktop\tt\SMIC\SMIC_all_raw\HS\s3\non_micro\s3_n7\image304739.bmp|C:\Users\iRoti\Desktop\tt\SMIC\SMIC_all_raw\HS\s3\non_micro\s3_n7\image304740.bmp|C:\Users\iRoti\Desktop\tt\SMIC\SMIC_all_raw\HS\s3\non_micro\s3_n7\image304741.bmp|C:\Users\iRoti\Desktop\tt\SMIC\SMIC_all_raw\HS\s3\non_micro\s3_n7\image304742.bmp|C:\Users\iRoti\Desktop\tt\SMIC\SMIC_all_raw\HS\s3\non_micro\s3_n7\image304743.bmp|C:\Users\iRoti\Desktop\tt\SMIC\SMIC_all_raw\HS\s3\non_micro\s3_n7\image304744.bmp|C:\Users\iRoti\Desktop\tt\SMIC\SMIC_all_raw\HS\s3\non_micro\s3_n7\image304745.bmp|C:\Users\iRoti\Desktop\tt\SMIC\SMIC_all_raw\HS\s3\non_micro\s3_n7\image304746.bmp|C:\Users\iRoti\Desktop\tt\SMIC\SMIC_all_raw\HS\s3\non_micro\s3_n7\image304747.bmp|C:\Users\iRoti\Desktop\tt\SMIC\SMIC_all_raw\HS\s3\non_micro\s3_n7\image304748.bmp|C:\Users\iRoti\Desktop\tt\SMIC\SMIC_all_raw\HS\s3\non_micro\s3_n7\image304749.bmp|C:\Users\iRoti\Desktop\tt\SMIC\SMIC_all_raw\HS\s3\non_micro\s3_n7\image304750.bmp|C:\Users\iRoti\Desktop\tt\SMIC\SMIC_all_raw\HS\s3\non_micro\s3_n7\image304751.bmp|C:\Users\iRoti\Desktop\tt\SMIC\SMIC_all_raw\HS\s3\non_micro\s3_n7\image304752.bmp|C:\Users\iRoti\Desktop\tt\SMIC\SMIC_all_raw\HS\s3\non_micro\s3_n7\image304753.bmp|C:\Users\iRoti\Desktop\tt\SMIC\SMIC_all_raw\HS\s3\non_micro\s3_n7\image304754.bmp|C:\Users\iRoti\Desktop\tt\SMIC\SMIC_all_raw\HS\s3\non_micro\s3_n7\image304755.bmp
s3,HS_100fps,Neutral,C:\Users\iRoti\Desktop\tt\SMIC\SMIC_all_raw\HS\s3\non_micro\s3_n8\image304765.bmp|C:\Users\iRoti\Desktop\tt\SMIC\SMIC_all_raw\HS\s3\non_micro\s3_n8\image304766.bmp|C:\Users\iRoti\Desktop\tt\SMIC\SMIC_all_raw\HS\s3\non_micro\s3_n8\image304767.bmp|C:\Users\iRoti\Desktop\tt\SMIC\SMIC_all_raw\HS\s3\non_micro\s3_n8\image304768.bmp|C:\Users\iRoti\Desktop\tt\SMIC\SMIC_all_raw\HS\s3\non_micro\s3_n8\image304769.bmp|C:\Users\iRoti\Desktop\tt\SMIC\SMIC_all_raw\HS\s3\non_micro\s3_n8\image304770.bmp|C:\Users\iRoti\Desktop\tt\SMIC\SMIC_all_raw\HS\s3\non_micro\s3_n8\image304771.bmp|C:\Users\iRoti\Desktop\tt\SMIC\SMIC_all_raw\HS\s3\non_micro\s3_n8\image304772.bmp|C:\Users\iRoti\Desktop\tt\SMIC\SMIC_all_raw\HS\s3\non_micro\s3_n8\image304773.bmp|C:\Users\iRoti\Desktop\tt\SMIC\SMIC_all_raw\HS\s3\non_micro\s3_n8\image304774.bmp|C:\Users\iRoti\Desktop\tt\SMIC\SMIC_all_raw\HS\s3\non_micro\s3_n8\image304775.bmp|C:\Users\iRoti\Desktop\tt\SMIC\SMIC_all_raw\HS\s3\non_micro\s3_n8\image304776.bmp|C:\Users\iRoti\Desktop\tt\SMIC\SMIC_all_raw\HS\s3\non_micro\s3_n8\image304777.bmp|C:\Users\iRoti\Desktop\tt\SMIC\SMIC_all_raw\HS\s3\non_micro\s3_n8\image304778.bmp|C:\Users\iRoti\Desktop\tt\SMIC\SMIC_all_raw\HS\s3\non_micro\s3_n8\image304779.bmp|C:\Users\iRoti\Desktop\tt\SMIC\SMIC_all_raw\HS\s3\non_micro\s3_n8\image304780.bmp|C:\Users\iRoti\Desktop\tt\SMIC\SMIC_all_raw\HS\s3\non_micro\s3_n8\image304781.bmp|C:\Users\iRoti\Desktop\tt\SMIC\SMIC_all_raw\HS\s3\non_micro\s3_n8\image304782.bmp|C:\Users\iRoti\Desktop\tt\SMIC\SMIC_all_raw\HS\s3\non_micro\s3_n8\image304783.bmp|C:\Users\iRoti\Desktop\tt\SMIC\SMIC_all_raw\HS\s3\non_micro\s3_n8\image304784.bmp|C:\Users\iRoti\Desktop\tt\SMIC\SMIC_all_raw\HS\s3\non_micro\s3_n8\image304785.bmp|C:\Users\iRoti\Desktop\tt\SMIC\SMIC_all_raw\HS\s3\non_micro\s3_n8\image304786.bmp|C:\Users\iRoti\Desktop\tt\SMIC\SMIC_all_raw\HS\s3\non_micro\s3_n8\image304787.bmp|C:\Users\iRoti\Desktop\tt\SMIC\SMIC_all_raw\HS\s3\non_micro\s3_n8\image304788.bmp|C:\Users\iRoti\Desktop\tt\SMIC\SMIC_all_raw\HS\s3\non_micro\s3_n8\image304789.bmp|C:\Users\iRoti\Desktop\tt\SMIC\SMIC_all_raw\HS\s3\non_micro\s3_n8\image304790.bmp|C:\Users\iRoti\Desktop\tt\SMIC\SMIC_all_raw\HS\s3\non_micro\s3_n8\image304791.bmp
s3,HS_100fps,Neutral,C:\Users\iRoti\Desktop\tt\SMIC\SMIC_all_raw\HS\s3\non_micro\s3_n9\image304909.bmp|C:\Users\iRoti\Desktop\tt\SMIC\SMIC_all_raw\HS\s3\non_micro\s3_n9\image304911.bmp|C:\Users\iRoti\Desktop\tt\SMIC\SMIC_all_raw\HS\s3\non_micro\s3_n9\image304912.bmp|C:\Users\iRoti\Desktop\tt\SMIC\SMIC_all_raw\HS\s3\non_micro\s3_n9\image304913.bmp|C:\Users\iRoti\Desktop\tt\SMIC\SMIC_all_raw\HS\s3\non_micro\s3_n9\image304914.bmp|C:\Users\iRoti\Desktop\tt\SMIC\SMIC_all_raw\HS\s3\non_micro\s3_n9\image304915.bmp|C:\Users\iRoti\Desktop\tt\SMIC\SMIC_all_raw\HS\s3\non_micro\s3_n9\image304916.bmp|C:\Users\iRoti\Desktop\tt\SMIC\SMIC_all_raw\HS\s3\non_micro\s3_n9\image304917.bmp|C:\Users\iRoti\Desktop\tt\SMIC\SMIC_all_raw\HS\s3\non_micro\s3_n9\image304918.bmp|C:\Users\iRoti\Desktop\tt\SMIC\SMIC_all_raw\HS\s3\non_micro\s3_n9\image304919.bmp|C:\Users\iRoti\Desktop\tt\SMIC\SMIC_all_raw\HS\s3\non_micro\s3_n9\image304920.bmp|C:\Users\iRoti\Desktop\tt\SMIC\SMIC_all_raw\HS\s3\non_micro\s3_n9\image304921.bmp|C:\Users\iRoti\Desktop\tt\SMIC\SMIC_all_raw\HS\s3\non_micro\s3_n9\image304922.bmp|C:\Users\iRoti\Desktop\tt\SMIC\SMIC_all_raw\HS\s3\non_micro\s3_n9\image304923.bmp|C:\Users\iRoti\Desktop\tt\SMIC\SMIC_all_raw\HS\s3\non_micro\s3_n9\image304924.bmp|C:\Users\iRoti\Desktop\tt\SMIC\SMIC_all_raw\HS\s3\non_micro\s3_n9\image304925.bmp|C:\Users\iRoti\Desktop\tt\SMIC\SMIC_all_raw\HS\s3\non_micro\s3_n9\image304926.bmp|C:\Users\iRoti\Desktop\tt\SMIC\SMIC_all_raw\HS\s3\non_micro\s3_n9\image304927.bmp|C:\Users\iRoti\Desktop\tt\SMIC\SMIC_all_raw\HS\s3\non_micro\s3_n9\image304928.bmp|C:\Users\iRoti\Desktop\tt\SMIC\SMIC_all_raw\HS\s3\non_micro\s3_n9\image304929.bmp|C:\Users\iRoti\Desktop\tt\SMIC\SMIC_all_raw\HS\s3\non_micro\s3_n9\image304930.bmp|C:\Users\iRoti\Desktop\tt\SMIC\SMIC_all_raw\HS\s3\non_micro\s3_n9\image304931.bmp|C:\Users\iRoti\Desktop\tt\SMIC\SMIC_all_raw\HS\s3\non_micro\s3_n9\image304932.bmp|C:\Users\iRoti\Desktop\tt\SMIC\SMIC_all_raw\HS\s3\non_micro\s3_n9\image304933.bmp|C:\Users\iRoti\Desktop\tt\SMIC\SMIC_all_raw\HS\s3\non_micro\s3_n9\image304934.bmp|C:\Users\iRoti\Desktop\tt\SMIC\SMIC_all_raw\HS\s3\non_micro\s3_n9\image304935.bmp
s4,HS_100fps,Negativo,C:\Users\iRoti\Desktop\tt\SMIC\SMIC_all_raw\HS\s4\micro\negative\s4_ne_01\image104317.bmp|C:\Users\iRoti\Desktop\tt\SMIC\SMIC_all_raw\HS\s4\micro\negative\s4_ne_01\image104318.bmp|C:\Users\iRoti\Desktop\tt\SMIC\SMIC_all_raw\HS\s4\micro\negative\s4_ne_01\image104319.bmp|C:\Users\iRoti\Desktop\tt\SMIC\SMIC_all_raw\HS\s4\micro\negative\s4_ne_01\image104320.bmp|C:\Users\iRoti\Desktop\tt\SMIC\SMIC_all_raw\HS\s4\micro\negative\s4_ne_01\image104321.bmp|C:\Users\iRoti\Desktop\tt\SMIC\SMIC_all_raw\HS\s4\micro\negative\s4_ne_01\image104322.bmp|C:\Users\iRoti\Desktop\tt\SMIC\SMIC_all_raw\HS\s4\micro\negative\s4_ne_01\image104323.bmp|C:\Users\iRoti\Desktop\tt\SMIC\SMIC_all_raw\HS\s4\micro\negative\s4_ne_01\image104324.bmp|C:\Users\iRoti\Desktop\tt\SMIC\SMIC_all_raw\HS\s4\micro\negative\s4_ne_01\image104325.bmp|C:\Users\iRoti\Desktop\tt\SMIC\SMIC_all_raw\HS\s4\micro\negative\s4_ne_01\image104326.bmp|C:\Users\iRoti\Desktop\tt\SMIC\SMIC_all_raw\HS\s4\micro\negative\s4_ne_01\image104327.bmp|C:\Users\iRoti\Desktop\tt\SMIC\SMIC_all_raw\HS\s4\micro\negative\s4_ne_01\image104328.bmp|C:\Users\iRoti\Desktop\tt\SMIC\SMIC_all_raw\HS\s4\micro\negative\s4_ne_01\image104329.bmp|C:\Users\iRoti\Desktop\tt\SMIC\SMIC_all_raw\HS\s4\micro\negative\s4_ne_01\image104330.bmp|C:\Users\iRoti\Desktop\tt\SMIC\SMIC_all_raw\HS\s4\micro\negative\s4_ne_01\image104331.bmp|C:\Users\iRoti\Desktop\tt\SMIC\SMIC_all_raw\HS\s4\micro\negative\s4_ne_01\image104332.bmp|C:\Users\iRoti\Desktop\tt\SMIC\SMIC_all_raw\HS\s4\micro\negative\s4_ne_01\image104333.bmp|C:\Users\iRoti\Desktop\tt\SMIC\SMIC_all_raw\HS\s4\micro\negative\s4_ne_01\image104334.bmp|C:\Users\iRoti\Desktop\tt\SMIC\SMIC_all_raw\HS\s4\micro\negative\s4_ne_01\image104335.bmp|C:\Users\iRoti\Desktop\tt\SMIC\SMIC_all_raw\HS\s4\micro\negative\s4_ne_01\image104336.bmp|C:\Users\iRoti\Desktop\tt\SMIC\SMIC_all_raw\HS\s4\micro\negative\s4_ne_01\image104337.bmp|C:\Users\iRoti\Desktop\tt\SMIC\SMIC_all_raw\HS\s4\micro\negative\s4_ne_01\image104338.bmp|C:\Users\iRoti\Desktop\tt\SMIC\SMIC_all_raw\HS\s4\micro\negative\s4_ne_01\image104339.bmp|C:\Users\iRoti\Desktop\tt\SMIC\SMIC_all_raw\HS\s4\micro\negative\s4_ne_01\image104340.bmp|C:\Users\iRoti\Desktop\tt\SMIC\SMIC_all_raw\HS\s4\micro\negative\s4_ne_01\image104341.bmp|C:\Users\iRoti\Desktop\tt\SMIC\SMIC_all_raw\HS\s4\micro\negative\s4_ne_01\image104342.bmp|C:\Users\iRoti\Desktop\tt\SMIC\SMIC_all_raw\HS\s4\micro\negative\s4_ne_01\image104343.bmp|C:\Users\iRoti\Desktop\tt\SMIC\SMIC_all_raw\HS\s4\micro\negative\s4_ne_01\image104344.bmp|C:\Users\iRoti\Desktop\tt\SMIC\SMIC_all_raw\HS\s4\micro\negative\s4_ne_01\image104345.bmp|C:\Users\iRoti\Desktop\tt\SMIC\SMIC_all_raw\HS\s4\micro\negative\s4_ne_01\image104346.bmp|C:\Users\iRoti\Desktop\tt\SMIC\SMIC_all_raw\HS\s4\micro\negative\s4_ne_01\image104347.bmp
s4,HS_100fps,Negativo,C:\Users\iRoti\Desktop\tt\SMIC\SMIC_all_raw\HS\s4\micro\negative\s4_ne_02\image147350.bmp|C:\Users\iRoti\Desktop\tt\SMIC\SMIC_all_raw\HS\s4\micro\negative\s4_ne_02\image147351.bmp|C:\Users\iRoti\Desktop\tt\SMIC\SMIC_all_raw\HS\s4\micro\negative\s4_ne_02\image147352.bmp|C:\Users\iRoti\Desktop\tt\SMIC\SMIC_all_raw\HS\s4\micro\negative\s4_ne_02\image147353.bmp|C:\Users\iRoti\Desktop\tt\SMIC\SMIC_all_raw\HS\s4\micro\negative\s4_ne_02\image147354.bmp|C:\Users\iRoti\Desktop\tt\SMIC\SMIC_all_raw\HS\s4\micro\negative\s4_ne_02\image147355.bmp|C:\Users\iRoti\Desktop\tt\SMIC\SMIC_all_raw\HS\s4\micro\negative\s4_ne_02\image147356.bmp|C:\Users\iRoti\Desktop\tt\SMIC\SMIC_all_raw\HS\s4\micro\negative\s4_ne_02\image147357.bmp|C:\Users\iRoti\Desktop\tt\SMIC\SMIC_all_raw\HS\s4\micro\negative\s4_ne_02\image147358.bmp|C:\Users\iRoti\Desktop\tt\SMIC\SMIC_all_raw\HS\s4\micro\negative\s4_ne_02\image147359.bmp|C:\Users\iRoti\Desktop\tt\SMIC\SMIC_all_raw\HS\s4\micro\negative\s4_ne_02\image147360.bmp|C:\Users\iRoti\Desktop\tt\SMIC\SMIC_all_raw\HS\s4\micro\negative\s4_ne_02\image147361.bmp|C:\Users\iRoti\Desktop\tt\SMIC\SMIC_all_raw\HS\s4\micro\negative\s4_ne_02\image147362.bmp|C:\Users\iRoti\Desktop\tt\SMIC\SMIC_all_raw\HS\s4\micro\negative\s4_ne_02\image147363.bmp|C:\Users\iRoti\Desktop\tt\SMIC\SMIC_all_raw\HS\s4\micro\negative\s4_ne_02\image147364.bmp|C:\Users\iRoti\Desktop\tt\SMIC\SMIC_all_raw\HS\s4\micro\negative\s4_ne_02\image147365.bmp|C:\Users\iRoti\Desktop\tt\SMIC\SMIC_all_raw\HS\s4\micro\negative\s4_ne_02\image147366.bmp|C:\Users\iRoti\Desktop\tt\SMIC\SMIC_all_raw\HS\s4\micro\negative\s4_ne_02\image147367.bmp|C:\Users\iRoti\Desktop\tt\SMIC\SMIC_all_raw\HS\s4\micro\negative\s4_ne_02\image147368.bmp|C:\Users\iRoti\Desktop\tt\SMIC\SMIC_all_raw\HS\s4\micro\negative\s4_ne_02\image147369.bmp|C:\Users\iRoti\Desktop\tt\SMIC\SMIC_all_raw\HS\s4\micro\negative\s4_ne_02\image147370.bmp|C:\Users\iRoti\Desktop\tt\SMIC\SMIC_all_raw\HS\s4\micro\negative\s4_ne_02\image147371.bmp|C:\Users\iRoti\Desktop\tt\SMIC\SMIC_all_raw\HS\s4\micro\negative\s4_ne_02\image147372.bmp|C:\Users\iRoti\Desktop\tt\SMIC\SMIC_all_raw\HS\s4\micro\negative\s4_ne_02\image147373.bmp
s4,HS_100fps,Negativo,C:\Users\iRoti\Desktop\tt\SMIC\SMIC_all_raw\HS\s4\micro\negative\s4_ne_03\image148798.bmp|C:\Users\iRoti\Desktop\tt\SMIC\SMIC_all_raw\HS\s4\micro\negative\s4_ne_03\image148799.bmp|C:\Users\iRoti\Desktop\tt\SMIC\SMIC_all_raw\HS\s4\micro\negative\s4_ne_03\image148800.bmp|C:\Users\iRoti\Desktop\tt\SMIC\SMIC_all_raw\HS\s4\micro\negative\s4_ne_03\image148801.bmp|C:\Users\iRoti\Desktop\tt\SMIC\SMIC_all_raw\HS\s4\micro\negative\s4_ne_03\image148802.bmp|C:\Users\iRoti\Desktop\tt\SMIC\SMIC_all_raw\HS\s4\micro\negative\s4_ne_03\image148803.bmp|C:\Users\iRoti\Desktop\tt\SMIC\SMIC_all_raw\HS\s4\micro\negative\s4_ne_03\image148804.bmp|C:\Users\iRoti\Desktop\tt\SMIC\SMIC_all_raw\HS\s4\micro\negative\s4_ne_03\image148805.bmp|C:\Users\iRoti\Desktop\tt\SMIC\SMIC_all_raw\HS\s4\micro\negative\s4_ne_03\image148806.bmp|C:\Users\iRoti\Desktop\tt\SMIC\SMIC_all_raw\HS\s4\micro\negative\s4_ne_03\image148807.bmp|C:\Users\iRoti\Desktop\tt\SMIC\SMIC_all_raw\HS\s4\micro\negative\s4_ne_03\image148808.bmp|C:\Users\iRoti\Desktop\tt\SMIC\SMIC_all_raw\HS\s4\micro\negative\s4_ne_03\image148809.bmp|C:\Users\iRoti\Desktop\tt\SMIC\SMIC_all_raw\HS\s4\micro\negative\s4_ne_03\image148810.bmp|C:\Users\iRoti\Desktop\tt\SMIC\SMIC_all_raw\HS\s4\micro\negative\s4_ne_03\image148811.bmp|C:\Users\iRoti\Desktop\tt\SMIC\SMIC_all_raw\HS\s4\micro\negative\s4_ne_03\image148812.bmp|C:\Users\iRoti\Desktop\tt\SMIC\SMIC_all_raw\HS\s4\micro\negative\s4_ne_03\image148813.bmp|C:\Users\iRoti\Desktop\tt\SMIC\SMIC_all_raw\HS\s4\micro\negative\s4_ne_03\image148814.bmp|C:\Users\iRoti\Desktop\tt\SMIC\SMIC_all_raw\HS\s4\micro\negative\s4_ne_03\image148815.bmp|C:\Users\iRoti\Desktop\tt\SMIC\SMIC_all_raw\HS\s4\micro\negative\s4_ne_03\image148816.bmp|C:\Users\iRoti\Desktop\tt\SMIC\SMIC_all_raw\HS\s4\micro\negative\s4_ne_03\image148817.bmp|C:\Users\iRoti\Desktop\tt\SMIC\SMIC_all_raw\HS\s4\micro\negative\s4_ne_03\image148818.bmp|C:\Users\iRoti\Desktop\tt\SMIC\SMIC_all_raw\HS\s4\micro\negative\s4_ne_03\image148819.bmp|C:\Users\iRoti\Desktop\tt\SMIC\SMIC_all_raw\HS\s4\micro\negative\s4_ne_03\image148820.bmp|C:\Users\iRoti\Desktop\tt\SMIC\SMIC_all_raw\HS\s4\micro\negative\s4_ne_03\image148821.bmp
s4,HS_100fps,Negativo,C:\Users\iRoti\Desktop\tt\SMIC\SMIC_all_raw\HS\s4\micro\negative\s4_ne_04\image219199.bmp|C:\Users\iRoti\Desktop\tt\SMIC\SMIC_all_raw\HS\s4\micro\negative\s4_ne_04\image219200.bmp|C:\Users\iRoti\Desktop\tt\SMIC\SMIC_all_raw\HS\s4\micro\negative\s4_ne_04\image219201.bmp|C:\Users\iRoti\Desktop\tt\SMIC\SMIC_all_raw\HS\s4\micro\negative\s4_ne_04\image219202.bmp|C:\Users\iRoti\Desktop\tt\SMIC\SMIC_all_raw\HS\s4\micro\negative\s4_ne_04\image219203.bmp|C:\Users\iRoti\Desktop\tt\SMIC\SMIC_all_raw\HS\s4\micro\negative\s4_ne_04\image219204.bmp|C:\Users\iRoti\Desktop\tt\SMIC\SMIC_all_raw\HS\s4\micro\negative\s4_ne_04\image219205.bmp|C:\Users\iRoti\Desktop\tt\SMIC\SMIC_all_raw\HS\s4\micro\negative\s4_ne_04\image219206.bmp|C:\Users\iRoti\Desktop\tt\SMIC\SMIC_all_raw\HS\s4\micro\negative\s4_ne_04\image219207.bmp|C:\Users\iRoti\Desktop\tt\SMIC\SMIC_all_raw\HS\s4\micro\negative\s4_ne_04\image219208.bmp|C:\Users\iRoti\Desktop\tt\SMIC\SMIC_all_raw\HS\s4\micro\negative\s4_ne_04\image219209.bmp|C:\Users\iRoti\Desktop\tt\SMIC\SMIC_all_raw\HS\s4\micro\negative\s4_ne_04\image219210.bmp|C:\Users\iRoti\Desktop\tt\SMIC\SMIC_all_raw\HS\s4\micro\negative\s4_ne_04\image219211.bmp|C:\Users\iRoti\Desktop\tt\SMIC\SMIC_all_raw\HS\s4\micro\negative\s4_ne_04\image219212.bmp|C:\Users\iRoti\Desktop\tt\SMIC\SMIC_all_raw\HS\s4\micro\negative\s4_ne_04\image219213.bmp|C:\Users\iRoti\Desktop\tt\SMIC\SMIC_all_raw\HS\s4\micro\negative\s4_ne_04\image219214.bmp|C:\Users\iRoti\Desktop\tt\SMIC\SMIC_all_raw\HS\s4\micro\negative\s4_ne_04\image219215.bmp|C:\Users\iRoti\Desktop\tt\SMIC\SMIC_all_raw\HS\s4\micro\negative\s4_ne_04\image219216.bmp|C:\Users\iRoti\Desktop\tt\SMIC\SMIC_all_raw\HS\s4\micro\negative\s4_ne_04\image219217.bmp|C:\Users\iRoti\Desktop\tt\SMIC\SMIC_all_raw\HS\s4\micro\negative\s4_ne_04\image219218.bmp|C:\Users\iRoti\Desktop\tt\SMIC\SMIC_all_raw\HS\s4\micro\negative\s4_ne_04\image219219.bmp|C:\Users\iRoti\Desktop\tt\SMIC\SMIC_all_raw\HS\s4\micro\negative\s4_ne_04\image219220.bmp|C:\Users\iRoti\Desktop\tt\SMIC\SMIC_all_raw\HS\s4\micro\negative\s4_ne_04\image219221.bmp|C:\Users\iRoti\Desktop\tt\SMIC\SMIC_all_raw\HS\s4\micro\negative\s4_ne_04\image219222.bmp|C:\Users\iRoti\Desktop\tt\SMIC\SMIC_all_raw\HS\s4\micro\negative\s4_ne_04\image219223.bmp|C:\Users\iRoti\Desktop\tt\SMIC\SMIC_all_raw\HS\s4\micro\negative\s4_ne_04\image219224.bmp|C:\Users\iRoti\Desktop\tt\SMIC\SMIC_all_raw\HS\s4\micro\negative\s4_ne_04\image219225.bmp|C:\Users\iRoti\Desktop\tt\SMIC\SMIC_all_raw\HS\s4\micro\negative\s4_ne_04\image219226.bmp|C:\Users\iRoti\Desktop\tt\SMIC\SMIC_all_raw\HS\s4\micro\negative\s4_ne_04\image219227.bmp|C:\Users\iRoti\Desktop\tt\SMIC\SMIC_all_raw\HS\s4\micro\negative\s4_ne_04\image219228.bmp|C:\Users\iRoti\Desktop\tt\SMIC\SMIC_all_raw\HS\s4\micro\negative\s4_ne_04\image219229.bmp|C:\Users\iRoti\Desktop\tt\SMIC\SMIC_all_raw\HS\s4\micro\negative\s4_ne_04\image219230.bmp
s4,HS_100fps,Negativo,C:\Users\iRoti\Desktop\tt\SMIC\SMIC_all_raw\HS\s4\micro\negative\s4_ne_05\image219343.bmp|C:\Users\iRoti\Desktop\tt\SMIC\SMIC_all_raw\HS\s4\micro\negative\s4_ne_05\image219344.bmp|C:\Users\iRoti\Desktop\tt\SMIC\SMIC_all_raw\HS\s4\micro\negative\s4_ne_05\image219345.bmp|C:\Users\iRoti\Desktop\tt\SMIC\SMIC_all_raw\HS\s4\micro\negative\s4_ne_05\image219346.bmp|C:\Users\iRoti\Desktop\tt\SMIC\SMIC_all_raw\HS\s4\micro\negative\s4_ne_05\image219347.bmp|C:\Users\iRoti\Desktop\tt\SMIC\SMIC_all_raw\HS\s4\micro\negative\s4_ne_05\image219348.bmp|C:\Users\iRoti\Desktop\tt\SMIC\SMIC_all_raw\HS\s4\micro\negative\s4_ne_05\image219349.bmp|C:\Users\iRoti\Desktop\tt\SMIC\SMIC_all_raw\HS\s4\micro\negative\s4_ne_05\image219350.bmp|C:\Users\iRoti\Desktop\tt\SMIC\SMIC_all_raw\HS\s4\micro\negative\s4_ne_05\image219351.bmp|C:\Users\iRoti\Desktop\tt\SMIC\SMIC_all_raw\HS\s4\micro\negative\s4_ne_05\image219352.bmp|C:\Users\iRoti\Desktop\tt\SMIC\SMIC_all_raw\HS\s4\micro\negative\s4_ne_05\image219353.bmp|C:\Users\iRoti\Desktop\tt\SMIC\SMIC_all_raw\HS\s4\micro\negative\s4_ne_05\image219354.bmp|C:\Users\iRoti\Desktop\tt\SMIC\SMIC_all_raw\HS\s4\micro\negative\s4_ne_05\image219355.bmp|C:\Users\iRoti\Desktop\tt\SMIC\SMIC_all_raw\HS\s4\micro\negative\s4_ne_05\image219356.bmp|C:\Users\iRoti\Desktop\tt\SMIC\SMIC_all_raw\HS\s4\micro\negative\s4_ne_05\image219357.bmp|C:\Users\iRoti\Desktop\tt\SMIC\SMIC_all_raw\HS\s4\micro\negative\s4_ne_05\image219358.bmp|C:\Users\iRoti\Desktop\tt\SMIC\SMIC_all_raw\HS\s4\micro\negative\s4_ne_05\image219359.bmp|C:\Users\iRoti\Desktop\tt\SMIC\SMIC_all_raw\HS\s4\micro\negative\s4_ne_05\image219360.bmp|C:\Users\iRoti\Desktop\tt\SMIC\SMIC_all_raw\HS\s4\micro\negative\s4_ne_05\image219361.bmp
s4,HS_100fps,Negativo,C:\Users\iRoti\Desktop\tt\SMIC\SMIC_all_raw\HS\s4\micro\negative\s4_ne_06\image219413.bmp|C:\Users\iRoti\Desktop\tt\SMIC\SMIC_all_raw\HS\s4\micro\negative\s4_ne_06\image219414.bmp|C:\Users\iRoti\Desktop\tt\SMIC\SMIC_all_raw\HS\s4\micro\negative\s4_ne_06\image219415.bmp|C:\Users\iRoti\Desktop\tt\SMIC\SMIC_all_raw\HS\s4\micro\negative\s4_ne_06\image219416.bmp|C:\Users\iRoti\Desktop\tt\SMIC\SMIC_all_raw\HS\s4\micro\negative\s4_ne_06\image219417.bmp|C:\Users\iRoti\Desktop\tt\SMIC\SMIC_all_raw\HS\s4\micro\negative\s4_ne_06\image219418.bmp|C:\Users\iRoti\Desktop\tt\SMIC\SMIC_all_raw\HS\s4\micro\negative\s4_ne_06\image219419.bmp|C:\Users\iRoti\Desktop\tt\SMIC\SMIC_all_raw\HS\s4\micro\negative\s4_ne_06\image219420.bmp|C:\Users\iRoti\Desktop\tt\SMIC\SMIC_all_raw\HS\s4\micro\negative\s4_ne_06\image219421.bmp|C:\Users\iRoti\Desktop\tt\SMIC\SMIC_all_raw\HS\s4\micro\negative\s4_ne_06\image219422.bmp|C:\Users\iRoti\Desktop\tt\SMIC\SMIC_all_raw\HS\s4\micro\negative\s4_ne_06\image219423.bmp|C:\Users\iRoti\Desktop\tt\SMIC\SMIC_all_raw\HS\s4\micro\negative\s4_ne_06\image219424.bmp|C:\Users\iRoti\Desktop\tt\SMIC\SMIC_all_raw\HS\s4\micro\negative\s4_ne_06\image219425.bmp|C:\Users\iRoti\Desktop\tt\SMIC\SMIC_all_raw\HS\s4\micro\negative\s4_ne_06\image219426.bmp|C:\Users\iRoti\Desktop\tt\SMIC\SMIC_all_raw\HS\s4\micro\negative\s4_ne_06\image219427.bmp|C:\Users\iRoti\Desktop\tt\SMIC\SMIC_all_raw\HS\s4\micro\negative\s4_ne_06\image219428.bmp|C:\Users\iRoti\Desktop\tt\SMIC\SMIC_all_raw\HS\s4\micro\negative\s4_ne_06\image219429.bmp|C:\Users\iRoti\Desktop\tt\SMIC\SMIC_all_raw\HS\s4\micro\negative\s4_ne_06\image219430.bmp|C:\Users\iRoti\Desktop\tt\SMIC\SMIC_all_raw\HS\s4\micro\negative\s4_ne_06\image219431.bmp|C:\Users\iRoti\Desktop\tt\SMIC\SMIC_all_raw\HS\s4\micro\negative\s4_ne_06\image219432.bmp|C:\Users\iRoti\Desktop\tt\SMIC\SMIC_all_raw\HS\s4\micro\negative\s4_ne_06\image219433.bmp|C:\Users\iRoti\Desktop\tt\SMIC\SMIC_all_raw\HS\s4\micro\negative\s4_ne_06\image219434.bmp|C:\Users\iRoti\Desktop\tt\SMIC\SMIC_all_raw\HS\s4\micro\negative\s4_ne_06\image219435.bmp
s4,HS_100fps,Negativo,C:\Users\iRoti\Desktop\tt\SMIC\SMIC_all_raw\HS\s4\micro\negative\s4_ne_07\image229561.bmp|C:\Users\iRoti\Desktop\tt\SMIC\SMIC_all_raw\HS\s4\micro\negative\s4_ne_07\image229562.bmp|C:\Users\iRoti\Desktop\tt\SMIC\SMIC_all_raw\HS\s4\micro\negative\s4_ne_07\image229563.bmp|C:\Users\iRoti\Desktop\tt\SMIC\SMIC_all_raw\HS\s4\micro\negative\s4_ne_07\image229564.bmp|C:\Users\iRoti\Desktop\tt\SMIC\SMIC_all_raw\HS\s4\micro\negative\s4_ne_07\image229565.bmp|C:\Users\iRoti\Desktop\tt\SMIC\SMIC_all_raw\HS\s4\micro\negative\s4_ne_07\image229566.bmp|C:\Users\iRoti\Desktop\tt\SMIC\SMIC_all_raw\HS\s4\micro\negative\s4_ne_07\image229567.bmp|C:\Users\iRoti\Desktop\tt\SMIC\SMIC_all_raw\HS\s4\micro\negative\s4_ne_07\image229568.bmp|C:\Users\iRoti\Desktop\tt\SMIC\SMIC_all_raw\HS\s4\micro\negative\s4_ne_07\image229569.bmp|C:\Users\iRoti\Desktop\tt\SMIC\SMIC_all_raw\HS\s4\micro\negative\s4_ne_07\image229570.bmp|C:\Users\iRoti\Desktop\tt\SMIC\SMIC_all_raw\HS\s4\micro\negative\s4_ne_07\image229571.bmp|C:\Users\iRoti\Desktop\tt\SMIC\SMIC_all_raw\HS\s4\micro\negative\s4_ne_07\image229572.bmp|C:\Users\iRoti\Desktop\tt\SMIC\SMIC_all_raw\HS\s4\micro\negative\s4_ne_07\image229573.bmp|C:\Users\iRoti\Desktop\tt\SMIC\SMIC_all_raw\HS\s4\micro\negative\s4_ne_07\image229574.bmp|C:\Users\iRoti\Desktop\tt\SMIC\SMIC_all_raw\HS\s4\micro\negative\s4_ne_07\image229575.bmp|C:\Users\iRoti\Desktop\tt\SMIC\SMIC_all_raw\HS\s4\micro\negative\s4_ne_07\image229576.bmp|C:\Users\iRoti\Desktop\tt\SMIC\SMIC_all_raw\HS\s4\micro\negative\s4_ne_07\image229577.bmp|C:\Users\iRoti\Desktop\tt\SMIC\SMIC_all_raw\HS\s4\micro\negative\s4_ne_07\image229578.bmp|C:\Users\iRoti\Desktop\tt\SMIC\SMIC_all_raw\HS\s4\micro\negative\s4_ne_07\image229579.bmp|C:\Users\iRoti\Desktop\tt\SMIC\SMIC_all_raw\HS\s4\micro\negative\s4_ne_07\image229580.bmp|C:\Users\iRoti\Desktop\tt\SMIC\SMIC_all_raw\HS\s4\micro\negative\s4_ne_07\image229581.bmp|C:\Users\iRoti\Desktop\tt\SMIC\SMIC_all_raw\HS\s4\micro\negative\s4_ne_07\image229582.bmp|C:\Users\iRoti\Desktop\tt\SMIC\SMIC_all_raw\HS\s4\micro\negative\s4_ne_07\image229583.bmp|C:\Users\iRoti\Desktop\tt\SMIC\SMIC_all_raw\HS\s4\micro\negative\s4_ne_07\image229584.bmp|C:\Users\iRoti\Desktop\tt\SMIC\SMIC_all_raw\HS\s4\micro\negative\s4_ne_07\image229585.bmp|C:\Users\iRoti\Desktop\tt\SMIC\SMIC_all_raw\HS\s4\micro\negative\s4_ne_07\image229586.bmp|C:\Users\iRoti\Desktop\tt\SMIC\SMIC_all_raw\HS\s4\micro\negative\s4_ne_07\image229587.bmp
s4,HS_100fps,Negativo,C:\Users\iRoti\Desktop\tt\SMIC\SMIC_all_raw\HS\s4\micro\negative\s4_ne_08\image230055.bmp|C:\Users\iRoti\Desktop\tt\SMIC\SMIC_all_raw\HS\s4\micro\negative\s4_ne_08\image230056.bmp|C:\Users\iRoti\Desktop\tt\SMIC\SMIC_all_raw\HS\s4\micro\negative\s4_ne_08\image230057.bmp|C:\Users\iRoti\Desktop\tt\SMIC\SMIC_all_raw\HS\s4\micro\negative\s4_ne_08\image230058.bmp|C:\Users\iRoti\Desktop\tt\SMIC\SMIC_all_raw\HS\s4\micro\negative\s4_ne_08\image230059.bmp|C:\Users\iRoti\Desktop\tt\SMIC\SMIC_all_raw\HS\s4\micro\negative\s4_ne_08\image230060.bmp|C:\Users\iRoti\Desktop\tt\SMIC\SMIC_all_raw\HS\s4\micro\negative\s4_ne_08\image230061.bmp|C:\Users\iRoti\Desktop\tt\SMIC\SMIC_all_raw\HS\s4\micro\negative\s4_ne_08\image230062.bmp|C:\Users\iRoti\Desktop\tt\SMIC\SMIC_all_raw\HS\s4\micro\negative\s4_ne_08\image230063.bmp|C:\Users\iRoti\Desktop\tt\SMIC\SMIC_all_raw\HS\s4\micro\negative\s4_ne_08\image230064.bmp|C:\Users\iRoti\Desktop\tt\SMIC\SMIC_all_raw\HS\s4\micro\negative\s4_ne_08\image230065.bmp|C:\Users\iRoti\Desktop\tt\SMIC\SMIC_all_raw\HS\s4\micro\negative\s4_ne_08\image230066.bmp|C:\Users\iRoti\Desktop\tt\SMIC\SMIC_all_raw\HS\s4\micro\negative\s4_ne_08\image230067.bmp|C:\Users\iRoti\Desktop\tt\SMIC\SMIC_all_raw\HS\s4\micro\negative\s4_ne_08\image230068.bmp|C:\Users\iRoti\Desktop\tt\SMIC\SMIC_all_raw\HS\s4\micro\negative\s4_ne_08\image230069.bmp|C:\Users\iRoti\Desktop\tt\SMIC\SMIC_all_raw\HS\s4\micro\negative\s4_ne_08\image230070.bmp|C:\Users\iRoti\Desktop\tt\SMIC\SMIC_all_raw\HS\s4\micro\negative\s4_ne_08\image230071.bmp|C:\Users\iRoti\Desktop\tt\SMIC\SMIC_all_raw\HS\s4\micro\negative\s4_ne_08\image230072.bmp|C:\Users\iRoti\Desktop\tt\SMIC\SMIC_all_raw\HS\s4\micro\negative\s4_ne_08\image230073.bmp|C:\Users\iRoti\Desktop\tt\SMIC\SMIC_all_raw\HS\s4\micro\negative\s4_ne_08\image230074.bmp|C:\Users\iRoti\Desktop\tt\SMIC\SMIC_all_raw\HS\s4\micro\negative\s4_ne_08\image230075.bmp|C:\Users\iRoti\Desktop\tt\SMIC\SMIC_all_raw\HS\s4\micro\negative\s4_ne_08\image230076.bmp|C:\Users\iRoti\Desktop\tt\SMIC\SMIC_all_raw\HS\s4\micro\negative\s4_ne_08\image230077.bmp|C:\Users\iRoti\Desktop\tt\SMIC\SMIC_all_raw\HS\s4\micro\negative\s4_ne_08\image230078.bmp|C:\Users\iRoti\Desktop\tt\SMIC\SMIC_all_raw\HS\s4\micro\negative\s4_ne_08\image230079.bmp
s4,HS_100fps,Negativo,C:\Users\iRoti\Desktop\tt\SMIC\SMIC_all_raw\HS\s4\micro\negative\s4_ne_09\image232225.bmp|C:\Users\iRoti\Desktop\tt\SMIC\SMIC_all_raw\HS\s4\micro\negative\s4_ne_09\image232226.bmp|C:\Users\iRoti\Desktop\tt\SMIC\SMIC_all_raw\HS\s4\micro\negative\s4_ne_09\image232227.bmp|C:\Users\iRoti\Desktop\tt\SMIC\SMIC_all_raw\HS\s4\micro\negative\s4_ne_09\image232228.bmp|C:\Users\iRoti\Desktop\tt\SMIC\SMIC_all_raw\HS\s4\micro\negative\s4_ne_09\image232229.bmp|C:\Users\iRoti\Desktop\tt\SMIC\SMIC_all_raw\HS\s4\micro\negative\s4_ne_09\image232230.bmp|C:\Users\iRoti\Desktop\tt\SMIC\SMIC_all_raw\HS\s4\micro\negative\s4_ne_09\image232231.bmp|C:\Users\iRoti\Desktop\tt\SMIC\SMIC_all_raw\HS\s4\micro\negative\s4_ne_09\image232232.bmp|C:\Users\iRoti\Desktop\tt\SMIC\SMIC_all_raw\HS\s4\micro\negative\s4_ne_09\image232233.bmp|C:\Users\iRoti\Desktop\tt\SMIC\SMIC_all_raw\HS\s4\micro\negative\s4_ne_09\image232234.bmp|C:\Users\iRoti\Desktop\tt\SMIC\SMIC_all_raw\HS\s4\micro\negative\s4_ne_09\image232235.bmp|C:\Users\iRoti\Desktop\tt\SMIC\SMIC_all_raw\HS\s4\micro\negative\s4_ne_09\image232236.bmp|C:\Users\iRoti\Desktop\tt\SMIC\SMIC_all_raw\HS\s4\micro\negative\s4_ne_09\image232237.bmp|C:\Users\iRoti\Desktop\tt\SMIC\SMIC_all_raw\HS\s4\micro\negative\s4_ne_09\image232238.bmp|C:\Users\iRoti\Desktop\tt\SMIC\SMIC_all_raw\HS\s4\micro\negative\s4_ne_09\image232239.bmp|C:\Users\iRoti\Desktop\tt\SMIC\SMIC_all_raw\HS\s4\micro\negative\s4_ne_09\image232240.bmp|C:\Users\iRoti\Desktop\tt\SMIC\SMIC_all_raw\HS\s4\micro\negative\s4_ne_09\image232241.bmp|C:\Users\iRoti\Desktop\tt\SMIC\SMIC_all_raw\HS\s4\micro\negative\s4_ne_09\image232242.bmp|C:\Users\iRoti\Desktop\tt\SMIC\SMIC_all_raw\HS\s4\micro\negative\s4_ne_09\image232243.bmp|C:\Users\iRoti\Desktop\tt\SMIC\SMIC_all_raw\HS\s4\micro\negative\s4_ne_09\image232244.bmp|C:\Users\iRoti\Desktop\tt\SMIC\SMIC_all_raw\HS\s4\micro\negative\s4_ne_09\image232245.bmp|C:\Users\iRoti\Desktop\tt\SMIC\SMIC_all_raw\HS\s4\micro\negative\s4_ne_09\image232246.bmp|C:\Users\iRoti\Desktop\tt\SMIC\SMIC_all_raw\HS\s4\micro\negative\s4_ne_09\image232247.bmp|C:\Users\iRoti\Desktop\tt\SMIC\SMIC_all_raw\HS\s4\micro\negative\s4_ne_09\image232248.bmp|C:\Users\iRoti\Desktop\tt\SMIC\SMIC_all_raw\HS\s4\micro\negative\s4_ne_09\image232249.bmp|C:\Users\iRoti\Desktop\tt\SMIC\SMIC_all_raw\HS\s4\micro\negative\s4_ne_09\image232250.bmp|C:\Users\iRoti\Desktop\tt\SMIC\SMIC_all_raw\HS\s4\micro\negative\s4_ne_09\image232251.bmp|C:\Users\iRoti\Desktop\tt\SMIC\SMIC_all_raw\HS\s4\micro\negative\s4_ne_09\image232252.bmp|C:\Users\iRoti\Desktop\tt\SMIC\SMIC_all_raw\HS\s4\micro\negative\s4_ne_09\image232253.bmp
s4,HS_100fps,Negativo,C:\Users\iRoti\Desktop\tt\SMIC\SMIC_all_raw\HS\s4\micro\negative\s4_ne_10\image244824.bmp|C:\Users\iRoti\Desktop\tt\SMIC\SMIC_all_raw\HS\s4\micro\negative\s4_ne_10\image244825.bmp|C:\Users\iRoti\Desktop\tt\SMIC\SMIC_all_raw\HS\s4\micro\negative\s4_ne_10\image244826.bmp|C:\Users\iRoti\Desktop\tt\SMIC\SMIC_all_raw\HS\s4\micro\negative\s4_ne_10\image244827.bmp|C:\Users\iRoti\Desktop\tt\SMIC\SMIC_all_raw\HS\s4\micro\negative\s4_ne_10\image244828.bmp|C:\Users\iRoti\Desktop\tt\SMIC\SMIC_all_raw\HS\s4\micro\negative\s4_ne_10\image244829.bmp|C:\Users\iRoti\Desktop\tt\SMIC\SMIC_all_raw\HS\s4\micro\negative\s4_ne_10\image244830.bmp|C:\Users\iRoti\Desktop\tt\SMIC\SMIC_all_raw\HS\s4\micro\negative\s4_ne_10\image244831.bmp|C:\Users\iRoti\Desktop\tt\SMIC\SMIC_all_raw\HS\s4\micro\negative\s4_ne_10\image244832.bmp|C:\Users\iRoti\Desktop\tt\SMIC\SMIC_all_raw\HS\s4\micro\negative\s4_ne_10\image244833.bmp|C:\Users\iRoti\Desktop\tt\SMIC\SMIC_all_raw\HS\s4\micro\negative\s4_ne_10\image244834.bmp|C:\Users\iRoti\Desktop\tt\SMIC\SMIC_all_raw\HS\s4\micro\negative\s4_ne_10\image244835.bmp|C:\Users\iRoti\Desktop\tt\SMIC\SMIC_all_raw\HS\s4\micro\negative\s4_ne_10\image244836.bmp|C:\Users\iRoti\Desktop\tt\SMIC\SMIC_all_raw\HS\s4\micro\negative\s4_ne_10\image244837.bmp|C:\Users\iRoti\Desktop\tt\SMIC\SMIC_all_raw\HS\s4\micro\negative\s4_ne_10\image244838.bmp|C:\Users\iRoti\Desktop\tt\SMIC\SMIC_all_raw\HS\s4\micro\negative\s4_ne_10\image244839.bmp|C:\Users\iRoti\Desktop\tt\SMIC\SMIC_all_raw\HS\s4\micro\negative\s4_ne_10\image244840.bmp|C:\Users\iRoti\Desktop\tt\SMIC\SMIC_all_raw\HS\s4\micro\negative\s4_ne_10\image244841.bmp|C:\Users\iRoti\Desktop\tt\SMIC\SMIC_all_raw\HS\s4\micro\negative\s4_ne_10\image244842.bmp|C:\Users\iRoti\Desktop\tt\SMIC\SMIC_all_raw\HS\s4\micro\negative\s4_ne_10\image244843.bmp|C:\Users\iRoti\Desktop\tt\SMIC\SMIC_all_raw\HS\s4\micro\negative\s4_ne_10\image244844.bmp|C:\Users\iRoti\Desktop\tt\SMIC\SMIC_all_raw\HS\s4\micro\negative\s4_ne_10\image244845.bmp|C:\Users\iRoti\Desktop\tt\SMIC\SMIC_all_raw\HS\s4\micro\negative\s4_ne_10\image244846.bmp|C:\Users\iRoti\Desktop\tt\SMIC\SMIC_all_raw\HS\s4\micro\negative\s4_ne_10\image244847.bmp|C:\Users\iRoti\Desktop\tt\SMIC\SMIC_all_raw\HS\s4\micro\negative\s4_ne_10\image244848.bmp|C:\Users\iRoti\Desktop\tt\SMIC\SMIC_all_raw\HS\s4\micro\negative\s4_ne_10\image244849.bmp|C:\Users\iRoti\Desktop\tt\SMIC\SMIC_all_raw\HS\s4\micro\negative\s4_ne_10\image244850.bmp|C:\Users\iRoti\Desktop\tt\SMIC\SMIC_all_raw\HS\s4\micro\negative\s4_ne_10\image244851.bmp|C:\Users\iRoti\Desktop\tt\SMIC\SMIC_all_raw\HS\s4\micro\negative\s4_ne_10\image244852.bmp|C:\Users\iRoti\Desktop\tt\SMIC\SMIC_all_raw\HS\s4\micro\negative\s4_ne_10\image244853.bmp|C:\Users\iRoti\Desktop\tt\SMIC\SMIC_all_raw\HS\s4\micro\negative\s4_ne_10\image244854.bmp|C:\Users\iRoti\Desktop\tt\SMIC\SMIC_all_raw\HS\s4\micro\negative\s4_ne_10\image244855.bmp|C:\Users\iRoti\Desktop\tt\SMIC\SMIC_all_raw\HS\s4\micro\negative\s4_ne_10\image244856.bmp|C:\Users\iRoti\Desktop\tt\SMIC\SMIC_all_raw\HS\s4\micro\negative\s4_ne_10\image244857.bmp
s4,HS_100fps,Felicidad,C:\Users\iRoti\Desktop\tt\SMIC\SMIC_all_raw\HS\s4\micro\positive\s4_po_01\image036219.bmp|C:\Users\iRoti\Desktop\tt\SMIC\SMIC_all_raw\HS\s4\micro\positive\s4_po_01\image036220.bmp|C:\Users\iRoti\Desktop\tt\SMIC\SMIC_all_raw\HS\s4\micro\positive\s4_po_01\image036221.bmp|C:\Users\iRoti\Desktop\tt\SMIC\SMIC_all_raw\HS\s4\micro\positive\s4_po_01\image036222.bmp|C:\Users\iRoti\Desktop\tt\SMIC\SMIC_all_raw\HS\s4\micro\positive\s4_po_01\image036223.bmp|C:\Users\iRoti\Desktop\tt\SMIC\SMIC_all_raw\HS\s4\micro\positive\s4_po_01\image036224.bmp|C:\Users\iRoti\Desktop\tt\SMIC\SMIC_all_raw\HS\s4\micro\positive\s4_po_01\image036225.bmp|C:\Users\iRoti\Desktop\tt\SMIC\SMIC_all_raw\HS\s4\micro\positive\s4_po_01\image036226.bmp|C:\Users\iRoti\Desktop\tt\SMIC\SMIC_all_raw\HS\s4\micro\positive\s4_po_01\image036227.bmp|C:\Users\iRoti\Desktop\tt\SMIC\SMIC_all_raw\HS\s4\micro\positive\s4_po_01\image036228.bmp|C:\Users\iRoti\Desktop\tt\SMIC\SMIC_all_raw\HS\s4\micro\positive\s4_po_01\image036229.bmp|C:\Users\iRoti\Desktop\tt\SMIC\SMIC_all_raw\HS\s4\micro\positive\s4_po_01\image036230.bmp|C:\Users\iRoti\Desktop\tt\SMIC\SMIC_all_raw\HS\s4\micro\positive\s4_po_01\image036231.bmp|C:\Users\iRoti\Desktop\tt\SMIC\SMIC_all_raw\HS\s4\micro\positive\s4_po_01\image036232.bmp|C:\Users\iRoti\Desktop\tt\SMIC\SMIC_all_raw\HS\s4\micro\positive\s4_po_01\image036233.bmp|C:\Users\iRoti\Desktop\tt\SMIC\SMIC_all_raw\HS\s4\micro\positive\s4_po_01\image036234.bmp|C:\Users\iRoti\Desktop\tt\SMIC\SMIC_all_raw\HS\s4\micro\positive\s4_po_01\image036235.bmp|C:\Users\iRoti\Desktop\tt\SMIC\SMIC_all_raw\HS\s4\micro\positive\s4_po_01\image036236.bmp|C:\Users\iRoti\Desktop\tt\SMIC\SMIC_all_raw\HS\s4\micro\positive\s4_po_01\image036237.bmp|C:\Users\iRoti\Desktop\tt\SMIC\SMIC_all_raw\HS\s4\micro\positive\s4_po_01\image036238.bmp|C:\Users\iRoti\Desktop\tt\SMIC\SMIC_all_raw\HS\s4\micro\positive\s4_po_01\image036239.bmp|C:\Users\iRoti\Desktop\tt\SMIC\SMIC_all_raw\HS\s4\micro\positive\s4_po_01\image036240.bmp|C:\Users\iRoti\Desktop\tt\SMIC\SMIC_all_raw\HS\s4\micro\positive\s4_po_01\image036241.bmp|C:\Users\iRoti\Desktop\tt\SMIC\SMIC_all_raw\HS\s4\micro\positive\s4_po_01\image036242.bmp|C:\Users\iRoti\Desktop\tt\SMIC\SMIC_all_raw\HS\s4\micro\positive\s4_po_01\image036243.bmp|C:\Users\iRoti\Desktop\tt\SMIC\SMIC_all_raw\HS\s4\micro\positive\s4_po_01\image036244.bmp|C:\Users\iRoti\Desktop\tt\SMIC\SMIC_all_raw\HS\s4\micro\positive\s4_po_01\image036245.bmp|C:\Users\iRoti\Desktop\tt\SMIC\SMIC_all_raw\HS\s4\micro\positive\s4_po_01\image036246.bmp|C:\Users\iRoti\Desktop\tt\SMIC\SMIC_all_raw\HS\s4\micro\positive\s4_po_01\image036247.bmp|C:\Users\iRoti\Desktop\tt\SMIC\SMIC_all_raw\HS\s4\micro\positive\s4_po_01\image036248.bmp|C:\Users\iRoti\Desktop\tt\SMIC\SMIC_all_raw\HS\s4\micro\positive\s4_po_01\image036249.bmp|C:\Users\iRoti\Desktop\tt\SMIC\SMIC_all_raw\HS\s4\micro\positive\s4_po_01\image036250.bmp
s4,HS_100fps,Felicidad,C:\Users\iRoti\Desktop\tt\SMIC\SMIC_all_raw\HS\s4\micro\positive\s4_po_02\image082525.bmp|C:\Users\iRoti\Desktop\tt\SMIC\SMIC_all_raw\HS\s4\micro\positive\s4_po_02\image082526.bmp|C:\Users\iRoti\Desktop\tt\SMIC\SMIC_all_raw\HS\s4\micro\positive\s4_po_02\image082527.bmp|C:\Users\iRoti\Desktop\tt\SMIC\SMIC_all_raw\HS\s4\micro\positive\s4_po_02\image082528.bmp|C:\Users\iRoti\Desktop\tt\SMIC\SMIC_all_raw\HS\s4\micro\positive\s4_po_02\image082529.bmp|C:\Users\iRoti\Desktop\tt\SMIC\SMIC_all_raw\HS\s4\micro\positive\s4_po_02\image082530.bmp|C:\Users\iRoti\Desktop\tt\SMIC\SMIC_all_raw\HS\s4\micro\positive\s4_po_02\image082531.bmp|C:\Users\iRoti\Desktop\tt\SMIC\SMIC_all_raw\HS\s4\micro\positive\s4_po_02\image082532.bmp|C:\Users\iRoti\Desktop\tt\SMIC\SMIC_all_raw\HS\s4\micro\positive\s4_po_02\image082533.bmp|C:\Users\iRoti\Desktop\tt\SMIC\SMIC_all_raw\HS\s4\micro\positive\s4_po_02\image082534.bmp|C:\Users\iRoti\Desktop\tt\SMIC\SMIC_all_raw\HS\s4\micro\positive\s4_po_02\image082535.bmp|C:\Users\iRoti\Desktop\tt\SMIC\SMIC_all_raw\HS\s4\micro\positive\s4_po_02\image082536.bmp|C:\Users\iRoti\Desktop\tt\SMIC\SMIC_all_raw\HS\s4\micro\positive\s4_po_02\image082537.bmp|C:\Users\iRoti\Desktop\tt\SMIC\SMIC_all_raw\HS\s4\micro\positive\s4_po_02\image082538.bmp|C:\Users\iRoti\Desktop\tt\SMIC\SMIC_all_raw\HS\s4\micro\positive\s4_po_02\image082539.bmp|C:\Users\iRoti\Desktop\tt\SMIC\SMIC_all_raw\HS\s4\micro\positive\s4_po_02\image082540.bmp|C:\Users\iRoti\Desktop\tt\SMIC\SMIC_all_raw\HS\s4\micro\positive\s4_po_02\image082541.bmp|C:\Users\iRoti\Desktop\tt\SMIC\SMIC_all_raw\HS\s4\micro\positive\s4_po_02\image082542.bmp|C:\Users\iRoti\Desktop\tt\SMIC\SMIC_all_raw\HS\s4\micro\positive\s4_po_02\image082543.bmp|C:\Users\iRoti\Desktop\tt\SMIC\SMIC_all_raw\HS\s4\micro\positive\s4_po_02\image082544.bmp
s4,HS_100fps,Felicidad,C:\Users\iRoti\Desktop\tt\SMIC\SMIC_all_raw\HS\s4\micro\positive\s4_po_03\image166242.bmp|C:\Users\iRoti\Desktop\tt\SMIC\SMIC_all_raw\HS\s4\micro\positive\s4_po_03\image166243.bmp|C:\Users\iRoti\Desktop\tt\SMIC\SMIC_all_raw\HS\s4\micro\positive\s4_po_03\image166244.bmp|C:\Users\iRoti\Desktop\tt\SMIC\SMIC_all_raw\HS\s4\micro\positive\s4_po_03\image166245.bmp|C:\Users\iRoti\Desktop\tt\SMIC\SMIC_all_raw\HS\s4\micro\positive\s4_po_03\image166246.bmp|C:\Users\iRoti\Desktop\tt\SMIC\SMIC_all_raw\HS\s4\micro\positive\s4_po_03\image166247.bmp|C:\Users\iRoti\Desktop\tt\SMIC\SMIC_all_raw\HS\s4\micro\positive\s4_po_03\image166248.bmp|C:\Users\iRoti\Desktop\tt\SMIC\SMIC_all_raw\HS\s4\micro\positive\s4_po_03\image166249.bmp|C:\Users\iRoti\Desktop\tt\SMIC\SMIC_all_raw\HS\s4\micro\positive\s4_po_03\image166250.bmp|C:\Users\iRoti\Desktop\tt\SMIC\SMIC_all_raw\HS\s4\micro\positive\s4_po_03\image166251.bmp|C:\Users\iRoti\Desktop\tt\SMIC\SMIC_all_raw\HS\s4\micro\positive\s4_po_03\image166252.bmp|C:\Users\iRoti\Desktop\tt\SMIC\SMIC_all_raw\HS\s4\micro\positive\s4_po_03\image166253.bmp|C:\Users\iRoti\Desktop\tt\SMIC\SMIC_all_raw\HS\s4\micro\positive\s4_po_03\image166254.bmp|C:\Users\iRoti\Desktop\tt\SMIC\SMIC_all_raw\HS\s4\micro\positive\s4_po_03\image166255.bmp|C:\Users\iRoti\Desktop\tt\SMIC\SMIC_all_raw\HS\s4\micro\positive\s4_po_03\image166256.bmp|C:\Users\iRoti\Desktop\tt\SMIC\SMIC_all_raw\HS\s4\micro\positive\s4_po_03\image166257.bmp|C:\Users\iRoti\Desktop\tt\SMIC\SMIC_all_raw\HS\s4\micro\positive\s4_po_03\image166258.bmp|C:\Users\iRoti\Desktop\tt\SMIC\SMIC_all_raw\HS\s4\micro\positive\s4_po_03\image166259.bmp|C:\Users\iRoti\Desktop\tt\SMIC\SMIC_all_raw\HS\s4\micro\positive\s4_po_03\image166260.bmp|C:\Users\iRoti\Desktop\tt\SMIC\SMIC_all_raw\HS\s4\micro\positive\s4_po_03\image166261.bmp|C:\Users\iRoti\Desktop\tt\SMIC\SMIC_all_raw\HS\s4\micro\positive\s4_po_03\image166262.bmp|C:\Users\iRoti\Desktop\tt\SMIC\SMIC_all_raw\HS\s4\micro\positive\s4_po_03\image166263.bmp|C:\Users\iRoti\Desktop\tt\SMIC\SMIC_all_raw\HS\s4\micro\positive\s4_po_03\image166264.bmp|C:\Users\iRoti\Desktop\tt\SMIC\SMIC_all_raw\HS\s4\micro\positive\s4_po_03\image166265.bmp|C:\Users\iRoti\Desktop\tt\SMIC\SMIC_all_raw\HS\s4\micro\positive\s4_po_03\image166266.bmp|C:\Users\iRoti\Desktop\tt\SMIC\SMIC_all_raw\HS\s4\micro\positive\s4_po_03\image166267.bmp|C:\Users\iRoti\Desktop\tt\SMIC\SMIC_all_raw\HS\s4\micro\positive\s4_po_03\image166268.bmp|C:\Users\iRoti\Desktop\tt\SMIC\SMIC_all_raw\HS\s4\micro\positive\s4_po_03\image166269.bmp|C:\Users\iRoti\Desktop\tt\SMIC\SMIC_all_raw\HS\s4\micro\positive\s4_po_03\image166270.bmp|C:\Users\iRoti\Desktop\tt\SMIC\SMIC_all_raw\HS\s4\micro\positive\s4_po_03\image166271.bmp|C:\Users\iRoti\Desktop\tt\SMIC\SMIC_all_raw\HS\s4\micro\positive\s4_po_03\image166272.bmp|C:\Users\iRoti\Desktop\tt\SMIC\SMIC_all_raw\HS\s4\micro\positive\s4_po_03\image166273.bmp|C:\Users\iRoti\Desktop\tt\SMIC\SMIC_all_raw\HS\s4\micro\positive\s4_po_03\image166274.bmp|C:\Users\iRoti\Desktop\tt\SMIC\SMIC_all_raw\HS\s4\micro\positive\s4_po_03\image166275.bmp|C:\Users\iRoti\Desktop\tt\SMIC\SMIC_all_raw\HS\s4\micro\positive\s4_po_03\image166276.bmp|C:\Users\iRoti\Desktop\tt\SMIC\SMIC_all_raw\HS\s4\micro\positive\s4_po_03\image166277.bmp
s4,HS_100fps,Felicidad,C:\Users\iRoti\Desktop\tt\SMIC\SMIC_all_raw\HS\s4\micro\positive\s4_po_04\image191963.bmp|C:\Users\iRoti\Desktop\tt\SMIC\SMIC_all_raw\HS\s4\micro\positive\s4_po_04\image191964.bmp|C:\Users\iRoti\Desktop\tt\SMIC\SMIC_all_raw\HS\s4\micro\positive\s4_po_04\image191965.bmp|C:\Users\iRoti\Desktop\tt\SMIC\SMIC_all_raw\HS\s4\micro\positive\s4_po_04\image191966.bmp|C:\Users\iRoti\Desktop\tt\SMIC\SMIC_all_raw\HS\s4\micro\positive\s4_po_04\image191967.bmp|C:\Users\iRoti\Desktop\tt\SMIC\SMIC_all_raw\HS\s4\micro\positive\s4_po_04\image191968.bmp|C:\Users\iRoti\Desktop\tt\SMIC\SMIC_all_raw\HS\s4\micro\positive\s4_po_04\image191969.bmp|C:\Users\iRoti\Desktop\tt\SMIC\SMIC_all_raw\HS\s4\micro\positive\s4_po_04\image191970.bmp|C:\Users\iRoti\Desktop\tt\SMIC\SMIC_all_raw\HS\s4\micro\positive\s4_po_04\image191971.bmp|C:\Users\iRoti\Desktop\tt\SMIC\SMIC_all_raw\HS\s4\micro\positive\s4_po_04\image191972.bmp|C:\Users\iRoti\Desktop\tt\SMIC\SMIC_all_raw\HS\s4\micro\positive\s4_po_04\image191973.bmp|C:\Users\iRoti\Desktop\tt\SMIC\SMIC_all_raw\HS\s4\micro\positive\s4_po_04\image191974.bmp|C:\Users\iRoti\Desktop\tt\SMIC\SMIC_all_raw\HS\s4\micro\positive\s4_po_04\image191975.bmp|C:\Users\iRoti\Desktop\tt\SMIC\SMIC_all_raw\HS\s4\micro\positive\s4_po_04\image191976.bmp|C:\Users\iRoti\Desktop\tt\SMIC\SMIC_all_raw\HS\s4\micro\positive\s4_po_04\image191977.bmp|C:\Users\iRoti\Desktop\tt\SMIC\SMIC_all_raw\HS\s4\micro\positive\s4_po_04\image191978.bmp|C:\Users\iRoti\Desktop\tt\SMIC\SMIC_all_raw\HS\s4\micro\positive\s4_po_04\image191979.bmp|C:\Users\iRoti\Desktop\tt\SMIC\SMIC_all_raw\HS\s4\micro\positive\s4_po_04\image191980.bmp|C:\Users\iRoti\Desktop\tt\SMIC\SMIC_all_raw\HS\s4\micro\positive\s4_po_04\image191981.bmp|C:\Users\iRoti\Desktop\tt\SMIC\SMIC_all_raw\HS\s4\micro\positive\s4_po_04\image191982.bmp|C:\Users\iRoti\Desktop\tt\SMIC\SMIC_all_raw\HS\s4\micro\positive\s4_po_04\image191983.bmp|C:\Users\iRoti\Desktop\tt\SMIC\SMIC_all_raw\HS\s4\micro\positive\s4_po_04\image191984.bmp|C:\Users\iRoti\Desktop\tt\SMIC\SMIC_all_raw\HS\s4\micro\positive\s4_po_04\image191985.bmp|C:\Users\iRoti\Desktop\tt\SMIC\SMIC_all_raw\HS\s4\micro\positive\s4_po_04\image191986.bmp|C:\Users\iRoti\Desktop\tt\SMIC\SMIC_all_raw\HS\s4\micro\positive\s4_po_04\image191987.bmp|C:\Users\iRoti\Desktop\tt\SMIC\SMIC_all_raw\HS\s4\micro\positive\s4_po_04\image191988.bmp|C:\Users\iRoti\Desktop\tt\SMIC\SMIC_all_raw\HS\s4\micro\positive\s4_po_04\image191989.bmp|C:\Users\iRoti\Desktop\tt\SMIC\SMIC_all_raw\HS\s4\micro\positive\s4_po_04\image191990.bmp|C:\Users\iRoti\Desktop\tt\SMIC\SMIC_all_raw\HS\s4\micro\positive\s4_po_04\image191991.bmp
s4,HS_100fps,Sorpresa,C:\Users\iRoti\Desktop\tt\SMIC\SMIC_all_raw\HS\s4\micro\surprise\s4_sur_01\image062922.bmp|C:\Users\iRoti\Desktop\tt\SMIC\SMIC_all_raw\HS\s4\micro\surprise\s4_sur_01\image062923.bmp|C:\Users\iRoti\Desktop\tt\SMIC\SMIC_all_raw\HS\s4\micro\surprise\s4_sur_01\image062924.bmp|C:\Users\iRoti\Desktop\tt\SMIC\SMIC_all_raw\HS\s4\micro\surprise\s4_sur_01\image062925.bmp|C:\Users\iRoti\Desktop\tt\SMIC\SMIC_all_raw\HS\s4\micro\surprise\s4_sur_01\image062926.bmp|C:\Users\iRoti\Desktop\tt\SMIC\SMIC_all_raw\HS\s4\micro\surprise\s4_sur_01\image062927.bmp|C:\Users\iRoti\Desktop\tt\SMIC\SMIC_all_raw\HS\s4\micro\surprise\s4_sur_01\image062928.bmp|C:\Users\iRoti\Desktop\tt\SMIC\SMIC_all_raw\HS\s4\micro\surprise\s4_sur_01\image062929.bmp|C:\Users\iRoti\Desktop\tt\SMIC\SMIC_all_raw\HS\s4\micro\surprise\s4_sur_01\image062930.bmp|C:\Users\iRoti\Desktop\tt\SMIC\SMIC_all_raw\HS\s4\micro\surprise\s4_sur_01\image062931.bmp|C:\Users\iRoti\Desktop\tt\SMIC\SMIC_all_raw\HS\s4\micro\surprise\s4_sur_01\image062932.bmp|C:\Users\iRoti\Desktop\tt\SMIC\SMIC_all_raw\HS\s4\micro\surprise\s4_sur_01\image062933.bmp|C:\Users\iRoti\Desktop\tt\SMIC\SMIC_all_raw\HS\s4\micro\surprise\s4_sur_01\image062934.bmp|C:\Users\iRoti\Desktop\tt\SMIC\SMIC_all_raw\HS\s4\micro\surprise\s4_sur_01\image062935.bmp|C:\Users\iRoti\Desktop\tt\SMIC\SMIC_all_raw\HS\s4\micro\surprise\s4_sur_01\image062936.bmp|C:\Users\iRoti\Desktop\tt\SMIC\SMIC_all_raw\HS\s4\micro\surprise\s4_sur_01\image062937.bmp|C:\Users\iRoti\Desktop\tt\SMIC\SMIC_all_raw\HS\s4\micro\surprise\s4_sur_01\image062938.bmp|C:\Users\iRoti\Desktop\tt\SMIC\SMIC_all_raw\HS\s4\micro\surprise\s4_sur_01\image062939.bmp|C:\Users\iRoti\Desktop\tt\SMIC\SMIC_all_raw\HS\s4\micro\surprise\s4_sur_01\image062940.bmp|C:\Users\iRoti\Desktop\tt\SMIC\SMIC_all_raw\HS\s4\micro\surprise\s4_sur_01\image062941.bmp|C:\Users\iRoti\Desktop\tt\SMIC\SMIC_all_raw\HS\s4\micro\surprise\s4_sur_01\image062942.bmp|C:\Users\iRoti\Desktop\tt\SMIC\SMIC_all_raw\HS\s4\micro\surprise\s4_sur_01\image062943.bmp|C:\Users\iRoti\Desktop\tt\SMIC\SMIC_all_raw\HS\s4\micro\surprise\s4_sur_01\image062944.bmp|C:\Users\iRoti\Desktop\tt\SMIC\SMIC_all_raw\HS\s4\micro\surprise\s4_sur_01\image062945.bmp|C:\Users\iRoti\Desktop\tt\SMIC\SMIC_all_raw\HS\s4\micro\surprise\s4_sur_01\image062946.bmp|C:\Users\iRoti\Desktop\tt\SMIC\SMIC_all_raw\HS\s4\micro\surprise\s4_sur_01\image062947.bmp|C:\Users\iRoti\Desktop\tt\SMIC\SMIC_all_raw\HS\s4\micro\surprise\s4_sur_01\image062948.bmp|C:\Users\iRoti\Desktop\tt\SMIC\SMIC_all_raw\HS\s4\micro\surprise\s4_sur_01\image062949.bmp|C:\Users\iRoti\Desktop\tt\SMIC\SMIC_all_raw\HS\s4\micro\surprise\s4_sur_01\image062950.bmp|C:\Users\iRoti\Desktop\tt\SMIC\SMIC_all_raw\HS\s4\micro\surprise\s4_sur_01\image062951.bmp|C:\Users\iRoti\Desktop\tt\SMIC\SMIC_all_raw\HS\s4\micro\surprise\s4_sur_01\image062952.bmp|C:\Users\iRoti\Desktop\tt\SMIC\SMIC_all_raw\HS\s4\micro\surprise\s4_sur_01\image062953.bmp|C:\Users\iRoti\Desktop\tt\SMIC\SMIC_all_raw\HS\s4\micro\surprise\s4_sur_01\image062954.bmp|C:\Users\iRoti\Desktop\tt\SMIC\SMIC_all_raw\HS\s4\micro\surprise\s4_sur_01\image062955.bmp|C:\Users\iRoti\Desktop\tt\SMIC\SMIC_all_raw\HS\s4\micro\surprise\s4_sur_01\image062956.bmp|C:\Users\iRoti\Desktop\tt\SMIC\SMIC_all_raw\HS\s4\micro\surprise\s4_sur_01\image062957.bmp|C:\Users\iRoti\Desktop\tt\SMIC\SMIC_all_raw\HS\s4\micro\surprise\s4_sur_01\image062958.bmp|C:\Users\iRoti\Desktop\tt\SMIC\SMIC_all_raw\HS\s4\micro\surprise\s4_sur_01\image062959.bmp|C:\Users\iRoti\Desktop\tt\SMIC\SMIC_all_raw\HS\s4\micro\surprise\s4_sur_01\image062960.bmp|C:\Users\iRoti\Desktop\tt\SMIC\SMIC_all_raw\HS\s4\micro\surprise\s4_sur_01\image062961.bmp|C:\Users\iRoti\Desktop\tt\SMIC\SMIC_all_raw\HS\s4\micro\surprise\s4_sur_01\image062962.bmp|C:\Users\iRoti\Desktop\tt\SMIC\SMIC_all_raw\HS\s4\micro\surprise\s4_sur_01\image062963.bmp|C:\Users\iRoti\Desktop\tt\SMIC\SMIC_all_raw\HS\s4\micro\surprise\s4_sur_01\image062964.bmp|C:\Users\iRoti\Desktop\tt\SMIC\SMIC_all_raw\HS\s4\micro\surprise\s4_sur_01\image062965.bmp
s4,HS_100fps,Sorpresa,C:\Users\iRoti\Desktop\tt\SMIC\SMIC_all_raw\HS\s4\micro\surprise\s4_sur_02\image069757.bmp|C:\Users\iRoti\Desktop\tt\SMIC\SMIC_all_raw\HS\s4\micro\surprise\s4_sur_02\image069758.bmp|C:\Users\iRoti\Desktop\tt\SMIC\SMIC_all_raw\HS\s4\micro\surprise\s4_sur_02\image069759.bmp|C:\Users\iRoti\Desktop\tt\SMIC\SMIC_all_raw\HS\s4\micro\surprise\s4_sur_02\image069760.bmp|C:\Users\iRoti\Desktop\tt\SMIC\SMIC_all_raw\HS\s4\micro\surprise\s4_sur_02\image069761.bmp|C:\Users\iRoti\Desktop\tt\SMIC\SMIC_all_raw\HS\s4\micro\surprise\s4_sur_02\image069762.bmp|C:\Users\iRoti\Desktop\tt\SMIC\SMIC_all_raw\HS\s4\micro\surprise\s4_sur_02\image069763.bmp|C:\Users\iRoti\Desktop\tt\SMIC\SMIC_all_raw\HS\s4\micro\surprise\s4_sur_02\image069764.bmp|C:\Users\iRoti\Desktop\tt\SMIC\SMIC_all_raw\HS\s4\micro\surprise\s4_sur_02\image069765.bmp|C:\Users\iRoti\Desktop\tt\SMIC\SMIC_all_raw\HS\s4\micro\surprise\s4_sur_02\image069766.bmp|C:\Users\iRoti\Desktop\tt\SMIC\SMIC_all_raw\HS\s4\micro\surprise\s4_sur_02\image069767.bmp|C:\Users\iRoti\Desktop\tt\SMIC\SMIC_all_raw\HS\s4\micro\surprise\s4_sur_02\image069768.bmp|C:\Users\iRoti\Desktop\tt\SMIC\SMIC_all_raw\HS\s4\micro\surprise\s4_sur_02\image069769.bmp|C:\Users\iRoti\Desktop\tt\SMIC\SMIC_all_raw\HS\s4\micro\surprise\s4_sur_02\image069770.bmp|C:\Users\iRoti\Desktop\tt\SMIC\SMIC_all_raw\HS\s4\micro\surprise\s4_sur_02\image069771.bmp|C:\Users\iRoti\Desktop\tt\SMIC\SMIC_all_raw\HS\s4\micro\surprise\s4_sur_02\image069772.bmp|C:\Users\iRoti\Desktop\tt\SMIC\SMIC_all_raw\HS\s4\micro\surprise\s4_sur_02\image069773.bmp|C:\Users\iRoti\Desktop\tt\SMIC\SMIC_all_raw\HS\s4\micro\surprise\s4_sur_02\image069774.bmp|C:\Users\iRoti\Desktop\tt\SMIC\SMIC_all_raw\HS\s4\micro\surprise\s4_sur_02\image069775.bmp|C:\Users\iRoti\Desktop\tt\SMIC\SMIC_all_raw\HS\s4\micro\surprise\s4_sur_02\image069776.bmp|C:\Users\iRoti\Desktop\tt\SMIC\SMIC_all_raw\HS\s4\micro\surprise\s4_sur_02\image069777.bmp|C:\Users\iRoti\Desktop\tt\SMIC\SMIC_all_raw\HS\s4\micro\surprise\s4_sur_02\image069778.bmp|C:\Users\iRoti\Desktop\tt\SMIC\SMIC_all_raw\HS\s4\micro\surprise\s4_sur_02\image069779.bmp|C:\Users\iRoti\Desktop\tt\SMIC\SMIC_all_raw\HS\s4\micro\surprise\s4_sur_02\image069780.bmp|C:\Users\iRoti\Desktop\tt\SMIC\SMIC_all_raw\HS\s4\micro\surprise\s4_sur_02\image069781.bmp|C:\Users\iRoti\Desktop\tt\SMIC\SMIC_all_raw\HS\s4\micro\surprise\s4_sur_02\image069782.bmp|C:\Users\iRoti\Desktop\tt\SMIC\SMIC_all_raw\HS\s4\micro\surprise\s4_sur_02\image069783.bmp|C:\Users\iRoti\Desktop\tt\SMIC\SMIC_all_raw\HS\s4\micro\surprise\s4_sur_02\image069784.bmp|C:\Users\iRoti\Desktop\tt\SMIC\SMIC_all_raw\HS\s4\micro\surprise\s4_sur_02\image069785.bmp|C:\Users\iRoti\Desktop\tt\SMIC\SMIC_all_raw\HS\s4\micro\surprise\s4_sur_02\image069786.bmp|C:\Users\iRoti\Desktop\tt\SMIC\SMIC_all_raw\HS\s4\micro\surprise\s4_sur_02\image069787.bmp|C:\Users\iRoti\Desktop\tt\SMIC\SMIC_all_raw\HS\s4\micro\surprise\s4_sur_02\image069788.bmp|C:\Users\iRoti\Desktop\tt\SMIC\SMIC_all_raw\HS\s4\micro\surprise\s4_sur_02\image069789.bmp
s4,HS_100fps,Sorpresa,C:\Users\iRoti\Desktop\tt\SMIC\SMIC_all_raw\HS\s4\micro\surprise\s4_sur_03\image085893.bmp|C:\Users\iRoti\Desktop\tt\SMIC\SMIC_all_raw\HS\s4\micro\surprise\s4_sur_03\image085894.bmp|C:\Users\iRoti\Desktop\tt\SMIC\SMIC_all_raw\HS\s4\micro\surprise\s4_sur_03\image085895.bmp|C:\Users\iRoti\Desktop\tt\SMIC\SMIC_all_raw\HS\s4\micro\surprise\s4_sur_03\image085896.bmp|C:\Users\iRoti\Desktop\tt\SMIC\SMIC_all_raw\HS\s4\micro\surprise\s4_sur_03\image085897.bmp|C:\Users\iRoti\Desktop\tt\SMIC\SMIC_all_raw\HS\s4\micro\surprise\s4_sur_03\image085898.bmp|C:\Users\iRoti\Desktop\tt\SMIC\SMIC_all_raw\HS\s4\micro\surprise\s4_sur_03\image085899.bmp|C:\Users\iRoti\Desktop\tt\SMIC\SMIC_all_raw\HS\s4\micro\surprise\s4_sur_03\image085900.bmp|C:\Users\iRoti\Desktop\tt\SMIC\SMIC_all_raw\HS\s4\micro\surprise\s4_sur_03\image085901.bmp|C:\Users\iRoti\Desktop\tt\SMIC\SMIC_all_raw\HS\s4\micro\surprise\s4_sur_03\image085902.bmp|C:\Users\iRoti\Desktop\tt\SMIC\SMIC_all_raw\HS\s4\micro\surprise\s4_sur_03\image085903.bmp|C:\Users\iRoti\Desktop\tt\SMIC\SMIC_all_raw\HS\s4\micro\surprise\s4_sur_03\image085904.bmp|C:\Users\iRoti\Desktop\tt\SMIC\SMIC_all_raw\HS\s4\micro\surprise\s4_sur_03\image085905.bmp|C:\Users\iRoti\Desktop\tt\SMIC\SMIC_all_raw\HS\s4\micro\surprise\s4_sur_03\image085906.bmp|C:\Users\iRoti\Desktop\tt\SMIC\SMIC_all_raw\HS\s4\micro\surprise\s4_sur_03\image085907.bmp|C:\Users\iRoti\Desktop\tt\SMIC\SMIC_all_raw\HS\s4\micro\surprise\s4_sur_03\image085908.bmp|C:\Users\iRoti\Desktop\tt\SMIC\SMIC_all_raw\HS\s4\micro\surprise\s4_sur_03\image085909.bmp|C:\Users\iRoti\Desktop\tt\SMIC\SMIC_all_raw\HS\s4\micro\surprise\s4_sur_03\image085910.bmp|C:\Users\iRoti\Desktop\tt\SMIC\SMIC_all_raw\HS\s4\micro\surprise\s4_sur_03\image085911.bmp|C:\Users\iRoti\Desktop\tt\SMIC\SMIC_all_raw\HS\s4\micro\surprise\s4_sur_03\image085912.bmp|C:\Users\iRoti\Desktop\tt\SMIC\SMIC_all_raw\HS\s4\micro\surprise\s4_sur_03\image085913.bmp|C:\Users\iRoti\Desktop\tt\SMIC\SMIC_all_raw\HS\s4\micro\surprise\s4_sur_03\image085914.bmp|C:\Users\iRoti\Desktop\tt\SMIC\SMIC_all_raw\HS\s4\micro\surprise\s4_sur_03\image085915.bmp|C:\Users\iRoti\Desktop\tt\SMIC\SMIC_all_raw\HS\s4\micro\surprise\s4_sur_03\image085916.bmp
s4,HS_100fps,Sorpresa,C:\Users\iRoti\Desktop\tt\SMIC\SMIC_all_raw\HS\s4\micro\surprise\s4_sur_04\image089333.bmp|C:\Users\iRoti\Desktop\tt\SMIC\SMIC_all_raw\HS\s4\micro\surprise\s4_sur_04\image089334.bmp|C:\Users\iRoti\Desktop\tt\SMIC\SMIC_all_raw\HS\s4\micro\surprise\s4_sur_04\image089335.bmp|C:\Users\iRoti\Desktop\tt\SMIC\SMIC_all_raw\HS\s4\micro\surprise\s4_sur_04\image089336.bmp|C:\Users\iRoti\Desktop\tt\SMIC\SMIC_all_raw\HS\s4\micro\surprise\s4_sur_04\image089337.bmp|C:\Users\iRoti\Desktop\tt\SMIC\SMIC_all_raw\HS\s4\micro\surprise\s4_sur_04\image089338.bmp|C:\Users\iRoti\Desktop\tt\SMIC\SMIC_all_raw\HS\s4\micro\surprise\s4_sur_04\image089339.bmp|C:\Users\iRoti\Desktop\tt\SMIC\SMIC_all_raw\HS\s4\micro\surprise\s4_sur_04\image089340.bmp|C:\Users\iRoti\Desktop\tt\SMIC\SMIC_all_raw\HS\s4\micro\surprise\s4_sur_04\image089341.bmp|C:\Users\iRoti\Desktop\tt\SMIC\SMIC_all_raw\HS\s4\micro\surprise\s4_sur_04\image089342.bmp|C:\Users\iRoti\Desktop\tt\SMIC\SMIC_all_raw\HS\s4\micro\surprise\s4_sur_04\image089343.bmp|C:\Users\iRoti\Desktop\tt\SMIC\SMIC_all_raw\HS\s4\micro\surprise\s4_sur_04\image089344.bmp|C:\Users\iRoti\Desktop\tt\SMIC\SMIC_all_raw\HS\s4\micro\surprise\s4_sur_04\image089345.bmp|C:\Users\iRoti\Desktop\tt\SMIC\SMIC_all_raw\HS\s4\micro\surprise\s4_sur_04\image089346.bmp|C:\Users\iRoti\Desktop\tt\SMIC\SMIC_all_raw\HS\s4\micro\surprise\s4_sur_04\image089347.bmp|C:\Users\iRoti\Desktop\tt\SMIC\SMIC_all_raw\HS\s4\micro\surprise\s4_sur_04\image089348.bmp|C:\Users\iRoti\Desktop\tt\SMIC\SMIC_all_raw\HS\s4\micro\surprise\s4_sur_04\image089349.bmp|C:\Users\iRoti\Desktop\tt\SMIC\SMIC_all_raw\HS\s4\micro\surprise\s4_sur_04\image089350.bmp|C:\Users\iRoti\Desktop\tt\SMIC\SMIC_all_raw\HS\s4\micro\surprise\s4_sur_04\image089351.bmp|C:\Users\iRoti\Desktop\tt\SMIC\SMIC_all_raw\HS\s4\micro\surprise\s4_sur_04\image089352.bmp
s4,HS_100fps,Sorpresa,C:\Users\iRoti\Desktop\tt\SMIC\SMIC_all_raw\HS\s4\micro\surprise\s4_sur_05\image196085.bmp|C:\Users\iRoti\Desktop\tt\SMIC\SMIC_all_raw\HS\s4\micro\surprise\s4_sur_05\image196086.bmp|C:\Users\iRoti\Desktop\tt\SMIC\SMIC_all_raw\HS\s4\micro\surprise\s4_sur_05\image196087.bmp|C:\Users\iRoti\Desktop\tt\SMIC\SMIC_all_raw\HS\s4\micro\surprise\s4_sur_05\image196088.bmp|C:\Users\iRoti\Desktop\tt\SMIC\SMIC_all_raw\HS\s4\micro\surprise\s4_sur_05\image196089.bmp|C:\Users\iRoti\Desktop\tt\SMIC\SMIC_all_raw\HS\s4\micro\surprise\s4_sur_05\image196090.bmp|C:\Users\iRoti\Desktop\tt\SMIC\SMIC_all_raw\HS\s4\micro\surprise\s4_sur_05\image196091.bmp|C:\Users\iRoti\Desktop\tt\SMIC\SMIC_all_raw\HS\s4\micro\surprise\s4_sur_05\image196092.bmp|C:\Users\iRoti\Desktop\tt\SMIC\SMIC_all_raw\HS\s4\micro\surprise\s4_sur_05\image196093.bmp|C:\Users\iRoti\Desktop\tt\SMIC\SMIC_all_raw\HS\s4\micro\surprise\s4_sur_05\image196094.bmp|C:\Users\iRoti\Desktop\tt\SMIC\SMIC_all_raw\HS\s4\micro\surprise\s4_sur_05\image196095.bmp|C:\Users\iRoti\Desktop\tt\SMIC\SMIC_all_raw\HS\s4\micro\surprise\s4_sur_05\image196096.bmp|C:\Users\iRoti\Desktop\tt\SMIC\SMIC_all_raw\HS\s4\micro\surprise\s4_sur_05\image196097.bmp|C:\Users\iRoti\Desktop\tt\SMIC\SMIC_all_raw\HS\s4\micro\surprise\s4_sur_05\image196098.bmp|C:\Users\iRoti\Desktop\tt\SMIC\SMIC_all_raw\HS\s4\micro\surprise\s4_sur_05\image196099.bmp|C:\Users\iRoti\Desktop\tt\SMIC\SMIC_all_raw\HS\s4\micro\surprise\s4_sur_05\image196100.bmp|C:\Users\iRoti\Desktop\tt\SMIC\SMIC_all_raw\HS\s4\micro\surprise\s4_sur_05\image196101.bmp|C:\Users\iRoti\Desktop\tt\SMIC\SMIC_all_raw\HS\s4\micro\surprise\s4_sur_05\image196102.bmp|C:\Users\iRoti\Desktop\tt\SMIC\SMIC_all_raw\HS\s4\micro\surprise\s4_sur_05\image196103.bmp|C:\Users\iRoti\Desktop\tt\SMIC\SMIC_all_raw\HS\s4\micro\surprise\s4_sur_05\image196104.bmp|C:\Users\iRoti\Desktop\tt\SMIC\SMIC_all_raw\HS\s4\micro\surprise\s4_sur_05\image196105.bmp|C:\Users\iRoti\Desktop\tt\SMIC\SMIC_all_raw\HS\s4\micro\surprise\s4_sur_05\image196106.bmp|C:\Users\iRoti\Desktop\tt\SMIC\SMIC_all_raw\HS\s4\micro\surprise\s4_sur_05\image196107.bmp|C:\Users\iRoti\Desktop\tt\SMIC\SMIC_all_raw\HS\s4\micro\surprise\s4_sur_05\image196108.bmp|C:\Users\iRoti\Desktop\tt\SMIC\SMIC_all_raw\HS\s4\micro\surprise\s4_sur_05\image196109.bmp
s4,HS_100fps,Neutral,C:\Users\iRoti\Desktop\tt\SMIC\SMIC_all_raw\HS\s4\non_micro\s4_n1\image064385.bmp|C:\Users\iRoti\Desktop\tt\SMIC\SMIC_all_raw\HS\s4\non_micro\s4_n1\image064386.bmp|C:\Users\iRoti\Desktop\tt\SMIC\SMIC_all_raw\HS\s4\non_micro\s4_n1\image064387.bmp|C:\Users\iRoti\Desktop\tt\SMIC\SMIC_all_raw\HS\s4\non_micro\s4_n1\image064388.bmp|C:\Users\iRoti\Desktop\tt\SMIC\SMIC_all_raw\HS\s4\non_micro\s4_n1\image064389.bmp|C:\Users\iRoti\Desktop\tt\SMIC\SMIC_all_raw\HS\s4\non_micro\s4_n1\image064390.bmp|C:\Users\iRoti\Desktop\tt\SMIC\SMIC_all_raw\HS\s4\non_micro\s4_n1\image064391.bmp|C:\Users\iRoti\Desktop\tt\SMIC\SMIC_all_raw\HS\s4\non_micro\s4_n1\image064392.bmp|C:\Users\iRoti\Desktop\tt\SMIC\SMIC_all_raw\HS\s4\non_micro\s4_n1\image064393.bmp|C:\Users\iRoti\Desktop\tt\SMIC\SMIC_all_raw\HS\s4\non_micro\s4_n1\image064394.bmp|C:\Users\iRoti\Desktop\tt\SMIC\SMIC_all_raw\HS\s4\non_micro\s4_n1\image064395.bmp|C:\Users\iRoti\Desktop\tt\SMIC\SMIC_all_raw\HS\s4\non_micro\s4_n1\image064396.bmp|C:\Users\iRoti\Desktop\tt\SMIC\SMIC_all_raw\HS\s4\non_micro\s4_n1\image064397.bmp|C:\Users\iRoti\Desktop\tt\SMIC\SMIC_all_raw\HS\s4\non_micro\s4_n1\image064398.bmp|C:\Users\iRoti\Desktop\tt\SMIC\SMIC_all_raw\HS\s4\non_micro\s4_n1\image064399.bmp|C:\Users\iRoti\Desktop\tt\SMIC\SMIC_all_raw\HS\s4\non_micro\s4_n1\image064400.bmp|C:\Users\iRoti\Desktop\tt\SMIC\SMIC_all_raw\HS\s4\non_micro\s4_n1\image064401.bmp|C:\Users\iRoti\Desktop\tt\SMIC\SMIC_all_raw\HS\s4\non_micro\s4_n1\image064402.bmp|C:\Users\iRoti\Desktop\tt\SMIC\SMIC_all_raw\HS\s4\non_micro\s4_n1\image064403.bmp|C:\Users\iRoti\Desktop\tt\SMIC\SMIC_all_raw\HS\s4\non_micro\s4_n1\image064404.bmp|C:\Users\iRoti\Desktop\tt\SMIC\SMIC_all_raw\HS\s4\non_micro\s4_n1\image064405.bmp|C:\Users\iRoti\Desktop\tt\SMIC\SMIC_all_raw\HS\s4\non_micro\s4_n1\image064406.bmp|C:\Users\iRoti\Desktop\tt\SMIC\SMIC_all_raw\HS\s4\non_micro\s4_n1\image064407.bmp|C:\Users\iRoti\Desktop\tt\SMIC\SMIC_all_raw\HS\s4\non_micro\s4_n1\image064408.bmp|C:\Users\iRoti\Desktop\tt\SMIC\SMIC_all_raw\HS\s4\non_micro\s4_n1\image064409.bmp|C:\Users\iRoti\Desktop\tt\SMIC\SMIC_all_raw\HS\s4\non_micro\s4_n1\image064410.bmp|C:\Users\iRoti\Desktop\tt\SMIC\SMIC_all_raw\HS\s4\non_micro\s4_n1\image064411.bmp|C:\Users\iRoti\Desktop\tt\SMIC\SMIC_all_raw\HS\s4\non_micro\s4_n1\image064412.bmp|C:\Users\iRoti\Desktop\tt\SMIC\SMIC_all_raw\HS\s4\non_micro\s4_n1\image064413.bmp|C:\Users\iRoti\Desktop\tt\SMIC\SMIC_all_raw\HS\s4\non_micro\s4_n1\image064414.bmp
s4,HS_100fps,Neutral,C:\Users\iRoti\Desktop\tt\SMIC\SMIC_all_raw\HS\s4\non_micro\s4_n10\image093035.bmp|C:\Users\iRoti\Desktop\tt\SMIC\SMIC_all_raw\HS\s4\non_micro\s4_n10\image093036.bmp|C:\Users\iRoti\Desktop\tt\SMIC\SMIC_all_raw\HS\s4\non_micro\s4_n10\image093037.bmp|C:\Users\iRoti\Desktop\tt\SMIC\SMIC_all_raw\HS\s4\non_micro\s4_n10\image093038.bmp|C:\Users\iRoti\Desktop\tt\SMIC\SMIC_all_raw\HS\s4\non_micro\s4_n10\image093039.bmp|C:\Users\iRoti\Desktop\tt\SMIC\SMIC_all_raw\HS\s4\non_micro\s4_n10\image093040.bmp|C:\Users\iRoti\Desktop\tt\SMIC\SMIC_all_raw\HS\s4\non_micro\s4_n10\image093041.bmp|C:\Users\iRoti\Desktop\tt\SMIC\SMIC_all_raw\HS\s4\non_micro\s4_n10\image093042.bmp|C:\Users\iRoti\Desktop\tt\SMIC\SMIC_all_raw\HS\s4\non_micro\s4_n10\image093043.bmp|C:\Users\iRoti\Desktop\tt\SMIC\SMIC_all_raw\HS\s4\non_micro\s4_n10\image093044.bmp|C:\Users\iRoti\Desktop\tt\SMIC\SMIC_all_raw\HS\s4\non_micro\s4_n10\image093045.bmp|C:\Users\iRoti\Desktop\tt\SMIC\SMIC_all_raw\HS\s4\non_micro\s4_n10\image093046.bmp|C:\Users\iRoti\Desktop\tt\SMIC\SMIC_all_raw\HS\s4\non_micro\s4_n10\image093047.bmp|C:\Users\iRoti\Desktop\tt\SMIC\SMIC_all_raw\HS\s4\non_micro\s4_n10\image093048.bmp|C:\Users\iRoti\Desktop\tt\SMIC\SMIC_all_raw\HS\s4\non_micro\s4_n10\image093049.bmp|C:\Users\iRoti\Desktop\tt\SMIC\SMIC_all_raw\HS\s4\non_micro\s4_n10\image093050.bmp|C:\Users\iRoti\Desktop\tt\SMIC\SMIC_all_raw\HS\s4\non_micro\s4_n10\image093051.bmp|C:\Users\iRoti\Desktop\tt\SMIC\SMIC_all_raw\HS\s4\non_micro\s4_n10\image093052.bmp|C:\Users\iRoti\Desktop\tt\SMIC\SMIC_all_raw\HS\s4\non_micro\s4_n10\image093053.bmp|C:\Users\iRoti\Desktop\tt\SMIC\SMIC_all_raw\HS\s4\non_micro\s4_n10\image093054.bmp|C:\Users\iRoti\Desktop\tt\SMIC\SMIC_all_raw\HS\s4\non_micro\s4_n10\image093055.bmp
s4,HS_100fps,Neutral,C:\Users\iRoti\Desktop\tt\SMIC\SMIC_all_raw\HS\s4\non_micro\s4_n11\image093078.bmp|C:\Users\iRoti\Desktop\tt\SMIC\SMIC_all_raw\HS\s4\non_micro\s4_n11\image093079.bmp|C:\Users\iRoti\Desktop\tt\SMIC\SMIC_all_raw\HS\s4\non_micro\s4_n11\image093080.bmp|C:\Users\iRoti\Desktop\tt\SMIC\SMIC_all_raw\HS\s4\non_micro\s4_n11\image093081.bmp|C:\Users\iRoti\Desktop\tt\SMIC\SMIC_all_raw\HS\s4\non_micro\s4_n11\image093082.bmp|C:\Users\iRoti\Desktop\tt\SMIC\SMIC_all_raw\HS\s4\non_micro\s4_n11\image093083.bmp|C:\Users\iRoti\Desktop\tt\SMIC\SMIC_all_raw\HS\s4\non_micro\s4_n11\image093084.bmp|C:\Users\iRoti\Desktop\tt\SMIC\SMIC_all_raw\HS\s4\non_micro\s4_n11\image093085.bmp|C:\Users\iRoti\Desktop\tt\SMIC\SMIC_all_raw\HS\s4\non_micro\s4_n11\image093086.bmp|C:\Users\iRoti\Desktop\tt\SMIC\SMIC_all_raw\HS\s4\non_micro\s4_n11\image093087.bmp|C:\Users\iRoti\Desktop\tt\SMIC\SMIC_all_raw\HS\s4\non_micro\s4_n11\image093088.bmp|C:\Users\iRoti\Desktop\tt\SMIC\SMIC_all_raw\HS\s4\non_micro\s4_n11\image093089.bmp|C:\Users\iRoti\Desktop\tt\SMIC\SMIC_all_raw\HS\s4\non_micro\s4_n11\image093090.bmp|C:\Users\iRoti\Desktop\tt\SMIC\SMIC_all_raw\HS\s4\non_micro\s4_n11\image093091.bmp|C:\Users\iRoti\Desktop\tt\SMIC\SMIC_all_raw\HS\s4\non_micro\s4_n11\image093092.bmp|C:\Users\iRoti\Desktop\tt\SMIC\SMIC_all_raw\HS\s4\non_micro\s4_n11\image093093.bmp|C:\Users\iRoti\Desktop\tt\SMIC\SMIC_all_raw\HS\s4\non_micro\s4_n11\image093094.bmp|C:\Users\iRoti\Desktop\tt\SMIC\SMIC_all_raw\HS\s4\non_micro\s4_n11\image093095.bmp|C:\Users\iRoti\Desktop\tt\SMIC\SMIC_all_raw\HS\s4\non_micro\s4_n11\image093096.bmp|C:\Users\iRoti\Desktop\tt\SMIC\SMIC_all_raw\HS\s4\non_micro\s4_n11\image093097.bmp|C:\Users\iRoti\Desktop\tt\SMIC\SMIC_all_raw\HS\s4\non_micro\s4_n11\image093098.bmp|C:\Users\iRoti\Desktop\tt\SMIC\SMIC_all_raw\HS\s4\non_micro\s4_n11\image093099.bmp|C:\Users\iRoti\Desktop\tt\SMIC\SMIC_all_raw\HS\s4\non_micro\s4_n11\image093100.bmp|C:\Users\iRoti\Desktop\tt\SMIC\SMIC_all_raw\HS\s4\non_micro\s4_n11\image093101.bmp|C:\Users\iRoti\Desktop\tt\SMIC\SMIC_all_raw\HS\s4\non_micro\s4_n11\image093102.bmp|C:\Users\iRoti\Desktop\tt\SMIC\SMIC_all_raw\HS\s4\non_micro\s4_n11\image093103.bmp|C:\Users\iRoti\Desktop\tt\SMIC\SMIC_all_raw\HS\s4\non_micro\s4_n11\image093104.bmp|C:\Users\iRoti\Desktop\tt\SMIC\SMIC_all_raw\HS\s4\non_micro\s4_n11\image093105.bmp|C:\Users\iRoti\Desktop\tt\SMIC\SMIC_all_raw\HS\s4\non_micro\s4_n11\image093106.bmp
s4,HS_100fps,Neutral,C:\Users\iRoti\Desktop\tt\SMIC\SMIC_all_raw\HS\s4\non_micro\s4_n12\image093156.bmp|C:\Users\iRoti\Desktop\tt\SMIC\SMIC_all_raw\HS\s4\non_micro\s4_n12\image093157.bmp|C:\Users\iRoti\Desktop\tt\SMIC\SMIC_all_raw\HS\s4\non_micro\s4_n12\image093158.bmp|C:\Users\iRoti\Desktop\tt\SMIC\SMIC_all_raw\HS\s4\non_micro\s4_n12\image093159.bmp|C:\Users\iRoti\Desktop\tt\SMIC\SMIC_all_raw\HS\s4\non_micro\s4_n12\image093160.bmp|C:\Users\iRoti\Desktop\tt\SMIC\SMIC_all_raw\HS\s4\non_micro\s4_n12\image093161.bmp|C:\Users\iRoti\Desktop\tt\SMIC\SMIC_all_raw\HS\s4\non_micro\s4_n12\image093162.bmp|C:\Users\iRoti\Desktop\tt\SMIC\SMIC_all_raw\HS\s4\non_micro\s4_n12\image093163.bmp|C:\Users\iRoti\Desktop\tt\SMIC\SMIC_all_raw\HS\s4\non_micro\s4_n12\image093164.bmp|C:\Users\iRoti\Desktop\tt\SMIC\SMIC_all_raw\HS\s4\non_micro\s4_n12\image093165.bmp|C:\Users\iRoti\Desktop\tt\SMIC\SMIC_all_raw\HS\s4\non_micro\s4_n12\image093166.bmp|C:\Users\iRoti\Desktop\tt\SMIC\SMIC_all_raw\HS\s4\non_micro\s4_n12\image093167.bmp|C:\Users\iRoti\Desktop\tt\SMIC\SMIC_all_raw\HS\s4\non_micro\s4_n12\image093168.bmp|C:\Users\iRoti\Desktop\tt\SMIC\SMIC_all_raw\HS\s4\non_micro\s4_n12\image093169.bmp|C:\Users\iRoti\Desktop\tt\SMIC\SMIC_all_raw\HS\s4\non_micro\s4_n12\image093170.bmp|C:\Users\iRoti\Desktop\tt\SMIC\SMIC_all_raw\HS\s4\non_micro\s4_n12\image093171.bmp|C:\Users\iRoti\Desktop\tt\SMIC\SMIC_all_raw\HS\s4\non_micro\s4_n12\image093172.bmp|C:\Users\iRoti\Desktop\tt\SMIC\SMIC_all_raw\HS\s4\non_micro\s4_n12\image093173.bmp|C:\Users\iRoti\Desktop\tt\SMIC\SMIC_all_raw\HS\s4\non_micro\s4_n12\image093174.bmp|C:\Users\iRoti\Desktop\tt\SMIC\SMIC_all_raw\HS\s4\non_micro\s4_n12\image093175.bmp|C:\Users\iRoti\Desktop\tt\SMIC\SMIC_all_raw\HS\s4\non_micro\s4_n12\image093176.bmp|C:\Users\iRoti\Desktop\tt\SMIC\SMIC_all_raw\HS\s4\non_micro\s4_n12\image093177.bmp|C:\Users\iRoti\Desktop\tt\SMIC\SMIC_all_raw\HS\s4\non_micro\s4_n12\image093178.bmp|C:\Users\iRoti\Desktop\tt\SMIC\SMIC_all_raw\HS\s4\non_micro\s4_n12\image093179.bmp|C:\Users\iRoti\Desktop\tt\SMIC\SMIC_all_raw\HS\s4\non_micro\s4_n12\image093180.bmp|C:\Users\iRoti\Desktop\tt\SMIC\SMIC_all_raw\HS\s4\non_micro\s4_n12\image093181.bmp|C:\Users\iRoti\Desktop\tt\SMIC\SMIC_all_raw\HS\s4\non_micro\s4_n12\image093182.bmp|C:\Users\iRoti\Desktop\tt\SMIC\SMIC_all_raw\HS\s4\non_micro\s4_n12\image093183.bmp
s4,HS_100fps,Neutral,C:\Users\iRoti\Desktop\tt\SMIC\SMIC_all_raw\HS\s4\non_micro\s4_n13\image093156.bmp|C:\Users\iRoti\Desktop\tt\SMIC\SMIC_all_raw\HS\s4\non_micro\s4_n13\image093157.bmp|C:\Users\iRoti\Desktop\tt\SMIC\SMIC_all_raw\HS\s4\non_micro\s4_n13\image093158.bmp|C:\Users\iRoti\Desktop\tt\SMIC\SMIC_all_raw\HS\s4\non_micro\s4_n13\image093159.bmp|C:\Users\iRoti\Desktop\tt\SMIC\SMIC_all_raw\HS\s4\non_micro\s4_n13\image093160.bmp|C:\Users\iRoti\Desktop\tt\SMIC\SMIC_all_raw\HS\s4\non_micro\s4_n13\image093161.bmp|C:\Users\iRoti\Desktop\tt\SMIC\SMIC_all_raw\HS\s4\non_micro\s4_n13\image093162.bmp|C:\Users\iRoti\Desktop\tt\SMIC\SMIC_all_raw\HS\s4\non_micro\s4_n13\image093163.bmp|C:\Users\iRoti\Desktop\tt\SMIC\SMIC_all_raw\HS\s4\non_micro\s4_n13\image093164.bmp|C:\Users\iRoti\Desktop\tt\SMIC\SMIC_all_raw\HS\s4\non_micro\s4_n13\image093165.bmp|C:\Users\iRoti\Desktop\tt\SMIC\SMIC_all_raw\HS\s4\non_micro\s4_n13\image093166.bmp|C:\Users\iRoti\Desktop\tt\SMIC\SMIC_all_raw\HS\s4\non_micro\s4_n13\image093167.bmp|C:\Users\iRoti\Desktop\tt\SMIC\SMIC_all_raw\HS\s4\non_micro\s4_n13\image093168.bmp|C:\Users\iRoti\Desktop\tt\SMIC\SMIC_all_raw\HS\s4\non_micro\s4_n13\image093169.bmp|C:\Users\iRoti\Desktop\tt\SMIC\SMIC_all_raw\HS\s4\non_micro\s4_n13\image093170.bmp|C:\Users\iRoti\Desktop\tt\SMIC\SMIC_all_raw\HS\s4\non_micro\s4_n13\image093171.bmp|C:\Users\iRoti\Desktop\tt\SMIC\SMIC_all_raw\HS\s4\non_micro\s4_n13\image093172.bmp|C:\Users\iRoti\Desktop\tt\SMIC\SMIC_all_raw\HS\s4\non_micro\s4_n13\image093173.bmp|C:\Users\iRoti\Desktop\tt\SMIC\SMIC_all_raw\HS\s4\non_micro\s4_n13\image093174.bmp|C:\Users\iRoti\Desktop\tt\SMIC\SMIC_all_raw\HS\s4\non_micro\s4_n13\image093175.bmp|C:\Users\iRoti\Desktop\tt\SMIC\SMIC_all_raw\HS\s4\non_micro\s4_n13\image093176.bmp|C:\Users\iRoti\Desktop\tt\SMIC\SMIC_all_raw\HS\s4\non_micro\s4_n13\image093177.bmp|C:\Users\iRoti\Desktop\tt\SMIC\SMIC_all_raw\HS\s4\non_micro\s4_n13\image093178.bmp|C:\Users\iRoti\Desktop\tt\SMIC\SMIC_all_raw\HS\s4\non_micro\s4_n13\image093179.bmp|C:\Users\iRoti\Desktop\tt\SMIC\SMIC_all_raw\HS\s4\non_micro\s4_n13\image093180.bmp|C:\Users\iRoti\Desktop\tt\SMIC\SMIC_all_raw\HS\s4\non_micro\s4_n13\image093181.bmp|C:\Users\iRoti\Desktop\tt\SMIC\SMIC_all_raw\HS\s4\non_micro\s4_n13\image093182.bmp|C:\Users\iRoti\Desktop\tt\SMIC\SMIC_all_raw\HS\s4\non_micro\s4_n13\image093183.bmp
s4,HS_100fps,Neutral,C:\Users\iRoti\Desktop\tt\SMIC\SMIC_all_raw\HS\s4\non_micro\s4_n14\image112383.bmp|C:\Users\iRoti\Desktop\tt\SMIC\SMIC_all_raw\HS\s4\non_micro\s4_n14\image112384.bmp|C:\Users\iRoti\Desktop\tt\SMIC\SMIC_all_raw\HS\s4\non_micro\s4_n14\image112385.bmp|C:\Users\iRoti\Desktop\tt\SMIC\SMIC_all_raw\HS\s4\non_micro\s4_n14\image112386.bmp|C:\Users\iRoti\Desktop\tt\SMIC\SMIC_all_raw\HS\s4\non_micro\s4_n14\image112387.bmp|C:\Users\iRoti\Desktop\tt\SMIC\SMIC_all_raw\HS\s4\non_micro\s4_n14\image112388.bmp|C:\Users\iRoti\Desktop\tt\SMIC\SMIC_all_raw\HS\s4\non_micro\s4_n14\image112389.bmp|C:\Users\iRoti\Desktop\tt\SMIC\SMIC_all_raw\HS\s4\non_micro\s4_n14\image112390.bmp|C:\Users\iRoti\Desktop\tt\SMIC\SMIC_all_raw\HS\s4\non_micro\s4_n14\image112391.bmp|C:\Users\iRoti\Desktop\tt\SMIC\SMIC_all_raw\HS\s4\non_micro\s4_n14\image112392.bmp|C:\Users\iRoti\Desktop\tt\SMIC\SMIC_all_raw\HS\s4\non_micro\s4_n14\image112393.bmp|C:\Users\iRoti\Desktop\tt\SMIC\SMIC_all_raw\HS\s4\non_micro\s4_n14\image112394.bmp|C:\Users\iRoti\Desktop\tt\SMIC\SMIC_all_raw\HS\s4\non_micro\s4_n14\image112395.bmp|C:\Users\iRoti\Desktop\tt\SMIC\SMIC_all_raw\HS\s4\non_micro\s4_n14\image112396.bmp|C:\Users\iRoti\Desktop\tt\SMIC\SMIC_all_raw\HS\s4\non_micro\s4_n14\image112397.bmp|C:\Users\iRoti\Desktop\tt\SMIC\SMIC_all_raw\HS\s4\non_micro\s4_n14\image112398.bmp|C:\Users\iRoti\Desktop\tt\SMIC\SMIC_all_raw\HS\s4\non_micro\s4_n14\image112399.bmp|C:\Users\iRoti\Desktop\tt\SMIC\SMIC_all_raw\HS\s4\non_micro\s4_n14\image112400.bmp|C:\Users\iRoti\Desktop\tt\SMIC\SMIC_all_raw\HS\s4\non_micro\s4_n14\image112401.bmp|C:\Users\iRoti\Desktop\tt\SMIC\SMIC_all_raw\HS\s4\non_micro\s4_n14\image112402.bmp
s4,HS_100fps,Neutral,C:\Users\iRoti\Desktop\tt\SMIC\SMIC_all_raw\HS\s4\non_micro\s4_n15\image112421.bmp|C:\Users\iRoti\Desktop\tt\SMIC\SMIC_all_raw\HS\s4\non_micro\s4_n15\image112422.bmp|C:\Users\iRoti\Desktop\tt\SMIC\SMIC_all_raw\HS\s4\non_micro\s4_n15\image112423.bmp|C:\Users\iRoti\Desktop\tt\SMIC\SMIC_all_raw\HS\s4\non_micro\s4_n15\image112424.bmp|C:\Users\iRoti\Desktop\tt\SMIC\SMIC_all_raw\HS\s4\non_micro\s4_n15\image112425.bmp|C:\Users\iRoti\Desktop\tt\SMIC\SMIC_all_raw\HS\s4\non_micro\s4_n15\image112426.bmp|C:\Users\iRoti\Desktop\tt\SMIC\SMIC_all_raw\HS\s4\non_micro\s4_n15\image112427.bmp|C:\Users\iRoti\Desktop\tt\SMIC\SMIC_all_raw\HS\s4\non_micro\s4_n15\image112428.bmp|C:\Users\iRoti\Desktop\tt\SMIC\SMIC_all_raw\HS\s4\non_micro\s4_n15\image112429.bmp|C:\Users\iRoti\Desktop\tt\SMIC\SMIC_all_raw\HS\s4\non_micro\s4_n15\image112430.bmp|C:\Users\iRoti\Desktop\tt\SMIC\SMIC_all_raw\HS\s4\non_micro\s4_n15\image112431.bmp|C:\Users\iRoti\Desktop\tt\SMIC\SMIC_all_raw\HS\s4\non_micro\s4_n15\image112432.bmp|C:\Users\iRoti\Desktop\tt\SMIC\SMIC_all_raw\HS\s4\non_micro\s4_n15\image112433.bmp|C:\Users\iRoti\Desktop\tt\SMIC\SMIC_all_raw\HS\s4\non_micro\s4_n15\image112434.bmp|C:\Users\iRoti\Desktop\tt\SMIC\SMIC_all_raw\HS\s4\non_micro\s4_n15\image112435.bmp|C:\Users\iRoti\Desktop\tt\SMIC\SMIC_all_raw\HS\s4\non_micro\s4_n15\image112436.bmp|C:\Users\iRoti\Desktop\tt\SMIC\SMIC_all_raw\HS\s4\non_micro\s4_n15\image112437.bmp|C:\Users\iRoti\Desktop\tt\SMIC\SMIC_all_raw\HS\s4\non_micro\s4_n15\image112438.bmp|C:\Users\iRoti\Desktop\tt\SMIC\SMIC_all_raw\HS\s4\non_micro\s4_n15\image112439.bmp|C:\Users\iRoti\Desktop\tt\SMIC\SMIC_all_raw\HS\s4\non_micro\s4_n15\image112440.bmp|C:\Users\iRoti\Desktop\tt\SMIC\SMIC_all_raw\HS\s4\non_micro\s4_n15\image112441.bmp|C:\Users\iRoti\Desktop\tt\SMIC\SMIC_all_raw\HS\s4\non_micro\s4_n15\image112442.bmp|C:\Users\iRoti\Desktop\tt\SMIC\SMIC_all_raw\HS\s4\non_micro\s4_n15\image112443.bmp|C:\Users\iRoti\Desktop\tt\SMIC\SMIC_all_raw\HS\s4\non_micro\s4_n15\image112444.bmp|C:\Users\iRoti\Desktop\tt\SMIC\SMIC_all_raw\HS\s4\non_micro\s4_n15\image112445.bmp|C:\Users\iRoti\Desktop\tt\SMIC\SMIC_all_raw\HS\s4\non_micro\s4_n15\image112446.bmp|C:\Users\iRoti\Desktop\tt\SMIC\SMIC_all_raw\HS\s4\non_micro\s4_n15\image112447.bmp|C:\Users\iRoti\Desktop\tt\SMIC\SMIC_all_raw\HS\s4\non_micro\s4_n15\image112448.bmp|C:\Users\iRoti\Desktop\tt\SMIC\SMIC_all_raw\HS\s4\non_micro\s4_n15\image112449.bmp
s4,HS_100fps,Neutral,C:\Users\iRoti\Desktop\tt\SMIC\SMIC_all_raw\HS\s4\non_micro\s4_n16\image112492.bmp|C:\Users\iRoti\Desktop\tt\SMIC\SMIC_all_raw\HS\s4\non_micro\s4_n16\image112493.bmp|C:\Users\iRoti\Desktop\tt\SMIC\SMIC_all_raw\HS\s4\non_micro\s4_n16\image112494.bmp|C:\Users\iRoti\Desktop\tt\SMIC\SMIC_all_raw\HS\s4\non_micro\s4_n16\image112495.bmp|C:\Users\iRoti\Desktop\tt\SMIC\SMIC_all_raw\HS\s4\non_micro\s4_n16\image112496.bmp|C:\Users\iRoti\Desktop\tt\SMIC\SMIC_all_raw\HS\s4\non_micro\s4_n16\image112497.bmp|C:\Users\iRoti\Desktop\tt\SMIC\SMIC_all_raw\HS\s4\non_micro\s4_n16\image112498.bmp|C:\Users\iRoti\Desktop\tt\SMIC\SMIC_all_raw\HS\s4\non_micro\s4_n16\image112499.bmp|C:\Users\iRoti\Desktop\tt\SMIC\SMIC_all_raw\HS\s4\non_micro\s4_n16\image112500.bmp|C:\Users\iRoti\Desktop\tt\SMIC\SMIC_all_raw\HS\s4\non_micro\s4_n16\image112501.bmp|C:\Users\iRoti\Desktop\tt\SMIC\SMIC_all_raw\HS\s4\non_micro\s4_n16\image112502.bmp|C:\Users\iRoti\Desktop\tt\SMIC\SMIC_all_raw\HS\s4\non_micro\s4_n16\image112503.bmp|C:\Users\iRoti\Desktop\tt\SMIC\SMIC_all_raw\HS\s4\non_micro\s4_n16\image112504.bmp|C:\Users\iRoti\Desktop\tt\SMIC\SMIC_all_raw\HS\s4\non_micro\s4_n16\image112505.bmp|C:\Users\iRoti\Desktop\tt\SMIC\SMIC_all_raw\HS\s4\non_micro\s4_n16\image112506.bmp|C:\Users\iRoti\Desktop\tt\SMIC\SMIC_all_raw\HS\s4\non_micro\s4_n16\image112507.bmp|C:\Users\iRoti\Desktop\tt\SMIC\SMIC_all_raw\HS\s4\non_micro\s4_n16\image112508.bmp|C:\Users\iRoti\Desktop\tt\SMIC\SMIC_all_raw\HS\s4\non_micro\s4_n16\image112509.bmp|C:\Users\iRoti\Desktop\tt\SMIC\SMIC_all_raw\HS\s4\non_micro\s4_n16\image112510.bmp|C:\Users\iRoti\Desktop\tt\SMIC\SMIC_all_raw\HS\s4\non_micro\s4_n16\image112511.bmp|C:\Users\iRoti\Desktop\tt\SMIC\SMIC_all_raw\HS\s4\non_micro\s4_n16\image112512.bmp
s4,HS_100fps,Neutral,C:\Users\iRoti\Desktop\tt\SMIC\SMIC_all_raw\HS\s4\non_micro\s4_n17\image112508.bmp|C:\Users\iRoti\Desktop\tt\SMIC\SMIC_all_raw\HS\s4\non_micro\s4_n17\image112509.bmp|C:\Users\iRoti\Desktop\tt\SMIC\SMIC_all_raw\HS\s4\non_micro\s4_n17\image112510.bmp|C:\Users\iRoti\Desktop\tt\SMIC\SMIC_all_raw\HS\s4\non_micro\s4_n17\image112511.bmp|C:\Users\iRoti\Desktop\tt\SMIC\SMIC_all_raw\HS\s4\non_micro\s4_n17\image112512.bmp|C:\Users\iRoti\Desktop\tt\SMIC\SMIC_all_raw\HS\s4\non_micro\s4_n17\image112513.bmp|C:\Users\iRoti\Desktop\tt\SMIC\SMIC_all_raw\HS\s4\non_micro\s4_n17\image112514.bmp|C:\Users\iRoti\Desktop\tt\SMIC\SMIC_all_raw\HS\s4\non_micro\s4_n17\image112515.bmp|C:\Users\iRoti\Desktop\tt\SMIC\SMIC_all_raw\HS\s4\non_micro\s4_n17\image112516.bmp|C:\Users\iRoti\Desktop\tt\SMIC\SMIC_all_raw\HS\s4\non_micro\s4_n17\image112517.bmp|C:\Users\iRoti\Desktop\tt\SMIC\SMIC_all_raw\HS\s4\non_micro\s4_n17\image112518.bmp|C:\Users\iRoti\Desktop\tt\SMIC\SMIC_all_raw\HS\s4\non_micro\s4_n17\image112519.bmp|C:\Users\iRoti\Desktop\tt\SMIC\SMIC_all_raw\HS\s4\non_micro\s4_n17\image112520.bmp|C:\Users\iRoti\Desktop\tt\SMIC\SMIC_all_raw\HS\s4\non_micro\s4_n17\image112521.bmp|C:\Users\iRoti\Desktop\tt\SMIC\SMIC_all_raw\HS\s4\non_micro\s4_n17\image112522.bmp|C:\Users\iRoti\Desktop\tt\SMIC\SMIC_all_raw\HS\s4\non_micro\s4_n17\image112523.bmp|C:\Users\iRoti\Desktop\tt\SMIC\SMIC_all_raw\HS\s4\non_micro\s4_n17\image112524.bmp|C:\Users\iRoti\Desktop\tt\SMIC\SMIC_all_raw\HS\s4\non_micro\s4_n17\image112525.bmp|C:\Users\iRoti\Desktop\tt\SMIC\SMIC_all_raw\HS\s4\non_micro\s4_n17\image112526.bmp|C:\Users\iRoti\Desktop\tt\SMIC\SMIC_all_raw\HS\s4\non_micro\s4_n17\image112527.bmp
s4,HS_100fps,Neutral,C:\Users\iRoti\Desktop\tt\SMIC\SMIC_all_raw\HS\s4\non_micro\s4_n18\image112641.bmp|C:\Users\iRoti\Desktop\tt\SMIC\SMIC_all_raw\HS\s4\non_micro\s4_n18\image112642.bmp|C:\Users\iRoti\Desktop\tt\SMIC\SMIC_all_raw\HS\s4\non_micro\s4_n18\image112643.bmp|C:\Users\iRoti\Desktop\tt\SMIC\SMIC_all_raw\HS\s4\non_micro\s4_n18\image112644.bmp|C:\Users\iRoti\Desktop\tt\SMIC\SMIC_all_raw\HS\s4\non_micro\s4_n18\image112645.bmp|C:\Users\iRoti\Desktop\tt\SMIC\SMIC_all_raw\HS\s4\non_micro\s4_n18\image112646.bmp|C:\Users\iRoti\Desktop\tt\SMIC\SMIC_all_raw\HS\s4\non_micro\s4_n18\image112647.bmp|C:\Users\iRoti\Desktop\tt\SMIC\SMIC_all_raw\HS\s4\non_micro\s4_n18\image112648.bmp|C:\Users\iRoti\Desktop\tt\SMIC\SMIC_all_raw\HS\s4\non_micro\s4_n18\image112649.bmp|C:\Users\iRoti\Desktop\tt\SMIC\SMIC_all_raw\HS\s4\non_micro\s4_n18\image112650.bmp|C:\Users\iRoti\Desktop\tt\SMIC\SMIC_all_raw\HS\s4\non_micro\s4_n18\image112651.bmp|C:\Users\iRoti\Desktop\tt\SMIC\SMIC_all_raw\HS\s4\non_micro\s4_n18\image112652.bmp|C:\Users\iRoti\Desktop\tt\SMIC\SMIC_all_raw\HS\s4\non_micro\s4_n18\image112653.bmp|C:\Users\iRoti\Desktop\tt\SMIC\SMIC_all_raw\HS\s4\non_micro\s4_n18\image112654.bmp|C:\Users\iRoti\Desktop\tt\SMIC\SMIC_all_raw\HS\s4\non_micro\s4_n18\image112655.bmp|C:\Users\iRoti\Desktop\tt\SMIC\SMIC_all_raw\HS\s4\non_micro\s4_n18\image112656.bmp|C:\Users\iRoti\Desktop\tt\SMIC\SMIC_all_raw\HS\s4\non_micro\s4_n18\image112657.bmp|C:\Users\iRoti\Desktop\tt\SMIC\SMIC_all_raw\HS\s4\non_micro\s4_n18\image112658.bmp|C:\Users\iRoti\Desktop\tt\SMIC\SMIC_all_raw\HS\s4\non_micro\s4_n18\image112659.bmp|C:\Users\iRoti\Desktop\tt\SMIC\SMIC_all_raw\HS\s4\non_micro\s4_n18\image112660.bmp|C:\Users\iRoti\Desktop\tt\SMIC\SMIC_all_raw\HS\s4\non_micro\s4_n18\image112661.bmp|C:\Users\iRoti\Desktop\tt\SMIC\SMIC_all_raw\HS\s4\non_micro\s4_n18\image112662.bmp|C:\Users\iRoti\Desktop\tt\SMIC\SMIC_all_raw\HS\s4\non_micro\s4_n18\image112663.bmp|C:\Users\iRoti\Desktop\tt\SMIC\SMIC_all_raw\HS\s4\non_micro\s4_n18\image112664.bmp|C:\Users\iRoti\Desktop\tt\SMIC\SMIC_all_raw\HS\s4\non_micro\s4_n18\image112665.bmp|C:\Users\iRoti\Desktop\tt\SMIC\SMIC_all_raw\HS\s4\non_micro\s4_n18\image112666.bmp|C:\Users\iRoti\Desktop\tt\SMIC\SMIC_all_raw\HS\s4\non_micro\s4_n18\image112667.bmp|C:\Users\iRoti\Desktop\tt\SMIC\SMIC_all_raw\HS\s4\non_micro\s4_n18\image112668.bmp|C:\Users\iRoti\Desktop\tt\SMIC\SMIC_all_raw\HS\s4\non_micro\s4_n18\image112669.bmp|C:\Users\iRoti\Desktop\tt\SMIC\SMIC_all_raw\HS\s4\non_micro\s4_n18\image112670.bmp|C:\Users\iRoti\Desktop\tt\SMIC\SMIC_all_raw\HS\s4\non_micro\s4_n18\image112671.bmp|C:\Users\iRoti\Desktop\tt\SMIC\SMIC_all_raw\HS\s4\non_micro\s4_n18\image112672.bmp|C:\Users\iRoti\Desktop\tt\SMIC\SMIC_all_raw\HS\s4\non_micro\s4_n18\image112673.bmp|C:\Users\iRoti\Desktop\tt\SMIC\SMIC_all_raw\HS\s4\non_micro\s4_n18\image112674.bmp
s4,HS_100fps,Neutral,C:\Users\iRoti\Desktop\tt\SMIC\SMIC_all_raw\HS\s4\non_micro\s4_n19\image112641.bmp|C:\Users\iRoti\Desktop\tt\SMIC\SMIC_all_raw\HS\s4\non_micro\s4_n19\image112642.bmp|C:\Users\iRoti\Desktop\tt\SMIC\SMIC_all_raw\HS\s4\non_micro\s4_n19\image112643.bmp|C:\Users\iRoti\Desktop\tt\SMIC\SMIC_all_raw\HS\s4\non_micro\s4_n19\image112644.bmp|C:\Users\iRoti\Desktop\tt\SMIC\SMIC_all_raw\HS\s4\non_micro\s4_n19\image112645.bmp|C:\Users\iRoti\Desktop\tt\SMIC\SMIC_all_raw\HS\s4\non_micro\s4_n19\image112646.bmp|C:\Users\iRoti\Desktop\tt\SMIC\SMIC_all_raw\HS\s4\non_micro\s4_n19\image112647.bmp|C:\Users\iRoti\Desktop\tt\SMIC\SMIC_all_raw\HS\s4\non_micro\s4_n19\image112648.bmp|C:\Users\iRoti\Desktop\tt\SMIC\SMIC_all_raw\HS\s4\non_micro\s4_n19\image112649.bmp|C:\Users\iRoti\Desktop\tt\SMIC\SMIC_all_raw\HS\s4\non_micro\s4_n19\image112650.bmp|C:\Users\iRoti\Desktop\tt\SMIC\SMIC_all_raw\HS\s4\non_micro\s4_n19\image112651.bmp|C:\Users\iRoti\Desktop\tt\SMIC\SMIC_all_raw\HS\s4\non_micro\s4_n19\image112652.bmp|C:\Users\iRoti\Desktop\tt\SMIC\SMIC_all_raw\HS\s4\non_micro\s4_n19\image112653.bmp|C:\Users\iRoti\Desktop\tt\SMIC\SMIC_all_raw\HS\s4\non_micro\s4_n19\image112654.bmp|C:\Users\iRoti\Desktop\tt\SMIC\SMIC_all_raw\HS\s4\non_micro\s4_n19\image112655.bmp|C:\Users\iRoti\Desktop\tt\SMIC\SMIC_all_raw\HS\s4\non_micro\s4_n19\image112656.bmp|C:\Users\iRoti\Desktop\tt\SMIC\SMIC_all_raw\HS\s4\non_micro\s4_n19\image112657.bmp|C:\Users\iRoti\Desktop\tt\SMIC\SMIC_all_raw\HS\s4\non_micro\s4_n19\image112658.bmp|C:\Users\iRoti\Desktop\tt\SMIC\SMIC_all_raw\HS\s4\non_micro\s4_n19\image112659.bmp|C:\Users\iRoti\Desktop\tt\SMIC\SMIC_all_raw\HS\s4\non_micro\s4_n19\image112660.bmp|C:\Users\iRoti\Desktop\tt\SMIC\SMIC_all_raw\HS\s4\non_micro\s4_n19\image112661.bmp|C:\Users\iRoti\Desktop\tt\SMIC\SMIC_all_raw\HS\s4\non_micro\s4_n19\image112662.bmp|C:\Users\iRoti\Desktop\tt\SMIC\SMIC_all_raw\HS\s4\non_micro\s4_n19\image112663.bmp|C:\Users\iRoti\Desktop\tt\SMIC\SMIC_all_raw\HS\s4\non_micro\s4_n19\image112664.bmp|C:\Users\iRoti\Desktop\tt\SMIC\SMIC_all_raw\HS\s4\non_micro\s4_n19\image112665.bmp|C:\Users\iRoti\Desktop\tt\SMIC\SMIC_all_raw\HS\s4\non_micro\s4_n19\image112666.bmp|C:\Users\iRoti\Desktop\tt\SMIC\SMIC_all_raw\HS\s4\non_micro\s4_n19\image112667.bmp|C:\Users\iRoti\Desktop\tt\SMIC\SMIC_all_raw\HS\s4\non_micro\s4_n19\image112668.bmp|C:\Users\iRoti\Desktop\tt\SMIC\SMIC_all_raw\HS\s4\non_micro\s4_n19\image112669.bmp|C:\Users\iRoti\Desktop\tt\SMIC\SMIC_all_raw\HS\s4\non_micro\s4_n19\image112670.bmp|C:\Users\iRoti\Desktop\tt\SMIC\SMIC_all_raw\HS\s4\non_micro\s4_n19\image112671.bmp|C:\Users\iRoti\Desktop\tt\SMIC\SMIC_all_raw\HS\s4\non_micro\s4_n19\image112672.bmp|C:\Users\iRoti\Desktop\tt\SMIC\SMIC_all_raw\HS\s4\non_micro\s4_n19\image112673.bmp|C:\Users\iRoti\Desktop\tt\SMIC\SMIC_all_raw\HS\s4\non_micro\s4_n19\image112674.bmp
s4,HS_100fps,Neutral,C:\Users\iRoti\Desktop\tt\SMIC\SMIC_all_raw\HS\s4\non_micro\s4_n2\image064407.bmp|C:\Users\iRoti\Desktop\tt\SMIC\SMIC_all_raw\HS\s4\non_micro\s4_n2\image064408.bmp|C:\Users\iRoti\Desktop\tt\SMIC\SMIC_all_raw\HS\s4\non_micro\s4_n2\image064409.bmp|C:\Users\iRoti\Desktop\tt\SMIC\SMIC_all_raw\HS\s4\non_micro\s4_n2\image064410.bmp|C:\Users\iRoti\Desktop\tt\SMIC\SMIC_all_raw\HS\s4\non_micro\s4_n2\image064411.bmp|C:\Users\iRoti\Desktop\tt\SMIC\SMIC_all_raw\HS\s4\non_micro\s4_n2\image064412.bmp|C:\Users\iRoti\Desktop\tt\SMIC\SMIC_all_raw\HS\s4\non_micro\s4_n2\image064413.bmp|C:\Users\iRoti\Desktop\tt\SMIC\SMIC_all_raw\HS\s4\non_micro\s4_n2\image064414.bmp|C:\Users\iRoti\Desktop\tt\SMIC\SMIC_all_raw\HS\s4\non_micro\s4_n2\image064415.bmp|C:\Users\iRoti\Desktop\tt\SMIC\SMIC_all_raw\HS\s4\non_micro\s4_n2\image064416.bmp|C:\Users\iRoti\Desktop\tt\SMIC\SMIC_all_raw\HS\s4\non_micro\s4_n2\image064417.bmp|C:\Users\iRoti\Desktop\tt\SMIC\SMIC_all_raw\HS\s4\non_micro\s4_n2\image064418.bmp|C:\Users\iRoti\Desktop\tt\SMIC\SMIC_all_raw\HS\s4\non_micro\s4_n2\image064419.bmp|C:\Users\iRoti\Desktop\tt\SMIC\SMIC_all_raw\HS\s4\non_micro\s4_n2\image064420.bmp|C:\Users\iRoti\Desktop\tt\SMIC\SMIC_all_raw\HS\s4\non_micro\s4_n2\image064421.bmp|C:\Users\iRoti\Desktop\tt\SMIC\SMIC_all_raw\HS\s4\non_micro\s4_n2\image064422.bmp|C:\Users\iRoti\Desktop\tt\SMIC\SMIC_all_raw\HS\s4\non_micro\s4_n2\image064423.bmp|C:\Users\iRoti\Desktop\tt\SMIC\SMIC_all_raw\HS\s4\non_micro\s4_n2\image064424.bmp|C:\Users\iRoti\Desktop\tt\SMIC\SMIC_all_raw\HS\s4\non_micro\s4_n2\image064425.bmp|C:\Users\iRoti\Desktop\tt\SMIC\SMIC_all_raw\HS\s4\non_micro\s4_n2\image064426.bmp|C:\Users\iRoti\Desktop\tt\SMIC\SMIC_all_raw\HS\s4\non_micro\s4_n2\image064427.bmp|C:\Users\iRoti\Desktop\tt\SMIC\SMIC_all_raw\HS\s4\non_micro\s4_n2\image064428.bmp|C:\Users\iRoti\Desktop\tt\SMIC\SMIC_all_raw\HS\s4\non_micro\s4_n2\image064429.bmp|C:\Users\iRoti\Desktop\tt\SMIC\SMIC_all_raw\HS\s4\non_micro\s4_n2\image064430.bmp|C:\Users\iRoti\Desktop\tt\SMIC\SMIC_all_raw\HS\s4\non_micro\s4_n2\image064431.bmp|C:\Users\iRoti\Desktop\tt\SMIC\SMIC_all_raw\HS\s4\non_micro\s4_n2\image064432.bmp|C:\Users\iRoti\Desktop\tt\SMIC\SMIC_all_raw\HS\s4\non_micro\s4_n2\image064433.bmp|C:\Users\iRoti\Desktop\tt\SMIC\SMIC_all_raw\HS\s4\non_micro\s4_n2\image064434.bmp|C:\Users\iRoti\Desktop\tt\SMIC\SMIC_all_raw\HS\s4\non_micro\s4_n2\image064435.bmp|C:\Users\iRoti\Desktop\tt\SMIC\SMIC_all_raw\HS\s4\non_micro\s4_n2\image064436.bmp
s4,HS_100fps,Neutral,C:\Users\iRoti\Desktop\tt\SMIC\SMIC_all_raw\HS\s4\non_micro\s4_n3\image064464.bmp|C:\Users\iRoti\Desktop\tt\SMIC\SMIC_all_raw\HS\s4\non_micro\s4_n3\image064465.bmp|C:\Users\iRoti\Desktop\tt\SMIC\SMIC_all_raw\HS\s4\non_micro\s4_n3\image064466.bmp|C:\Users\iRoti\Desktop\tt\SMIC\SMIC_all_raw\HS\s4\non_micro\s4_n3\image064467.bmp|C:\Users\iRoti\Desktop\tt\SMIC\SMIC_all_raw\HS\s4\non_micro\s4_n3\image064468.bmp|C:\Users\iRoti\Desktop\tt\SMIC\SMIC_all_raw\HS\s4\non_micro\s4_n3\image064469.bmp|C:\Users\iRoti\Desktop\tt\SMIC\SMIC_all_raw\HS\s4\non_micro\s4_n3\image064470.bmp|C:\Users\iRoti\Desktop\tt\SMIC\SMIC_all_raw\HS\s4\non_micro\s4_n3\image064471.bmp|C:\Users\iRoti\Desktop\tt\SMIC\SMIC_all_raw\HS\s4\non_micro\s4_n3\image064472.bmp|C:\Users\iRoti\Desktop\tt\SMIC\SMIC_all_raw\HS\s4\non_micro\s4_n3\image064473.bmp|C:\Users\iRoti\Desktop\tt\SMIC\SMIC_all_raw\HS\s4\non_micro\s4_n3\image064474.bmp|C:\Users\iRoti\Desktop\tt\SMIC\SMIC_all_raw\HS\s4\non_micro\s4_n3\image064475.bmp|C:\Users\iRoti\Desktop\tt\SMIC\SMIC_all_raw\HS\s4\non_micro\s4_n3\image064476.bmp|C:\Users\iRoti\Desktop\tt\SMIC\SMIC_all_raw\HS\s4\non_micro\s4_n3\image064477.bmp|C:\Users\iRoti\Desktop\tt\SMIC\SMIC_all_raw\HS\s4\non_micro\s4_n3\image064478.bmp|C:\Users\iRoti\Desktop\tt\SMIC\SMIC_all_raw\HS\s4\non_micro\s4_n3\image064479.bmp|C:\Users\iRoti\Desktop\tt\SMIC\SMIC_all_raw\HS\s4\non_micro\s4_n3\image064480.bmp|C:\Users\iRoti\Desktop\tt\SMIC\SMIC_all_raw\HS\s4\non_micro\s4_n3\image064481.bmp|C:\Users\iRoti\Desktop\tt\SMIC\SMIC_all_raw\HS\s4\non_micro\s4_n3\image064482.bmp|C:\Users\iRoti\Desktop\tt\SMIC\SMIC_all_raw\HS\s4\non_micro\s4_n3\image064483.bmp|C:\Users\iRoti\Desktop\tt\SMIC\SMIC_all_raw\HS\s4\non_micro\s4_n3\image064484.bmp
s4,HS_100fps,Neutral,C:\Users\iRoti\Desktop\tt\SMIC\SMIC_all_raw\HS\s4\non_micro\s4_n4\image064502.bmp|C:\Users\iRoti\Desktop\tt\SMIC\SMIC_all_raw\HS\s4\non_micro\s4_n4\image064503.bmp|C:\Users\iRoti\Desktop\tt\SMIC\SMIC_all_raw\HS\s4\non_micro\s4_n4\image064504.bmp|C:\Users\iRoti\Desktop\tt\SMIC\SMIC_all_raw\HS\s4\non_micro\s4_n4\image064505.bmp|C:\Users\iRoti\Desktop\tt\SMIC\SMIC_all_raw\HS\s4\non_micro\s4_n4\image064506.bmp|C:\Users\iRoti\Desktop\tt\SMIC\SMIC_all_raw\HS\s4\non_micro\s4_n4\image064507.bmp|C:\Users\iRoti\Desktop\tt\SMIC\SMIC_all_raw\HS\s4\non_micro\s4_n4\image064508.bmp|C:\Users\iRoti\Desktop\tt\SMIC\SMIC_all_raw\HS\s4\non_micro\s4_n4\image064509.bmp|C:\Users\iRoti\Desktop\tt\SMIC\SMIC_all_raw\HS\s4\non_micro\s4_n4\image064510.bmp|C:\Users\iRoti\Desktop\tt\SMIC\SMIC_all_raw\HS\s4\non_micro\s4_n4\image064511.bmp|C:\Users\iRoti\Desktop\tt\SMIC\SMIC_all_raw\HS\s4\non_micro\s4_n4\image064512.bmp|C:\Users\iRoti\Desktop\tt\SMIC\SMIC_all_raw\HS\s4\non_micro\s4_n4\image064513.bmp|C:\Users\iRoti\Desktop\tt\SMIC\SMIC_all_raw\HS\s4\non_micro\s4_n4\image064514.bmp|C:\Users\iRoti\Desktop\tt\SMIC\SMIC_all_raw\HS\s4\non_micro\s4_n4\image064515.bmp|C:\Users\iRoti\Desktop\tt\SMIC\SMIC_all_raw\HS\s4\non_micro\s4_n4\image064516.bmp|C:\Users\iRoti\Desktop\tt\SMIC\SMIC_all_raw\HS\s4\non_micro\s4_n4\image064517.bmp
s4,HS_100fps,Neutral,C:\Users\iRoti\Desktop\tt\SMIC\SMIC_all_raw\HS\s4\non_micro\s4_n5\image064516.bmp|C:\Users\iRoti\Desktop\tt\SMIC\SMIC_all_raw\HS\s4\non_micro\s4_n5\image064517.bmp|C:\Users\iRoti\Desktop\tt\SMIC\SMIC_all_raw\HS\s4\non_micro\s4_n5\image064518.bmp|C:\Users\iRoti\Desktop\tt\SMIC\SMIC_all_raw\HS\s4\non_micro\s4_n5\image064519.bmp|C:\Users\iRoti\Desktop\tt\SMIC\SMIC_all_raw\HS\s4\non_micro\s4_n5\image064520.bmp|C:\Users\iRoti\Desktop\tt\SMIC\SMIC_all_raw\HS\s4\non_micro\s4_n5\image064521.bmp|C:\Users\iRoti\Desktop\tt\SMIC\SMIC_all_raw\HS\s4\non_micro\s4_n5\image064522.bmp|C:\Users\iRoti\Desktop\tt\SMIC\SMIC_all_raw\HS\s4\non_micro\s4_n5\image064523.bmp|C:\Users\iRoti\Desktop\tt\SMIC\SMIC_all_raw\HS\s4\non_micro\s4_n5\image064524.bmp|C:\Users\iRoti\Desktop\tt\SMIC\SMIC_all_raw\HS\s4\non_micro\s4_n5\image064525.bmp|C:\Users\iRoti\Desktop\tt\SMIC\SMIC_all_raw\HS\s4\non_micro\s4_n5\image064526.bmp|C:\Users\iRoti\Desktop\tt\SMIC\SMIC_all_raw\HS\s4\non_micro\s4_n5\image064527.bmp|C:\Users\iRoti\Desktop\tt\SMIC\SMIC_all_raw\HS\s4\non_micro\s4_n5\image064528.bmp|C:\Users\iRoti\Desktop\tt\SMIC\SMIC_all_raw\HS\s4\non_micro\s4_n5\image064529.bmp|C:\Users\iRoti\Desktop\tt\SMIC\SMIC_all_raw\HS\s4\non_micro\s4_n5\image064530.bmp|C:\Users\iRoti\Desktop\tt\SMIC\SMIC_all_raw\HS\s4\non_micro\s4_n5\image064531.bmp|C:\Users\iRoti\Desktop\tt\SMIC\SMIC_all_raw\HS\s4\non_micro\s4_n5\image064532.bmp|C:\Users\iRoti\Desktop\tt\SMIC\SMIC_all_raw\HS\s4\non_micro\s4_n5\image064533.bmp|C:\Users\iRoti\Desktop\tt\SMIC\SMIC_all_raw\HS\s4\non_micro\s4_n5\image064534.bmp|C:\Users\iRoti\Desktop\tt\SMIC\SMIC_all_raw\HS\s4\non_micro\s4_n5\image064535.bmp|C:\Users\iRoti\Desktop\tt\SMIC\SMIC_all_raw\HS\s4\non_micro\s4_n5\image064536.bmp
s4,HS_100fps,Neutral,C:\Users\iRoti\Desktop\tt\SMIC\SMIC_all_raw\HS\s4\non_micro\s4_n6\image065158.bmp|C:\Users\iRoti\Desktop\tt\SMIC\SMIC_all_raw\HS\s4\non_micro\s4_n6\image065159.bmp|C:\Users\iRoti\Desktop\tt\SMIC\SMIC_all_raw\HS\s4\non_micro\s4_n6\image065160.bmp|C:\Users\iRoti\Desktop\tt\SMIC\SMIC_all_raw\HS\s4\non_micro\s4_n6\image065161.bmp|C:\Users\iRoti\Desktop\tt\SMIC\SMIC_all_raw\HS\s4\non_micro\s4_n6\image065162.bmp|C:\Users\iRoti\Desktop\tt\SMIC\SMIC_all_raw\HS\s4\non_micro\s4_n6\image065163.bmp|C:\Users\iRoti\Desktop\tt\SMIC\SMIC_all_raw\HS\s4\non_micro\s4_n6\image065164.bmp|C:\Users\iRoti\Desktop\tt\SMIC\SMIC_all_raw\HS\s4\non_micro\s4_n6\image065165.bmp|C:\Users\iRoti\Desktop\tt\SMIC\SMIC_all_raw\HS\s4\non_micro\s4_n6\image065166.bmp|C:\Users\iRoti\Desktop\tt\SMIC\SMIC_all_raw\HS\s4\non_micro\s4_n6\image065167.bmp|C:\Users\iRoti\Desktop\tt\SMIC\SMIC_all_raw\HS\s4\non_micro\s4_n6\image065168.bmp|C:\Users\iRoti\Desktop\tt\SMIC\SMIC_all_raw\HS\s4\non_micro\s4_n6\image065169.bmp|C:\Users\iRoti\Desktop\tt\SMIC\SMIC_all_raw\HS\s4\non_micro\s4_n6\image065170.bmp|C:\Users\iRoti\Desktop\tt\SMIC\SMIC_all_raw\HS\s4\non_micro\s4_n6\image065171.bmp|C:\Users\iRoti\Desktop\tt\SMIC\SMIC_all_raw\HS\s4\non_micro\s4_n6\image065172.bmp|C:\Users\iRoti\Desktop\tt\SMIC\SMIC_all_raw\HS\s4\non_micro\s4_n6\image065173.bmp|C:\Users\iRoti\Desktop\tt\SMIC\SMIC_all_raw\HS\s4\non_micro\s4_n6\image065174.bmp|C:\Users\iRoti\Desktop\tt\SMIC\SMIC_all_raw\HS\s4\non_micro\s4_n6\image065175.bmp|C:\Users\iRoti\Desktop\tt\SMIC\SMIC_all_raw\HS\s4\non_micro\s4_n6\image065176.bmp|C:\Users\iRoti\Desktop\tt\SMIC\SMIC_all_raw\HS\s4\non_micro\s4_n6\image065177.bmp|C:\Users\iRoti\Desktop\tt\SMIC\SMIC_all_raw\HS\s4\non_micro\s4_n6\image065178.bmp|C:\Users\iRoti\Desktop\tt\SMIC\SMIC_all_raw\HS\s4\non_micro\s4_n6\image065179.bmp|C:\Users\iRoti\Desktop\tt\SMIC\SMIC_all_raw\HS\s4\non_micro\s4_n6\image065180.bmp|C:\Users\iRoti\Desktop\tt\SMIC\SMIC_all_raw\HS\s4\non_micro\s4_n6\image065181.bmp
s4,HS_100fps,Neutral,C:\Users\iRoti\Desktop\tt\SMIC\SMIC_all_raw\HS\s4\non_micro\s4_n7\image092981.bmp|C:\Users\iRoti\Desktop\tt\SMIC\SMIC_all_raw\HS\s4\non_micro\s4_n7\image092982.bmp|C:\Users\iRoti\Desktop\tt\SMIC\SMIC_all_raw\HS\s4\non_micro\s4_n7\image092983.bmp|C:\Users\iRoti\Desktop\tt\SMIC\SMIC_all_raw\HS\s4\non_micro\s4_n7\image092984.bmp|C:\Users\iRoti\Desktop\tt\SMIC\SMIC_all_raw\HS\s4\non_micro\s4_n7\image092985.bmp|C:\Users\iRoti\Desktop\tt\SMIC\SMIC_all_raw\HS\s4\non_micro\s4_n7\image092986.bmp|C:\Users\iRoti\Desktop\tt\SMIC\SMIC_all_raw\HS\s4\non_micro\s4_n7\image092987.bmp|C:\Users\iRoti\Desktop\tt\SMIC\SMIC_all_raw\HS\s4\non_micro\s4_n7\image092988.bmp|C:\Users\iRoti\Desktop\tt\SMIC\SMIC_all_raw\HS\s4\non_micro\s4_n7\image092989.bmp|C:\Users\iRoti\Desktop\tt\SMIC\SMIC_all_raw\HS\s4\non_micro\s4_n7\image092990.bmp|C:\Users\iRoti\Desktop\tt\SMIC\SMIC_all_raw\HS\s4\non_micro\s4_n7\image092991.bmp|C:\Users\iRoti\Desktop\tt\SMIC\SMIC_all_raw\HS\s4\non_micro\s4_n7\image092992.bmp|C:\Users\iRoti\Desktop\tt\SMIC\SMIC_all_raw\HS\s4\non_micro\s4_n7\image092993.bmp|C:\Users\iRoti\Desktop\tt\SMIC\SMIC_all_raw\HS\s4\non_micro\s4_n7\image092994.bmp|C:\Users\iRoti\Desktop\tt\SMIC\SMIC_all_raw\HS\s4\non_micro\s4_n7\image092995.bmp|C:\Users\iRoti\Desktop\tt\SMIC\SMIC_all_raw\HS\s4\non_micro\s4_n7\image092996.bmp|C:\Users\iRoti\Desktop\tt\SMIC\SMIC_all_raw\HS\s4\non_micro\s4_n7\image092997.bmp|C:\Users\iRoti\Desktop\tt\SMIC\SMIC_all_raw\HS\s4\non_micro\s4_n7\image092998.bmp|C:\Users\iRoti\Desktop\tt\SMIC\SMIC_all_raw\HS\s4\non_micro\s4_n7\image092999.bmp|C:\Users\iRoti\Desktop\tt\SMIC\SMIC_all_raw\HS\s4\non_micro\s4_n7\image093000.bmp|C:\Users\iRoti\Desktop\tt\SMIC\SMIC_all_raw\HS\s4\non_micro\s4_n7\image093001.bmp
s4,HS_100fps,Neutral,C:\Users\iRoti\Desktop\tt\SMIC\SMIC_all_raw\HS\s4\non_micro\s4_n8\image092981.bmp|C:\Users\iRoti\Desktop\tt\SMIC\SMIC_all_raw\HS\s4\non_micro\s4_n8\image092982.bmp|C:\Users\iRoti\Desktop\tt\SMIC\SMIC_all_raw\HS\s4\non_micro\s4_n8\image092983.bmp|C:\Users\iRoti\Desktop\tt\SMIC\SMIC_all_raw\HS\s4\non_micro\s4_n8\image092984.bmp|C:\Users\iRoti\Desktop\tt\SMIC\SMIC_all_raw\HS\s4\non_micro\s4_n8\image092985.bmp|C:\Users\iRoti\Desktop\tt\SMIC\SMIC_all_raw\HS\s4\non_micro\s4_n8\image092986.bmp|C:\Users\iRoti\Desktop\tt\SMIC\SMIC_all_raw\HS\s4\non_micro\s4_n8\image092987.bmp|C:\Users\iRoti\Desktop\tt\SMIC\SMIC_all_raw\HS\s4\non_micro\s4_n8\image092988.bmp|C:\Users\iRoti\Desktop\tt\SMIC\SMIC_all_raw\HS\s4\non_micro\s4_n8\image092989.bmp|C:\Users\iRoti\Desktop\tt\SMIC\SMIC_all_raw\HS\s4\non_micro\s4_n8\image092990.bmp|C:\Users\iRoti\Desktop\tt\SMIC\SMIC_all_raw\HS\s4\non_micro\s4_n8\image092991.bmp|C:\Users\iRoti\Desktop\tt\SMIC\SMIC_all_raw\HS\s4\non_micro\s4_n8\image092992.bmp|C:\Users\iRoti\Desktop\tt\SMIC\SMIC_all_raw\HS\s4\non_micro\s4_n8\image092993.bmp|C:\Users\iRoti\Desktop\tt\SMIC\SMIC_all_raw\HS\s4\non_micro\s4_n8\image092994.bmp|C:\Users\iRoti\Desktop\tt\SMIC\SMIC_all_raw\HS\s4\non_micro\s4_n8\image092995.bmp|C:\Users\iRoti\Desktop\tt\SMIC\SMIC_all_raw\HS\s4\non_micro\s4_n8\image092996.bmp|C:\Users\iRoti\Desktop\tt\SMIC\SMIC_all_raw\HS\s4\non_micro\s4_n8\image092997.bmp|C:\Users\iRoti\Desktop\tt\SMIC\SMIC_all_raw\HS\s4\non_micro\s4_n8\image092998.bmp|C:\Users\iRoti\Desktop\tt\SMIC\SMIC_all_raw\HS\s4\non_micro\s4_n8\image092999.bmp|C:\Users\iRoti\Desktop\tt\SMIC\SMIC_all_raw\HS\s4\non_micro\s4_n8\image093000.bmp|C:\Users\iRoti\Desktop\tt\SMIC\SMIC_all_raw\HS\s4\non_micro\s4_n8\image093001.bmp
s4,HS_100fps,Neutral,C:\Users\iRoti\Desktop\tt\SMIC\SMIC_all_raw\HS\s4\non_micro\s4_n9\image093015.bmp|C:\Users\iRoti\Desktop\tt\SMIC\SMIC_all_raw\HS\s4\non_micro\s4_n9\image093016.bmp|C:\Users\iRoti\Desktop\tt\SMIC\SMIC_all_raw\HS\s4\non_micro\s4_n9\image093017.bmp|C:\Users\iRoti\Desktop\tt\SMIC\SMIC_all_raw\HS\s4\non_micro\s4_n9\image093018.bmp|C:\Users\iRoti\Desktop\tt\SMIC\SMIC_all_raw\HS\s4\non_micro\s4_n9\image093019.bmp|C:\Users\iRoti\Desktop\tt\SMIC\SMIC_all_raw\HS\s4\non_micro\s4_n9\image093020.bmp|C:\Users\iRoti\Desktop\tt\SMIC\SMIC_all_raw\HS\s4\non_micro\s4_n9\image093021.bmp|C:\Users\iRoti\Desktop\tt\SMIC\SMIC_all_raw\HS\s4\non_micro\s4_n9\image093022.bmp|C:\Users\iRoti\Desktop\tt\SMIC\SMIC_all_raw\HS\s4\non_micro\s4_n9\image093023.bmp|C:\Users\iRoti\Desktop\tt\SMIC\SMIC_all_raw\HS\s4\non_micro\s4_n9\image093024.bmp|C:\Users\iRoti\Desktop\tt\SMIC\SMIC_all_raw\HS\s4\non_micro\s4_n9\image093025.bmp|C:\Users\iRoti\Desktop\tt\SMIC\SMIC_all_raw\HS\s4\non_micro\s4_n9\image093026.bmp|C:\Users\iRoti\Desktop\tt\SMIC\SMIC_all_raw\HS\s4\non_micro\s4_n9\image093027.bmp|C:\Users\iRoti\Desktop\tt\SMIC\SMIC_all_raw\HS\s4\non_micro\s4_n9\image093028.bmp|C:\Users\iRoti\Desktop\tt\SMIC\SMIC_all_raw\HS\s4\non_micro\s4_n9\image093029.bmp|C:\Users\iRoti\Desktop\tt\SMIC\SMIC_all_raw\HS\s4\non_micro\s4_n9\image093030.bmp|C:\Users\iRoti\Desktop\tt\SMIC\SMIC_all_raw\HS\s4\non_micro\s4_n9\image093031.bmp|C:\Users\iRoti\Desktop\tt\SMIC\SMIC_all_raw\HS\s4\non_micro\s4_n9\image093032.bmp|C:\Users\iRoti\Desktop\tt\SMIC\SMIC_all_raw\HS\s4\non_micro\s4_n9\image093033.bmp|C:\Users\iRoti\Desktop\tt\SMIC\SMIC_all_raw\HS\s4\non_micro\s4_n9\image093034.bmp
s5,HS_100fps,Negativo,C:\Users\iRoti\Desktop\tt\SMIC\SMIC_all_raw\HS\s5\micro\negative\s5_ne_01\image1038175.bmp|C:\Users\iRoti\Desktop\tt\SMIC\SMIC_all_raw\HS\s5\micro\negative\s5_ne_01\image1038176.bmp|C:\Users\iRoti\Desktop\tt\SMIC\SMIC_all_raw\HS\s5\micro\negative\s5_ne_01\image1038177.bmp|C:\Users\iRoti\Desktop\tt\SMIC\SMIC_all_raw\HS\s5\micro\negative\s5_ne_01\image1038178.bmp|C:\Users\iRoti\Desktop\tt\SMIC\SMIC_all_raw\HS\s5\micro\negative\s5_ne_01\image1038179.bmp|C:\Users\iRoti\Desktop\tt\SMIC\SMIC_all_raw\HS\s5\micro\negative\s5_ne_01\image1038180.bmp|C:\Users\iRoti\Desktop\tt\SMIC\SMIC_all_raw\HS\s5\micro\negative\s5_ne_01\image1038181.bmp|C:\Users\iRoti\Desktop\tt\SMIC\SMIC_all_raw\HS\s5\micro\negative\s5_ne_01\image1038182.bmp|C:\Users\iRoti\Desktop\tt\SMIC\SMIC_all_raw\HS\s5\micro\negative\s5_ne_01\image1038183.bmp|C:\Users\iRoti\Desktop\tt\SMIC\SMIC_all_raw\HS\s5\micro\negative\s5_ne_01\image1038184.bmp|C:\Users\iRoti\Desktop\tt\SMIC\SMIC_all_raw\HS\s5\micro\negative\s5_ne_01\image1038185.bmp|C:\Users\iRoti\Desktop\tt\SMIC\SMIC_all_raw\HS\s5\micro\negative\s5_ne_01\image1038186.bmp|C:\Users\iRoti\Desktop\tt\SMIC\SMIC_all_raw\HS\s5\micro\negative\s5_ne_01\image1038187.bmp|C:\Users\iRoti\Desktop\tt\SMIC\SMIC_all_raw\HS\s5\micro\negative\s5_ne_01\image1038188.bmp|C:\Users\iRoti\Desktop\tt\SMIC\SMIC_all_raw\HS\s5\micro\negative\s5_ne_01\image1038189.bmp|C:\Users\iRoti\Desktop\tt\SMIC\SMIC_all_raw\HS\s5\micro\negative\s5_ne_01\image1038190.bmp|C:\Users\iRoti\Desktop\tt\SMIC\SMIC_all_raw\HS\s5\micro\negative\s5_ne_01\image1038191.bmp|C:\Users\iRoti\Desktop\tt\SMIC\SMIC_all_raw\HS\s5\micro\negative\s5_ne_01\image1038192.bmp|C:\Users\iRoti\Desktop\tt\SMIC\SMIC_all_raw\HS\s5\micro\negative\s5_ne_01\image1038193.bmp|C:\Users\iRoti\Desktop\tt\SMIC\SMIC_all_raw\HS\s5\micro\negative\s5_ne_01\image1038194.bmp|C:\Users\iRoti\Desktop\tt\SMIC\SMIC_all_raw\HS\s5\micro\negative\s5_ne_01\image1038195.bmp|C:\Users\iRoti\Desktop\tt\SMIC\SMIC_all_raw\HS\s5\micro\negative\s5_ne_01\image1038196.bmp|C:\Users\iRoti\Desktop\tt\SMIC\SMIC_all_raw\HS\s5\micro\negative\s5_ne_01\image1038197.bmp|C:\Users\iRoti\Desktop\tt\SMIC\SMIC_all_raw\HS\s5\micro\negative\s5_ne_01\image1038198.bmp|C:\Users\iRoti\Desktop\tt\SMIC\SMIC_all_raw\HS\s5\micro\negative\s5_ne_01\image1038199.bmp|C:\Users\iRoti\Desktop\tt\SMIC\SMIC_all_raw\HS\s5\micro\negative\s5_ne_01\image1038200.bmp|C:\Users\iRoti\Desktop\tt\SMIC\SMIC_all_raw\HS\s5\micro\negative\s5_ne_01\image1038201.bmp|C:\Users\iRoti\Desktop\tt\SMIC\SMIC_all_raw\HS\s5\micro\negative\s5_ne_01\image1038202.bmp|C:\Users\iRoti\Desktop\tt\SMIC\SMIC_all_raw\HS\s5\micro\negative\s5_ne_01\image1038203.bmp|C:\Users\iRoti\Desktop\tt\SMIC\SMIC_all_raw\HS\s5\micro\negative\s5_ne_01\image1038204.bmp
s5,HS_100fps,Sorpresa,C:\Users\iRoti\Desktop\tt\SMIC\SMIC_all_raw\HS\s5\micro\surprise\s5_sur_01\image888353.bmp|C:\Users\iRoti\Desktop\tt\SMIC\SMIC_all_raw\HS\s5\micro\surprise\s5_sur_01\image888354.bmp|C:\Users\iRoti\Desktop\tt\SMIC\SMIC_all_raw\HS\s5\micro\surprise\s5_sur_01\image888355.bmp|C:\Users\iRoti\Desktop\tt\SMIC\SMIC_all_raw\HS\s5\micro\surprise\s5_sur_01\image888356.bmp|C:\Users\iRoti\Desktop\tt\SMIC\SMIC_all_raw\HS\s5\micro\surprise\s5_sur_01\image888357.bmp|C:\Users\iRoti\Desktop\tt\SMIC\SMIC_all_raw\HS\s5\micro\surprise\s5_sur_01\image888358.bmp|C:\Users\iRoti\Desktop\tt\SMIC\SMIC_all_raw\HS\s5\micro\surprise\s5_sur_01\image888359.bmp|C:\Users\iRoti\Desktop\tt\SMIC\SMIC_all_raw\HS\s5\micro\surprise\s5_sur_01\image888360.bmp|C:\Users\iRoti\Desktop\tt\SMIC\SMIC_all_raw\HS\s5\micro\surprise\s5_sur_01\image888361.bmp|C:\Users\iRoti\Desktop\tt\SMIC\SMIC_all_raw\HS\s5\micro\surprise\s5_sur_01\image888362.bmp|C:\Users\iRoti\Desktop\tt\SMIC\SMIC_all_raw\HS\s5\micro\surprise\s5_sur_01\image888363.bmp|C:\Users\iRoti\Desktop\tt\SMIC\SMIC_all_raw\HS\s5\micro\surprise\s5_sur_01\image888364.bmp|C:\Users\iRoti\Desktop\tt\SMIC\SMIC_all_raw\HS\s5\micro\surprise\s5_sur_01\image888365.bmp|C:\Users\iRoti\Desktop\tt\SMIC\SMIC_all_raw\HS\s5\micro\surprise\s5_sur_01\image888366.bmp|C:\Users\iRoti\Desktop\tt\SMIC\SMIC_all_raw\HS\s5\micro\surprise\s5_sur_01\image888367.bmp|C:\Users\iRoti\Desktop\tt\SMIC\SMIC_all_raw\HS\s5\micro\surprise\s5_sur_01\image888368.bmp|C:\Users\iRoti\Desktop\tt\SMIC\SMIC_all_raw\HS\s5\micro\surprise\s5_sur_01\image888369.bmp|C:\Users\iRoti\Desktop\tt\SMIC\SMIC_all_raw\HS\s5\micro\surprise\s5_sur_01\image888370.bmp|C:\Users\iRoti\Desktop\tt\SMIC\SMIC_all_raw\HS\s5\micro\surprise\s5_sur_01\image888371.bmp|C:\Users\iRoti\Desktop\tt\SMIC\SMIC_all_raw\HS\s5\micro\surprise\s5_sur_01\image888372.bmp|C:\Users\iRoti\Desktop\tt\SMIC\SMIC_all_raw\HS\s5\micro\surprise\s5_sur_01\image888373.bmp|C:\Users\iRoti\Desktop\tt\SMIC\SMIC_all_raw\HS\s5\micro\surprise\s5_sur_01\image888374.bmp|C:\Users\iRoti\Desktop\tt\SMIC\SMIC_all_raw\HS\s5\micro\surprise\s5_sur_01\image888375.bmp|C:\Users\iRoti\Desktop\tt\SMIC\SMIC_all_raw\HS\s5\micro\surprise\s5_sur_01\image888376.bmp|C:\Users\iRoti\Desktop\tt\SMIC\SMIC_all_raw\HS\s5\micro\surprise\s5_sur_01\image888377.bmp|C:\Users\iRoti\Desktop\tt\SMIC\SMIC_all_raw\HS\s5\micro\surprise\s5_sur_01\image888378.bmp|C:\Users\iRoti\Desktop\tt\SMIC\SMIC_all_raw\HS\s5\micro\surprise\s5_sur_01\image888379.bmp|C:\Users\iRoti\Desktop\tt\SMIC\SMIC_all_raw\HS\s5\micro\surprise\s5_sur_01\image888380.bmp|C:\Users\iRoti\Desktop\tt\SMIC\SMIC_all_raw\HS\s5\micro\surprise\s5_sur_01\image888381.bmp|C:\Users\iRoti\Desktop\tt\SMIC\SMIC_all_raw\HS\s5\micro\surprise\s5_sur_01\image888382.bmp|C:\Users\iRoti\Desktop\tt\SMIC\SMIC_all_raw\HS\s5\micro\surprise\s5_sur_01\image888383.bmp|C:\Users\iRoti\Desktop\tt\SMIC\SMIC_all_raw\HS\s5\micro\surprise\s5_sur_01\image888384.bmp|C:\Users\iRoti\Desktop\tt\SMIC\SMIC_all_raw\HS\s5\micro\surprise\s5_sur_01\image888385.bmp|C:\Users\iRoti\Desktop\tt\SMIC\SMIC_all_raw\HS\s5\micro\surprise\s5_sur_01\image888386.bmp|C:\Users\iRoti\Desktop\tt\SMIC\SMIC_all_raw\HS\s5\micro\surprise\s5_sur_01\image888387.bmp|C:\Users\iRoti\Desktop\tt\SMIC\SMIC_all_raw\HS\s5\micro\surprise\s5_sur_01\image888388.bmp|C:\Users\iRoti\Desktop\tt\SMIC\SMIC_all_raw\HS\s5\micro\surprise\s5_sur_01\image888389.bmp|C:\Users\iRoti\Desktop\tt\SMIC\SMIC_all_raw\HS\s5\micro\surprise\s5_sur_01\image888390.bmp|C:\Users\iRoti\Desktop\tt\SMIC\SMIC_all_raw\HS\s5\micro\surprise\s5_sur_01\image888391.bmp|C:\Users\iRoti\Desktop\tt\SMIC\SMIC_all_raw\HS\s5\micro\surprise\s5_sur_01\image888392.bmp|C:\Users\iRoti\Desktop\tt\SMIC\SMIC_all_raw\HS\s5\micro\surprise\s5_sur_01\image888393.bmp|C:\Users\iRoti\Desktop\tt\SMIC\SMIC_all_raw\HS\s5\micro\surprise\s5_sur_01\image888394.bmp|C:\Users\iRoti\Desktop\tt\SMIC\SMIC_all_raw\HS\s5\micro\surprise\s5_sur_01\image888395.bmp
s5,HS_100fps,Neutral,C:\Users\iRoti\Desktop\tt\SMIC\SMIC_all_raw\HS\s5\non_micro\s5_n1\image917465.bmp|C:\Users\iRoti\Desktop\tt\SMIC\SMIC_all_raw\HS\s5\non_micro\s5_n1\image917466.bmp|C:\Users\iRoti\Desktop\tt\SMIC\SMIC_all_raw\HS\s5\non_micro\s5_n1\image917467.bmp|C:\Users\iRoti\Desktop\tt\SMIC\SMIC_all_raw\HS\s5\non_micro\s5_n1\image917468.bmp|C:\Users\iRoti\Desktop\tt\SMIC\SMIC_all_raw\HS\s5\non_micro\s5_n1\image917469.bmp|C:\Users\iRoti\Desktop\tt\SMIC\SMIC_all_raw\HS\s5\non_micro\s5_n1\image917470.bmp|C:\Users\iRoti\Desktop\tt\SMIC\SMIC_all_raw\HS\s5\non_micro\s5_n1\image917471.bmp|C:\Users\iRoti\Desktop\tt\SMIC\SMIC_all_raw\HS\s5\non_micro\s5_n1\image917472.bmp|C:\Users\iRoti\Desktop\tt\SMIC\SMIC_all_raw\HS\s5\non_micro\s5_n1\image917473.bmp|C:\Users\iRoti\Desktop\tt\SMIC\SMIC_all_raw\HS\s5\non_micro\s5_n1\image917474.bmp|C:\Users\iRoti\Desktop\tt\SMIC\SMIC_all_raw\HS\s5\non_micro\s5_n1\image917475.bmp|C:\Users\iRoti\Desktop\tt\SMIC\SMIC_all_raw\HS\s5\non_micro\s5_n1\image917476.bmp|C:\Users\iRoti\Desktop\tt\SMIC\SMIC_all_raw\HS\s5\non_micro\s5_n1\image917477.bmp|C:\Users\iRoti\Desktop\tt\SMIC\SMIC_all_raw\HS\s5\non_micro\s5_n1\image917478.bmp|C:\Users\iRoti\Desktop\tt\SMIC\SMIC_all_raw\HS\s5\non_micro\s5_n1\image917479.bmp|C:\Users\iRoti\Desktop\tt\SMIC\SMIC_all_raw\HS\s5\non_micro\s5_n1\image917480.bmp|C:\Users\iRoti\Desktop\tt\SMIC\SMIC_all_raw\HS\s5\non_micro\s5_n1\image917481.bmp|C:\Users\iRoti\Desktop\tt\SMIC\SMIC_all_raw\HS\s5\non_micro\s5_n1\image917482.bmp|C:\Users\iRoti\Desktop\tt\SMIC\SMIC_all_raw\HS\s5\non_micro\s5_n1\image917483.bmp|C:\Users\iRoti\Desktop\tt\SMIC\SMIC_all_raw\HS\s5\non_micro\s5_n1\image917484.bmp|C:\Users\iRoti\Desktop\tt\SMIC\SMIC_all_raw\HS\s5\non_micro\s5_n1\image917485.bmp|C:\Users\iRoti\Desktop\tt\SMIC\SMIC_all_raw\HS\s5\non_micro\s5_n1\image917486.bmp|C:\Users\iRoti\Desktop\tt\SMIC\SMIC_all_raw\HS\s5\non_micro\s5_n1\image917487.bmp|C:\Users\iRoti\Desktop\tt\SMIC\SMIC_all_raw\HS\s5\non_micro\s5_n1\image917488.bmp|C:\Users\iRoti\Desktop\tt\SMIC\SMIC_all_raw\HS\s5\non_micro\s5_n1\image917489.bmp|C:\Users\iRoti\Desktop\tt\SMIC\SMIC_all_raw\HS\s5\non_micro\s5_n1\image917490.bmp|C:\Users\iRoti\Desktop\tt\SMIC\SMIC_all_raw\HS\s5\non_micro\s5_n1\image917491.bmp|C:\Users\iRoti\Desktop\tt\SMIC\SMIC_all_raw\HS\s5\non_micro\s5_n1\image917492.bmp|C:\Users\iRoti\Desktop\tt\SMIC\SMIC_all_raw\HS\s5\non_micro\s5_n1\image917493.bmp|C:\Users\iRoti\Desktop\tt\SMIC\SMIC_all_raw\HS\s5\non_micro\s5_n1\image917494.bmp|C:\Users\iRoti\Desktop\tt\SMIC\SMIC_all_raw\HS\s5\non_micro\s5_n1\image917495.bmp|C:\Users\iRoti\Desktop\tt\SMIC\SMIC_all_raw\HS\s5\non_micro\s5_n1\image917496.bmp|C:\Users\iRoti\Desktop\tt\SMIC\SMIC_all_raw\HS\s5\non_micro\s5_n1\image917497.bmp|C:\Users\iRoti\Desktop\tt\SMIC\SMIC_all_raw\HS\s5\non_micro\s5_n1\image917498.bmp
s5,HS_100fps,Neutral,C:\Users\iRoti\Desktop\tt\SMIC\SMIC_all_raw\HS\s5\non_micro\s5_n2\image919485.bmp|C:\Users\iRoti\Desktop\tt\SMIC\SMIC_all_raw\HS\s5\non_micro\s5_n2\image919486.bmp|C:\Users\iRoti\Desktop\tt\SMIC\SMIC_all_raw\HS\s5\non_micro\s5_n2\image919487.bmp|C:\Users\iRoti\Desktop\tt\SMIC\SMIC_all_raw\HS\s5\non_micro\s5_n2\image919488.bmp|C:\Users\iRoti\Desktop\tt\SMIC\SMIC_all_raw\HS\s5\non_micro\s5_n2\image919489.bmp|C:\Users\iRoti\Desktop\tt\SMIC\SMIC_all_raw\HS\s5\non_micro\s5_n2\image919490.bmp|C:\Users\iRoti\Desktop\tt\SMIC\SMIC_all_raw\HS\s5\non_micro\s5_n2\image919491.bmp|C:\Users\iRoti\Desktop\tt\SMIC\SMIC_all_raw\HS\s5\non_micro\s5_n2\image919492.bmp|C:\Users\iRoti\Desktop\tt\SMIC\SMIC_all_raw\HS\s5\non_micro\s5_n2\image919493.bmp|C:\Users\iRoti\Desktop\tt\SMIC\SMIC_all_raw\HS\s5\non_micro\s5_n2\image919494.bmp|C:\Users\iRoti\Desktop\tt\SMIC\SMIC_all_raw\HS\s5\non_micro\s5_n2\image919495.bmp|C:\Users\iRoti\Desktop\tt\SMIC\SMIC_all_raw\HS\s5\non_micro\s5_n2\image919496.bmp|C:\Users\iRoti\Desktop\tt\SMIC\SMIC_all_raw\HS\s5\non_micro\s5_n2\image919497.bmp|C:\Users\iRoti\Desktop\tt\SMIC\SMIC_all_raw\HS\s5\non_micro\s5_n2\image919498.bmp|C:\Users\iRoti\Desktop\tt\SMIC\SMIC_all_raw\HS\s5\non_micro\s5_n2\image919499.bmp
s6,HS_100fps,Negativo,C:\Users\iRoti\Desktop\tt\SMIC\SMIC_all_raw\HS\s6\micro\negative\s6_ne_01\image397681.bmp|C:\Users\iRoti\Desktop\tt\SMIC\SMIC_all_raw\HS\s6\micro\negative\s6_ne_01\image397682.bmp|C:\Users\iRoti\Desktop\tt\SMIC\SMIC_all_raw\HS\s6\micro\negative\s6_ne_01\image397683.bmp|C:\Users\iRoti\Desktop\tt\SMIC\SMIC_all_raw\HS\s6\micro\negative\s6_ne_01\image397684.bmp|C:\Users\iRoti\Desktop\tt\SMIC\SMIC_all_raw\HS\s6\micro\negative\s6_ne_01\image397685.bmp|C:\Users\iRoti\Desktop\tt\SMIC\SMIC_all_raw\HS\s6\micro\negative\s6_ne_01\image397686.bmp|C:\Users\iRoti\Desktop\tt\SMIC\SMIC_all_raw\HS\s6\micro\negative\s6_ne_01\image397687.bmp|C:\Users\iRoti\Desktop\tt\SMIC\SMIC_all_raw\HS\s6\micro\negative\s6_ne_01\image397688.bmp|C:\Users\iRoti\Desktop\tt\SMIC\SMIC_all_raw\HS\s6\micro\negative\s6_ne_01\image397689.bmp|C:\Users\iRoti\Desktop\tt\SMIC\SMIC_all_raw\HS\s6\micro\negative\s6_ne_01\image397690.bmp|C:\Users\iRoti\Desktop\tt\SMIC\SMIC_all_raw\HS\s6\micro\negative\s6_ne_01\image397691.bmp|C:\Users\iRoti\Desktop\tt\SMIC\SMIC_all_raw\HS\s6\micro\negative\s6_ne_01\image397692.bmp|C:\Users\iRoti\Desktop\tt\SMIC\SMIC_all_raw\HS\s6\micro\negative\s6_ne_01\image397693.bmp|C:\Users\iRoti\Desktop\tt\SMIC\SMIC_all_raw\HS\s6\micro\negative\s6_ne_01\image397694.bmp|C:\Users\iRoti\Desktop\tt\SMIC\SMIC_all_raw\HS\s6\micro\negative\s6_ne_01\image397695.bmp|C:\Users\iRoti\Desktop\tt\SMIC\SMIC_all_raw\HS\s6\micro\negative\s6_ne_01\image397696.bmp|C:\Users\iRoti\Desktop\tt\SMIC\SMIC_all_raw\HS\s6\micro\negative\s6_ne_01\image397697.bmp|C:\Users\iRoti\Desktop\tt\SMIC\SMIC_all_raw\HS\s6\micro\negative\s6_ne_01\image397698.bmp|C:\Users\iRoti\Desktop\tt\SMIC\SMIC_all_raw\HS\s6\micro\negative\s6_ne_01\image397699.bmp|C:\Users\iRoti\Desktop\tt\SMIC\SMIC_all_raw\HS\s6\micro\negative\s6_ne_01\image397700.bmp|C:\Users\iRoti\Desktop\tt\SMIC\SMIC_all_raw\HS\s6\micro\negative\s6_ne_01\image397701.bmp|C:\Users\iRoti\Desktop\tt\SMIC\SMIC_all_raw\HS\s6\micro\negative\s6_ne_01\image397702.bmp|C:\Users\iRoti\Desktop\tt\SMIC\SMIC_all_raw\HS\s6\micro\negative\s6_ne_01\image397703.bmp|C:\Users\iRoti\Desktop\tt\SMIC\SMIC_all_raw\HS\s6\micro\negative\s6_ne_01\image397704.bmp|C:\Users\iRoti\Desktop\tt\SMIC\SMIC_all_raw\HS\s6\micro\negative\s6_ne_01\image397705.bmp|C:\Users\iRoti\Desktop\tt\SMIC\SMIC_all_raw\HS\s6\micro\negative\s6_ne_01\image397706.bmp|C:\Users\iRoti\Desktop\tt\SMIC\SMIC_all_raw\HS\s6\micro\negative\s6_ne_01\image397707.bmp|C:\Users\iRoti\Desktop\tt\SMIC\SMIC_all_raw\HS\s6\micro\negative\s6_ne_01\image397708.bmp|C:\Users\iRoti\Desktop\tt\SMIC\SMIC_all_raw\HS\s6\micro\negative\s6_ne_01\image397709.bmp|C:\Users\iRoti\Desktop\tt\SMIC\SMIC_all_raw\HS\s6\micro\negative\s6_ne_01\image397710.bmp|C:\Users\iRoti\Desktop\tt\SMIC\SMIC_all_raw\HS\s6\micro\negative\s6_ne_01\image397711.bmp|C:\Users\iRoti\Desktop\tt\SMIC\SMIC_all_raw\HS\s6\micro\negative\s6_ne_01\image397712.bmp|C:\Users\iRoti\Desktop\tt\SMIC\SMIC_all_raw\HS\s6\micro\negative\s6_ne_01\image397713.bmp|C:\Users\iRoti\Desktop\tt\SMIC\SMIC_all_raw\HS\s6\micro\negative\s6_ne_01\image397714.bmp|C:\Users\iRoti\Desktop\tt\SMIC\SMIC_all_raw\HS\s6\micro\negative\s6_ne_01\image397715.bmp|C:\Users\iRoti\Desktop\tt\SMIC\SMIC_all_raw\HS\s6\micro\negative\s6_ne_01\image397716.bmp|C:\Users\iRoti\Desktop\tt\SMIC\SMIC_all_raw\HS\s6\micro\negative\s6_ne_01\image397717.bmp|C:\Users\iRoti\Desktop\tt\SMIC\SMIC_all_raw\HS\s6\micro\negative\s6_ne_01\image397718.bmp|C:\Users\iRoti\Desktop\tt\SMIC\SMIC_all_raw\HS\s6\micro\negative\s6_ne_01\image397719.bmp|C:\Users\iRoti\Desktop\tt\SMIC\SMIC_all_raw\HS\s6\micro\negative\s6_ne_01\image397720.bmp
s6,HS_100fps,Negativo,C:\Users\iRoti\Desktop\tt\SMIC\SMIC_all_raw\HS\s6\micro\negative\s6_ne_02\image431016.bmp|C:\Users\iRoti\Desktop\tt\SMIC\SMIC_all_raw\HS\s6\micro\negative\s6_ne_02\image431017.bmp|C:\Users\iRoti\Desktop\tt\SMIC\SMIC_all_raw\HS\s6\micro\negative\s6_ne_02\image431018.bmp|C:\Users\iRoti\Desktop\tt\SMIC\SMIC_all_raw\HS\s6\micro\negative\s6_ne_02\image431019.bmp|C:\Users\iRoti\Desktop\tt\SMIC\SMIC_all_raw\HS\s6\micro\negative\s6_ne_02\image431020.bmp|C:\Users\iRoti\Desktop\tt\SMIC\SMIC_all_raw\HS\s6\micro\negative\s6_ne_02\image431021.bmp|C:\Users\iRoti\Desktop\tt\SMIC\SMIC_all_raw\HS\s6\micro\negative\s6_ne_02\image431022.bmp|C:\Users\iRoti\Desktop\tt\SMIC\SMIC_all_raw\HS\s6\micro\negative\s6_ne_02\image431023.bmp|C:\Users\iRoti\Desktop\tt\SMIC\SMIC_all_raw\HS\s6\micro\negative\s6_ne_02\image431024.bmp|C:\Users\iRoti\Desktop\tt\SMIC\SMIC_all_raw\HS\s6\micro\negative\s6_ne_02\image431025.bmp|C:\Users\iRoti\Desktop\tt\SMIC\SMIC_all_raw\HS\s6\micro\negative\s6_ne_02\image431026.bmp|C:\Users\iRoti\Desktop\tt\SMIC\SMIC_all_raw\HS\s6\micro\negative\s6_ne_02\image431027.bmp|C:\Users\iRoti\Desktop\tt\SMIC\SMIC_all_raw\HS\s6\micro\negative\s6_ne_02\image431028.bmp|C:\Users\iRoti\Desktop\tt\SMIC\SMIC_all_raw\HS\s6\micro\negative\s6_ne_02\image431029.bmp|C:\Users\iRoti\Desktop\tt\SMIC\SMIC_all_raw\HS\s6\micro\negative\s6_ne_02\image431030.bmp|C:\Users\iRoti\Desktop\tt\SMIC\SMIC_all_raw\HS\s6\micro\negative\s6_ne_02\image431031.bmp|C:\Users\iRoti\Desktop\tt\SMIC\SMIC_all_raw\HS\s6\micro\negative\s6_ne_02\image431032.bmp|C:\Users\iRoti\Desktop\tt\SMIC\SMIC_all_raw\HS\s6\micro\negative\s6_ne_02\image431033.bmp|C:\Users\iRoti\Desktop\tt\SMIC\SMIC_all_raw\HS\s6\micro\negative\s6_ne_02\image431034.bmp|C:\Users\iRoti\Desktop\tt\SMIC\SMIC_all_raw\HS\s6\micro\negative\s6_ne_02\image431035.bmp|C:\Users\iRoti\Desktop\tt\SMIC\SMIC_all_raw\HS\s6\micro\negative\s6_ne_02\image431036.bmp|C:\Users\iRoti\Desktop\tt\SMIC\SMIC_all_raw\HS\s6\micro\negative\s6_ne_02\image431037.bmp|C:\Users\iRoti\Desktop\tt\SMIC\SMIC_all_raw\HS\s6\micro\negative\s6_ne_02\image431038.bmp|C:\Users\iRoti\Desktop\tt\SMIC\SMIC_all_raw\HS\s6\micro\negative\s6_ne_02\image431039.bmp|C:\Users\iRoti\Desktop\tt\SMIC\SMIC_all_raw\HS\s6\micro\negative\s6_ne_02\image431040.bmp|C:\Users\iRoti\Desktop\tt\SMIC\SMIC_all_raw\HS\s6\micro\negative\s6_ne_02\image431041.bmp|C:\Users\iRoti\Desktop\tt\SMIC\SMIC_all_raw\HS\s6\micro\negative\s6_ne_02\image431042.bmp|C:\Users\iRoti\Desktop\tt\SMIC\SMIC_all_raw\HS\s6\micro\negative\s6_ne_02\image431043.bmp|C:\Users\iRoti\Desktop\tt\SMIC\SMIC_all_raw\HS\s6\micro\negative\s6_ne_02\image431044.bmp|C:\Users\iRoti\Desktop\tt\SMIC\SMIC_all_raw\HS\s6\micro\negative\s6_ne_02\image431045.bmp|C:\Users\iRoti\Desktop\tt\SMIC\SMIC_all_raw\HS\s6\micro\negative\s6_ne_02\image431046.bmp|C:\Users\iRoti\Desktop\tt\SMIC\SMIC_all_raw\HS\s6\micro\negative\s6_ne_02\image431047.bmp|C:\Users\iRoti\Desktop\tt\SMIC\SMIC_all_raw\HS\s6\micro\negative\s6_ne_02\image431048.bmp|C:\Users\iRoti\Desktop\tt\SMIC\SMIC_all_raw\HS\s6\micro\negative\s6_ne_02\image431049.bmp|C:\Users\iRoti\Desktop\tt\SMIC\SMIC_all_raw\HS\s6\micro\negative\s6_ne_02\image431050.bmp
s6,HS_100fps,Sorpresa,C:\Users\iRoti\Desktop\tt\SMIC\SMIC_all_raw\HS\s6\micro\surprise\s6_sur_01\image377459.bmp|C:\Users\iRoti\Desktop\tt\SMIC\SMIC_all_raw\HS\s6\micro\surprise\s6_sur_01\image377460.bmp|C:\Users\iRoti\Desktop\tt\SMIC\SMIC_all_raw\HS\s6\micro\surprise\s6_sur_01\image377461.bmp|C:\Users\iRoti\Desktop\tt\SMIC\SMIC_all_raw\HS\s6\micro\surprise\s6_sur_01\image377462.bmp|C:\Users\iRoti\Desktop\tt\SMIC\SMIC_all_raw\HS\s6\micro\surprise\s6_sur_01\image377463.bmp|C:\Users\iRoti\Desktop\tt\SMIC\SMIC_all_raw\HS\s6\micro\surprise\s6_sur_01\image377464.bmp|C:\Users\iRoti\Desktop\tt\SMIC\SMIC_all_raw\HS\s6\micro\surprise\s6_sur_01\image377465.bmp|C:\Users\iRoti\Desktop\tt\SMIC\SMIC_all_raw\HS\s6\micro\surprise\s6_sur_01\image377466.bmp|C:\Users\iRoti\Desktop\tt\SMIC\SMIC_all_raw\HS\s6\micro\surprise\s6_sur_01\image377467.bmp|C:\Users\iRoti\Desktop\tt\SMIC\SMIC_all_raw\HS\s6\micro\surprise\s6_sur_01\image377468.bmp|C:\Users\iRoti\Desktop\tt\SMIC\SMIC_all_raw\HS\s6\micro\surprise\s6_sur_01\image377469.bmp|C:\Users\iRoti\Desktop\tt\SMIC\SMIC_all_raw\HS\s6\micro\surprise\s6_sur_01\image377470.bmp|C:\Users\iRoti\Desktop\tt\SMIC\SMIC_all_raw\HS\s6\micro\surprise\s6_sur_01\image377471.bmp|C:\Users\iRoti\Desktop\tt\SMIC\SMIC_all_raw\HS\s6\micro\surprise\s6_sur_01\image377472.bmp|C:\Users\iRoti\Desktop\tt\SMIC\SMIC_all_raw\HS\s6\micro\surprise\s6_sur_01\image377473.bmp|C:\Users\iRoti\Desktop\tt\SMIC\SMIC_all_raw\HS\s6\micro\surprise\s6_sur_01\image377474.bmp|C:\Users\iRoti\Desktop\tt\SMIC\SMIC_all_raw\HS\s6\micro\surprise\s6_sur_01\image377475.bmp|C:\Users\iRoti\Desktop\tt\SMIC\SMIC_all_raw\HS\s6\micro\surprise\s6_sur_01\image377476.bmp|C:\Users\iRoti\Desktop\tt\SMIC\SMIC_all_raw\HS\s6\micro\surprise\s6_sur_01\image377477.bmp|C:\Users\iRoti\Desktop\tt\SMIC\SMIC_all_raw\HS\s6\micro\surprise\s6_sur_01\image377478.bmp|C:\Users\iRoti\Desktop\tt\SMIC\SMIC_all_raw\HS\s6\micro\surprise\s6_sur_01\image377479.bmp|C:\Users\iRoti\Desktop\tt\SMIC\SMIC_all_raw\HS\s6\micro\surprise\s6_sur_01\image377480.bmp|C:\Users\iRoti\Desktop\tt\SMIC\SMIC_all_raw\HS\s6\micro\surprise\s6_sur_01\image377481.bmp|C:\Users\iRoti\Desktop\tt\SMIC\SMIC_all_raw\HS\s6\micro\surprise\s6_sur_01\image377482.bmp|C:\Users\iRoti\Desktop\tt\SMIC\SMIC_all_raw\HS\s6\micro\surprise\s6_sur_01\image377483.bmp
s6,HS_100fps,Sorpresa,C:\Users\iRoti\Desktop\tt\SMIC\SMIC_all_raw\HS\s6\micro\surprise\s6_sur_02\image465510.bmp|C:\Users\iRoti\Desktop\tt\SMIC\SMIC_all_raw\HS\s6\micro\surprise\s6_sur_02\image465511.bmp|C:\Users\iRoti\Desktop\tt\SMIC\SMIC_all_raw\HS\s6\micro\surprise\s6_sur_02\image465512.bmp|C:\Users\iRoti\Desktop\tt\SMIC\SMIC_all_raw\HS\s6\micro\surprise\s6_sur_02\image465513.bmp|C:\Users\iRoti\Desktop\tt\SMIC\SMIC_all_raw\HS\s6\micro\surprise\s6_sur_02\image465514.bmp|C:\Users\iRoti\Desktop\tt\SMIC\SMIC_all_raw\HS\s6\micro\surprise\s6_sur_02\image465515.bmp|C:\Users\iRoti\Desktop\tt\SMIC\SMIC_all_raw\HS\s6\micro\surprise\s6_sur_02\image465516.bmp|C:\Users\iRoti\Desktop\tt\SMIC\SMIC_all_raw\HS\s6\micro\surprise\s6_sur_02\image465517.bmp|C:\Users\iRoti\Desktop\tt\SMIC\SMIC_all_raw\HS\s6\micro\surprise\s6_sur_02\image465518.bmp|C:\Users\iRoti\Desktop\tt\SMIC\SMIC_all_raw\HS\s6\micro\surprise\s6_sur_02\image465519.bmp|C:\Users\iRoti\Desktop\tt\SMIC\SMIC_all_raw\HS\s6\micro\surprise\s6_sur_02\image465520.bmp|C:\Users\iRoti\Desktop\tt\SMIC\SMIC_all_raw\HS\s6\micro\surprise\s6_sur_02\image465521.bmp|C:\Users\iRoti\Desktop\tt\SMIC\SMIC_all_raw\HS\s6\micro\surprise\s6_sur_02\image465522.bmp|C:\Users\iRoti\Desktop\tt\SMIC\SMIC_all_raw\HS\s6\micro\surprise\s6_sur_02\image465523.bmp|C:\Users\iRoti\Desktop\tt\SMIC\SMIC_all_raw\HS\s6\micro\surprise\s6_sur_02\image465524.bmp|C:\Users\iRoti\Desktop\tt\SMIC\SMIC_all_raw\HS\s6\micro\surprise\s6_sur_02\image465525.bmp|C:\Users\iRoti\Desktop\tt\SMIC\SMIC_all_raw\HS\s6\micro\surprise\s6_sur_02\image465526.bmp|C:\Users\iRoti\Desktop\tt\SMIC\SMIC_all_raw\HS\s6\micro\surprise\s6_sur_02\image465527.bmp|C:\Users\iRoti\Desktop\tt\SMIC\SMIC_all_raw\HS\s6\micro\surprise\s6_sur_02\image465528.bmp|C:\Users\iRoti\Desktop\tt\SMIC\SMIC_all_raw\HS\s6\micro\surprise\s6_sur_02\image465529.bmp|C:\Users\iRoti\Desktop\tt\SMIC\SMIC_all_raw\HS\s6\micro\surprise\s6_sur_02\image465530.bmp|C:\Users\iRoti\Desktop\tt\SMIC\SMIC_all_raw\HS\s6\micro\surprise\s6_sur_02\image465531.bmp|C:\Users\iRoti\Desktop\tt\SMIC\SMIC_all_raw\HS\s6\micro\surprise\s6_sur_02\image465532.bmp|C:\Users\iRoti\Desktop\tt\SMIC\SMIC_all_raw\HS\s6\micro\surprise\s6_sur_02\image465533.bmp|C:\Users\iRoti\Desktop\tt\SMIC\SMIC_all_raw\HS\s6\micro\surprise\s6_sur_02\image465534.bmp|C:\Users\iRoti\Desktop\tt\SMIC\SMIC_all_raw\HS\s6\micro\surprise\s6_sur_02\image465535.bmp|C:\Users\iRoti\Desktop\tt\SMIC\SMIC_all_raw\HS\s6\micro\surprise\s6_sur_02\image465536.bmp|C:\Users\iRoti\Desktop\tt\SMIC\SMIC_all_raw\HS\s6\micro\surprise\s6_sur_02\image465537.bmp|C:\Users\iRoti\Desktop\tt\SMIC\SMIC_all_raw\HS\s6\micro\surprise\s6_sur_02\image465538.bmp|C:\Users\iRoti\Desktop\tt\SMIC\SMIC_all_raw\HS\s6\micro\surprise\s6_sur_02\image465539.bmp|C:\Users\iRoti\Desktop\tt\SMIC\SMIC_all_raw\HS\s6\micro\surprise\s6_sur_02\image465540.bmp|C:\Users\iRoti\Desktop\tt\SMIC\SMIC_all_raw\HS\s6\micro\surprise\s6_sur_02\image465541.bmp|C:\Users\iRoti\Desktop\tt\SMIC\SMIC_all_raw\HS\s6\micro\surprise\s6_sur_02\image465542.bmp|C:\Users\iRoti\Desktop\tt\SMIC\SMIC_all_raw\HS\s6\micro\surprise\s6_sur_02\image465543.bmp|C:\Users\iRoti\Desktop\tt\SMIC\SMIC_all_raw\HS\s6\micro\surprise\s6_sur_02\image465544.bmp|C:\Users\iRoti\Desktop\tt\SMIC\SMIC_all_raw\HS\s6\micro\surprise\s6_sur_02\image465545.bmp|C:\Users\iRoti\Desktop\tt\SMIC\SMIC_all_raw\HS\s6\micro\surprise\s6_sur_02\image465546.bmp|C:\Users\iRoti\Desktop\tt\SMIC\SMIC_all_raw\HS\s6\micro\surprise\s6_sur_02\image465547.bmp|C:\Users\iRoti\Desktop\tt\SMIC\SMIC_all_raw\HS\s6\micro\surprise\s6_sur_02\image465548.bmp|C:\Users\iRoti\Desktop\tt\SMIC\SMIC_all_raw\HS\s6\micro\surprise\s6_sur_02\image465549.bmp|C:\Users\iRoti\Desktop\tt\SMIC\SMIC_all_raw\HS\s6\micro\surprise\s6_sur_02\image465550.bmp
s6,HS_100fps,Neutral,C:\Users\iRoti\Desktop\tt\SMIC\SMIC_all_raw\HS\s6\non_micro\s6_n1\image413754.bmp|C:\Users\iRoti\Desktop\tt\SMIC\SMIC_all_raw\HS\s6\non_micro\s6_n1\image413755.bmp|C:\Users\iRoti\Desktop\tt\SMIC\SMIC_all_raw\HS\s6\non_micro\s6_n1\image413756.bmp|C:\Users\iRoti\Desktop\tt\SMIC\SMIC_all_raw\HS\s6\non_micro\s6_n1\image413757.bmp|C:\Users\iRoti\Desktop\tt\SMIC\SMIC_all_raw\HS\s6\non_micro\s6_n1\image413758.bmp|C:\Users\iRoti\Desktop\tt\SMIC\SMIC_all_raw\HS\s6\non_micro\s6_n1\image413759.bmp|C:\Users\iRoti\Desktop\tt\SMIC\SMIC_all_raw\HS\s6\non_micro\s6_n1\image413760.bmp|C:\Users\iRoti\Desktop\tt\SMIC\SMIC_all_raw\HS\s6\non_micro\s6_n1\image413761.bmp|C:\Users\iRoti\Desktop\tt\SMIC\SMIC_all_raw\HS\s6\non_micro\s6_n1\image413762.bmp|C:\Users\iRoti\Desktop\tt\SMIC\SMIC_all_raw\HS\s6\non_micro\s6_n1\image413763.bmp|C:\Users\iRoti\Desktop\tt\SMIC\SMIC_all_raw\HS\s6\non_micro\s6_n1\image413764.bmp|C:\Users\iRoti\Desktop\tt\SMIC\SMIC_all_raw\HS\s6\non_micro\s6_n1\image413765.bmp|C:\Users\iRoti\Desktop\tt\SMIC\SMIC_all_raw\HS\s6\non_micro\s6_n1\image413766.bmp|C:\Users\iRoti\Desktop\tt\SMIC\SMIC_all_raw\HS\s6\non_micro\s6_n1\image413767.bmp|C:\Users\iRoti\Desktop\tt\SMIC\SMIC_all_raw\HS\s6\non_micro\s6_n1\image413768.bmp|C:\Users\iRoti\Desktop\tt\SMIC\SMIC_all_raw\HS\s6\non_micro\s6_n1\image413769.bmp|C:\Users\iRoti\Desktop\tt\SMIC\SMIC_all_raw\HS\s6\non_micro\s6_n1\image413770.bmp|C:\Users\iRoti\Desktop\tt\SMIC\SMIC_all_raw\HS\s6\non_micro\s6_n1\image413771.bmp|C:\Users\iRoti\Desktop\tt\SMIC\SMIC_all_raw\HS\s6\non_micro\s6_n1\image413772.bmp|C:\Users\iRoti\Desktop\tt\SMIC\SMIC_all_raw\HS\s6\non_micro\s6_n1\image413773.bmp|C:\Users\iRoti\Desktop\tt\SMIC\SMIC_all_raw\HS\s6\non_micro\s6_n1\image413774.bmp|C:\Users\iRoti\Desktop\tt\SMIC\SMIC_all_raw\HS\s6\non_micro\s6_n1\image413775.bmp|C:\Users\iRoti\Desktop\tt\SMIC\SMIC_all_raw\HS\s6\non_micro\s6_n1\image413776.bmp|C:\Users\iRoti\Desktop\tt\SMIC\SMIC_all_raw\HS\s6\non_micro\s6_n1\image413777.bmp|C:\Users\iRoti\Desktop\tt\SMIC\SMIC_all_raw\HS\s6\non_micro\s6_n1\image413778.bmp|C:\Users\iRoti\Desktop\tt\SMIC\SMIC_all_raw\HS\s6\non_micro\s6_n1\image413779.bmp|C:\Users\iRoti\Desktop\tt\SMIC\SMIC_all_raw\HS\s6\non_micro\s6_n1\image413780.bmp
s6,HS_100fps,Neutral,C:\Users\iRoti\Desktop\tt\SMIC\SMIC_all_raw\HS\s6\non_micro\s6_n2\image413833.bmp|C:\Users\iRoti\Desktop\tt\SMIC\SMIC_all_raw\HS\s6\non_micro\s6_n2\image413834.bmp|C:\Users\iRoti\Desktop\tt\SMIC\SMIC_all_raw\HS\s6\non_micro\s6_n2\image413835.bmp|C:\Users\iRoti\Desktop\tt\SMIC\SMIC_all_raw\HS\s6\non_micro\s6_n2\image413836.bmp|C:\Users\iRoti\Desktop\tt\SMIC\SMIC_all_raw\HS\s6\non_micro\s6_n2\image413837.bmp|C:\Users\iRoti\Desktop\tt\SMIC\SMIC_all_raw\HS\s6\non_micro\s6_n2\image413838.bmp|C:\Users\iRoti\Desktop\tt\SMIC\SMIC_all_raw\HS\s6\non_micro\s6_n2\image413839.bmp|C:\Users\iRoti\Desktop\tt\SMIC\SMIC_all_raw\HS\s6\non_micro\s6_n2\image413840.bmp|C:\Users\iRoti\Desktop\tt\SMIC\SMIC_all_raw\HS\s6\non_micro\s6_n2\image413841.bmp|C:\Users\iRoti\Desktop\tt\SMIC\SMIC_all_raw\HS\s6\non_micro\s6_n2\image413842.bmp|C:\Users\iRoti\Desktop\tt\SMIC\SMIC_all_raw\HS\s6\non_micro\s6_n2\image413843.bmp|C:\Users\iRoti\Desktop\tt\SMIC\SMIC_all_raw\HS\s6\non_micro\s6_n2\image413844.bmp|C:\Users\iRoti\Desktop\tt\SMIC\SMIC_all_raw\HS\s6\non_micro\s6_n2\image413845.bmp|C:\Users\iRoti\Desktop\tt\SMIC\SMIC_all_raw\HS\s6\non_micro\s6_n2\image413846.bmp|C:\Users\iRoti\Desktop\tt\SMIC\SMIC_all_raw\HS\s6\non_micro\s6_n2\image413847.bmp|C:\Users\iRoti\Desktop\tt\SMIC\SMIC_all_raw\HS\s6\non_micro\s6_n2\image413848.bmp|C:\Users\iRoti\Desktop\tt\SMIC\SMIC_all_raw\HS\s6\non_micro\s6_n2\image413849.bmp|C:\Users\iRoti\Desktop\tt\SMIC\SMIC_all_raw\HS\s6\non_micro\s6_n2\image413850.bmp|C:\Users\iRoti\Desktop\tt\SMIC\SMIC_all_raw\HS\s6\non_micro\s6_n2\image413851.bmp|C:\Users\iRoti\Desktop\tt\SMIC\SMIC_all_raw\HS\s6\non_micro\s6_n2\image413852.bmp|C:\Users\iRoti\Desktop\tt\SMIC\SMIC_all_raw\HS\s6\non_micro\s6_n2\image413853.bmp|C:\Users\iRoti\Desktop\tt\SMIC\SMIC_all_raw\HS\s6\non_micro\s6_n2\image413854.bmp|C:\Users\iRoti\Desktop\tt\SMIC\SMIC_all_raw\HS\s6\non_micro\s6_n2\image413855.bmp|C:\Users\iRoti\Desktop\tt\SMIC\SMIC_all_raw\HS\s6\non_micro\s6_n2\image413856.bmp
s6,HS_100fps,Neutral,C:\Users\iRoti\Desktop\tt\SMIC\SMIC_all_raw\HS\s6\non_micro\s6_n3\image413914.bmp|C:\Users\iRoti\Desktop\tt\SMIC\SMIC_all_raw\HS\s6\non_micro\s6_n3\image413915.bmp|C:\Users\iRoti\Desktop\tt\SMIC\SMIC_all_raw\HS\s6\non_micro\s6_n3\image413916.bmp|C:\Users\iRoti\Desktop\tt\SMIC\SMIC_all_raw\HS\s6\non_micro\s6_n3\image413917.bmp|C:\Users\iRoti\Desktop\tt\SMIC\SMIC_all_raw\HS\s6\non_micro\s6_n3\image413918.bmp|C:\Users\iRoti\Desktop\tt\SMIC\SMIC_all_raw\HS\s6\non_micro\s6_n3\image413919.bmp|C:\Users\iRoti\Desktop\tt\SMIC\SMIC_all_raw\HS\s6\non_micro\s6_n3\image413920.bmp|C:\Users\iRoti\Desktop\tt\SMIC\SMIC_all_raw\HS\s6\non_micro\s6_n3\image413921.bmp|C:\Users\iRoti\Desktop\tt\SMIC\SMIC_all_raw\HS\s6\non_micro\s6_n3\image413922.bmp|C:\Users\iRoti\Desktop\tt\SMIC\SMIC_all_raw\HS\s6\non_micro\s6_n3\image413923.bmp|C:\Users\iRoti\Desktop\tt\SMIC\SMIC_all_raw\HS\s6\non_micro\s6_n3\image413924.bmp|C:\Users\iRoti\Desktop\tt\SMIC\SMIC_all_raw\HS\s6\non_micro\s6_n3\image413925.bmp|C:\Users\iRoti\Desktop\tt\SMIC\SMIC_all_raw\HS\s6\non_micro\s6_n3\image413926.bmp|C:\Users\iRoti\Desktop\tt\SMIC\SMIC_all_raw\HS\s6\non_micro\s6_n3\image413927.bmp|C:\Users\iRoti\Desktop\tt\SMIC\SMIC_all_raw\HS\s6\non_micro\s6_n3\image413928.bmp|C:\Users\iRoti\Desktop\tt\SMIC\SMIC_all_raw\HS\s6\non_micro\s6_n3\image413929.bmp|C:\Users\iRoti\Desktop\tt\SMIC\SMIC_all_raw\HS\s6\non_micro\s6_n3\image413930.bmp|C:\Users\iRoti\Desktop\tt\SMIC\SMIC_all_raw\HS\s6\non_micro\s6_n3\image413931.bmp|C:\Users\iRoti\Desktop\tt\SMIC\SMIC_all_raw\HS\s6\non_micro\s6_n3\image413932.bmp|C:\Users\iRoti\Desktop\tt\SMIC\SMIC_all_raw\HS\s6\non_micro\s6_n3\image413933.bmp|C:\Users\iRoti\Desktop\tt\SMIC\SMIC_all_raw\HS\s6\non_micro\s6_n3\image413934.bmp|C:\Users\iRoti\Desktop\tt\SMIC\SMIC_all_raw\HS\s6\non_micro\s6_n3\image413935.bmp|C:\Users\iRoti\Desktop\tt\SMIC\SMIC_all_raw\HS\s6\non_micro\s6_n3\image413936.bmp
s6,HS_100fps,Neutral,C:\Users\iRoti\Desktop\tt\SMIC\SMIC_all_raw\HS\s6\non_micro\s6_n4\image413942.bmp|C:\Users\iRoti\Desktop\tt\SMIC\SMIC_all_raw\HS\s6\non_micro\s6_n4\image413943.bmp|C:\Users\iRoti\Desktop\tt\SMIC\SMIC_all_raw\HS\s6\non_micro\s6_n4\image413944.bmp|C:\Users\iRoti\Desktop\tt\SMIC\SMIC_all_raw\HS\s6\non_micro\s6_n4\image413945.bmp|C:\Users\iRoti\Desktop\tt\SMIC\SMIC_all_raw\HS\s6\non_micro\s6_n4\image413946.bmp|C:\Users\iRoti\Desktop\tt\SMIC\SMIC_all_raw\HS\s6\non_micro\s6_n4\image413947.bmp|C:\Users\iRoti\Desktop\tt\SMIC\SMIC_all_raw\HS\s6\non_micro\s6_n4\image413948.bmp|C:\Users\iRoti\Desktop\tt\SMIC\SMIC_all_raw\HS\s6\non_micro\s6_n4\image413949.bmp|C:\Users\iRoti\Desktop\tt\SMIC\SMIC_all_raw\HS\s6\non_micro\s6_n4\image413950.bmp|C:\Users\iRoti\Desktop\tt\SMIC\SMIC_all_raw\HS\s6\non_micro\s6_n4\image413951.bmp|C:\Users\iRoti\Desktop\tt\SMIC\SMIC_all_raw\HS\s6\non_micro\s6_n4\image413952.bmp|C:\Users\iRoti\Desktop\tt\SMIC\SMIC_all_raw\HS\s6\non_micro\s6_n4\image413953.bmp|C:\Users\iRoti\Desktop\tt\SMIC\SMIC_all_raw\HS\s6\non_micro\s6_n4\image413954.bmp|C:\Users\iRoti\Desktop\tt\SMIC\SMIC_all_raw\HS\s6\non_micro\s6_n4\image413955.bmp|C:\Users\iRoti\Desktop\tt\SMIC\SMIC_all_raw\HS\s6\non_micro\s6_n4\image413956.bmp|C:\Users\iRoti\Desktop\tt\SMIC\SMIC_all_raw\HS\s6\non_micro\s6_n4\image413957.bmp|C:\Users\iRoti\Desktop\tt\SMIC\SMIC_all_raw\HS\s6\non_micro\s6_n4\image413958.bmp|C:\Users\iRoti\Desktop\tt\SMIC\SMIC_all_raw\HS\s6\non_micro\s6_n4\image413959.bmp|C:\Users\iRoti\Desktop\tt\SMIC\SMIC_all_raw\HS\s6\non_micro\s6_n4\image413960.bmp|C:\Users\iRoti\Desktop\tt\SMIC\SMIC_all_raw\HS\s6\non_micro\s6_n4\image413961.bmp|C:\Users\iRoti\Desktop\tt\SMIC\SMIC_all_raw\HS\s6\non_micro\s6_n4\image413962.bmp|C:\Users\iRoti\Desktop\tt\SMIC\SMIC_all_raw\HS\s6\non_micro\s6_n4\image413963.bmp|C:\Users\iRoti\Desktop\tt\SMIC\SMIC_all_raw\HS\s6\non_micro\s6_n4\image413964.bmp|C:\Users\iRoti\Desktop\tt\SMIC\SMIC_all_raw\HS\s6\non_micro\s6_n4\image413965.bmp|C:\Users\iRoti\Desktop\tt\SMIC\SMIC_all_raw\HS\s6\non_micro\s6_n4\image413966.bmp|C:\Users\iRoti\Desktop\tt\SMIC\SMIC_all_raw\HS\s6\non_micro\s6_n4\image413967.bmp|C:\Users\iRoti\Desktop\tt\SMIC\SMIC_all_raw\HS\s6\non_micro\s6_n4\image413968.bmp|C:\Users\iRoti\Desktop\tt\SMIC\SMIC_all_raw\HS\s6\non_micro\s6_n4\image413969.bmp|C:\Users\iRoti\Desktop\tt\SMIC\SMIC_all_raw\HS\s6\non_micro\s6_n4\image413970.bmp|C:\Users\iRoti\Desktop\tt\SMIC\SMIC_all_raw\HS\s6\non_micro\s6_n4\image413971.bmp|C:\Users\iRoti\Desktop\tt\SMIC\SMIC_all_raw\HS\s6\non_micro\s6_n4\image413972.bmp|C:\Users\iRoti\Desktop\tt\SMIC\SMIC_all_raw\HS\s6\non_micro\s6_n4\image413973.bmp|C:\Users\iRoti\Desktop\tt\SMIC\SMIC_all_raw\HS\s6\non_micro\s6_n4\image413974.bmp|C:\Users\iRoti\Desktop\tt\SMIC\SMIC_all_raw\HS\s6\non_micro\s6_n4\image413975.bmp|C:\Users\iRoti\Desktop\tt\SMIC\SMIC_all_raw\HS\s6\non_micro\s6_n4\image413976.bmp
s8,HS_100fps,Negativo,C:\Users\iRoti\Desktop\tt\SMIC\SMIC_all_raw\HS\s8\micro\negative\s8_ne_01\image252626.bmp|C:\Users\iRoti\Desktop\tt\SMIC\SMIC_all_raw\HS\s8\micro\negative\s8_ne_01\image252627.bmp|C:\Users\iRoti\Desktop\tt\SMIC\SMIC_all_raw\HS\s8\micro\negative\s8_ne_01\image252628.bmp|C:\Users\iRoti\Desktop\tt\SMIC\SMIC_all_raw\HS\s8\micro\negative\s8_ne_01\image252629.bmp|C:\Users\iRoti\Desktop\tt\SMIC\SMIC_all_raw\HS\s8\micro\negative\s8_ne_01\image252630.bmp|C:\Users\iRoti\Desktop\tt\SMIC\SMIC_all_raw\HS\s8\micro\negative\s8_ne_01\image252631.bmp|C:\Users\iRoti\Desktop\tt\SMIC\SMIC_all_raw\HS\s8\micro\negative\s8_ne_01\image252632.bmp|C:\Users\iRoti\Desktop\tt\SMIC\SMIC_all_raw\HS\s8\micro\negative\s8_ne_01\image252633.bmp|C:\Users\iRoti\Desktop\tt\SMIC\SMIC_all_raw\HS\s8\micro\negative\s8_ne_01\image252634.bmp|C:\Users\iRoti\Desktop\tt\SMIC\SMIC_all_raw\HS\s8\micro\negative\s8_ne_01\image252635.bmp|C:\Users\iRoti\Desktop\tt\SMIC\SMIC_all_raw\HS\s8\micro\negative\s8_ne_01\image252636.bmp|C:\Users\iRoti\Desktop\tt\SMIC\SMIC_all_raw\HS\s8\micro\negative\s8_ne_01\image252637.bmp|C:\Users\iRoti\Desktop\tt\SMIC\SMIC_all_raw\HS\s8\micro\negative\s8_ne_01\image252638.bmp|C:\Users\iRoti\Desktop\tt\SMIC\SMIC_all_raw\HS\s8\micro\negative\s8_ne_01\image252639.bmp|C:\Users\iRoti\Desktop\tt\SMIC\SMIC_all_raw\HS\s8\micro\negative\s8_ne_01\image252640.bmp|C:\Users\iRoti\Desktop\tt\SMIC\SMIC_all_raw\HS\s8\micro\negative\s8_ne_01\image252641.bmp|C:\Users\iRoti\Desktop\tt\SMIC\SMIC_all_raw\HS\s8\micro\negative\s8_ne_01\image252642.bmp|C:\Users\iRoti\Desktop\tt\SMIC\SMIC_all_raw\HS\s8\micro\negative\s8_ne_01\image252643.bmp|C:\Users\iRoti\Desktop\tt\SMIC\SMIC_all_raw\HS\s8\micro\negative\s8_ne_01\image252644.bmp|C:\Users\iRoti\Desktop\tt\SMIC\SMIC_all_raw\HS\s8\micro\negative\s8_ne_01\image252645.bmp|C:\Users\iRoti\Desktop\tt\SMIC\SMIC_all_raw\HS\s8\micro\negative\s8_ne_01\image252646.bmp|C:\Users\iRoti\Desktop\tt\SMIC\SMIC_all_raw\HS\s8\micro\negative\s8_ne_01\image252647.bmp|C:\Users\iRoti\Desktop\tt\SMIC\SMIC_all_raw\HS\s8\micro\negative\s8_ne_01\image252648.bmp|C:\Users\iRoti\Desktop\tt\SMIC\SMIC_all_raw\HS\s8\micro\negative\s8_ne_01\image252649.bmp|C:\Users\iRoti\Desktop\tt\SMIC\SMIC_all_raw\HS\s8\micro\negative\s8_ne_01\image252650.bmp|C:\Users\iRoti\Desktop\tt\SMIC\SMIC_all_raw\HS\s8\micro\negative\s8_ne_01\image252651.bmp|C:\Users\iRoti\Desktop\tt\SMIC\SMIC_all_raw\HS\s8\micro\negative\s8_ne_01\image252652.bmp|C:\Users\iRoti\Desktop\tt\SMIC\SMIC_all_raw\HS\s8\micro\negative\s8_ne_01\image252653.bmp|C:\Users\iRoti\Desktop\tt\SMIC\SMIC_all_raw\HS\s8\micro\negative\s8_ne_01\image252654.bmp|C:\Users\iRoti\Desktop\tt\SMIC\SMIC_all_raw\HS\s8\micro\negative\s8_ne_01\image252655.bmp|C:\Users\iRoti\Desktop\tt\SMIC\SMIC_all_raw\HS\s8\micro\negative\s8_ne_01\image252656.bmp|C:\Users\iRoti\Desktop\tt\SMIC\SMIC_all_raw\HS\s8\micro\negative\s8_ne_01\image252657.bmp|C:\Users\iRoti\Desktop\tt\SMIC\SMIC_all_raw\HS\s8\micro\negative\s8_ne_01\image252658.bmp|C:\Users\iRoti\Desktop\tt\SMIC\SMIC_all_raw\HS\s8\micro\negative\s8_ne_01\image252659.bmp|C:\Users\iRoti\Desktop\tt\SMIC\SMIC_all_raw\HS\s8\micro\negative\s8_ne_01\image252660.bmp|C:\Users\iRoti\Desktop\tt\SMIC\SMIC_all_raw\HS\s8\micro\negative\s8_ne_01\image252661.bmp|C:\Users\iRoti\Desktop\tt\SMIC\SMIC_all_raw\HS\s8\micro\negative\s8_ne_01\image252662.bmp|C:\Users\iRoti\Desktop\tt\SMIC\SMIC_all_raw\HS\s8\micro\negative\s8_ne_01\image252663.bmp|C:\Users\iRoti\Desktop\tt\SMIC\SMIC_all_raw\HS\s8\micro\negative\s8_ne_01\image252664.bmp|C:\Users\iRoti\Desktop\tt\SMIC\SMIC_all_raw\HS\s8\micro\negative\s8_ne_01\image252665.bmp
s8,HS_100fps,Negativo,C:\Users\iRoti\Desktop\tt\SMIC\SMIC_all_raw\HS\s8\micro\negative\s8_ne_02\image253559.bmp|C:\Users\iRoti\Desktop\tt\SMIC\SMIC_all_raw\HS\s8\micro\negative\s8_ne_02\image253560.bmp|C:\Users\iRoti\Desktop\tt\SMIC\SMIC_all_raw\HS\s8\micro\negative\s8_ne_02\image253561.bmp|C:\Users\iRoti\Desktop\tt\SMIC\SMIC_all_raw\HS\s8\micro\negative\s8_ne_02\image253562.bmp|C:\Users\iRoti\Desktop\tt\SMIC\SMIC_all_raw\HS\s8\micro\negative\s8_ne_02\image253563.bmp|C:\Users\iRoti\Desktop\tt\SMIC\SMIC_all_raw\HS\s8\micro\negative\s8_ne_02\image253564.bmp|C:\Users\iRoti\Desktop\tt\SMIC\SMIC_all_raw\HS\s8\micro\negative\s8_ne_02\image253565.bmp|C:\Users\iRoti\Desktop\tt\SMIC\SMIC_all_raw\HS\s8\micro\negative\s8_ne_02\image253566.bmp|C:\Users\iRoti\Desktop\tt\SMIC\SMIC_all_raw\HS\s8\micro\negative\s8_ne_02\image253567.bmp|C:\Users\iRoti\Desktop\tt\SMIC\SMIC_all_raw\HS\s8\micro\negative\s8_ne_02\image253568.bmp|C:\Users\iRoti\Desktop\tt\SMIC\SMIC_all_raw\HS\s8\micro\negative\s8_ne_02\image253569.bmp|C:\Users\iRoti\Desktop\tt\SMIC\SMIC_all_raw\HS\s8\micro\negative\s8_ne_02\image253570.bmp|C:\Users\iRoti\Desktop\tt\SMIC\SMIC_all_raw\HS\s8\micro\negative\s8_ne_02\image253571.bmp|C:\Users\iRoti\Desktop\tt\SMIC\SMIC_all_raw\HS\s8\micro\negative\s8_ne_02\image253572.bmp|C:\Users\iRoti\Desktop\tt\SMIC\SMIC_all_raw\HS\s8\micro\negative\s8_ne_02\image253573.bmp|C:\Users\iRoti\Desktop\tt\SMIC\SMIC_all_raw\HS\s8\micro\negative\s8_ne_02\image253574.bmp|C:\Users\iRoti\Desktop\tt\SMIC\SMIC_all_raw\HS\s8\micro\negative\s8_ne_02\image253575.bmp|C:\Users\iRoti\Desktop\tt\SMIC\SMIC_all_raw\HS\s8\micro\negative\s8_ne_02\image253576.bmp|C:\Users\iRoti\Desktop\tt\SMIC\SMIC_all_raw\HS\s8\micro\negative\s8_ne_02\image253577.bmp|C:\Users\iRoti\Desktop\tt\SMIC\SMIC_all_raw\HS\s8\micro\negative\s8_ne_02\image253578.bmp|C:\Users\iRoti\Desktop\tt\SMIC\SMIC_all_raw\HS\s8\micro\negative\s8_ne_02\image253579.bmp|C:\Users\iRoti\Desktop\tt\SMIC\SMIC_all_raw\HS\s8\micro\negative\s8_ne_02\image253580.bmp|C:\Users\iRoti\Desktop\tt\SMIC\SMIC_all_raw\HS\s8\micro\negative\s8_ne_02\image253581.bmp|C:\Users\iRoti\Desktop\tt\SMIC\SMIC_all_raw\HS\s8\micro\negative\s8_ne_02\image253582.bmp|C:\Users\iRoti\Desktop\tt\SMIC\SMIC_all_raw\HS\s8\micro\negative\s8_ne_02\image253583.bmp|C:\Users\iRoti\Desktop\tt\SMIC\SMIC_all_raw\HS\s8\micro\negative\s8_ne_02\image253584.bmp|C:\Users\iRoti\Desktop\tt\SMIC\SMIC_all_raw\HS\s8\micro\negative\s8_ne_02\image253585.bmp|C:\Users\iRoti\Desktop\tt\SMIC\SMIC_all_raw\HS\s8\micro\negative\s8_ne_02\image253586.bmp
s8,HS_100fps,Negativo,C:\Users\iRoti\Desktop\tt\SMIC\SMIC_all_raw\HS\s8\micro\negative\s8_ne_03\image253737.bmp|C:\Users\iRoti\Desktop\tt\SMIC\SMIC_all_raw\HS\s8\micro\negative\s8_ne_03\image253738.bmp|C:\Users\iRoti\Desktop\tt\SMIC\SMIC_all_raw\HS\s8\micro\negative\s8_ne_03\image253739.bmp|C:\Users\iRoti\Desktop\tt\SMIC\SMIC_all_raw\HS\s8\micro\negative\s8_ne_03\image253740.bmp|C:\Users\iRoti\Desktop\tt\SMIC\SMIC_all_raw\HS\s8\micro\negative\s8_ne_03\image253741.bmp|C:\Users\iRoti\Desktop\tt\SMIC\SMIC_all_raw\HS\s8\micro\negative\s8_ne_03\image253742.bmp|C:\Users\iRoti\Desktop\tt\SMIC\SMIC_all_raw\HS\s8\micro\negative\s8_ne_03\image253743.bmp|C:\Users\iRoti\Desktop\tt\SMIC\SMIC_all_raw\HS\s8\micro\negative\s8_ne_03\image253744.bmp|C:\Users\iRoti\Desktop\tt\SMIC\SMIC_all_raw\HS\s8\micro\negative\s8_ne_03\image253745.bmp|C:\Users\iRoti\Desktop\tt\SMIC\SMIC_all_raw\HS\s8\micro\negative\s8_ne_03\image253746.bmp|C:\Users\iRoti\Desktop\tt\SMIC\SMIC_all_raw\HS\s8\micro\negative\s8_ne_03\image253747.bmp|C:\Users\iRoti\Desktop\tt\SMIC\SMIC_all_raw\HS\s8\micro\negative\s8_ne_03\image253748.bmp|C:\Users\iRoti\Desktop\tt\SMIC\SMIC_all_raw\HS\s8\micro\negative\s8_ne_03\image253749.bmp|C:\Users\iRoti\Desktop\tt\SMIC\SMIC_all_raw\HS\s8\micro\negative\s8_ne_03\image253750.bmp|C:\Users\iRoti\Desktop\tt\SMIC\SMIC_all_raw\HS\s8\micro\negative\s8_ne_03\image253751.bmp|C:\Users\iRoti\Desktop\tt\SMIC\SMIC_all_raw\HS\s8\micro\negative\s8_ne_03\image253752.bmp|C:\Users\iRoti\Desktop\tt\SMIC\SMIC_all_raw\HS\s8\micro\negative\s8_ne_03\image253753.bmp|C:\Users\iRoti\Desktop\tt\SMIC\SMIC_all_raw\HS\s8\micro\negative\s8_ne_03\image253754.bmp|C:\Users\iRoti\Desktop\tt\SMIC\SMIC_all_raw\HS\s8\micro\negative\s8_ne_03\image253755.bmp|C:\Users\iRoti\Desktop\tt\SMIC\SMIC_all_raw\HS\s8\micro\negative\s8_ne_03\image253756.bmp|C:\Users\iRoti\Desktop\tt\SMIC\SMIC_all_raw\HS\s8\micro\negative\s8_ne_03\image253757.bmp|C:\Users\iRoti\Desktop\tt\SMIC\SMIC_all_raw\HS\s8\micro\negative\s8_ne_03\image253758.bmp|C:\Users\iRoti\Desktop\tt\SMIC\SMIC_all_raw\HS\s8\micro\negative\s8_ne_03\image253759.bmp|C:\Users\iRoti\Desktop\tt\SMIC\SMIC_all_raw\HS\s8\micro\negative\s8_ne_03\image253760.bmp|C:\Users\iRoti\Desktop\tt\SMIC\SMIC_all_raw\HS\s8\micro\negative\s8_ne_03\image253761.bmp|C:\Users\iRoti\Desktop\tt\SMIC\SMIC_all_raw\HS\s8\micro\negative\s8_ne_03\image253762.bmp|C:\Users\iRoti\Desktop\tt\SMIC\SMIC_all_raw\HS\s8\micro\negative\s8_ne_03\image253763.bmp|C:\Users\iRoti\Desktop\tt\SMIC\SMIC_all_raw\HS\s8\micro\negative\s8_ne_03\image253764.bmp
s8,HS_100fps,Negativo,C:\Users\iRoti\Desktop\tt\SMIC\SMIC_all_raw\HS\s8\micro\negative\s8_ne_04\image268321.bmp|C:\Users\iRoti\Desktop\tt\SMIC\SMIC_all_raw\HS\s8\micro\negative\s8_ne_04\image268322.bmp|C:\Users\iRoti\Desktop\tt\SMIC\SMIC_all_raw\HS\s8\micro\negative\s8_ne_04\image268323.bmp|C:\Users\iRoti\Desktop\tt\SMIC\SMIC_all_raw\HS\s8\micro\negative\s8_ne_04\image268324.bmp|C:\Users\iRoti\Desktop\tt\SMIC\SMIC_all_raw\HS\s8\micro\negative\s8_ne_04\image268325.bmp|C:\Users\iRoti\Desktop\tt\SMIC\SMIC_all_raw\HS\s8\micro\negative\s8_ne_04\image268326.bmp|C:\Users\iRoti\Desktop\tt\SMIC\SMIC_all_raw\HS\s8\micro\negative\s8_ne_04\image268327.bmp|C:\Users\iRoti\Desktop\tt\SMIC\SMIC_all_raw\HS\s8\micro\negative\s8_ne_04\image268328.bmp|C:\Users\iRoti\Desktop\tt\SMIC\SMIC_all_raw\HS\s8\micro\negative\s8_ne_04\image268329.bmp|C:\Users\iRoti\Desktop\tt\SMIC\SMIC_all_raw\HS\s8\micro\negative\s8_ne_04\image268330.bmp|C:\Users\iRoti\Desktop\tt\SMIC\SMIC_all_raw\HS\s8\micro\negative\s8_ne_04\image268331.bmp|C:\Users\iRoti\Desktop\tt\SMIC\SMIC_all_raw\HS\s8\micro\negative\s8_ne_04\image268332.bmp|C:\Users\iRoti\Desktop\tt\SMIC\SMIC_all_raw\HS\s8\micro\negative\s8_ne_04\image268333.bmp|C:\Users\iRoti\Desktop\tt\SMIC\SMIC_all_raw\HS\s8\micro\negative\s8_ne_04\image268334.bmp|C:\Users\iRoti\Desktop\tt\SMIC\SMIC_all_raw\HS\s8\micro\negative\s8_ne_04\image268335.bmp|C:\Users\iRoti\Desktop\tt\SMIC\SMIC_all_raw\HS\s8\micro\negative\s8_ne_04\image268336.bmp|C:\Users\iRoti\Desktop\tt\SMIC\SMIC_all_raw\HS\s8\micro\negative\s8_ne_04\image268337.bmp|C:\Users\iRoti\Desktop\tt\SMIC\SMIC_all_raw\HS\s8\micro\negative\s8_ne_04\image268338.bmp|C:\Users\iRoti\Desktop\tt\SMIC\SMIC_all_raw\HS\s8\micro\negative\s8_ne_04\image268339.bmp|C:\Users\iRoti\Desktop\tt\SMIC\SMIC_all_raw\HS\s8\micro\negative\s8_ne_04\image268340.bmp|C:\Users\iRoti\Desktop\tt\SMIC\SMIC_all_raw\HS\s8\micro\negative\s8_ne_04\image268341.bmp|C:\Users\iRoti\Desktop\tt\SMIC\SMIC_all_raw\HS\s8\micro\negative\s8_ne_04\image268342.bmp|C:\Users\iRoti\Desktop\tt\SMIC\SMIC_all_raw\HS\s8\micro\negative\s8_ne_04\image268343.bmp|C:\Users\iRoti\Desktop\tt\SMIC\SMIC_all_raw\HS\s8\micro\negative\s8_ne_04\image268344.bmp|C:\Users\iRoti\Desktop\tt\SMIC\SMIC_all_raw\HS\s8\micro\negative\s8_ne_04\image268345.bmp|C:\Users\iRoti\Desktop\tt\SMIC\SMIC_all_raw\HS\s8\micro\negative\s8_ne_04\image268346.bmp|C:\Users\iRoti\Desktop\tt\SMIC\SMIC_all_raw\HS\s8\micro\negative\s8_ne_04\image268347.bmp|C:\Users\iRoti\Desktop\tt\SMIC\SMIC_all_raw\HS\s8\micro\negative\s8_ne_04\image268348.bmp|C:\Users\iRoti\Desktop\tt\SMIC\SMIC_all_raw\HS\s8\micro\negative\s8_ne_04\image268349.bmp|C:\Users\iRoti\Desktop\tt\SMIC\SMIC_all_raw\HS\s8\micro\negative\s8_ne_04\image268350.bmp|C:\Users\iRoti\Desktop\tt\SMIC\SMIC_all_raw\HS\s8\micro\negative\s8_ne_04\image268351.bmp|C:\Users\iRoti\Desktop\tt\SMIC\SMIC_all_raw\HS\s8\micro\negative\s8_ne_04\image268352.bmp|C:\Users\iRoti\Desktop\tt\SMIC\SMIC_all_raw\HS\s8\micro\negative\s8_ne_04\image268353.bmp|C:\Users\iRoti\Desktop\tt\SMIC\SMIC_all_raw\HS\s8\micro\negative\s8_ne_04\image268354.bmp|C:\Users\iRoti\Desktop\tt\SMIC\SMIC_all_raw\HS\s8\micro\negative\s8_ne_04\image268355.bmp|C:\Users\iRoti\Desktop\tt\SMIC\SMIC_all_raw\HS\s8\micro\negative\s8_ne_04\image268356.bmp|C:\Users\iRoti\Desktop\tt\SMIC\SMIC_all_raw\HS\s8\micro\negative\s8_ne_04\image268357.bmp
s8,HS_100fps,Negativo,C:\Users\iRoti\Desktop\tt\SMIC\SMIC_all_raw\HS\s8\micro\negative\s8_ne_05\image392225.bmp|C:\Users\iRoti\Desktop\tt\SMIC\SMIC_all_raw\HS\s8\micro\negative\s8_ne_05\image392226.bmp|C:\Users\iRoti\Desktop\tt\SMIC\SMIC_all_raw\HS\s8\micro\negative\s8_ne_05\image392227.bmp|C:\Users\iRoti\Desktop\tt\SMIC\SMIC_all_raw\HS\s8\micro\negative\s8_ne_05\image392228.bmp|C:\Users\iRoti\Desktop\tt\SMIC\SMIC_all_raw\HS\s8\micro\negative\s8_ne_05\image392229.bmp|C:\Users\iRoti\Desktop\tt\SMIC\SMIC_all_raw\HS\s8\micro\negative\s8_ne_05\image392230.bmp|C:\Users\iRoti\Desktop\tt\SMIC\SMIC_all_raw\HS\s8\micro\negative\s8_ne_05\image392231.bmp|C:\Users\iRoti\Desktop\tt\SMIC\SMIC_all_raw\HS\s8\micro\negative\s8_ne_05\image392232.bmp|C:\Users\iRoti\Desktop\tt\SMIC\SMIC_all_raw\HS\s8\micro\negative\s8_ne_05\image392233.bmp|C:\Users\iRoti\Desktop\tt\SMIC\SMIC_all_raw\HS\s8\micro\negative\s8_ne_05\image392234.bmp|C:\Users\iRoti\Desktop\tt\SMIC\SMIC_all_raw\HS\s8\micro\negative\s8_ne_05\image392235.bmp|C:\Users\iRoti\Desktop\tt\SMIC\SMIC_all_raw\HS\s8\micro\negative\s8_ne_05\image392236.bmp|C:\Users\iRoti\Desktop\tt\SMIC\SMIC_all_raw\HS\s8\micro\negative\s8_ne_05\image392237.bmp|C:\Users\iRoti\Desktop\tt\SMIC\SMIC_all_raw\HS\s8\micro\negative\s8_ne_05\image392238.bmp|C:\Users\iRoti\Desktop\tt\SMIC\SMIC_all_raw\HS\s8\micro\negative\s8_ne_05\image392239.bmp|C:\Users\iRoti\Desktop\tt\SMIC\SMIC_all_raw\HS\s8\micro\negative\s8_ne_05\image392240.bmp|C:\Users\iRoti\Desktop\tt\SMIC\SMIC_all_raw\HS\s8\micro\negative\s8_ne_05\image392241.bmp|C:\Users\iRoti\Desktop\tt\SMIC\SMIC_all_raw\HS\s8\micro\negative\s8_ne_05\image392242.bmp|C:\Users\iRoti\Desktop\tt\SMIC\SMIC_all_raw\HS\s8\micro\negative\s8_ne_05\image392243.bmp|C:\Users\iRoti\Desktop\tt\SMIC\SMIC_all_raw\HS\s8\micro\negative\s8_ne_05\image392244.bmp|C:\Users\iRoti\Desktop\tt\SMIC\SMIC_all_raw\HS\s8\micro\negative\s8_ne_05\image392245.bmp|C:\Users\iRoti\Desktop\tt\SMIC\SMIC_all_raw\HS\s8\micro\negative\s8_ne_05\image392246.bmp|C:\Users\iRoti\Desktop\tt\SMIC\SMIC_all_raw\HS\s8\micro\negative\s8_ne_05\image392247.bmp|C:\Users\iRoti\Desktop\tt\SMIC\SMIC_all_raw\HS\s8\micro\negative\s8_ne_05\image392248.bmp|C:\Users\iRoti\Desktop\tt\SMIC\SMIC_all_raw\HS\s8\micro\negative\s8_ne_05\image392249.bmp|C:\Users\iRoti\Desktop\tt\SMIC\SMIC_all_raw\HS\s8\micro\negative\s8_ne_05\image392250.bmp|C:\Users\iRoti\Desktop\tt\SMIC\SMIC_all_raw\HS\s8\micro\negative\s8_ne_05\image392251.bmp|C:\Users\iRoti\Desktop\tt\SMIC\SMIC_all_raw\HS\s8\micro\negative\s8_ne_05\image392252.bmp|C:\Users\iRoti\Desktop\tt\SMIC\SMIC_all_raw\HS\s8\micro\negative\s8_ne_05\image392253.bmp|C:\Users\iRoti\Desktop\tt\SMIC\SMIC_all_raw\HS\s8\micro\negative\s8_ne_05\image392254.bmp|C:\Users\iRoti\Desktop\tt\SMIC\SMIC_all_raw\HS\s8\micro\negative\s8_ne_05\image392255.bmp|C:\Users\iRoti\Desktop\tt\SMIC\SMIC_all_raw\HS\s8\micro\negative\s8_ne_05\image392256.bmp|C:\Users\iRoti\Desktop\tt\SMIC\SMIC_all_raw\HS\s8\micro\negative\s8_ne_05\image392257.bmp|C:\Users\iRoti\Desktop\tt\SMIC\SMIC_all_raw\HS\s8\micro\negative\s8_ne_05\image392258.bmp|C:\Users\iRoti\Desktop\tt\SMIC\SMIC_all_raw\HS\s8\micro\negative\s8_ne_05\image392259.bmp|C:\Users\iRoti\Desktop\tt\SMIC\SMIC_all_raw\HS\s8\micro\negative\s8_ne_05\image392260.bmp|C:\Users\iRoti\Desktop\tt\SMIC\SMIC_all_raw\HS\s8\micro\negative\s8_ne_05\image392261.bmp|C:\Users\iRoti\Desktop\tt\SMIC\SMIC_all_raw\HS\s8\micro\negative\s8_ne_05\image392262.bmp|C:\Users\iRoti\Desktop\tt\SMIC\SMIC_all_raw\HS\s8\micro\negative\s8_ne_05\image392263.bmp|C:\Users\iRoti\Desktop\tt\SMIC\SMIC_all_raw\HS\s8\micro\negative\s8_ne_05\image392264.bmp|C:\Users\iRoti\Desktop\tt\SMIC\SMIC_all_raw\HS\s8\micro\negative\s8_ne_05\image392265.bmp
s8,HS_100fps,Negativo,C:\Users\iRoti\Desktop\tt\SMIC\SMIC_all_raw\HS\s8\micro\negative\s8_ne_06\image389675.bmp|C:\Users\iRoti\Desktop\tt\SMIC\SMIC_all_raw\HS\s8\micro\negative\s8_ne_06\image389676.bmp|C:\Users\iRoti\Desktop\tt\SMIC\SMIC_all_raw\HS\s8\micro\negative\s8_ne_06\image389677.bmp|C:\Users\iRoti\Desktop\tt\SMIC\SMIC_all_raw\HS\s8\micro\negative\s8_ne_06\image389678.bmp|C:\Users\iRoti\Desktop\tt\SMIC\SMIC_all_raw\HS\s8\micro\negative\s8_ne_06\image389679.bmp|C:\Users\iRoti\Desktop\tt\SMIC\SMIC_all_raw\HS\s8\micro\negative\s8_ne_06\image389680.bmp|C:\Users\iRoti\Desktop\tt\SMIC\SMIC_all_raw\HS\s8\micro\negative\s8_ne_06\image389681.bmp|C:\Users\iRoti\Desktop\tt\SMIC\SMIC_all_raw\HS\s8\micro\negative\s8_ne_06\image389682.bmp|C:\Users\iRoti\Desktop\tt\SMIC\SMIC_all_raw\HS\s8\micro\negative\s8_ne_06\image389683.bmp|C:\Users\iRoti\Desktop\tt\SMIC\SMIC_all_raw\HS\s8\micro\negative\s8_ne_06\image389684.bmp|C:\Users\iRoti\Desktop\tt\SMIC\SMIC_all_raw\HS\s8\micro\negative\s8_ne_06\image389685.bmp|C:\Users\iRoti\Desktop\tt\SMIC\SMIC_all_raw\HS\s8\micro\negative\s8_ne_06\image389686.bmp|C:\Users\iRoti\Desktop\tt\SMIC\SMIC_all_raw\HS\s8\micro\negative\s8_ne_06\image389687.bmp|C:\Users\iRoti\Desktop\tt\SMIC\SMIC_all_raw\HS\s8\micro\negative\s8_ne_06\image389688.bmp|C:\Users\iRoti\Desktop\tt\SMIC\SMIC_all_raw\HS\s8\micro\negative\s8_ne_06\image389689.bmp|C:\Users\iRoti\Desktop\tt\SMIC\SMIC_all_raw\HS\s8\micro\negative\s8_ne_06\image389690.bmp|C:\Users\iRoti\Desktop\tt\SMIC\SMIC_all_raw\HS\s8\micro\negative\s8_ne_06\image389691.bmp|C:\Users\iRoti\Desktop\tt\SMIC\SMIC_all_raw\HS\s8\micro\negative\s8_ne_06\image389692.bmp|C:\Users\iRoti\Desktop\tt\SMIC\SMIC_all_raw\HS\s8\micro\negative\s8_ne_06\image389693.bmp|C:\Users\iRoti\Desktop\tt\SMIC\SMIC_all_raw\HS\s8\micro\negative\s8_ne_06\image389694.bmp|C:\Users\iRoti\Desktop\tt\SMIC\SMIC_all_raw\HS\s8\micro\negative\s8_ne_06\image389695.bmp|C:\Users\iRoti\Desktop\tt\SMIC\SMIC_all_raw\HS\s8\micro\negative\s8_ne_06\image389696.bmp|C:\Users\iRoti\Desktop\tt\SMIC\SMIC_all_raw\HS\s8\micro\negative\s8_ne_06\image389697.bmp|C:\Users\iRoti\Desktop\tt\SMIC\SMIC_all_raw\HS\s8\micro\negative\s8_ne_06\image389698.bmp|C:\Users\iRoti\Desktop\tt\SMIC\SMIC_all_raw\HS\s8\micro\negative\s8_ne_06\image389699.bmp|C:\Users\iRoti\Desktop\tt\SMIC\SMIC_all_raw\HS\s8\micro\negative\s8_ne_06\image389700.bmp|C:\Users\iRoti\Desktop\tt\SMIC\SMIC_all_raw\HS\s8\micro\negative\s8_ne_06\image389701.bmp|C:\Users\iRoti\Desktop\tt\SMIC\SMIC_all_raw\HS\s8\micro\negative\s8_ne_06\image389702.bmp|C:\Users\iRoti\Desktop\tt\SMIC\SMIC_all_raw\HS\s8\micro\negative\s8_ne_06\image389703.bmp|C:\Users\iRoti\Desktop\tt\SMIC\SMIC_all_raw\HS\s8\micro\negative\s8_ne_06\image389704.bmp|C:\Users\iRoti\Desktop\tt\SMIC\SMIC_all_raw\HS\s8\micro\negative\s8_ne_06\image389705.bmp|C:\Users\iRoti\Desktop\tt\SMIC\SMIC_all_raw\HS\s8\micro\negative\s8_ne_06\image389706.bmp|C:\Users\iRoti\Desktop\tt\SMIC\SMIC_all_raw\HS\s8\micro\negative\s8_ne_06\image389707.bmp|C:\Users\iRoti\Desktop\tt\SMIC\SMIC_all_raw\HS\s8\micro\negative\s8_ne_06\image389708.bmp|C:\Users\iRoti\Desktop\tt\SMIC\SMIC_all_raw\HS\s8\micro\negative\s8_ne_06\image389709.bmp|C:\Users\iRoti\Desktop\tt\SMIC\SMIC_all_raw\HS\s8\micro\negative\s8_ne_06\image389710.bmp|C:\Users\iRoti\Desktop\tt\SMIC\SMIC_all_raw\HS\s8\micro\negative\s8_ne_06\image389711.bmp|C:\Users\iRoti\Desktop\tt\SMIC\SMIC_all_raw\HS\s8\micro\negative\s8_ne_06\image389712.bmp|C:\Users\iRoti\Desktop\tt\SMIC\SMIC_all_raw\HS\s8\micro\negative\s8_ne_06\image389713.bmp|C:\Users\iRoti\Desktop\tt\SMIC\SMIC_all_raw\HS\s8\micro\negative\s8_ne_06\image389714.bmp|C:\Users\iRoti\Desktop\tt\SMIC\SMIC_all_raw\HS\s8\micro\negative\s8_ne_06\image389715.bmp|C:\Users\iRoti\Desktop\tt\SMIC\SMIC_all_raw\HS\s8\micro\negative\s8_ne_06\image389716.bmp|C:\Users\iRoti\Desktop\tt\SMIC\SMIC_all_raw\HS\s8\micro\negative\s8_ne_06\image389717.bmp|C:\Users\iRoti\Desktop\tt\SMIC\SMIC_all_raw\HS\s8\micro\negative\s8_ne_06\image389718.bmp|C:\Users\iRoti\Desktop\tt\SMIC\SMIC_all_raw\HS\s8\micro\negative\s8_ne_06\image389719.bmp|C:\Users\iRoti\Desktop\tt\SMIC\SMIC_all_raw\HS\s8\micro\negative\s8_ne_06\image389720.bmp|C:\Users\iRoti\Desktop\tt\SMIC\SMIC_all_raw\HS\s8\micro\negative\s8_ne_06\image389721.bmp|C:\Users\iRoti\Desktop\tt\SMIC\SMIC_all_raw\HS\s8\micro\negative\s8_ne_06\image389722.bmp
s8,HS_100fps,Negativo,C:\Users\iRoti\Desktop\tt\SMIC\SMIC_all_raw\HS\s8\micro\negative\s8_ne_07\image394020.bmp|C:\Users\iRoti\Desktop\tt\SMIC\SMIC_all_raw\HS\s8\micro\negative\s8_ne_07\image394021.bmp|C:\Users\iRoti\Desktop\tt\SMIC\SMIC_all_raw\HS\s8\micro\negative\s8_ne_07\image394022.bmp|C:\Users\iRoti\Desktop\tt\SMIC\SMIC_all_raw\HS\s8\micro\negative\s8_ne_07\image394023.bmp|C:\Users\iRoti\Desktop\tt\SMIC\SMIC_all_raw\HS\s8\micro\negative\s8_ne_07\image394024.bmp|C:\Users\iRoti\Desktop\tt\SMIC\SMIC_all_raw\HS\s8\micro\negative\s8_ne_07\image394025.bmp|C:\Users\iRoti\Desktop\tt\SMIC\SMIC_all_raw\HS\s8\micro\negative\s8_ne_07\image394026.bmp|C:\Users\iRoti\Desktop\tt\SMIC\SMIC_all_raw\HS\s8\micro\negative\s8_ne_07\image394027.bmp|C:\Users\iRoti\Desktop\tt\SMIC\SMIC_all_raw\HS\s8\micro\negative\s8_ne_07\image394028.bmp|C:\Users\iRoti\Desktop\tt\SMIC\SMIC_all_raw\HS\s8\micro\negative\s8_ne_07\image394029.bmp|C:\Users\iRoti\Desktop\tt\SMIC\SMIC_all_raw\HS\s8\micro\negative\s8_ne_07\image394030.bmp|C:\Users\iRoti\Desktop\tt\SMIC\SMIC_all_raw\HS\s8\micro\negative\s8_ne_07\image394031.bmp|C:\Users\iRoti\Desktop\tt\SMIC\SMIC_all_raw\HS\s8\micro\negative\s8_ne_07\image394032.bmp|C:\Users\iRoti\Desktop\tt\SMIC\SMIC_all_raw\HS\s8\micro\negative\s8_ne_07\image394033.bmp|C:\Users\iRoti\Desktop\tt\SMIC\SMIC_all_raw\HS\s8\micro\negative\s8_ne_07\image394034.bmp|C:\Users\iRoti\Desktop\tt\SMIC\SMIC_all_raw\HS\s8\micro\negative\s8_ne_07\image394035.bmp|C:\Users\iRoti\Desktop\tt\SMIC\SMIC_all_raw\HS\s8\micro\negative\s8_ne_07\image394036.bmp|C:\Users\iRoti\Desktop\tt\SMIC\SMIC_all_raw\HS\s8\micro\negative\s8_ne_07\image394037.bmp|C:\Users\iRoti\Desktop\tt\SMIC\SMIC_all_raw\HS\s8\micro\negative\s8_ne_07\image394038.bmp|C:\Users\iRoti\Desktop\tt\SMIC\SMIC_all_raw\HS\s8\micro\negative\s8_ne_07\image394039.bmp|C:\Users\iRoti\Desktop\tt\SMIC\SMIC_all_raw\HS\s8\micro\negative\s8_ne_07\image394040.bmp|C:\Users\iRoti\Desktop\tt\SMIC\SMIC_all_raw\HS\s8\micro\negative\s8_ne_07\image394041.bmp|C:\Users\iRoti\Desktop\tt\SMIC\SMIC_all_raw\HS\s8\micro\negative\s8_ne_07\image394042.bmp
s8,HS_100fps,Negativo,C:\Users\iRoti\Desktop\tt\SMIC\SMIC_all_raw\HS\s8\micro\negative\s8_ne_08\image399100.bmp|C:\Users\iRoti\Desktop\tt\SMIC\SMIC_all_raw\HS\s8\micro\negative\s8_ne_08\image399101.bmp|C:\Users\iRoti\Desktop\tt\SMIC\SMIC_all_raw\HS\s8\micro\negative\s8_ne_08\image399102.bmp|C:\Users\iRoti\Desktop\tt\SMIC\SMIC_all_raw\HS\s8\micro\negative\s8_ne_08\image399103.bmp|C:\Users\iRoti\Desktop\tt\SMIC\SMIC_all_raw\HS\s8\micro\negative\s8_ne_08\image399104.bmp|C:\Users\iRoti\Desktop\tt\SMIC\SMIC_all_raw\HS\s8\micro\negative\s8_ne_08\image399105.bmp|C:\Users\iRoti\Desktop\tt\SMIC\SMIC_all_raw\HS\s8\micro\negative\s8_ne_08\image399106.bmp|C:\Users\iRoti\Desktop\tt\SMIC\SMIC_all_raw\HS\s8\micro\negative\s8_ne_08\image399107.bmp|C:\Users\iRoti\Desktop\tt\SMIC\SMIC_all_raw\HS\s8\micro\negative\s8_ne_08\image399108.bmp|C:\Users\iRoti\Desktop\tt\SMIC\SMIC_all_raw\HS\s8\micro\negative\s8_ne_08\image399109.bmp|C:\Users\iRoti\Desktop\tt\SMIC\SMIC_all_raw\HS\s8\micro\negative\s8_ne_08\image399110.bmp|C:\Users\iRoti\Desktop\tt\SMIC\SMIC_all_raw\HS\s8\micro\negative\s8_ne_08\image399111.bmp|C:\Users\iRoti\Desktop\tt\SMIC\SMIC_all_raw\HS\s8\micro\negative\s8_ne_08\image399112.bmp|C:\Users\iRoti\Desktop\tt\SMIC\SMIC_all_raw\HS\s8\micro\negative\s8_ne_08\image399113.bmp|C:\Users\iRoti\Desktop\tt\SMIC\SMIC_all_raw\HS\s8\micro\negative\s8_ne_08\image399114.bmp|C:\Users\iRoti\Desktop\tt\SMIC\SMIC_all_raw\HS\s8\micro\negative\s8_ne_08\image399115.bmp|C:\Users\iRoti\Desktop\tt\SMIC\SMIC_all_raw\HS\s8\micro\negative\s8_ne_08\image399116.bmp|C:\Users\iRoti\Desktop\tt\SMIC\SMIC_all_raw\HS\s8\micro\negative\s8_ne_08\image399117.bmp|C:\Users\iRoti\Desktop\tt\SMIC\SMIC_all_raw\HS\s8\micro\negative\s8_ne_08\image399118.bmp|C:\Users\iRoti\Desktop\tt\SMIC\SMIC_all_raw\HS\s8\micro\negative\s8_ne_08\image399119.bmp|C:\Users\iRoti\Desktop\tt\SMIC\SMIC_all_raw\HS\s8\micro\negative\s8_ne_08\image399120.bmp|C:\Users\iRoti\Desktop\tt\SMIC\SMIC_all_raw\HS\s8\micro\negative\s8_ne_08\image399121.bmp|C:\Users\iRoti\Desktop\tt\SMIC\SMIC_all_raw\HS\s8\micro\negative\s8_ne_08\image399122.bmp|C:\Users\iRoti\Desktop\tt\SMIC\SMIC_all_raw\HS\s8\micro\negative\s8_ne_08\image399123.bmp|C:\Users\iRoti\Desktop\tt\SMIC\SMIC_all_raw\HS\s8\micro\negative\s8_ne_08\image399124.bmp|C:\Users\iRoti\Desktop\tt\SMIC\SMIC_all_raw\HS\s8\micro\negative\s8_ne_08\image399125.bmp|C:\Users\iRoti\Desktop\tt\SMIC\SMIC_all_raw\HS\s8\micro\negative\s8_ne_08\image399126.bmp|C:\Users\iRoti\Desktop\tt\SMIC\SMIC_all_raw\HS\s8\micro\negative\s8_ne_08\image399127.bmp
s8,HS_100fps,Negativo,C:\Users\iRoti\Desktop\tt\SMIC\SMIC_all_raw\HS\s8\micro\negative\s8_ne_09\image416956.bmp|C:\Users\iRoti\Desktop\tt\SMIC\SMIC_all_raw\HS\s8\micro\negative\s8_ne_09\image416957.bmp|C:\Users\iRoti\Desktop\tt\SMIC\SMIC_all_raw\HS\s8\micro\negative\s8_ne_09\image416958.bmp|C:\Users\iRoti\Desktop\tt\SMIC\SMIC_all_raw\HS\s8\micro\negative\s8_ne_09\image416959.bmp|C:\Users\iRoti\Desktop\tt\SMIC\SMIC_all_raw\HS\s8\micro\negative\s8_ne_09\image416960.bmp|C:\Users\iRoti\Desktop\tt\SMIC\SMIC_all_raw\HS\s8\micro\negative\s8_ne_09\image416961.bmp|C:\Users\iRoti\Desktop\tt\SMIC\SMIC_all_raw\HS\s8\micro\negative\s8_ne_09\image416962.bmp|C:\Users\iRoti\Desktop\tt\SMIC\SMIC_all_raw\HS\s8\micro\negative\s8_ne_09\image416963.bmp|C:\Users\iRoti\Desktop\tt\SMIC\SMIC_all_raw\HS\s8\micro\negative\s8_ne_09\image416964.bmp|C:\Users\iRoti\Desktop\tt\SMIC\SMIC_all_raw\HS\s8\micro\negative\s8_ne_09\image416965.bmp|C:\Users\iRoti\Desktop\tt\SMIC\SMIC_all_raw\HS\s8\micro\negative\s8_ne_09\image416966.bmp|C:\Users\iRoti\Desktop\tt\SMIC\SMIC_all_raw\HS\s8\micro\negative\s8_ne_09\image416967.bmp|C:\Users\iRoti\Desktop\tt\SMIC\SMIC_all_raw\HS\s8\micro\negative\s8_ne_09\image416968.bmp|C:\Users\iRoti\Desktop\tt\SMIC\SMIC_all_raw\HS\s8\micro\negative\s8_ne_09\image416969.bmp|C:\Users\iRoti\Desktop\tt\SMIC\SMIC_all_raw\HS\s8\micro\negative\s8_ne_09\image416970.bmp|C:\Users\iRoti\Desktop\tt\SMIC\SMIC_all_raw\HS\s8\micro\negative\s8_ne_09\image416971.bmp|C:\Users\iRoti\Desktop\tt\SMIC\SMIC_all_raw\HS\s8\micro\negative\s8_ne_09\image416972.bmp|C:\Users\iRoti\Desktop\tt\SMIC\SMIC_all_raw\HS\s8\micro\negative\s8_ne_09\image416973.bmp|C:\Users\iRoti\Desktop\tt\SMIC\SMIC_all_raw\HS\s8\micro\negative\s8_ne_09\image416974.bmp|C:\Users\iRoti\Desktop\tt\SMIC\SMIC_all_raw\HS\s8\micro\negative\s8_ne_09\image416975.bmp|C:\Users\iRoti\Desktop\tt\SMIC\SMIC_all_raw\HS\s8\micro\negative\s8_ne_09\image416976.bmp|C:\Users\iRoti\Desktop\tt\SMIC\SMIC_all_raw\HS\s8\micro\negative\s8_ne_09\image416977.bmp|C:\Users\iRoti\Desktop\tt\SMIC\SMIC_all_raw\HS\s8\micro\negative\s8_ne_09\image416978.bmp|C:\Users\iRoti\Desktop\tt\SMIC\SMIC_all_raw\HS\s8\micro\negative\s8_ne_09\image416979.bmp|C:\Users\iRoti\Desktop\tt\SMIC\SMIC_all_raw\HS\s8\micro\negative\s8_ne_09\image416980.bmp|C:\Users\iRoti\Desktop\tt\SMIC\SMIC_all_raw\HS\s8\micro\negative\s8_ne_09\image416981.bmp|C:\Users\iRoti\Desktop\tt\SMIC\SMIC_all_raw\HS\s8\micro\negative\s8_ne_09\image416982.bmp|C:\Users\iRoti\Desktop\tt\SMIC\SMIC_all_raw\HS\s8\micro\negative\s8_ne_09\image416983.bmp|C:\Users\iRoti\Desktop\tt\SMIC\SMIC_all_raw\HS\s8\micro\negative\s8_ne_09\image416984.bmp|C:\Users\iRoti\Desktop\tt\SMIC\SMIC_all_raw\HS\s8\micro\negative\s8_ne_09\image416985.bmp|C:\Users\iRoti\Desktop\tt\SMIC\SMIC_all_raw\HS\s8\micro\negative\s8_ne_09\image416986.bmp|C:\Users\iRoti\Desktop\tt\SMIC\SMIC_all_raw\HS\s8\micro\negative\s8_ne_09\image416987.bmp|C:\Users\iRoti\Desktop\tt\SMIC\SMIC_all_raw\HS\s8\micro\negative\s8_ne_09\image416988.bmp|C:\Users\iRoti\Desktop\tt\SMIC\SMIC_all_raw\HS\s8\micro\negative\s8_ne_09\image416989.bmp|C:\Users\iRoti\Desktop\tt\SMIC\SMIC_all_raw\HS\s8\micro\negative\s8_ne_09\image416990.bmp|C:\Users\iRoti\Desktop\tt\SMIC\SMIC_all_raw\HS\s8\micro\negative\s8_ne_09\image416991.bmp|C:\Users\iRoti\Desktop\tt\SMIC\SMIC_all_raw\HS\s8\micro\negative\s8_ne_09\image416992.bmp|C:\Users\iRoti\Desktop\tt\SMIC\SMIC_all_raw\HS\s8\micro\negative\s8_ne_09\image416993.bmp|C:\Users\iRoti\Desktop\tt\SMIC\SMIC_all_raw\HS\s8\micro\negative\s8_ne_09\image416994.bmp|C:\Users\iRoti\Desktop\tt\SMIC\SMIC_all_raw\HS\s8\micro\negative\s8_ne_09\image416995.bmp
s8,HS_100fps,Felicidad,C:\Users\iRoti\Desktop\tt\SMIC\SMIC_all_raw\HS\s8\micro\positive\s8_po_01\image305253.bmp|C:\Users\iRoti\Desktop\tt\SMIC\SMIC_all_raw\HS\s8\micro\positive\s8_po_01\image305254.bmp|C:\Users\iRoti\Desktop\tt\SMIC\SMIC_all_raw\HS\s8\micro\positive\s8_po_01\image305255.bmp|C:\Users\iRoti\Desktop\tt\SMIC\SMIC_all_raw\HS\s8\micro\positive\s8_po_01\image305256.bmp|C:\Users\iRoti\Desktop\tt\SMIC\SMIC_all_raw\HS\s8\micro\positive\s8_po_01\image305257.bmp|C:\Users\iRoti\Desktop\tt\SMIC\SMIC_all_raw\HS\s8\micro\positive\s8_po_01\image305258.bmp|C:\Users\iRoti\Desktop\tt\SMIC\SMIC_all_raw\HS\s8\micro\positive\s8_po_01\image305259.bmp|C:\Users\iRoti\Desktop\tt\SMIC\SMIC_all_raw\HS\s8\micro\positive\s8_po_01\image305260.bmp|C:\Users\iRoti\Desktop\tt\SMIC\SMIC_all_raw\HS\s8\micro\positive\s8_po_01\image305261.bmp|C:\Users\iRoti\Desktop\tt\SMIC\SMIC_all_raw\HS\s8\micro\positive\s8_po_01\image305262.bmp|C:\Users\iRoti\Desktop\tt\SMIC\SMIC_all_raw\HS\s8\micro\positive\s8_po_01\image305263.bmp|C:\Users\iRoti\Desktop\tt\SMIC\SMIC_all_raw\HS\s8\micro\positive\s8_po_01\image305264.bmp|C:\Users\iRoti\Desktop\tt\SMIC\SMIC_all_raw\HS\s8\micro\positive\s8_po_01\image305265.bmp|C:\Users\iRoti\Desktop\tt\SMIC\SMIC_all_raw\HS\s8\micro\positive\s8_po_01\image305266.bmp|C:\Users\iRoti\Desktop\tt\SMIC\SMIC_all_raw\HS\s8\micro\positive\s8_po_01\image305267.bmp|C:\Users\iRoti\Desktop\tt\SMIC\SMIC_all_raw\HS\s8\micro\positive\s8_po_01\image305268.bmp|C:\Users\iRoti\Desktop\tt\SMIC\SMIC_all_raw\HS\s8\micro\positive\s8_po_01\image305269.bmp|C:\Users\iRoti\Desktop\tt\SMIC\SMIC_all_raw\HS\s8\micro\positive\s8_po_01\image305270.bmp|C:\Users\iRoti\Desktop\tt\SMIC\SMIC_all_raw\HS\s8\micro\positive\s8_po_01\image305271.bmp|C:\Users\iRoti\Desktop\tt\SMIC\SMIC_all_raw\HS\s8\micro\positive\s8_po_01\image305272.bmp|C:\Users\iRoti\Desktop\tt\SMIC\SMIC_all_raw\HS\s8\micro\positive\s8_po_01\image305273.bmp|C:\Users\iRoti\Desktop\tt\SMIC\SMIC_all_raw\HS\s8\micro\positive\s8_po_01\image305274.bmp|C:\Users\iRoti\Desktop\tt\SMIC\SMIC_all_raw\HS\s8\micro\positive\s8_po_01\image305275.bmp|C:\Users\iRoti\Desktop\tt\SMIC\SMIC_all_raw\HS\s8\micro\positive\s8_po_01\image305276.bmp|C:\Users\iRoti\Desktop\tt\SMIC\SMIC_all_raw\HS\s8\micro\positive\s8_po_01\image305277.bmp|C:\Users\iRoti\Desktop\tt\SMIC\SMIC_all_raw\HS\s8\micro\positive\s8_po_01\image305278.bmp|C:\Users\iRoti\Desktop\tt\SMIC\SMIC_all_raw\HS\s8\micro\positive\s8_po_01\image305279.bmp|C:\Users\iRoti\Desktop\tt\SMIC\SMIC_all_raw\HS\s8\micro\positive\s8_po_01\image305280.bmp|C:\Users\iRoti\Desktop\tt\SMIC\SMIC_all_raw\HS\s8\micro\positive\s8_po_01\image305281.bmp|C:\Users\iRoti\Desktop\tt\SMIC\SMIC_all_raw\HS\s8\micro\positive\s8_po_01\image305282.bmp|C:\Users\iRoti\Desktop\tt\SMIC\SMIC_all_raw\HS\s8\micro\positive\s8_po_01\image305283.bmp|C:\Users\iRoti\Desktop\tt\SMIC\SMIC_all_raw\HS\s8\micro\positive\s8_po_01\image305284.bmp|C:\Users\iRoti\Desktop\tt\SMIC\SMIC_all_raw\HS\s8\micro\positive\s8_po_01\image305285.bmp|C:\Users\iRoti\Desktop\tt\SMIC\SMIC_all_raw\HS\s8\micro\positive\s8_po_01\image305286.bmp|C:\Users\iRoti\Desktop\tt\SMIC\SMIC_all_raw\HS\s8\micro\positive\s8_po_01\image305287.bmp|C:\Users\iRoti\Desktop\tt\SMIC\SMIC_all_raw\HS\s8\micro\positive\s8_po_01\image305288.bmp|C:\Users\iRoti\Desktop\tt\SMIC\SMIC_all_raw\HS\s8\micro\positive\s8_po_01\image305289.bmp
s8,HS_100fps,Felicidad,C:\Users\iRoti\Desktop\tt\SMIC\SMIC_all_raw\HS\s8\micro\positive\s8_po_02\image332684.bmp|C:\Users\iRoti\Desktop\tt\SMIC\SMIC_all_raw\HS\s8\micro\positive\s8_po_02\image332685.bmp|C:\Users\iRoti\Desktop\tt\SMIC\SMIC_all_raw\HS\s8\micro\positive\s8_po_02\image332686.bmp|C:\Users\iRoti\Desktop\tt\SMIC\SMIC_all_raw\HS\s8\micro\positive\s8_po_02\image332687.bmp|C:\Users\iRoti\Desktop\tt\SMIC\SMIC_all_raw\HS\s8\micro\positive\s8_po_02\image332688.bmp|C:\Users\iRoti\Desktop\tt\SMIC\SMIC_all_raw\HS\s8\micro\positive\s8_po_02\image332689.bmp|C:\Users\iRoti\Desktop\tt\SMIC\SMIC_all_raw\HS\s8\micro\positive\s8_po_02\image332690.bmp|C:\Users\iRoti\Desktop\tt\SMIC\SMIC_all_raw\HS\s8\micro\positive\s8_po_02\image332691.bmp|C:\Users\iRoti\Desktop\tt\SMIC\SMIC_all_raw\HS\s8\micro\positive\s8_po_02\image332692.bmp|C:\Users\iRoti\Desktop\tt\SMIC\SMIC_all_raw\HS\s8\micro\positive\s8_po_02\image332693.bmp|C:\Users\iRoti\Desktop\tt\SMIC\SMIC_all_raw\HS\s8\micro\positive\s8_po_02\image332694.bmp|C:\Users\iRoti\Desktop\tt\SMIC\SMIC_all_raw\HS\s8\micro\positive\s8_po_02\image332695.bmp|C:\Users\iRoti\Desktop\tt\SMIC\SMIC_all_raw\HS\s8\micro\positive\s8_po_02\image332696.bmp|C:\Users\iRoti\Desktop\tt\SMIC\SMIC_all_raw\HS\s8\micro\positive\s8_po_02\image332697.bmp|C:\Users\iRoti\Desktop\tt\SMIC\SMIC_all_raw\HS\s8\micro\positive\s8_po_02\image332698.bmp|C:\Users\iRoti\Desktop\tt\SMIC\SMIC_all_raw\HS\s8\micro\positive\s8_po_02\image332699.bmp|C:\Users\iRoti\Desktop\tt\SMIC\SMIC_all_raw\HS\s8\micro\positive\s8_po_02\image332700.bmp|C:\Users\iRoti\Desktop\tt\SMIC\SMIC_all_raw\HS\s8\micro\positive\s8_po_02\image332701.bmp|C:\Users\iRoti\Desktop\tt\SMIC\SMIC_all_raw\HS\s8\micro\positive\s8_po_02\image332702.bmp|C:\Users\iRoti\Desktop\tt\SMIC\SMIC_all_raw\HS\s8\micro\positive\s8_po_02\image332703.bmp|C:\Users\iRoti\Desktop\tt\SMIC\SMIC_all_raw\HS\s8\micro\positive\s8_po_02\image332704.bmp|C:\Users\iRoti\Desktop\tt\SMIC\SMIC_all_raw\HS\s8\micro\positive\s8_po_02\image332705.bmp|C:\Users\iRoti\Desktop\tt\SMIC\SMIC_all_raw\HS\s8\micro\positive\s8_po_02\image332706.bmp|C:\Users\iRoti\Desktop\tt\SMIC\SMIC_all_raw\HS\s8\micro\positive\s8_po_02\image332707.bmp|C:\Users\iRoti\Desktop\tt\SMIC\SMIC_all_raw\HS\s8\micro\positive\s8_po_02\image332708.bmp|C:\Users\iRoti\Desktop\tt\SMIC\SMIC_all_raw\HS\s8\micro\positive\s8_po_02\image332709.bmp|C:\Users\iRoti\Desktop\tt\SMIC\SMIC_all_raw\HS\s8\micro\positive\s8_po_02\image332710.bmp|C:\Users\iRoti\Desktop\tt\SMIC\SMIC_all_raw\HS\s8\micro\positive\s8_po_02\image332711.bmp
s8,HS_100fps,Felicidad,C:\Users\iRoti\Desktop\tt\SMIC\SMIC_all_raw\HS\s8\micro\positive\s8_po_03\image405004.bmp|C:\Users\iRoti\Desktop\tt\SMIC\SMIC_all_raw\HS\s8\micro\positive\s8_po_03\image405005.bmp|C:\Users\iRoti\Desktop\tt\SMIC\SMIC_all_raw\HS\s8\micro\positive\s8_po_03\image405006.bmp|C:\Users\iRoti\Desktop\tt\SMIC\SMIC_all_raw\HS\s8\micro\positive\s8_po_03\image405007.bmp|C:\Users\iRoti\Desktop\tt\SMIC\SMIC_all_raw\HS\s8\micro\positive\s8_po_03\image405008.bmp|C:\Users\iRoti\Desktop\tt\SMIC\SMIC_all_raw\HS\s8\micro\positive\s8_po_03\image405009.bmp|C:\Users\iRoti\Desktop\tt\SMIC\SMIC_all_raw\HS\s8\micro\positive\s8_po_03\image405010.bmp|C:\Users\iRoti\Desktop\tt\SMIC\SMIC_all_raw\HS\s8\micro\positive\s8_po_03\image405011.bmp|C:\Users\iRoti\Desktop\tt\SMIC\SMIC_all_raw\HS\s8\micro\positive\s8_po_03\image405012.bmp|C:\Users\iRoti\Desktop\tt\SMIC\SMIC_all_raw\HS\s8\micro\positive\s8_po_03\image405013.bmp|C:\Users\iRoti\Desktop\tt\SMIC\SMIC_all_raw\HS\s8\micro\positive\s8_po_03\image405014.bmp|C:\Users\iRoti\Desktop\tt\SMIC\SMIC_all_raw\HS\s8\micro\positive\s8_po_03\image405015.bmp|C:\Users\iRoti\Desktop\tt\SMIC\SMIC_all_raw\HS\s8\micro\positive\s8_po_03\image405016.bmp|C:\Users\iRoti\Desktop\tt\SMIC\SMIC_all_raw\HS\s8\micro\positive\s8_po_03\image405017.bmp|C:\Users\iRoti\Desktop\tt\SMIC\SMIC_all_raw\HS\s8\micro\positive\s8_po_03\image405018.bmp|C:\Users\iRoti\Desktop\tt\SMIC\SMIC_all_raw\HS\s8\micro\positive\s8_po_03\image405019.bmp|C:\Users\iRoti\Desktop\tt\SMIC\SMIC_all_raw\HS\s8\micro\positive\s8_po_03\image405020.bmp|C:\Users\iRoti\Desktop\tt\SMIC\SMIC_all_raw\HS\s8\micro\positive\s8_po_03\image405021.bmp|C:\Users\iRoti\Desktop\tt\SMIC\SMIC_all_raw\HS\s8\micro\positive\s8_po_03\image405022.bmp|C:\Users\iRoti\Desktop\tt\SMIC\SMIC_all_raw\HS\s8\micro\positive\s8_po_03\image405023.bmp|C:\Users\iRoti\Desktop\tt\SMIC\SMIC_all_raw\HS\s8\micro\positive\s8_po_03\image405024.bmp|C:\Users\iRoti\Desktop\tt\SMIC\SMIC_all_raw\HS\s8\micro\positive\s8_po_03\image405025.bmp|C:\Users\iRoti\Desktop\tt\SMIC\SMIC_all_raw\HS\s8\micro\positive\s8_po_03\image405026.bmp|C:\Users\iRoti\Desktop\tt\SMIC\SMIC_all_raw\HS\s8\micro\positive\s8_po_03\image405027.bmp|C:\Users\iRoti\Desktop\tt\SMIC\SMIC_all_raw\HS\s8\micro\positive\s8_po_03\image405028.bmp|C:\Users\iRoti\Desktop\tt\SMIC\SMIC_all_raw\HS\s8\micro\positive\s8_po_03\image405029.bmp|C:\Users\iRoti\Desktop\tt\SMIC\SMIC_all_raw\HS\s8\micro\positive\s8_po_03\image405030.bmp|C:\Users\iRoti\Desktop\tt\SMIC\SMIC_all_raw\HS\s8\micro\positive\s8_po_03\image405031.bmp|C:\Users\iRoti\Desktop\tt\SMIC\SMIC_all_raw\HS\s8\micro\positive\s8_po_03\image405032.bmp|C:\Users\iRoti\Desktop\tt\SMIC\SMIC_all_raw\HS\s8\micro\positive\s8_po_03\image405033.bmp|C:\Users\iRoti\Desktop\tt\SMIC\SMIC_all_raw\HS\s8\micro\positive\s8_po_03\image405034.bmp|C:\Users\iRoti\Desktop\tt\SMIC\SMIC_all_raw\HS\s8\micro\positive\s8_po_03\image405035.bmp
s8,HS_100fps,Felicidad,C:\Users\iRoti\Desktop\tt\SMIC\SMIC_all_raw\HS\s8\micro\positive\s8_po_04\image406204.bmp|C:\Users\iRoti\Desktop\tt\SMIC\SMIC_all_raw\HS\s8\micro\positive\s8_po_04\image406205.bmp|C:\Users\iRoti\Desktop\tt\SMIC\SMIC_all_raw\HS\s8\micro\positive\s8_po_04\image406206.bmp|C:\Users\iRoti\Desktop\tt\SMIC\SMIC_all_raw\HS\s8\micro\positive\s8_po_04\image406207.bmp|C:\Users\iRoti\Desktop\tt\SMIC\SMIC_all_raw\HS\s8\micro\positive\s8_po_04\image406208.bmp|C:\Users\iRoti\Desktop\tt\SMIC\SMIC_all_raw\HS\s8\micro\positive\s8_po_04\image406209.bmp|C:\Users\iRoti\Desktop\tt\SMIC\SMIC_all_raw\HS\s8\micro\positive\s8_po_04\image406210.bmp|C:\Users\iRoti\Desktop\tt\SMIC\SMIC_all_raw\HS\s8\micro\positive\s8_po_04\image406211.bmp|C:\Users\iRoti\Desktop\tt\SMIC\SMIC_all_raw\HS\s8\micro\positive\s8_po_04\image406212.bmp|C:\Users\iRoti\Desktop\tt\SMIC\SMIC_all_raw\HS\s8\micro\positive\s8_po_04\image406213.bmp|C:\Users\iRoti\Desktop\tt\SMIC\SMIC_all_raw\HS\s8\micro\positive\s8_po_04\image406214.bmp|C:\Users\iRoti\Desktop\tt\SMIC\SMIC_all_raw\HS\s8\micro\positive\s8_po_04\image406215.bmp|C:\Users\iRoti\Desktop\tt\SMIC\SMIC_all_raw\HS\s8\micro\positive\s8_po_04\image406216.bmp|C:\Users\iRoti\Desktop\tt\SMIC\SMIC_all_raw\HS\s8\micro\positive\s8_po_04\image406217.bmp|C:\Users\iRoti\Desktop\tt\SMIC\SMIC_all_raw\HS\s8\micro\positive\s8_po_04\image406218.bmp|C:\Users\iRoti\Desktop\tt\SMIC\SMIC_all_raw\HS\s8\micro\positive\s8_po_04\image406219.bmp|C:\Users\iRoti\Desktop\tt\SMIC\SMIC_all_raw\HS\s8\micro\positive\s8_po_04\image406220.bmp|C:\Users\iRoti\Desktop\tt\SMIC\SMIC_all_raw\HS\s8\micro\positive\s8_po_04\image406221.bmp|C:\Users\iRoti\Desktop\tt\SMIC\SMIC_all_raw\HS\s8\micro\positive\s8_po_04\image406222.bmp|C:\Users\iRoti\Desktop\tt\SMIC\SMIC_all_raw\HS\s8\micro\positive\s8_po_04\image406223.bmp|C:\Users\iRoti\Desktop\tt\SMIC\SMIC_all_raw\HS\s8\micro\positive\s8_po_04\image406224.bmp|C:\Users\iRoti\Desktop\tt\SMIC\SMIC_all_raw\HS\s8\micro\positive\s8_po_04\image406225.bmp|C:\Users\iRoti\Desktop\tt\SMIC\SMIC_all_raw\HS\s8\micro\positive\s8_po_04\image406226.bmp|C:\Users\iRoti\Desktop\tt\SMIC\SMIC_all_raw\HS\s8\micro\positive\s8_po_04\image406227.bmp|C:\Users\iRoti\Desktop\tt\SMIC\SMIC_all_raw\HS\s8\micro\positive\s8_po_04\image406228.bmp|C:\Users\iRoti\Desktop\tt\SMIC\SMIC_all_raw\HS\s8\micro\positive\s8_po_04\image406229.bmp|C:\Users\iRoti\Desktop\tt\SMIC\SMIC_all_raw\HS\s8\micro\positive\s8_po_04\image406230.bmp|C:\Users\iRoti\Desktop\tt\SMIC\SMIC_all_raw\HS\s8\micro\positive\s8_po_04\image406231.bmp|C:\Users\iRoti\Desktop\tt\SMIC\SMIC_all_raw\HS\s8\micro\positive\s8_po_04\image406232.bmp|C:\Users\iRoti\Desktop\tt\SMIC\SMIC_all_raw\HS\s8\micro\positive\s8_po_04\image406233.bmp|C:\Users\iRoti\Desktop\tt\SMIC\SMIC_all_raw\HS\s8\micro\positive\s8_po_04\image406234.bmp|C:\Users\iRoti\Desktop\tt\SMIC\SMIC_all_raw\HS\s8\micro\positive\s8_po_04\image406235.bmp|C:\Users\iRoti\Desktop\tt\SMIC\SMIC_all_raw\HS\s8\micro\positive\s8_po_04\image406236.bmp|C:\Users\iRoti\Desktop\tt\SMIC\SMIC_all_raw\HS\s8\micro\positive\s8_po_04\image406237.bmp|C:\Users\iRoti\Desktop\tt\SMIC\SMIC_all_raw\HS\s8\micro\positive\s8_po_04\image406238.bmp|C:\Users\iRoti\Desktop\tt\SMIC\SMIC_all_raw\HS\s8\micro\positive\s8_po_04\image406239.bmp|C:\Users\iRoti\Desktop\tt\SMIC\SMIC_all_raw\HS\s8\micro\positive\s8_po_04\image406240.bmp|C:\Users\iRoti\Desktop\tt\SMIC\SMIC_all_raw\HS\s8\micro\positive\s8_po_04\image406241.bmp|C:\Users\iRoti\Desktop\tt\SMIC\SMIC_all_raw\HS\s8\micro\positive\s8_po_04\image406242.bmp|C:\Users\iRoti\Desktop\tt\SMIC\SMIC_all_raw\HS\s8\micro\positive\s8_po_04\image406243.bmp|C:\Users\iRoti\Desktop\tt\SMIC\SMIC_all_raw\HS\s8\micro\positive\s8_po_04\image406244.bmp
s8,HS_100fps,Neutral,C:\Users\iRoti\Desktop\tt\SMIC\SMIC_all_raw\HS\s8\non_micro\s8_n1\image255390.bmp|C:\Users\iRoti\Desktop\tt\SMIC\SMIC_all_raw\HS\s8\non_micro\s8_n1\image255391.bmp|C:\Users\iRoti\Desktop\tt\SMIC\SMIC_all_raw\HS\s8\non_micro\s8_n1\image255392.bmp|C:\Users\iRoti\Desktop\tt\SMIC\SMIC_all_raw\HS\s8\non_micro\s8_n1\image255393.bmp|C:\Users\iRoti\Desktop\tt\SMIC\SMIC_all_raw\HS\s8\non_micro\s8_n1\image255394.bmp|C:\Users\iRoti\Desktop\tt\SMIC\SMIC_all_raw\HS\s8\non_micro\s8_n1\image255395.bmp|C:\Users\iRoti\Desktop\tt\SMIC\SMIC_all_raw\HS\s8\non_micro\s8_n1\image255396.bmp|C:\Users\iRoti\Desktop\tt\SMIC\SMIC_all_raw\HS\s8\non_micro\s8_n1\image255397.bmp|C:\Users\iRoti\Desktop\tt\SMIC\SMIC_all_raw\HS\s8\non_micro\s8_n1\image255398.bmp|C:\Users\iRoti\Desktop\tt\SMIC\SMIC_all_raw\HS\s8\non_micro\s8_n1\image255399.bmp|C:\Users\iRoti\Desktop\tt\SMIC\SMIC_all_raw\HS\s8\non_micro\s8_n1\image255400.bmp|C:\Users\iRoti\Desktop\tt\SMIC\SMIC_all_raw\HS\s8\non_micro\s8_n1\image255401.bmp|C:\Users\iRoti\Desktop\tt\SMIC\SMIC_all_raw\HS\s8\non_micro\s8_n1\image255402.bmp|C:\Users\iRoti\Desktop\tt\SMIC\SMIC_all_raw\HS\s8\non_micro\s8_n1\image255403.bmp|C:\Users\iRoti\Desktop\tt\SMIC\SMIC_all_raw\HS\s8\non_micro\s8_n1\image255404.bmp|C:\Users\iRoti\Desktop\tt\SMIC\SMIC_all_raw\HS\s8\non_micro\s8_n1\image255405.bmp|C:\Users\iRoti\Desktop\tt\SMIC\SMIC_all_raw\HS\s8\non_micro\s8_n1\image255406.bmp|C:\Users\iRoti\Desktop\tt\SMIC\SMIC_all_raw\HS\s8\non_micro\s8_n1\image255407.bmp|C:\Users\iRoti\Desktop\tt\SMIC\SMIC_all_raw\HS\s8\non_micro\s8_n1\image255408.bmp|C:\Users\iRoti\Desktop\tt\SMIC\SMIC_all_raw\HS\s8\non_micro\s8_n1\image255409.bmp|C:\Users\iRoti\Desktop\tt\SMIC\SMIC_all_raw\HS\s8\non_micro\s8_n1\image255410.bmp|C:\Users\iRoti\Desktop\tt\SMIC\SMIC_all_raw\HS\s8\non_micro\s8_n1\image255411.bmp|C:\Users\iRoti\Desktop\tt\SMIC\SMIC_all_raw\HS\s8\non_micro\s8_n1\image255412.bmp|C:\Users\iRoti\Desktop\tt\SMIC\SMIC_all_raw\HS\s8\non_micro\s8_n1\image255413.bmp|C:\Users\iRoti\Desktop\tt\SMIC\SMIC_all_raw\HS\s8\non_micro\s8_n1\image255414.bmp|C:\Users\iRoti\Desktop\tt\SMIC\SMIC_all_raw\HS\s8\non_micro\s8_n1\image255415.bmp|C:\Users\iRoti\Desktop\tt\SMIC\SMIC_all_raw\HS\s8\non_micro\s8_n1\image255416.bmp|C:\Users\iRoti\Desktop\tt\SMIC\SMIC_all_raw\HS\s8\non_micro\s8_n1\image255417.bmp|C:\Users\iRoti\Desktop\tt\SMIC\SMIC_all_raw\HS\s8\non_micro\s8_n1\image255418.bmp|C:\Users\iRoti\Desktop\tt\SMIC\SMIC_all_raw\HS\s8\non_micro\s8_n1\image255419.bmp|C:\Users\iRoti\Desktop\tt\SMIC\SMIC_all_raw\HS\s8\non_micro\s8_n1\image255420.bmp|C:\Users\iRoti\Desktop\tt\SMIC\SMIC_all_raw\HS\s8\non_micro\s8_n1\image255421.bmp|C:\Users\iRoti\Desktop\tt\SMIC\SMIC_all_raw\HS\s8\non_micro\s8_n1\image255422.bmp|C:\Users\iRoti\Desktop\tt\SMIC\SMIC_all_raw\HS\s8\non_micro\s8_n1\image255423.bmp|C:\Users\iRoti\Desktop\tt\SMIC\SMIC_all_raw\HS\s8\non_micro\s8_n1\image255424.bmp|C:\Users\iRoti\Desktop\tt\SMIC\SMIC_all_raw\HS\s8\non_micro\s8_n1\image255425.bmp|C:\Users\iRoti\Desktop\tt\SMIC\SMIC_all_raw\HS\s8\non_micro\s8_n1\image255426.bmp|C:\Users\iRoti\Desktop\tt\SMIC\SMIC_all_raw\HS\s8\non_micro\s8_n1\image255427.bmp|C:\Users\iRoti\Desktop\tt\SMIC\SMIC_all_raw\HS\s8\non_micro\s8_n1\image255428.bmp|C:\Users\iRoti\Desktop\tt\SMIC\SMIC_all_raw\HS\s8\non_micro\s8_n1\image255429.bmp|C:\Users\iRoti\Desktop\tt\SMIC\SMIC_all_raw\HS\s8\non_micro\s8_n1\image255430.bmp|C:\Users\iRoti\Desktop\tt\SMIC\SMIC_all_raw\HS\s8\non_micro\s8_n1\image255431.bmp|C:\Users\iRoti\Desktop\tt\SMIC\SMIC_all_raw\HS\s8\non_micro\s8_n1\image255432.bmp|C:\Users\iRoti\Desktop\tt\SMIC\SMIC_all_raw\HS\s8\non_micro\s8_n1\image255433.bmp|C:\Users\iRoti\Desktop\tt\SMIC\SMIC_all_raw\HS\s8\non_micro\s8_n1\image255434.bmp|C:\Users\iRoti\Desktop\tt\SMIC\SMIC_all_raw\HS\s8\non_micro\s8_n1\image255435.bmp|C:\Users\iRoti\Desktop\tt\SMIC\SMIC_all_raw\HS\s8\non_micro\s8_n1\image255436.bmp|C:\Users\iRoti\Desktop\tt\SMIC\SMIC_all_raw\HS\s8\non_micro\s8_n1\image255437.bmp
s8,HS_100fps,Neutral,C:\Users\iRoti\Desktop\tt\SMIC\SMIC_all_raw\HS\s8\non_micro\s8_n10\image314419.bmp|C:\Users\iRoti\Desktop\tt\SMIC\SMIC_all_raw\HS\s8\non_micro\s8_n10\image314420.bmp|C:\Users\iRoti\Desktop\tt\SMIC\SMIC_all_raw\HS\s8\non_micro\s8_n10\image314421.bmp|C:\Users\iRoti\Desktop\tt\SMIC\SMIC_all_raw\HS\s8\non_micro\s8_n10\image314422.bmp|C:\Users\iRoti\Desktop\tt\SMIC\SMIC_all_raw\HS\s8\non_micro\s8_n10\image314423.bmp|C:\Users\iRoti\Desktop\tt\SMIC\SMIC_all_raw\HS\s8\non_micro\s8_n10\image314424.bmp|C:\Users\iRoti\Desktop\tt\SMIC\SMIC_all_raw\HS\s8\non_micro\s8_n10\image314425.bmp|C:\Users\iRoti\Desktop\tt\SMIC\SMIC_all_raw\HS\s8\non_micro\s8_n10\image314426.bmp|C:\Users\iRoti\Desktop\tt\SMIC\SMIC_all_raw\HS\s8\non_micro\s8_n10\image314427.bmp|C:\Users\iRoti\Desktop\tt\SMIC\SMIC_all_raw\HS\s8\non_micro\s8_n10\image314428.bmp|C:\Users\iRoti\Desktop\tt\SMIC\SMIC_all_raw\HS\s8\non_micro\s8_n10\image314429.bmp|C:\Users\iRoti\Desktop\tt\SMIC\SMIC_all_raw\HS\s8\non_micro\s8_n10\image314430.bmp|C:\Users\iRoti\Desktop\tt\SMIC\SMIC_all_raw\HS\s8\non_micro\s8_n10\image314431.bmp|C:\Users\iRoti\Desktop\tt\SMIC\SMIC_all_raw\HS\s8\non_micro\s8_n10\image314432.bmp|C:\Users\iRoti\Desktop\tt\SMIC\SMIC_all_raw\HS\s8\non_micro\s8_n10\image314433.bmp|C:\Users\iRoti\Desktop\tt\SMIC\SMIC_all_raw\HS\s8\non_micro\s8_n10\image314434.bmp|C:\Users\iRoti\Desktop\tt\SMIC\SMIC_all_raw\HS\s8\non_micro\s8_n10\image314435.bmp|C:\Users\iRoti\Desktop\tt\SMIC\SMIC_all_raw\HS\s8\non_micro\s8_n10\image314436.bmp|C:\Users\iRoti\Desktop\tt\SMIC\SMIC_all_raw\HS\s8\non_micro\s8_n10\image314437.bmp|C:\Users\iRoti\Desktop\tt\SMIC\SMIC_all_raw\HS\s8\non_micro\s8_n10\image314438.bmp|C:\Users\iRoti\Desktop\tt\SMIC\SMIC_all_raw\HS\s8\non_micro\s8_n10\image314439.bmp|C:\Users\iRoti\Desktop\tt\SMIC\SMIC_all_raw\HS\s8\non_micro\s8_n10\image314440.bmp|C:\Users\iRoti\Desktop\tt\SMIC\SMIC_all_raw\HS\s8\non_micro\s8_n10\image314441.bmp|C:\Users\iRoti\Desktop\tt\SMIC\SMIC_all_raw\HS\s8\non_micro\s8_n10\image314442.bmp|C:\Users\iRoti\Desktop\tt\SMIC\SMIC_all_raw\HS\s8\non_micro\s8_n10\image314443.bmp|C:\Users\iRoti\Desktop\tt\SMIC\SMIC_all_raw\HS\s8\non_micro\s8_n10\image314444.bmp|C:\Users\iRoti\Desktop\tt\SMIC\SMIC_all_raw\HS\s8\non_micro\s8_n10\image314445.bmp|C:\Users\iRoti\Desktop\tt\SMIC\SMIC_all_raw\HS\s8\non_micro\s8_n10\image314446.bmp|C:\Users\iRoti\Desktop\tt\SMIC\SMIC_all_raw\HS\s8\non_micro\s8_n10\image314447.bmp|C:\Users\iRoti\Desktop\tt\SMIC\SMIC_all_raw\HS\s8\non_micro\s8_n10\image314448.bmp|C:\Users\iRoti\Desktop\tt\SMIC\SMIC_all_raw\HS\s8\non_micro\s8_n10\image314449.bmp|C:\Users\iRoti\Desktop\tt\SMIC\SMIC_all_raw\HS\s8\non_micro\s8_n10\image314450.bmp|C:\Users\iRoti\Desktop\tt\SMIC\SMIC_all_raw\HS\s8\non_micro\s8_n10\image314451.bmp|C:\Users\iRoti\Desktop\tt\SMIC\SMIC_all_raw\HS\s8\non_micro\s8_n10\image314452.bmp|C:\Users\iRoti\Desktop\tt\SMIC\SMIC_all_raw\HS\s8\non_micro\s8_n10\image314453.bmp|C:\Users\iRoti\Desktop\tt\SMIC\SMIC_all_raw\HS\s8\non_micro\s8_n10\image314454.bmp|C:\Users\iRoti\Desktop\tt\SMIC\SMIC_all_raw\HS\s8\non_micro\s8_n10\image314455.bmp|C:\Users\iRoti\Desktop\tt\SMIC\SMIC_all_raw\HS\s8\non_micro\s8_n10\image314456.bmp|C:\Users\iRoti\Desktop\tt\SMIC\SMIC_all_raw\HS\s8\non_micro\s8_n10\image314457.bmp|C:\Users\iRoti\Desktop\tt\SMIC\SMIC_all_raw\HS\s8\non_micro\s8_n10\image314458.bmp|C:\Users\iRoti\Desktop\tt\SMIC\SMIC_all_raw\HS\s8\non_micro\s8_n10\image314459.bmp|C:\Users\iRoti\Desktop\tt\SMIC\SMIC_all_raw\HS\s8\non_micro\s8_n10\image314460.bmp|C:\Users\iRoti\Desktop\tt\SMIC\SMIC_all_raw\HS\s8\non_micro\s8_n10\image314461.bmp|C:\Users\iRoti\Desktop\tt\SMIC\SMIC_all_raw\HS\s8\non_micro\s8_n10\image314462.bmp
s8,HS_100fps,Neutral,C:\Users\iRoti\Desktop\tt\SMIC\SMIC_all_raw\HS\s8\non_micro\s8_n11\image341854.bmp|C:\Users\iRoti\Desktop\tt\SMIC\SMIC_all_raw\HS\s8\non_micro\s8_n11\image341855.bmp|C:\Users\iRoti\Desktop\tt\SMIC\SMIC_all_raw\HS\s8\non_micro\s8_n11\image341856.bmp|C:\Users\iRoti\Desktop\tt\SMIC\SMIC_all_raw\HS\s8\non_micro\s8_n11\image341857.bmp|C:\Users\iRoti\Desktop\tt\SMIC\SMIC_all_raw\HS\s8\non_micro\s8_n11\image341858.bmp|C:\Users\iRoti\Desktop\tt\SMIC\SMIC_all_raw\HS\s8\non_micro\s8_n11\image341859.bmp|C:\Users\iRoti\Desktop\tt\SMIC\SMIC_all_raw\HS\s8\non_micro\s8_n11\image341860.bmp|C:\Users\iRoti\Desktop\tt\SMIC\SMIC_all_raw\HS\s8\non_micro\s8_n11\image341861.bmp|C:\Users\iRoti\Desktop\tt\SMIC\SMIC_all_raw\HS\s8\non_micro\s8_n11\image341862.bmp|C:\Users\iRoti\Desktop\tt\SMIC\SMIC_all_raw\HS\s8\non_micro\s8_n11\image341863.bmp|C:\Users\iRoti\Desktop\tt\SMIC\SMIC_all_raw\HS\s8\non_micro\s8_n11\image341864.bmp|C:\Users\iRoti\Desktop\tt\SMIC\SMIC_all_raw\HS\s8\non_micro\s8_n11\image341865.bmp|C:\Users\iRoti\Desktop\tt\SMIC\SMIC_all_raw\HS\s8\non_micro\s8_n11\image341866.bmp|C:\Users\iRoti\Desktop\tt\SMIC\SMIC_all_raw\HS\s8\non_micro\s8_n11\image341867.bmp|C:\Users\iRoti\Desktop\tt\SMIC\SMIC_all_raw\HS\s8\non_micro\s8_n11\image341868.bmp|C:\Users\iRoti\Desktop\tt\SMIC\SMIC_all_raw\HS\s8\non_micro\s8_n11\image341869.bmp|C:\Users\iRoti\Desktop\tt\SMIC\SMIC_all_raw\HS\s8\non_micro\s8_n11\image341870.bmp|C:\Users\iRoti\Desktop\tt\SMIC\SMIC_all_raw\HS\s8\non_micro\s8_n11\image341871.bmp|C:\Users\iRoti\Desktop\tt\SMIC\SMIC_all_raw\HS\s8\non_micro\s8_n11\image341872.bmp|C:\Users\iRoti\Desktop\tt\SMIC\SMIC_all_raw\HS\s8\non_micro\s8_n11\image341873.bmp|C:\Users\iRoti\Desktop\tt\SMIC\SMIC_all_raw\HS\s8\non_micro\s8_n11\image341874.bmp|C:\Users\iRoti\Desktop\tt\SMIC\SMIC_all_raw\HS\s8\non_micro\s8_n11\image341875.bmp|C:\Users\iRoti\Desktop\tt\SMIC\SMIC_all_raw\HS\s8\non_micro\s8_n11\image341876.bmp|C:\Users\iRoti\Desktop\tt\SMIC\SMIC_all_raw\HS\s8\non_micro\s8_n11\image341877.bmp|C:\Users\iRoti\Desktop\tt\SMIC\SMIC_all_raw\HS\s8\non_micro\s8_n11\image341878.bmp|C:\Users\iRoti\Desktop\tt\SMIC\SMIC_all_raw\HS\s8\non_micro\s8_n11\image341879.bmp|C:\Users\iRoti\Desktop\tt\SMIC\SMIC_all_raw\HS\s8\non_micro\s8_n11\image341880.bmp|C:\Users\iRoti\Desktop\tt\SMIC\SMIC_all_raw\HS\s8\non_micro\s8_n11\image341881.bmp|C:\Users\iRoti\Desktop\tt\SMIC\SMIC_all_raw\HS\s8\non_micro\s8_n11\image341882.bmp|C:\Users\iRoti\Desktop\tt\SMIC\SMIC_all_raw\HS\s8\non_micro\s8_n11\image341883.bmp|C:\Users\iRoti\Desktop\tt\SMIC\SMIC_all_raw\HS\s8\non_micro\s8_n11\image341884.bmp|C:\Users\iRoti\Desktop\tt\SMIC\SMIC_all_raw\HS\s8\non_micro\s8_n11\image341885.bmp|C:\Users\iRoti\Desktop\tt\SMIC\SMIC_all_raw\HS\s8\non_micro\s8_n11\image341886.bmp|C:\Users\iRoti\Desktop\tt\SMIC\SMIC_all_raw\HS\s8\non_micro\s8_n11\image341887.bmp|C:\Users\iRoti\Desktop\tt\SMIC\SMIC_all_raw\HS\s8\non_micro\s8_n11\image341888.bmp|C:\Users\iRoti\Desktop\tt\SMIC\SMIC_all_raw\HS\s8\non_micro\s8_n11\image341889.bmp|C:\Users\iRoti\Desktop\tt\SMIC\SMIC_all_raw\HS\s8\non_micro\s8_n11\image341890.bmp|C:\Users\iRoti\Desktop\tt\SMIC\SMIC_all_raw\HS\s8\non_micro\s8_n11\image341891.bmp|C:\Users\iRoti\Desktop\tt\SMIC\SMIC_all_raw\HS\s8\non_micro\s8_n11\image341892.bmp|C:\Users\iRoti\Desktop\tt\SMIC\SMIC_all_raw\HS\s8\non_micro\s8_n11\image341893.bmp
s8,HS_100fps,Neutral,C:\Users\iRoti\Desktop\tt\SMIC\SMIC_all_raw\HS\s8\non_micro\s8_n12\image389577.bmp|C:\Users\iRoti\Desktop\tt\SMIC\SMIC_all_raw\HS\s8\non_micro\s8_n12\image389578.bmp|C:\Users\iRoti\Desktop\tt\SMIC\SMIC_all_raw\HS\s8\non_micro\s8_n12\image389579.bmp|C:\Users\iRoti\Desktop\tt\SMIC\SMIC_all_raw\HS\s8\non_micro\s8_n12\image389580.bmp|C:\Users\iRoti\Desktop\tt\SMIC\SMIC_all_raw\HS\s8\non_micro\s8_n12\image389581.bmp|C:\Users\iRoti\Desktop\tt\SMIC\SMIC_all_raw\HS\s8\non_micro\s8_n12\image389582.bmp|C:\Users\iRoti\Desktop\tt\SMIC\SMIC_all_raw\HS\s8\non_micro\s8_n12\image389583.bmp|C:\Users\iRoti\Desktop\tt\SMIC\SMIC_all_raw\HS\s8\non_micro\s8_n12\image389584.bmp|C:\Users\iRoti\Desktop\tt\SMIC\SMIC_all_raw\HS\s8\non_micro\s8_n12\image389585.bmp|C:\Users\iRoti\Desktop\tt\SMIC\SMIC_all_raw\HS\s8\non_micro\s8_n12\image389586.bmp|C:\Users\iRoti\Desktop\tt\SMIC\SMIC_all_raw\HS\s8\non_micro\s8_n12\image389587.bmp|C:\Users\iRoti\Desktop\tt\SMIC\SMIC_all_raw\HS\s8\non_micro\s8_n12\image389588.bmp|C:\Users\iRoti\Desktop\tt\SMIC\SMIC_all_raw\HS\s8\non_micro\s8_n12\image389589.bmp|C:\Users\iRoti\Desktop\tt\SMIC\SMIC_all_raw\HS\s8\non_micro\s8_n12\image389590.bmp|C:\Users\iRoti\Desktop\tt\SMIC\SMIC_all_raw\HS\s8\non_micro\s8_n12\image389591.bmp|C:\Users\iRoti\Desktop\tt\SMIC\SMIC_all_raw\HS\s8\non_micro\s8_n12\image389592.bmp|C:\Users\iRoti\Desktop\tt\SMIC\SMIC_all_raw\HS\s8\non_micro\s8_n12\image389593.bmp|C:\Users\iRoti\Desktop\tt\SMIC\SMIC_all_raw\HS\s8\non_micro\s8_n12\image389594.bmp|C:\Users\iRoti\Desktop\tt\SMIC\SMIC_all_raw\HS\s8\non_micro\s8_n12\image389595.bmp|C:\Users\iRoti\Desktop\tt\SMIC\SMIC_all_raw\HS\s8\non_micro\s8_n12\image389596.bmp|C:\Users\iRoti\Desktop\tt\SMIC\SMIC_all_raw\HS\s8\non_micro\s8_n12\image389597.bmp|C:\Users\iRoti\Desktop\tt\SMIC\SMIC_all_raw\HS\s8\non_micro\s8_n12\image389598.bmp|C:\Users\iRoti\Desktop\tt\SMIC\SMIC_all_raw\HS\s8\non_micro\s8_n12\image389599.bmp|C:\Users\iRoti\Desktop\tt\SMIC\SMIC_all_raw\HS\s8\non_micro\s8_n12\image389600.bmp|C:\Users\iRoti\Desktop\tt\SMIC\SMIC_all_raw\HS\s8\non_micro\s8_n12\image389601.bmp|C:\Users\iRoti\Desktop\tt\SMIC\SMIC_all_raw\HS\s8\non_micro\s8_n12\image389602.bmp|C:\Users\iRoti\Desktop\tt\SMIC\SMIC_all_raw\HS\s8\non_micro\s8_n12\image389603.bmp|C:\Users\iRoti\Desktop\tt\SMIC\SMIC_all_raw\HS\s8\non_micro\s8_n12\image389604.bmp
s8,HS_100fps,Neutral,C:\Users\iRoti\Desktop\tt\SMIC\SMIC_all_raw\HS\s8\non_micro\s8_n13\image391877.bmp|C:\Users\iRoti\Desktop\tt\SMIC\SMIC_all_raw\HS\s8\non_micro\s8_n13\image391878.bmp|C:\Users\iRoti\Desktop\tt\SMIC\SMIC_all_raw\HS\s8\non_micro\s8_n13\image391879.bmp|C:\Users\iRoti\Desktop\tt\SMIC\SMIC_all_raw\HS\s8\non_micro\s8_n13\image391880.bmp|C:\Users\iRoti\Desktop\tt\SMIC\SMIC_all_raw\HS\s8\non_micro\s8_n13\image391881.bmp|C:\Users\iRoti\Desktop\tt\SMIC\SMIC_all_raw\HS\s8\non_micro\s8_n13\image391882.bmp|C:\Users\iRoti\Desktop\tt\SMIC\SMIC_all_raw\HS\s8\non_micro\s8_n13\image391883.bmp|C:\Users\iRoti\Desktop\tt\SMIC\SMIC_all_raw\HS\s8\non_micro\s8_n13\image391884.bmp|C:\Users\iRoti\Desktop\tt\SMIC\SMIC_all_raw\HS\s8\non_micro\s8_n13\image391885.bmp|C:\Users\iRoti\Desktop\tt\SMIC\SMIC_all_raw\HS\s8\non_micro\s8_n13\image391886.bmp|C:\Users\iRoti\Desktop\tt\SMIC\SMIC_all_raw\HS\s8\non_micro\s8_n13\image391887.bmp|C:\Users\iRoti\Desktop\tt\SMIC\SMIC_all_raw\HS\s8\non_micro\s8_n13\image391888.bmp|C:\Users\iRoti\Desktop\tt\SMIC\SMIC_all_raw\HS\s8\non_micro\s8_n13\image391889.bmp|C:\Users\iRoti\Desktop\tt\SMIC\SMIC_all_raw\HS\s8\non_micro\s8_n13\image391890.bmp|C:\Users\iRoti\Desktop\tt\SMIC\SMIC_all_raw\HS\s8\non_micro\s8_n13\image391891.bmp|C:\Users\iRoti\Desktop\tt\SMIC\SMIC_all_raw\HS\s8\non_micro\s8_n13\image391892.bmp|C:\Users\iRoti\Desktop\tt\SMIC\SMIC_all_raw\HS\s8\non_micro\s8_n13\image391893.bmp|C:\Users\iRoti\Desktop\tt\SMIC\SMIC_all_raw\HS\s8\non_micro\s8_n13\image391894.bmp|C:\Users\iRoti\Desktop\tt\SMIC\SMIC_all_raw\HS\s8\non_micro\s8_n13\image391895.bmp|C:\Users\iRoti\Desktop\tt\SMIC\SMIC_all_raw\HS\s8\non_micro\s8_n13\image391896.bmp|C:\Users\iRoti\Desktop\tt\SMIC\SMIC_all_raw\HS\s8\non_micro\s8_n13\image391897.bmp|C:\Users\iRoti\Desktop\tt\SMIC\SMIC_all_raw\HS\s8\non_micro\s8_n13\image391898.bmp|C:\Users\iRoti\Desktop\tt\SMIC\SMIC_all_raw\HS\s8\non_micro\s8_n13\image391899.bmp|C:\Users\iRoti\Desktop\tt\SMIC\SMIC_all_raw\HS\s8\non_micro\s8_n13\image391900.bmp|C:\Users\iRoti\Desktop\tt\SMIC\SMIC_all_raw\HS\s8\non_micro\s8_n13\image391901.bmp|C:\Users\iRoti\Desktop\tt\SMIC\SMIC_all_raw\HS\s8\non_micro\s8_n13\image391902.bmp|C:\Users\iRoti\Desktop\tt\SMIC\SMIC_all_raw\HS\s8\non_micro\s8_n13\image391903.bmp|C:\Users\iRoti\Desktop\tt\SMIC\SMIC_all_raw\HS\s8\non_micro\s8_n13\image391904.bmp|C:\Users\iRoti\Desktop\tt\SMIC\SMIC_all_raw\HS\s8\non_micro\s8_n13\image391905.bmp|C:\Users\iRoti\Desktop\tt\SMIC\SMIC_all_raw\HS\s8\non_micro\s8_n13\image391906.bmp|C:\Users\iRoti\Desktop\tt\SMIC\SMIC_all_raw\HS\s8\non_micro\s8_n13\image391907.bmp|C:\Users\iRoti\Desktop\tt\SMIC\SMIC_all_raw\HS\s8\non_micro\s8_n13\image391908.bmp|C:\Users\iRoti\Desktop\tt\SMIC\SMIC_all_raw\HS\s8\non_micro\s8_n13\image391909.bmp|C:\Users\iRoti\Desktop\tt\SMIC\SMIC_all_raw\HS\s8\non_micro\s8_n13\image391910.bmp|C:\Users\iRoti\Desktop\tt\SMIC\SMIC_all_raw\HS\s8\non_micro\s8_n13\image391911.bmp|C:\Users\iRoti\Desktop\tt\SMIC\SMIC_all_raw\HS\s8\non_micro\s8_n13\image391912.bmp|C:\Users\iRoti\Desktop\tt\SMIC\SMIC_all_raw\HS\s8\non_micro\s8_n13\image391913.bmp|C:\Users\iRoti\Desktop\tt\SMIC\SMIC_all_raw\HS\s8\non_micro\s8_n13\image391914.bmp|C:\Users\iRoti\Desktop\tt\SMIC\SMIC_all_raw\HS\s8\non_micro\s8_n13\image391915.bmp|C:\Users\iRoti\Desktop\tt\SMIC\SMIC_all_raw\HS\s8\non_micro\s8_n13\image391916.bmp|C:\Users\iRoti\Desktop\tt\SMIC\SMIC_all_raw\HS\s8\non_micro\s8_n13\image391917.bmp|C:\Users\iRoti\Desktop\tt\SMIC\SMIC_all_raw\HS\s8\non_micro\s8_n13\image391918.bmp|C:\Users\iRoti\Desktop\tt\SMIC\SMIC_all_raw\HS\s8\non_micro\s8_n13\image391919.bmp|C:\Users\iRoti\Desktop\tt\SMIC\SMIC_all_raw\HS\s8\non_micro\s8_n13\image391920.bmp|C:\Users\iRoti\Desktop\tt\SMIC\SMIC_all_raw\HS\s8\non_micro\s8_n13\image391921.bmp|C:\Users\iRoti\Desktop\tt\SMIC\SMIC_all_raw\HS\s8\non_micro\s8_n13\image391922.bmp|C:\Users\iRoti\Desktop\tt\SMIC\SMIC_all_raw\HS\s8\non_micro\s8_n13\image391923.bmp|C:\Users\iRoti\Desktop\tt\SMIC\SMIC_all_raw\HS\s8\non_micro\s8_n13\image391924.bmp
s8,HS_100fps,Neutral,C:\Users\iRoti\Desktop\tt\SMIC\SMIC_all_raw\HS\s8\non_micro\s8_n2\image257577.bmp|C:\Users\iRoti\Desktop\tt\SMIC\SMIC_all_raw\HS\s8\non_micro\s8_n2\image257578.bmp|C:\Users\iRoti\Desktop\tt\SMIC\SMIC_all_raw\HS\s8\non_micro\s8_n2\image257579.bmp|C:\Users\iRoti\Desktop\tt\SMIC\SMIC_all_raw\HS\s8\non_micro\s8_n2\image257580.bmp|C:\Users\iRoti\Desktop\tt\SMIC\SMIC_all_raw\HS\s8\non_micro\s8_n2\image257581.bmp|C:\Users\iRoti\Desktop\tt\SMIC\SMIC_all_raw\HS\s8\non_micro\s8_n2\image257582.bmp|C:\Users\iRoti\Desktop\tt\SMIC\SMIC_all_raw\HS\s8\non_micro\s8_n2\image257583.bmp|C:\Users\iRoti\Desktop\tt\SMIC\SMIC_all_raw\HS\s8\non_micro\s8_n2\image257584.bmp|C:\Users\iRoti\Desktop\tt\SMIC\SMIC_all_raw\HS\s8\non_micro\s8_n2\image257585.bmp|C:\Users\iRoti\Desktop\tt\SMIC\SMIC_all_raw\HS\s8\non_micro\s8_n2\image257586.bmp|C:\Users\iRoti\Desktop\tt\SMIC\SMIC_all_raw\HS\s8\non_micro\s8_n2\image257587.bmp|C:\Users\iRoti\Desktop\tt\SMIC\SMIC_all_raw\HS\s8\non_micro\s8_n2\image257588.bmp|C:\Users\iRoti\Desktop\tt\SMIC\SMIC_all_raw\HS\s8\non_micro\s8_n2\image257589.bmp|C:\Users\iRoti\Desktop\tt\SMIC\SMIC_all_raw\HS\s8\non_micro\s8_n2\image257590.bmp|C:\Users\iRoti\Desktop\tt\SMIC\SMIC_all_raw\HS\s8\non_micro\s8_n2\image257591.bmp|C:\Users\iRoti\Desktop\tt\SMIC\SMIC_all_raw\HS\s8\non_micro\s8_n2\image257592.bmp|C:\Users\iRoti\Desktop\tt\SMIC\SMIC_all_raw\HS\s8\non_micro\s8_n2\image257593.bmp|C:\Users\iRoti\Desktop\tt\SMIC\SMIC_all_raw\HS\s8\non_micro\s8_n2\image257594.bmp|C:\Users\iRoti\Desktop\tt\SMIC\SMIC_all_raw\HS\s8\non_micro\s8_n2\image257595.bmp|C:\Users\iRoti\Desktop\tt\SMIC\SMIC_all_raw\HS\s8\non_micro\s8_n2\image257596.bmp|C:\Users\iRoti\Desktop\tt\SMIC\SMIC_all_raw\HS\s8\non_micro\s8_n2\image257597.bmp|C:\Users\iRoti\Desktop\tt\SMIC\SMIC_all_raw\HS\s8\non_micro\s8_n2\image257598.bmp|C:\Users\iRoti\Desktop\tt\SMIC\SMIC_all_raw\HS\s8\non_micro\s8_n2\image257599.bmp|C:\Users\iRoti\Desktop\tt\SMIC\SMIC_all_raw\HS\s8\non_micro\s8_n2\image257600.bmp|C:\Users\iRoti\Desktop\tt\SMIC\SMIC_all_raw\HS\s8\non_micro\s8_n2\image257601.bmp|C:\Users\iRoti\Desktop\tt\SMIC\SMIC_all_raw\HS\s8\non_micro\s8_n2\image257602.bmp|C:\Users\iRoti\Desktop\tt\SMIC\SMIC_all_raw\HS\s8\non_micro\s8_n2\image257603.bmp|C:\Users\iRoti\Desktop\tt\SMIC\SMIC_all_raw\HS\s8\non_micro\s8_n2\image257604.bmp|C:\Users\iRoti\Desktop\tt\SMIC\SMIC_all_raw\HS\s8\non_micro\s8_n2\image257605.bmp|C:\Users\iRoti\Desktop\tt\SMIC\SMIC_all_raw\HS\s8\non_micro\s8_n2\image257606.bmp|C:\Users\iRoti\Desktop\tt\SMIC\SMIC_all_raw\HS\s8\non_micro\s8_n2\image257607.bmp|C:\Users\iRoti\Desktop\tt\SMIC\SMIC_all_raw\HS\s8\non_micro\s8_n2\image257608.bmp
s8,HS_100fps,Neutral,C:\Users\iRoti\Desktop\tt\SMIC\SMIC_all_raw\HS\s8\non_micro\s8_n3\image259951.bmp|C:\Users\iRoti\Desktop\tt\SMIC\SMIC_all_raw\HS\s8\non_micro\s8_n3\image259952.bmp|C:\Users\iRoti\Desktop\tt\SMIC\SMIC_all_raw\HS\s8\non_micro\s8_n3\image259953.bmp|C:\Users\iRoti\Desktop\tt\SMIC\SMIC_all_raw\HS\s8\non_micro\s8_n3\image259954.bmp|C:\Users\iRoti\Desktop\tt\SMIC\SMIC_all_raw\HS\s8\non_micro\s8_n3\image259955.bmp|C:\Users\iRoti\Desktop\tt\SMIC\SMIC_all_raw\HS\s8\non_micro\s8_n3\image259956.bmp|C:\Users\iRoti\Desktop\tt\SMIC\SMIC_all_raw\HS\s8\non_micro\s8_n3\image259957.bmp|C:\Users\iRoti\Desktop\tt\SMIC\SMIC_all_raw\HS\s8\non_micro\s8_n3\image259958.bmp|C:\Users\iRoti\Desktop\tt\SMIC\SMIC_all_raw\HS\s8\non_micro\s8_n3\image259959.bmp|C:\Users\iRoti\Desktop\tt\SMIC\SMIC_all_raw\HS\s8\non_micro\s8_n3\image259960.bmp|C:\Users\iRoti\Desktop\tt\SMIC\SMIC_all_raw\HS\s8\non_micro\s8_n3\image259961.bmp|C:\Users\iRoti\Desktop\tt\SMIC\SMIC_all_raw\HS\s8\non_micro\s8_n3\image259962.bmp|C:\Users\iRoti\Desktop\tt\SMIC\SMIC_all_raw\HS\s8\non_micro\s8_n3\image259963.bmp|C:\Users\iRoti\Desktop\tt\SMIC\SMIC_all_raw\HS\s8\non_micro\s8_n3\image259964.bmp|C:\Users\iRoti\Desktop\tt\SMIC\SMIC_all_raw\HS\s8\non_micro\s8_n3\image259965.bmp|C:\Users\iRoti\Desktop\tt\SMIC\SMIC_all_raw\HS\s8\non_micro\s8_n3\image259966.bmp|C:\Users\iRoti\Desktop\tt\SMIC\SMIC_all_raw\HS\s8\non_micro\s8_n3\image259967.bmp|C:\Users\iRoti\Desktop\tt\SMIC\SMIC_all_raw\HS\s8\non_micro\s8_n3\image259968.bmp|C:\Users\iRoti\Desktop\tt\SMIC\SMIC_all_raw\HS\s8\non_micro\s8_n3\image259969.bmp|C:\Users\iRoti\Desktop\tt\SMIC\SMIC_all_raw\HS\s8\non_micro\s8_n3\image259970.bmp|C:\Users\iRoti\Desktop\tt\SMIC\SMIC_all_raw\HS\s8\non_micro\s8_n3\image259971.bmp|C:\Users\iRoti\Desktop\tt\SMIC\SMIC_all_raw\HS\s8\non_micro\s8_n3\image259972.bmp|C:\Users\iRoti\Desktop\tt\SMIC\SMIC_all_raw\HS\s8\non_micro\s8_n3\image259973.bmp|C:\Users\iRoti\Desktop\tt\SMIC\SMIC_all_raw\HS\s8\non_micro\s8_n3\image259974.bmp|C:\Users\iRoti\Desktop\tt\SMIC\SMIC_all_raw\HS\s8\non_micro\s8_n3\image259975.bmp|C:\Users\iRoti\Desktop\tt\SMIC\SMIC_all_raw\HS\s8\non_micro\s8_n3\image259976.bmp|C:\Users\iRoti\Desktop\tt\SMIC\SMIC_all_raw\HS\s8\non_micro\s8_n3\image259977.bmp|C:\Users\iRoti\Desktop\tt\SMIC\SMIC_all_raw\HS\s8\non_micro\s8_n3\image259978.bmp|C:\Users\iRoti\Desktop\tt\SMIC\SMIC_all_raw\HS\s8\non_micro\s8_n3\image259979.bmp|C:\Users\iRoti\Desktop\tt\SMIC\SMIC_all_raw\HS\s8\non_micro\s8_n3\image259980.bmp|C:\Users\iRoti\Desktop\tt\SMIC\SMIC_all_raw\HS\s8\non_micro\s8_n3\image259981.bmp|C:\Users\iRoti\Desktop\tt\SMIC\SMIC_all_raw\HS\s8\non_micro\s8_n3\image259982.bmp|C:\Users\iRoti\Desktop\tt\SMIC\SMIC_all_raw\HS\s8\non_micro\s8_n3\image259983.bmp|C:\Users\iRoti\Desktop\tt\SMIC\SMIC_all_raw\HS\s8\non_micro\s8_n3\image259984.bmp|C:\Users\iRoti\Desktop\tt\SMIC\SMIC_all_raw\HS\s8\non_micro\s8_n3\image259985.bmp|C:\Users\iRoti\Desktop\tt\SMIC\SMIC_all_raw\HS\s8\non_micro\s8_n3\image259986.bmp|C:\Users\iRoti\Desktop\tt\SMIC\SMIC_all_raw\HS\s8\non_micro\s8_n3\image259987.bmp|C:\Users\iRoti\Desktop\tt\SMIC\SMIC_all_raw\HS\s8\non_micro\s8_n3\image259988.bmp|C:\Users\iRoti\Desktop\tt\SMIC\SMIC_all_raw\HS\s8\non_micro\s8_n3\image259989.bmp|C:\Users\iRoti\Desktop\tt\SMIC\SMIC_all_raw\HS\s8\non_micro\s8_n3\image259990.bmp|C:\Users\iRoti\Desktop\tt\SMIC\SMIC_all_raw\HS\s8\non_micro\s8_n3\image259991.bmp|C:\Users\iRoti\Desktop\tt\SMIC\SMIC_all_raw\HS\s8\non_micro\s8_n3\image259992.bmp|C:\Users\iRoti\Desktop\tt\SMIC\SMIC_all_raw\HS\s8\non_micro\s8_n3\image259993.bmp|C:\Users\iRoti\Desktop\tt\SMIC\SMIC_all_raw\HS\s8\non_micro\s8_n3\image259994.bmp|C:\Users\iRoti\Desktop\tt\SMIC\SMIC_all_raw\HS\s8\non_micro\s8_n3\image259995.bmp|C:\Users\iRoti\Desktop\tt\SMIC\SMIC_all_raw\HS\s8\non_micro\s8_n3\image259996.bmp|C:\Users\iRoti\Desktop\tt\SMIC\SMIC_all_raw\HS\s8\non_micro\s8_n3\image259997.bmp|C:\Users\iRoti\Desktop\tt\SMIC\SMIC_all_raw\HS\s8\non_micro\s8_n3\image259998.bmp
s8,HS_100fps,Neutral,C:\Users\iRoti\Desktop\tt\SMIC\SMIC_all_raw\HS\s8\non_micro\s8_n4\image285240.bmp|C:\Users\iRoti\Desktop\tt\SMIC\SMIC_all_raw\HS\s8\non_micro\s8_n4\image285241.bmp|C:\Users\iRoti\Desktop\tt\SMIC\SMIC_all_raw\HS\s8\non_micro\s8_n4\image285242.bmp|C:\Users\iRoti\Desktop\tt\SMIC\SMIC_all_raw\HS\s8\non_micro\s8_n4\image285243.bmp|C:\Users\iRoti\Desktop\tt\SMIC\SMIC_all_raw\HS\s8\non_micro\s8_n4\image285244.bmp|C:\Users\iRoti\Desktop\tt\SMIC\SMIC_all_raw\HS\s8\non_micro\s8_n4\image285245.bmp|C:\Users\iRoti\Desktop\tt\SMIC\SMIC_all_raw\HS\s8\non_micro\s8_n4\image285246.bmp|C:\Users\iRoti\Desktop\tt\SMIC\SMIC_all_raw\HS\s8\non_micro\s8_n4\image285247.bmp|C:\Users\iRoti\Desktop\tt\SMIC\SMIC_all_raw\HS\s8\non_micro\s8_n4\image285248.bmp|C:\Users\iRoti\Desktop\tt\SMIC\SMIC_all_raw\HS\s8\non_micro\s8_n4\image285249.bmp|C:\Users\iRoti\Desktop\tt\SMIC\SMIC_all_raw\HS\s8\non_micro\s8_n4\image285250.bmp|C:\Users\iRoti\Desktop\tt\SMIC\SMIC_all_raw\HS\s8\non_micro\s8_n4\image285251.bmp|C:\Users\iRoti\Desktop\tt\SMIC\SMIC_all_raw\HS\s8\non_micro\s8_n4\image285252.bmp|C:\Users\iRoti\Desktop\tt\SMIC\SMIC_all_raw\HS\s8\non_micro\s8_n4\image285253.bmp|C:\Users\iRoti\Desktop\tt\SMIC\SMIC_all_raw\HS\s8\non_micro\s8_n4\image285254.bmp|C:\Users\iRoti\Desktop\tt\SMIC\SMIC_all_raw\HS\s8\non_micro\s8_n4\image285255.bmp|C:\Users\iRoti\Desktop\tt\SMIC\SMIC_all_raw\HS\s8\non_micro\s8_n4\image285256.bmp|C:\Users\iRoti\Desktop\tt\SMIC\SMIC_all_raw\HS\s8\non_micro\s8_n4\image285257.bmp|C:\Users\iRoti\Desktop\tt\SMIC\SMIC_all_raw\HS\s8\non_micro\s8_n4\image285258.bmp|C:\Users\iRoti\Desktop\tt\SMIC\SMIC_all_raw\HS\s8\non_micro\s8_n4\image285259.bmp|C:\Users\iRoti\Desktop\tt\SMIC\SMIC_all_raw\HS\s8\non_micro\s8_n4\image285260.bmp|C:\Users\iRoti\Desktop\tt\SMIC\SMIC_all_raw\HS\s8\non_micro\s8_n4\image285261.bmp|C:\Users\iRoti\Desktop\tt\SMIC\SMIC_all_raw\HS\s8\non_micro\s8_n4\image285262.bmp|C:\Users\iRoti\Desktop\tt\SMIC\SMIC_all_raw\HS\s8\non_micro\s8_n4\image285263.bmp|C:\Users\iRoti\Desktop\tt\SMIC\SMIC_all_raw\HS\s8\non_micro\s8_n4\image285264.bmp|C:\Users\iRoti\Desktop\tt\SMIC\SMIC_all_raw\HS\s8\non_micro\s8_n4\image285265.bmp|C:\Users\iRoti\Desktop\tt\SMIC\SMIC_all_raw\HS\s8\non_micro\s8_n4\image285266.bmp|C:\Users\iRoti\Desktop\tt\SMIC\SMIC_all_raw\HS\s8\non_micro\s8_n4\image285267.bmp|C:\Users\iRoti\Desktop\tt\SMIC\SMIC_all_raw\HS\s8\non_micro\s8_n4\image285268.bmp|C:\Users\iRoti\Desktop\tt\SMIC\SMIC_all_raw\HS\s8\non_micro\s8_n4\image285269.bmp|C:\Users\iRoti\Desktop\tt\SMIC\SMIC_all_raw\HS\s8\non_micro\s8_n4\image285270.bmp|C:\Users\iRoti\Desktop\tt\SMIC\SMIC_all_raw\HS\s8\non_micro\s8_n4\image285271.bmp
s8,HS_100fps,Neutral,C:\Users\iRoti\Desktop\tt\SMIC\SMIC_all_raw\HS\s8\non_micro\s8_n5\image285975.bmp|C:\Users\iRoti\Desktop\tt\SMIC\SMIC_all_raw\HS\s8\non_micro\s8_n5\image285976.bmp|C:\Users\iRoti\Desktop\tt\SMIC\SMIC_all_raw\HS\s8\non_micro\s8_n5\image285977.bmp|C:\Users\iRoti\Desktop\tt\SMIC\SMIC_all_raw\HS\s8\non_micro\s8_n5\image285978.bmp|C:\Users\iRoti\Desktop\tt\SMIC\SMIC_all_raw\HS\s8\non_micro\s8_n5\image285979.bmp|C:\Users\iRoti\Desktop\tt\SMIC\SMIC_all_raw\HS\s8\non_micro\s8_n5\image285980.bmp|C:\Users\iRoti\Desktop\tt\SMIC\SMIC_all_raw\HS\s8\non_micro\s8_n5\image285981.bmp|C:\Users\iRoti\Desktop\tt\SMIC\SMIC_all_raw\HS\s8\non_micro\s8_n5\image285982.bmp|C:\Users\iRoti\Desktop\tt\SMIC\SMIC_all_raw\HS\s8\non_micro\s8_n5\image285983.bmp|C:\Users\iRoti\Desktop\tt\SMIC\SMIC_all_raw\HS\s8\non_micro\s8_n5\image285984.bmp|C:\Users\iRoti\Desktop\tt\SMIC\SMIC_all_raw\HS\s8\non_micro\s8_n5\image285985.bmp|C:\Users\iRoti\Desktop\tt\SMIC\SMIC_all_raw\HS\s8\non_micro\s8_n5\image285986.bmp|C:\Users\iRoti\Desktop\tt\SMIC\SMIC_all_raw\HS\s8\non_micro\s8_n5\image285987.bmp|C:\Users\iRoti\Desktop\tt\SMIC\SMIC_all_raw\HS\s8\non_micro\s8_n5\image285988.bmp|C:\Users\iRoti\Desktop\tt\SMIC\SMIC_all_raw\HS\s8\non_micro\s8_n5\image285989.bmp|C:\Users\iRoti\Desktop\tt\SMIC\SMIC_all_raw\HS\s8\non_micro\s8_n5\image285990.bmp|C:\Users\iRoti\Desktop\tt\SMIC\SMIC_all_raw\HS\s8\non_micro\s8_n5\image285991.bmp|C:\Users\iRoti\Desktop\tt\SMIC\SMIC_all_raw\HS\s8\non_micro\s8_n5\image285992.bmp|C:\Users\iRoti\Desktop\tt\SMIC\SMIC_all_raw\HS\s8\non_micro\s8_n5\image285993.bmp|C:\Users\iRoti\Desktop\tt\SMIC\SMIC_all_raw\HS\s8\non_micro\s8_n5\image285994.bmp|C:\Users\iRoti\Desktop\tt\SMIC\SMIC_all_raw\HS\s8\non_micro\s8_n5\image285995.bmp|C:\Users\iRoti\Desktop\tt\SMIC\SMIC_all_raw\HS\s8\non_micro\s8_n5\image285996.bmp|C:\Users\iRoti\Desktop\tt\SMIC\SMIC_all_raw\HS\s8\non_micro\s8_n5\image285997.bmp|C:\Users\iRoti\Desktop\tt\SMIC\SMIC_all_raw\HS\s8\non_micro\s8_n5\image285998.bmp|C:\Users\iRoti\Desktop\tt\SMIC\SMIC_all_raw\HS\s8\non_micro\s8_n5\image285999.bmp|C:\Users\iRoti\Desktop\tt\SMIC\SMIC_all_raw\HS\s8\non_micro\s8_n5\image286000.bmp|C:\Users\iRoti\Desktop\tt\SMIC\SMIC_all_raw\HS\s8\non_micro\s8_n5\image286001.bmp|C:\Users\iRoti\Desktop\tt\SMIC\SMIC_all_raw\HS\s8\non_micro\s8_n5\image286002.bmp|C:\Users\iRoti\Desktop\tt\SMIC\SMIC_all_raw\HS\s8\non_micro\s8_n5\image286003.bmp|C:\Users\iRoti\Desktop\tt\SMIC\SMIC_all_raw\HS\s8\non_micro\s8_n5\image286004.bmp|C:\Users\iRoti\Desktop\tt\SMIC\SMIC_all_raw\HS\s8\non_micro\s8_n5\image286005.bmp|C:\Users\iRoti\Desktop\tt\SMIC\SMIC_all_raw\HS\s8\non_micro\s8_n5\image286006.bmp|C:\Users\iRoti\Desktop\tt\SMIC\SMIC_all_raw\HS\s8\non_micro\s8_n5\image286007.bmp|C:\Users\iRoti\Desktop\tt\SMIC\SMIC_all_raw\HS\s8\non_micro\s8_n5\image286008.bmp|C:\Users\iRoti\Desktop\tt\SMIC\SMIC_all_raw\HS\s8\non_micro\s8_n5\image286009.bmp|C:\Users\iRoti\Desktop\tt\SMIC\SMIC_all_raw\HS\s8\non_micro\s8_n5\image286010.bmp|C:\Users\iRoti\Desktop\tt\SMIC\SMIC_all_raw\HS\s8\non_micro\s8_n5\image286011.bmp|C:\Users\iRoti\Desktop\tt\SMIC\SMIC_all_raw\HS\s8\non_micro\s8_n5\image286012.bmp|C:\Users\iRoti\Desktop\tt\SMIC\SMIC_all_raw\HS\s8\non_micro\s8_n5\image286013.bmp|C:\Users\iRoti\Desktop\tt\SMIC\SMIC_all_raw\HS\s8\non_micro\s8_n5\image286014.bmp|C:\Users\iRoti\Desktop\tt\SMIC\SMIC_all_raw\HS\s8\non_micro\s8_n5\image286015.bmp|C:\Users\iRoti\Desktop\tt\SMIC\SMIC_all_raw\HS\s8\non_micro\s8_n5\image286016.bmp|C:\Users\iRoti\Desktop\tt\SMIC\SMIC_all_raw\HS\s8\non_micro\s8_n5\image286017.bmp|C:\Users\iRoti\Desktop\tt\SMIC\SMIC_all_raw\HS\s8\non_micro\s8_n5\image286018.bmp
s8,HS_100fps,Neutral,C:\Users\iRoti\Desktop\tt\SMIC\SMIC_all_raw\HS\s8\non_micro\s8_n6\image288077.bmp|C:\Users\iRoti\Desktop\tt\SMIC\SMIC_all_raw\HS\s8\non_micro\s8_n6\image288078.bmp|C:\Users\iRoti\Desktop\tt\SMIC\SMIC_all_raw\HS\s8\non_micro\s8_n6\image288079.bmp|C:\Users\iRoti\Desktop\tt\SMIC\SMIC_all_raw\HS\s8\non_micro\s8_n6\image288080.bmp|C:\Users\iRoti\Desktop\tt\SMIC\SMIC_all_raw\HS\s8\non_micro\s8_n6\image288081.bmp|C:\Users\iRoti\Desktop\tt\SMIC\SMIC_all_raw\HS\s8\non_micro\s8_n6\image288082.bmp|C:\Users\iRoti\Desktop\tt\SMIC\SMIC_all_raw\HS\s8\non_micro\s8_n6\image288083.bmp|C:\Users\iRoti\Desktop\tt\SMIC\SMIC_all_raw\HS\s8\non_micro\s8_n6\image288084.bmp|C:\Users\iRoti\Desktop\tt\SMIC\SMIC_all_raw\HS\s8\non_micro\s8_n6\image288085.bmp|C:\Users\iRoti\Desktop\tt\SMIC\SMIC_all_raw\HS\s8\non_micro\s8_n6\image288086.bmp|C:\Users\iRoti\Desktop\tt\SMIC\SMIC_all_raw\HS\s8\non_micro\s8_n6\image288087.bmp|C:\Users\iRoti\Desktop\tt\SMIC\SMIC_all_raw\HS\s8\non_micro\s8_n6\image288088.bmp|C:\Users\iRoti\Desktop\tt\SMIC\SMIC_all_raw\HS\s8\non_micro\s8_n6\image288089.bmp|C:\Users\iRoti\Desktop\tt\SMIC\SMIC_all_raw\HS\s8\non_micro\s8_n6\image288090.bmp|C:\Users\iRoti\Desktop\tt\SMIC\SMIC_all_raw\HS\s8\non_micro\s8_n6\image288091.bmp|C:\Users\iRoti\Desktop\tt\SMIC\SMIC_all_raw\HS\s8\non_micro\s8_n6\image288092.bmp|C:\Users\iRoti\Desktop\tt\SMIC\SMIC_all_raw\HS\s8\non_micro\s8_n6\image288093.bmp|C:\Users\iRoti\Desktop\tt\SMIC\SMIC_all_raw\HS\s8\non_micro\s8_n6\image288094.bmp|C:\Users\iRoti\Desktop\tt\SMIC\SMIC_all_raw\HS\s8\non_micro\s8_n6\image288095.bmp|C:\Users\iRoti\Desktop\tt\SMIC\SMIC_all_raw\HS\s8\non_micro\s8_n6\image288096.bmp|C:\Users\iRoti\Desktop\tt\SMIC\SMIC_all_raw\HS\s8\non_micro\s8_n6\image288097.bmp|C:\Users\iRoti\Desktop\tt\SMIC\SMIC_all_raw\HS\s8\non_micro\s8_n6\image288098.bmp|C:\Users\iRoti\Desktop\tt\SMIC\SMIC_all_raw\HS\s8\non_micro\s8_n6\image288099.bmp|C:\Users\iRoti\Desktop\tt\SMIC\SMIC_all_raw\HS\s8\non_micro\s8_n6\image288100.bmp|C:\Users\iRoti\Desktop\tt\SMIC\SMIC_all_raw\HS\s8\non_micro\s8_n6\image288101.bmp|C:\Users\iRoti\Desktop\tt\SMIC\SMIC_all_raw\HS\s8\non_micro\s8_n6\image288102.bmp|C:\Users\iRoti\Desktop\tt\SMIC\SMIC_all_raw\HS\s8\non_micro\s8_n6\image288103.bmp|C:\Users\iRoti\Desktop\tt\SMIC\SMIC_all_raw\HS\s8\non_micro\s8_n6\image288104.bmp
s8,HS_100fps,Neutral,C:\Users\iRoti\Desktop\tt\SMIC\SMIC_all_raw\HS\s8\non_micro\s8_n7\image309952.bmp|C:\Users\iRoti\Desktop\tt\SMIC\SMIC_all_raw\HS\s8\non_micro\s8_n7\image309953.bmp|C:\Users\iRoti\Desktop\tt\SMIC\SMIC_all_raw\HS\s8\non_micro\s8_n7\image309954.bmp|C:\Users\iRoti\Desktop\tt\SMIC\SMIC_all_raw\HS\s8\non_micro\s8_n7\image309955.bmp|C:\Users\iRoti\Desktop\tt\SMIC\SMIC_all_raw\HS\s8\non_micro\s8_n7\image309956.bmp|C:\Users\iRoti\Desktop\tt\SMIC\SMIC_all_raw\HS\s8\non_micro\s8_n7\image309957.bmp|C:\Users\iRoti\Desktop\tt\SMIC\SMIC_all_raw\HS\s8\non_micro\s8_n7\image309958.bmp|C:\Users\iRoti\Desktop\tt\SMIC\SMIC_all_raw\HS\s8\non_micro\s8_n7\image309959.bmp|C:\Users\iRoti\Desktop\tt\SMIC\SMIC_all_raw\HS\s8\non_micro\s8_n7\image309960.bmp|C:\Users\iRoti\Desktop\tt\SMIC\SMIC_all_raw\HS\s8\non_micro\s8_n7\image309961.bmp|C:\Users\iRoti\Desktop\tt\SMIC\SMIC_all_raw\HS\s8\non_micro\s8_n7\image309962.bmp|C:\Users\iRoti\Desktop\tt\SMIC\SMIC_all_raw\HS\s8\non_micro\s8_n7\image309963.bmp|C:\Users\iRoti\Desktop\tt\SMIC\SMIC_all_raw\HS\s8\non_micro\s8_n7\image309964.bmp|C:\Users\iRoti\Desktop\tt\SMIC\SMIC_all_raw\HS\s8\non_micro\s8_n7\image309965.bmp|C:\Users\iRoti\Desktop\tt\SMIC\SMIC_all_raw\HS\s8\non_micro\s8_n7\image309966.bmp|C:\Users\iRoti\Desktop\tt\SMIC\SMIC_all_raw\HS\s8\non_micro\s8_n7\image309967.bmp|C:\Users\iRoti\Desktop\tt\SMIC\SMIC_all_raw\HS\s8\non_micro\s8_n7\image309968.bmp|C:\Users\iRoti\Desktop\tt\SMIC\SMIC_all_raw\HS\s8\non_micro\s8_n7\image309969.bmp|C:\Users\iRoti\Desktop\tt\SMIC\SMIC_all_raw\HS\s8\non_micro\s8_n7\image309970.bmp|C:\Users\iRoti\Desktop\tt\SMIC\SMIC_all_raw\HS\s8\non_micro\s8_n7\image309971.bmp|C:\Users\iRoti\Desktop\tt\SMIC\SMIC_all_raw\HS\s8\non_micro\s8_n7\image309972.bmp|C:\Users\iRoti\Desktop\tt\SMIC\SMIC_all_raw\HS\s8\non_micro\s8_n7\image309973.bmp|C:\Users\iRoti\Desktop\tt\SMIC\SMIC_all_raw\HS\s8\non_micro\s8_n7\image309974.bmp|C:\Users\iRoti\Desktop\tt\SMIC\SMIC_all_raw\HS\s8\non_micro\s8_n7\image309975.bmp|C:\Users\iRoti\Desktop\tt\SMIC\SMIC_all_raw\HS\s8\non_micro\s8_n7\image309976.bmp|C:\Users\iRoti\Desktop\tt\SMIC\SMIC_all_raw\HS\s8\non_micro\s8_n7\image309977.bmp|C:\Users\iRoti\Desktop\tt\SMIC\SMIC_all_raw\HS\s8\non_micro\s8_n7\image309978.bmp|C:\Users\iRoti\Desktop\tt\SMIC\SMIC_all_raw\HS\s8\non_micro\s8_n7\image309979.bmp|C:\Users\iRoti\Desktop\tt\SMIC\SMIC_all_raw\HS\s8\non_micro\s8_n7\image309980.bmp|C:\Users\iRoti\Desktop\tt\SMIC\SMIC_all_raw\HS\s8\non_micro\s8_n7\image309981.bmp|C:\Users\iRoti\Desktop\tt\SMIC\SMIC_all_raw\HS\s8\non_micro\s8_n7\image309982.bmp|C:\Users\iRoti\Desktop\tt\SMIC\SMIC_all_raw\HS\s8\non_micro\s8_n7\image309983.bmp|C:\Users\iRoti\Desktop\tt\SMIC\SMIC_all_raw\HS\s8\non_micro\s8_n7\image309984.bmp|C:\Users\iRoti\Desktop\tt\SMIC\SMIC_all_raw\HS\s8\non_micro\s8_n7\image309985.bmp|C:\Users\iRoti\Desktop\tt\SMIC\SMIC_all_raw\HS\s8\non_micro\s8_n7\image309986.bmp|C:\Users\iRoti\Desktop\tt\SMIC\SMIC_all_raw\HS\s8\non_micro\s8_n7\image309987.bmp|C:\Users\iRoti\Desktop\tt\SMIC\SMIC_all_raw\HS\s8\non_micro\s8_n7\image309988.bmp|C:\Users\iRoti\Desktop\tt\SMIC\SMIC_all_raw\HS\s8\non_micro\s8_n7\image309989.bmp|C:\Users\iRoti\Desktop\tt\SMIC\SMIC_all_raw\HS\s8\non_micro\s8_n7\image309990.bmp|C:\Users\iRoti\Desktop\tt\SMIC\SMIC_all_raw\HS\s8\non_micro\s8_n7\image309991.bmp
s8,HS_100fps,Neutral,C:\Users\iRoti\Desktop\tt\SMIC\SMIC_all_raw\HS\s8\non_micro\s8_n8\image310138.bmp|C:\Users\iRoti\Desktop\tt\SMIC\SMIC_all_raw\HS\s8\non_micro\s8_n8\image310139.bmp|C:\Users\iRoti\Desktop\tt\SMIC\SMIC_all_raw\HS\s8\non_micro\s8_n8\image310140.bmp|C:\Users\iRoti\Desktop\tt\SMIC\SMIC_all_raw\HS\s8\non_micro\s8_n8\image310141.bmp|C:\Users\iRoti\Desktop\tt\SMIC\SMIC_all_raw\HS\s8\non_micro\s8_n8\image310142.bmp|C:\Users\iRoti\Desktop\tt\SMIC\SMIC_all_raw\HS\s8\non_micro\s8_n8\image310143.bmp|C:\Users\iRoti\Desktop\tt\SMIC\SMIC_all_raw\HS\s8\non_micro\s8_n8\image310144.bmp|C:\Users\iRoti\Desktop\tt\SMIC\SMIC_all_raw\HS\s8\non_micro\s8_n8\image310145.bmp|C:\Users\iRoti\Desktop\tt\SMIC\SMIC_all_raw\HS\s8\non_micro\s8_n8\image310146.bmp|C:\Users\iRoti\Desktop\tt\SMIC\SMIC_all_raw\HS\s8\non_micro\s8_n8\image310147.bmp|C:\Users\iRoti\Desktop\tt\SMIC\SMIC_all_raw\HS\s8\non_micro\s8_n8\image310148.bmp|C:\Users\iRoti\Desktop\tt\SMIC\SMIC_all_raw\HS\s8\non_micro\s8_n8\image310149.bmp|C:\Users\iRoti\Desktop\tt\SMIC\SMIC_all_raw\HS\s8\non_micro\s8_n8\image310150.bmp|C:\Users\iRoti\Desktop\tt\SMIC\SMIC_all_raw\HS\s8\non_micro\s8_n8\image310151.bmp|C:\Users\iRoti\Desktop\tt\SMIC\SMIC_all_raw\HS\s8\non_micro\s8_n8\image310152.bmp|C:\Users\iRoti\Desktop\tt\SMIC\SMIC_all_raw\HS\s8\non_micro\s8_n8\image310153.bmp|C:\Users\iRoti\Desktop\tt\SMIC\SMIC_all_raw\HS\s8\non_micro\s8_n8\image310154.bmp|C:\Users\iRoti\Desktop\tt\SMIC\SMIC_all_raw\HS\s8\non_micro\s8_n8\image310155.bmp|C:\Users\iRoti\Desktop\tt\SMIC\SMIC_all_raw\HS\s8\non_micro\s8_n8\image310156.bmp|C:\Users\iRoti\Desktop\tt\SMIC\SMIC_all_raw\HS\s8\non_micro\s8_n8\image310157.bmp|C:\Users\iRoti\Desktop\tt\SMIC\SMIC_all_raw\HS\s8\non_micro\s8_n8\image310158.bmp|C:\Users\iRoti\Desktop\tt\SMIC\SMIC_all_raw\HS\s8\non_micro\s8_n8\image310159.bmp|C:\Users\iRoti\Desktop\tt\SMIC\SMIC_all_raw\HS\s8\non_micro\s8_n8\image310160.bmp|C:\Users\iRoti\Desktop\tt\SMIC\SMIC_all_raw\HS\s8\non_micro\s8_n8\image310161.bmp|C:\Users\iRoti\Desktop\tt\SMIC\SMIC_all_raw\HS\s8\non_micro\s8_n8\image310162.bmp|C:\Users\iRoti\Desktop\tt\SMIC\SMIC_all_raw\HS\s8\non_micro\s8_n8\image310163.bmp|C:\Users\iRoti\Desktop\tt\SMIC\SMIC_all_raw\HS\s8\non_micro\s8_n8\image310164.bmp|C:\Users\iRoti\Desktop\tt\SMIC\SMIC_all_raw\HS\s8\non_micro\s8_n8\image310165.bmp
s8,HS_100fps,Neutral,C:\Users\iRoti\Desktop\tt\SMIC\SMIC_all_raw\HS\s8\non_micro\s8_n9\image312860.bmp|C:\Users\iRoti\Desktop\tt\SMIC\SMIC_all_raw\HS\s8\non_micro\s8_n9\image312861.bmp|C:\Users\iRoti\Desktop\tt\SMIC\SMIC_all_raw\HS\s8\non_micro\s8_n9\image312862.bmp|C:\Users\iRoti\Desktop\tt\SMIC\SMIC_all_raw\HS\s8\non_micro\s8_n9\image312863.bmp|C:\Users\iRoti\Desktop\tt\SMIC\SMIC_all_raw\HS\s8\non_micro\s8_n9\image312864.bmp|C:\Users\iRoti\Desktop\tt\SMIC\SMIC_all_raw\HS\s8\non_micro\s8_n9\image312865.bmp|C:\Users\iRoti\Desktop\tt\SMIC\SMIC_all_raw\HS\s8\non_micro\s8_n9\image312866.bmp|C:\Users\iRoti\Desktop\tt\SMIC\SMIC_all_raw\HS\s8\non_micro\s8_n9\image312867.bmp|C:\Users\iRoti\Desktop\tt\SMIC\SMIC_all_raw\HS\s8\non_micro\s8_n9\image312868.bmp|C:\Users\iRoti\Desktop\tt\SMIC\SMIC_all_raw\HS\s8\non_micro\s8_n9\image312869.bmp|C:\Users\iRoti\Desktop\tt\SMIC\SMIC_all_raw\HS\s8\non_micro\s8_n9\image312870.bmp|C:\Users\iRoti\Desktop\tt\SMIC\SMIC_all_raw\HS\s8\non_micro\s8_n9\image312871.bmp|C:\Users\iRoti\Desktop\tt\SMIC\SMIC_all_raw\HS\s8\non_micro\s8_n9\image312872.bmp|C:\Users\iRoti\Desktop\tt\SMIC\SMIC_all_raw\HS\s8\non_micro\s8_n9\image312873.bmp|C:\Users\iRoti\Desktop\tt\SMIC\SMIC_all_raw\HS\s8\non_micro\s8_n9\image312874.bmp|C:\Users\iRoti\Desktop\tt\SMIC\SMIC_all_raw\HS\s8\non_micro\s8_n9\image312875.bmp|C:\Users\iRoti\Desktop\tt\SMIC\SMIC_all_raw\HS\s8\non_micro\s8_n9\image312876.bmp|C:\Users\iRoti\Desktop\tt\SMIC\SMIC_all_raw\HS\s8\non_micro\s8_n9\image312877.bmp|C:\Users\iRoti\Desktop\tt\SMIC\SMIC_all_raw\HS\s8\non_micro\s8_n9\image312878.bmp|C:\Users\iRoti\Desktop\tt\SMIC\SMIC_all_raw\HS\s8\non_micro\s8_n9\image312879.bmp|C:\Users\iRoti\Desktop\tt\SMIC\SMIC_all_raw\HS\s8\non_micro\s8_n9\image312880.bmp|C:\Users\iRoti\Desktop\tt\SMIC\SMIC_all_raw\HS\s8\non_micro\s8_n9\image312881.bmp|C:\Users\iRoti\Desktop\tt\SMIC\SMIC_all_raw\HS\s8\non_micro\s8_n9\image312882.bmp|C:\Users\iRoti\Desktop\tt\SMIC\SMIC_all_raw\HS\s8\non_micro\s8_n9\image312883.bmp|C:\Users\iRoti\Desktop\tt\SMIC\SMIC_all_raw\HS\s8\non_micro\s8_n9\image312884.bmp|C:\Users\iRoti\Desktop\tt\SMIC\SMIC_all_raw\HS\s8\non_micro\s8_n9\image312885.bmp|C:\Users\iRoti\Desktop\tt\SMIC\SMIC_all_raw\HS\s8\non_micro\s8_n9\image312886.bmp|C:\Users\iRoti\Desktop\tt\SMIC\SMIC_all_raw\HS\s8\non_micro\s8_n9\image312887.bmp|C:\Users\iRoti\Desktop\tt\SMIC\SMIC_all_raw\HS\s8\non_micro\s8_n9\image312888.bmp|C:\Users\iRoti\Desktop\tt\SMIC\SMIC_all_raw\HS\s8\non_micro\s8_n9\image312889.bmp|C:\Users\iRoti\Desktop\tt\SMIC\SMIC_all_raw\HS\s8\non_micro\s8_n9\image312890.bmp|C:\Users\iRoti\Desktop\tt\SMIC\SMIC_all_raw\HS\s8\non_micro\s8_n9\image312891.bmp
s9,HS_100fps,Felicidad,C:\Users\iRoti\Desktop\tt\SMIC\SMIC_all_raw\HS\s9\micro\positive\s9_po_01\image072643.bmp|C:\Users\iRoti\Desktop\tt\SMIC\SMIC_all_raw\HS\s9\micro\positive\s9_po_01\image072644.bmp|C:\Users\iRoti\Desktop\tt\SMIC\SMIC_all_raw\HS\s9\micro\positive\s9_po_01\image072645.bmp|C:\Users\iRoti\Desktop\tt\SMIC\SMIC_all_raw\HS\s9\micro\positive\s9_po_01\image072646.bmp|C:\Users\iRoti\Desktop\tt\SMIC\SMIC_all_raw\HS\s9\micro\positive\s9_po_01\image072647.bmp|C:\Users\iRoti\Desktop\tt\SMIC\SMIC_all_raw\HS\s9\micro\positive\s9_po_01\image072648.bmp|C:\Users\iRoti\Desktop\tt\SMIC\SMIC_all_raw\HS\s9\micro\positive\s9_po_01\image072649.bmp|C:\Users\iRoti\Desktop\tt\SMIC\SMIC_all_raw\HS\s9\micro\positive\s9_po_01\image072650.bmp|C:\Users\iRoti\Desktop\tt\SMIC\SMIC_all_raw\HS\s9\micro\positive\s9_po_01\image072651.bmp|C:\Users\iRoti\Desktop\tt\SMIC\SMIC_all_raw\HS\s9\micro\positive\s9_po_01\image072652.bmp|C:\Users\iRoti\Desktop\tt\SMIC\SMIC_all_raw\HS\s9\micro\positive\s9_po_01\image072653.bmp|C:\Users\iRoti\Desktop\tt\SMIC\SMIC_all_raw\HS\s9\micro\positive\s9_po_01\image072654.bmp|C:\Users\iRoti\Desktop\tt\SMIC\SMIC_all_raw\HS\s9\micro\positive\s9_po_01\image072655.bmp|C:\Users\iRoti\Desktop\tt\SMIC\SMIC_all_raw\HS\s9\micro\positive\s9_po_01\image072656.bmp|C:\Users\iRoti\Desktop\tt\SMIC\SMIC_all_raw\HS\s9\micro\positive\s9_po_01\image072657.bmp|C:\Users\iRoti\Desktop\tt\SMIC\SMIC_all_raw\HS\s9\micro\positive\s9_po_01\image072658.bmp|C:\Users\iRoti\Desktop\tt\SMIC\SMIC_all_raw\HS\s9\micro\positive\s9_po_01\image072659.bmp|C:\Users\iRoti\Desktop\tt\SMIC\SMIC_all_raw\HS\s9\micro\positive\s9_po_01\image072660.bmp|C:\Users\iRoti\Desktop\tt\SMIC\SMIC_all_raw\HS\s9\micro\positive\s9_po_01\image072661.bmp|C:\Users\iRoti\Desktop\tt\SMIC\SMIC_all_raw\HS\s9\micro\positive\s9_po_01\image072662.bmp|C:\Users\iRoti\Desktop\tt\SMIC\SMIC_all_raw\HS\s9\micro\positive\s9_po_01\image072663.bmp|C:\Users\iRoti\Desktop\tt\SMIC\SMIC_all_raw\HS\s9\micro\positive\s9_po_01\image072664.bmp|C:\Users\iRoti\Desktop\tt\SMIC\SMIC_all_raw\HS\s9\micro\positive\s9_po_01\image072665.bmp|C:\Users\iRoti\Desktop\tt\SMIC\SMIC_all_raw\HS\s9\micro\positive\s9_po_01\image072666.bmp|C:\Users\iRoti\Desktop\tt\SMIC\SMIC_all_raw\HS\s9\micro\positive\s9_po_01\image072667.bmp|C:\Users\iRoti\Desktop\tt\SMIC\SMIC_all_raw\HS\s9\micro\positive\s9_po_01\image072668.bmp|C:\Users\iRoti\Desktop\tt\SMIC\SMIC_all_raw\HS\s9\micro\positive\s9_po_01\image072669.bmp|C:\Users\iRoti\Desktop\tt\SMIC\SMIC_all_raw\HS\s9\micro\positive\s9_po_01\image072670.bmp|C:\Users\iRoti\Desktop\tt\SMIC\SMIC_all_raw\HS\s9\micro\positive\s9_po_01\image072671.bmp|C:\Users\iRoti\Desktop\tt\SMIC\SMIC_all_raw\HS\s9\micro\positive\s9_po_01\image072672.bmp|C:\Users\iRoti\Desktop\tt\SMIC\SMIC_all_raw\HS\s9\micro\positive\s9_po_01\image072673.bmp|C:\Users\iRoti\Desktop\tt\SMIC\SMIC_all_raw\HS\s9\micro\positive\s9_po_01\image072674.bmp|C:\Users\iRoti\Desktop\tt\SMIC\SMIC_all_raw\HS\s9\micro\positive\s9_po_01\image072675.bmp|C:\Users\iRoti\Desktop\tt\SMIC\SMIC_all_raw\HS\s9\micro\positive\s9_po_01\image072676.bmp|C:\Users\iRoti\Desktop\tt\SMIC\SMIC_all_raw\HS\s9\micro\positive\s9_po_01\image072677.bmp|C:\Users\iRoti\Desktop\tt\SMIC\SMIC_all_raw\HS\s9\micro\positive\s9_po_01\image072678.bmp|C:\Users\iRoti\Desktop\tt\SMIC\SMIC_all_raw\HS\s9\micro\positive\s9_po_01\image072679.bmp|C:\Users\iRoti\Desktop\tt\SMIC\SMIC_all_raw\HS\s9\micro\positive\s9_po_01\image072680.bmp|C:\Users\iRoti\Desktop\tt\SMIC\SMIC_all_raw\HS\s9\micro\positive\s9_po_01\image072681.bmp|C:\Users\iRoti\Desktop\tt\SMIC\SMIC_all_raw\HS\s9\micro\positive\s9_po_01\image072682.bmp|C:\Users\iRoti\Desktop\tt\SMIC\SMIC_all_raw\HS\s9\micro\positive\s9_po_01\image072683.bmp|C:\Users\iRoti\Desktop\tt\SMIC\SMIC_all_raw\HS\s9\micro\positive\s9_po_01\image072684.bmp
s9,HS_100fps,Sorpresa,C:\Users\iRoti\Desktop\tt\SMIC\SMIC_all_raw\HS\s9\micro\surprise\s9_sur_01\image061206.bmp|C:\Users\iRoti\Desktop\tt\SMIC\SMIC_all_raw\HS\s9\micro\surprise\s9_sur_01\image061207.bmp|C:\Users\iRoti\Desktop\tt\SMIC\SMIC_all_raw\HS\s9\micro\surprise\s9_sur_01\image061208.bmp|C:\Users\iRoti\Desktop\tt\SMIC\SMIC_all_raw\HS\s9\micro\surprise\s9_sur_01\image061209.bmp|C:\Users\iRoti\Desktop\tt\SMIC\SMIC_all_raw\HS\s9\micro\surprise\s9_sur_01\image061210.bmp|C:\Users\iRoti\Desktop\tt\SMIC\SMIC_all_raw\HS\s9\micro\surprise\s9_sur_01\image061211.bmp|C:\Users\iRoti\Desktop\tt\SMIC\SMIC_all_raw\HS\s9\micro\surprise\s9_sur_01\image061212.bmp|C:\Users\iRoti\Desktop\tt\SMIC\SMIC_all_raw\HS\s9\micro\surprise\s9_sur_01\image061213.bmp|C:\Users\iRoti\Desktop\tt\SMIC\SMIC_all_raw\HS\s9\micro\surprise\s9_sur_01\image061214.bmp|C:\Users\iRoti\Desktop\tt\SMIC\SMIC_all_raw\HS\s9\micro\surprise\s9_sur_01\image061215.bmp|C:\Users\iRoti\Desktop\tt\SMIC\SMIC_all_raw\HS\s9\micro\surprise\s9_sur_01\image061216.bmp|C:\Users\iRoti\Desktop\tt\SMIC\SMIC_all_raw\HS\s9\micro\surprise\s9_sur_01\image061217.bmp|C:\Users\iRoti\Desktop\tt\SMIC\SMIC_all_raw\HS\s9\micro\surprise\s9_sur_01\image061218.bmp|C:\Users\iRoti\Desktop\tt\SMIC\SMIC_all_raw\HS\s9\micro\surprise\s9_sur_01\image061219.bmp|C:\Users\iRoti\Desktop\tt\SMIC\SMIC_all_raw\HS\s9\micro\surprise\s9_sur_01\image061220.bmp|C:\Users\iRoti\Desktop\tt\SMIC\SMIC_all_raw\HS\s9\micro\surprise\s9_sur_01\image061221.bmp|C:\Users\iRoti\Desktop\tt\SMIC\SMIC_all_raw\HS\s9\micro\surprise\s9_sur_01\image061222.bmp|C:\Users\iRoti\Desktop\tt\SMIC\SMIC_all_raw\HS\s9\micro\surprise\s9_sur_01\image061223.bmp|C:\Users\iRoti\Desktop\tt\SMIC\SMIC_all_raw\HS\s9\micro\surprise\s9_sur_01\image061224.bmp|C:\Users\iRoti\Desktop\tt\SMIC\SMIC_all_raw\HS\s9\micro\surprise\s9_sur_01\image061225.bmp|C:\Users\iRoti\Desktop\tt\SMIC\SMIC_all_raw\HS\s9\micro\surprise\s9_sur_01\image061226.bmp|C:\Users\iRoti\Desktop\tt\SMIC\SMIC_all_raw\HS\s9\micro\surprise\s9_sur_01\image061227.bmp|C:\Users\iRoti\Desktop\tt\SMIC\SMIC_all_raw\HS\s9\micro\surprise\s9_sur_01\image061228.bmp|C:\Users\iRoti\Desktop\tt\SMIC\SMIC_all_raw\HS\s9\micro\surprise\s9_sur_01\image061229.bmp|C:\Users\iRoti\Desktop\tt\SMIC\SMIC_all_raw\HS\s9\micro\surprise\s9_sur_01\image061230.bmp|C:\Users\iRoti\Desktop\tt\SMIC\SMIC_all_raw\HS\s9\micro\surprise\s9_sur_01\image061231.bmp|C:\Users\iRoti\Desktop\tt\SMIC\SMIC_all_raw\HS\s9\micro\surprise\s9_sur_01\image061232.bmp
s9,HS_100fps,Sorpresa,C:\Users\iRoti\Desktop\tt\SMIC\SMIC_all_raw\HS\s9\micro\surprise\s9_sur_02\image061250.bmp|C:\Users\iRoti\Desktop\tt\SMIC\SMIC_all_raw\HS\s9\micro\surprise\s9_sur_02\image061251.bmp|C:\Users\iRoti\Desktop\tt\SMIC\SMIC_all_raw\HS\s9\micro\surprise\s9_sur_02\image061252.bmp|C:\Users\iRoti\Desktop\tt\SMIC\SMIC_all_raw\HS\s9\micro\surprise\s9_sur_02\image061253.bmp|C:\Users\iRoti\Desktop\tt\SMIC\SMIC_all_raw\HS\s9\micro\surprise\s9_sur_02\image061254.bmp|C:\Users\iRoti\Desktop\tt\SMIC\SMIC_all_raw\HS\s9\micro\surprise\s9_sur_02\image061255.bmp|C:\Users\iRoti\Desktop\tt\SMIC\SMIC_all_raw\HS\s9\micro\surprise\s9_sur_02\image061256.bmp|C:\Users\iRoti\Desktop\tt\SMIC\SMIC_all_raw\HS\s9\micro\surprise\s9_sur_02\image061257.bmp|C:\Users\iRoti\Desktop\tt\SMIC\SMIC_all_raw\HS\s9\micro\surprise\s9_sur_02\image061258.bmp|C:\Users\iRoti\Desktop\tt\SMIC\SMIC_all_raw\HS\s9\micro\surprise\s9_sur_02\image061259.bmp|C:\Users\iRoti\Desktop\tt\SMIC\SMIC_all_raw\HS\s9\micro\surprise\s9_sur_02\image061260.bmp|C:\Users\iRoti\Desktop\tt\SMIC\SMIC_all_raw\HS\s9\micro\surprise\s9_sur_02\image061261.bmp|C:\Users\iRoti\Desktop\tt\SMIC\SMIC_all_raw\HS\s9\micro\surprise\s9_sur_02\image061262.bmp|C:\Users\iRoti\Desktop\tt\SMIC\SMIC_all_raw\HS\s9\micro\surprise\s9_sur_02\image061263.bmp|C:\Users\iRoti\Desktop\tt\SMIC\SMIC_all_raw\HS\s9\micro\surprise\s9_sur_02\image061264.bmp|C:\Users\iRoti\Desktop\tt\SMIC\SMIC_all_raw\HS\s9\micro\surprise\s9_sur_02\image061265.bmp|C:\Users\iRoti\Desktop\tt\SMIC\SMIC_all_raw\HS\s9\micro\surprise\s9_sur_02\image061266.bmp|C:\Users\iRoti\Desktop\tt\SMIC\SMIC_all_raw\HS\s9\micro\surprise\s9_sur_02\image061267.bmp|C:\Users\iRoti\Desktop\tt\SMIC\SMIC_all_raw\HS\s9\micro\surprise\s9_sur_02\image061268.bmp|C:\Users\iRoti\Desktop\tt\SMIC\SMIC_all_raw\HS\s9\micro\surprise\s9_sur_02\image061269.bmp|C:\Users\iRoti\Desktop\tt\SMIC\SMIC_all_raw\HS\s9\micro\surprise\s9_sur_02\image061270.bmp|C:\Users\iRoti\Desktop\tt\SMIC\SMIC_all_raw\HS\s9\micro\surprise\s9_sur_02\image061271.bmp|C:\Users\iRoti\Desktop\tt\SMIC\SMIC_all_raw\HS\s9\micro\surprise\s9_sur_02\image061272.bmp|C:\Users\iRoti\Desktop\tt\SMIC\SMIC_all_raw\HS\s9\micro\surprise\s9_sur_02\image061273.bmp|C:\Users\iRoti\Desktop\tt\SMIC\SMIC_all_raw\HS\s9\micro\surprise\s9_sur_02\image061274.bmp|C:\Users\iRoti\Desktop\tt\SMIC\SMIC_all_raw\HS\s9\micro\surprise\s9_sur_02\image061275.bmp|C:\Users\iRoti\Desktop\tt\SMIC\SMIC_all_raw\HS\s9\micro\surprise\s9_sur_02\image061276.bmp|C:\Users\iRoti\Desktop\tt\SMIC\SMIC_all_raw\HS\s9\micro\surprise\s9_sur_02\image061277.bmp|C:\Users\iRoti\Desktop\tt\SMIC\SMIC_all_raw\HS\s9\micro\surprise\s9_sur_02\image061278.bmp|C:\Users\iRoti\Desktop\tt\SMIC\SMIC_all_raw\HS\s9\micro\surprise\s9_sur_02\image061279.bmp|C:\Users\iRoti\Desktop\tt\SMIC\SMIC_all_raw\HS\s9\micro\surprise\s9_sur_02\image061280.bmp|C:\Users\iRoti\Desktop\tt\SMIC\SMIC_all_raw\HS\s9\micro\surprise\s9_sur_02\image061281.bmp|C:\Users\iRoti\Desktop\tt\SMIC\SMIC_all_raw\HS\s9\micro\surprise\s9_sur_02\image061282.bmp|C:\Users\iRoti\Desktop\tt\SMIC\SMIC_all_raw\HS\s9\micro\surprise\s9_sur_02\image061283.bmp|C:\Users\iRoti\Desktop\tt\SMIC\SMIC_all_raw\HS\s9\micro\surprise\s9_sur_02\image061284.bmp|C:\Users\iRoti\Desktop\tt\SMIC\SMIC_all_raw\HS\s9\micro\surprise\s9_sur_02\image061285.bmp|C:\Users\iRoti\Desktop\tt\SMIC\SMIC_all_raw\HS\s9\micro\surprise\s9_sur_02\image061286.bmp|C:\Users\iRoti\Desktop\tt\SMIC\SMIC_all_raw\HS\s9\micro\surprise\s9_sur_02\image061287.bmp|C:\Users\iRoti\Desktop\tt\SMIC\SMIC_all_raw\HS\s9\micro\surprise\s9_sur_02\image061288.bmp|C:\Users\iRoti\Desktop\tt\SMIC\SMIC_all_raw\HS\s9\micro\surprise\s9_sur_02\image061289.bmp|C:\Users\iRoti\Desktop\tt\SMIC\SMIC_all_raw\HS\s9\micro\surprise\s9_sur_02\image061290.bmp|C:\Users\iRoti\Desktop\tt\SMIC\SMIC_all_raw\HS\s9\micro\surprise\s9_sur_02\image061291.bmp
s9,HS_100fps,Sorpresa,C:\Users\iRoti\Desktop\tt\SMIC\SMIC_all_raw\HS\s9\micro\surprise\s9_sur_03\image091099.bmp|C:\Users\iRoti\Desktop\tt\SMIC\SMIC_all_raw\HS\s9\micro\surprise\s9_sur_03\image091100.bmp|C:\Users\iRoti\Desktop\tt\SMIC\SMIC_all_raw\HS\s9\micro\surprise\s9_sur_03\image091101.bmp|C:\Users\iRoti\Desktop\tt\SMIC\SMIC_all_raw\HS\s9\micro\surprise\s9_sur_03\image091102.bmp|C:\Users\iRoti\Desktop\tt\SMIC\SMIC_all_raw\HS\s9\micro\surprise\s9_sur_03\image091103.bmp|C:\Users\iRoti\Desktop\tt\SMIC\SMIC_all_raw\HS\s9\micro\surprise\s9_sur_03\image091104.bmp|C:\Users\iRoti\Desktop\tt\SMIC\SMIC_all_raw\HS\s9\micro\surprise\s9_sur_03\image091105.bmp|C:\Users\iRoti\Desktop\tt\SMIC\SMIC_all_raw\HS\s9\micro\surprise\s9_sur_03\image091106.bmp|C:\Users\iRoti\Desktop\tt\SMIC\SMIC_all_raw\HS\s9\micro\surprise\s9_sur_03\image091107.bmp|C:\Users\iRoti\Desktop\tt\SMIC\SMIC_all_raw\HS\s9\micro\surprise\s9_sur_03\image091108.bmp|C:\Users\iRoti\Desktop\tt\SMIC\SMIC_all_raw\HS\s9\micro\surprise\s9_sur_03\image091109.bmp|C:\Users\iRoti\Desktop\tt\SMIC\SMIC_all_raw\HS\s9\micro\surprise\s9_sur_03\image091110.bmp|C:\Users\iRoti\Desktop\tt\SMIC\SMIC_all_raw\HS\s9\micro\surprise\s9_sur_03\image091111.bmp|C:\Users\iRoti\Desktop\tt\SMIC\SMIC_all_raw\HS\s9\micro\surprise\s9_sur_03\image091112.bmp|C:\Users\iRoti\Desktop\tt\SMIC\SMIC_all_raw\HS\s9\micro\surprise\s9_sur_03\image091113.bmp|C:\Users\iRoti\Desktop\tt\SMIC\SMIC_all_raw\HS\s9\micro\surprise\s9_sur_03\image091114.bmp|C:\Users\iRoti\Desktop\tt\SMIC\SMIC_all_raw\HS\s9\micro\surprise\s9_sur_03\image091115.bmp|C:\Users\iRoti\Desktop\tt\SMIC\SMIC_all_raw\HS\s9\micro\surprise\s9_sur_03\image091116.bmp|C:\Users\iRoti\Desktop\tt\SMIC\SMIC_all_raw\HS\s9\micro\surprise\s9_sur_03\image091117.bmp|C:\Users\iRoti\Desktop\tt\SMIC\SMIC_all_raw\HS\s9\micro\surprise\s9_sur_03\image091118.bmp|C:\Users\iRoti\Desktop\tt\SMIC\SMIC_all_raw\HS\s9\micro\surprise\s9_sur_03\image091119.bmp|C:\Users\iRoti\Desktop\tt\SMIC\SMIC_all_raw\HS\s9\micro\surprise\s9_sur_03\image091120.bmp|C:\Users\iRoti\Desktop\tt\SMIC\SMIC_all_raw\HS\s9\micro\surprise\s9_sur_03\image091121.bmp|C:\Users\iRoti\Desktop\tt\SMIC\SMIC_all_raw\HS\s9\micro\surprise\s9_sur_03\image091122.bmp|C:\Users\iRoti\Desktop\tt\SMIC\SMIC_all_raw\HS\s9\micro\surprise\s9_sur_03\image091123.bmp|C:\Users\iRoti\Desktop\tt\SMIC\SMIC_all_raw\HS\s9\micro\surprise\s9_sur_03\image091124.bmp|C:\Users\iRoti\Desktop\tt\SMIC\SMIC_all_raw\HS\s9\micro\surprise\s9_sur_03\image091125.bmp|C:\Users\iRoti\Desktop\tt\SMIC\SMIC_all_raw\HS\s9\micro\surprise\s9_sur_03\image091126.bmp|C:\Users\iRoti\Desktop\tt\SMIC\SMIC_all_raw\HS\s9\micro\surprise\s9_sur_03\image091127.bmp|C:\Users\iRoti\Desktop\tt\SMIC\SMIC_all_raw\HS\s9\micro\surprise\s9_sur_03\image091128.bmp|C:\Users\iRoti\Desktop\tt\SMIC\SMIC_all_raw\HS\s9\micro\surprise\s9_sur_03\image091129.bmp|C:\Users\iRoti\Desktop\tt\SMIC\SMIC_all_raw\HS\s9\micro\surprise\s9_sur_03\image091130.bmp|C:\Users\iRoti\Desktop\tt\SMIC\SMIC_all_raw\HS\s9\micro\surprise\s9_sur_03\image091131.bmp|C:\Users\iRoti\Desktop\tt\SMIC\SMIC_all_raw\HS\s9\micro\surprise\s9_sur_03\image091132.bmp|C:\Users\iRoti\Desktop\tt\SMIC\SMIC_all_raw\HS\s9\micro\surprise\s9_sur_03\image091133.bmp|C:\Users\iRoti\Desktop\tt\SMIC\SMIC_all_raw\HS\s9\micro\surprise\s9_sur_03\image091134.bmp|C:\Users\iRoti\Desktop\tt\SMIC\SMIC_all_raw\HS\s9\micro\surprise\s9_sur_03\image091135.bmp|C:\Users\iRoti\Desktop\tt\SMIC\SMIC_all_raw\HS\s9\micro\surprise\s9_sur_03\image091136.bmp|C:\Users\iRoti\Desktop\tt\SMIC\SMIC_all_raw\HS\s9\micro\surprise\s9_sur_03\image091137.bmp
s9,HS_100fps,Neutral,C:\Users\iRoti\Desktop\tt\SMIC\SMIC_all_raw\HS\s9\non_micro\s9_n1\image067022.bmp|C:\Users\iRoti\Desktop\tt\SMIC\SMIC_all_raw\HS\s9\non_micro\s9_n1\image067023.bmp|C:\Users\iRoti\Desktop\tt\SMIC\SMIC_all_raw\HS\s9\non_micro\s9_n1\image067024.bmp|C:\Users\iRoti\Desktop\tt\SMIC\SMIC_all_raw\HS\s9\non_micro\s9_n1\image067025.bmp|C:\Users\iRoti\Desktop\tt\SMIC\SMIC_all_raw\HS\s9\non_micro\s9_n1\image067026.bmp|C:\Users\iRoti\Desktop\tt\SMIC\SMIC_all_raw\HS\s9\non_micro\s9_n1\image067027.bmp|C:\Users\iRoti\Desktop\tt\SMIC\SMIC_all_raw\HS\s9\non_micro\s9_n1\image067028.bmp|C:\Users\iRoti\Desktop\tt\SMIC\SMIC_all_raw\HS\s9\non_micro\s9_n1\image067029.bmp|C:\Users\iRoti\Desktop\tt\SMIC\SMIC_all_raw\HS\s9\non_micro\s9_n1\image067030.bmp|C:\Users\iRoti\Desktop\tt\SMIC\SMIC_all_raw\HS\s9\non_micro\s9_n1\image067031.bmp|C:\Users\iRoti\Desktop\tt\SMIC\SMIC_all_raw\HS\s9\non_micro\s9_n1\image067032.bmp|C:\Users\iRoti\Desktop\tt\SMIC\SMIC_all_raw\HS\s9\non_micro\s9_n1\image067033.bmp|C:\Users\iRoti\Desktop\tt\SMIC\SMIC_all_raw\HS\s9\non_micro\s9_n1\image067034.bmp|C:\Users\iRoti\Desktop\tt\SMIC\SMIC_all_raw\HS\s9\non_micro\s9_n1\image067035.bmp|C:\Users\iRoti\Desktop\tt\SMIC\SMIC_all_raw\HS\s9\non_micro\s9_n1\image067036.bmp|C:\Users\iRoti\Desktop\tt\SMIC\SMIC_all_raw\HS\s9\non_micro\s9_n1\image067037.bmp|C:\Users\iRoti\Desktop\tt\SMIC\SMIC_all_raw\HS\s9\non_micro\s9_n1\image067038.bmp|C:\Users\iRoti\Desktop\tt\SMIC\SMIC_all_raw\HS\s9\non_micro\s9_n1\image067039.bmp|C:\Users\iRoti\Desktop\tt\SMIC\SMIC_all_raw\HS\s9\non_micro\s9_n1\image067040.bmp|C:\Users\iRoti\Desktop\tt\SMIC\SMIC_all_raw\HS\s9\non_micro\s9_n1\image067041.bmp|C:\Users\iRoti\Desktop\tt\SMIC\SMIC_all_raw\HS\s9\non_micro\s9_n1\image067042.bmp|C:\Users\iRoti\Desktop\tt\SMIC\SMIC_all_raw\HS\s9\non_micro\s9_n1\image067043.bmp|C:\Users\iRoti\Desktop\tt\SMIC\SMIC_all_raw\HS\s9\non_micro\s9_n1\image067044.bmp|C:\Users\iRoti\Desktop\tt\SMIC\SMIC_all_raw\HS\s9\non_micro\s9_n1\image067045.bmp|C:\Users\iRoti\Desktop\tt\SMIC\SMIC_all_raw\HS\s9\non_micro\s9_n1\image067046.bmp|C:\Users\iRoti\Desktop\tt\SMIC\SMIC_all_raw\HS\s9\non_micro\s9_n1\image067047.bmp|C:\Users\iRoti\Desktop\tt\SMIC\SMIC_all_raw\HS\s9\non_micro\s9_n1\image067048.bmp|C:\Users\iRoti\Desktop\tt\SMIC\SMIC_all_raw\HS\s9\non_micro\s9_n1\image067049.bmp|C:\Users\iRoti\Desktop\tt\SMIC\SMIC_all_raw\HS\s9\non_micro\s9_n1\image067050.bmp|C:\Users\iRoti\Desktop\tt\SMIC\SMIC_all_raw\HS\s9\non_micro\s9_n1\image067051.bmp|C:\Users\iRoti\Desktop\tt\SMIC\SMIC_all_raw\HS\s9\non_micro\s9_n1\image067052.bmp|C:\Users\iRoti\Desktop\tt\SMIC\SMIC_all_raw\HS\s9\non_micro\s9_n1\image067053.bmp|C:\Users\iRoti\Desktop\tt\SMIC\SMIC_all_raw\HS\s9\non_micro\s9_n1\image067054.bmp|C:\Users\iRoti\Desktop\tt\SMIC\SMIC_all_raw\HS\s9\non_micro\s9_n1\image067055.bmp|C:\Users\iRoti\Desktop\tt\SMIC\SMIC_all_raw\HS\s9\non_micro\s9_n1\image067056.bmp|C:\Users\iRoti\Desktop\tt\SMIC\SMIC_all_raw\HS\s9\non_micro\s9_n1\image067057.bmp|C:\Users\iRoti\Desktop\tt\SMIC\SMIC_all_raw\HS\s9\non_micro\s9_n1\image067058.bmp|C:\Users\iRoti\Desktop\tt\SMIC\SMIC_all_raw\HS\s9\non_micro\s9_n1\image067059.bmp|C:\Users\iRoti\Desktop\tt\SMIC\SMIC_all_raw\HS\s9\non_micro\s9_n1\image067060.bmp|C:\Users\iRoti\Desktop\tt\SMIC\SMIC_all_raw\HS\s9\non_micro\s9_n1\image067061.bmp
s9,HS_100fps,Neutral,C:\Users\iRoti\Desktop\tt\SMIC\SMIC_all_raw\HS\s9\non_micro\s9_n2\image073197.bmp|C:\Users\iRoti\Desktop\tt\SMIC\SMIC_all_raw\HS\s9\non_micro\s9_n2\image073198.bmp|C:\Users\iRoti\Desktop\tt\SMIC\SMIC_all_raw\HS\s9\non_micro\s9_n2\image073199.bmp|C:\Users\iRoti\Desktop\tt\SMIC\SMIC_all_raw\HS\s9\non_micro\s9_n2\image073200.bmp|C:\Users\iRoti\Desktop\tt\SMIC\SMIC_all_raw\HS\s9\non_micro\s9_n2\image073201.bmp|C:\Users\iRoti\Desktop\tt\SMIC\SMIC_all_raw\HS\s9\non_micro\s9_n2\image073202.bmp|C:\Users\iRoti\Desktop\tt\SMIC\SMIC_all_raw\HS\s9\non_micro\s9_n2\image073203.bmp|C:\Users\iRoti\Desktop\tt\SMIC\SMIC_all_raw\HS\s9\non_micro\s9_n2\image073204.bmp|C:\Users\iRoti\Desktop\tt\SMIC\SMIC_all_raw\HS\s9\non_micro\s9_n2\image073205.bmp|C:\Users\iRoti\Desktop\tt\SMIC\SMIC_all_raw\HS\s9\non_micro\s9_n2\image073206.bmp|C:\Users\iRoti\Desktop\tt\SMIC\SMIC_all_raw\HS\s9\non_micro\s9_n2\image073207.bmp|C:\Users\iRoti\Desktop\tt\SMIC\SMIC_all_raw\HS\s9\non_micro\s9_n2\image073208.bmp|C:\Users\iRoti\Desktop\tt\SMIC\SMIC_all_raw\HS\s9\non_micro\s9_n2\image073209.bmp|C:\Users\iRoti\Desktop\tt\SMIC\SMIC_all_raw\HS\s9\non_micro\s9_n2\image073210.bmp|C:\Users\iRoti\Desktop\tt\SMIC\SMIC_all_raw\HS\s9\non_micro\s9_n2\image073211.bmp|C:\Users\iRoti\Desktop\tt\SMIC\SMIC_all_raw\HS\s9\non_micro\s9_n2\image073212.bmp|C:\Users\iRoti\Desktop\tt\SMIC\SMIC_all_raw\HS\s9\non_micro\s9_n2\image073213.bmp|C:\Users\iRoti\Desktop\tt\SMIC\SMIC_all_raw\HS\s9\non_micro\s9_n2\image073214.bmp|C:\Users\iRoti\Desktop\tt\SMIC\SMIC_all_raw\HS\s9\non_micro\s9_n2\image073215.bmp|C:\Users\iRoti\Desktop\tt\SMIC\SMIC_all_raw\HS\s9\non_micro\s9_n2\image073216.bmp|C:\Users\iRoti\Desktop\tt\SMIC\SMIC_all_raw\HS\s9\non_micro\s9_n2\image073217.bmp|C:\Users\iRoti\Desktop\tt\SMIC\SMIC_all_raw\HS\s9\non_micro\s9_n2\image073218.bmp|C:\Users\iRoti\Desktop\tt\SMIC\SMIC_all_raw\HS\s9\non_micro\s9_n2\image073219.bmp|C:\Users\iRoti\Desktop\tt\SMIC\SMIC_all_raw\HS\s9\non_micro\s9_n2\image073220.bmp|C:\Users\iRoti\Desktop\tt\SMIC\SMIC_all_raw\HS\s9\non_micro\s9_n2\image073221.bmp|C:\Users\iRoti\Desktop\tt\SMIC\SMIC_all_raw\HS\s9\non_micro\s9_n2\image073222.bmp|C:\Users\iRoti\Desktop\tt\SMIC\SMIC_all_raw\HS\s9\non_micro\s9_n2\image073223.bmp|C:\Users\iRoti\Desktop\tt\SMIC\SMIC_all_raw\HS\s9\non_micro\s9_n2\image073224.bmp|C:\Users\iRoti\Desktop\tt\SMIC\SMIC_all_raw\HS\s9\non_micro\s9_n2\image073225.bmp|C:\Users\iRoti\Desktop\tt\SMIC\SMIC_all_raw\HS\s9\non_micro\s9_n2\image073226.bmp|C:\Users\iRoti\Desktop\tt\SMIC\SMIC_all_raw\HS\s9\non_micro\s9_n2\image073227.bmp|C:\Users\iRoti\Desktop\tt\SMIC\SMIC_all_raw\HS\s9\non_micro\s9_n2\image073228.bmp|C:\Users\iRoti\Desktop\tt\SMIC\SMIC_all_raw\HS\s9\non_micro\s9_n2\image073229.bmp|C:\Users\iRoti\Desktop\tt\SMIC\SMIC_all_raw\HS\s9\non_micro\s9_n2\image073230.bmp|C:\Users\iRoti\Desktop\tt\SMIC\SMIC_all_raw\HS\s9\non_micro\s9_n2\image073231.bmp|C:\Users\iRoti\Desktop\tt\SMIC\SMIC_all_raw\HS\s9\non_micro\s9_n2\image073232.bmp
s9,HS_100fps,Neutral,C:\Users\iRoti\Desktop\tt\SMIC\SMIC_all_raw\HS\s9\non_micro\s9_n3\image112315.bmp|C:\Users\iRoti\Desktop\tt\SMIC\SMIC_all_raw\HS\s9\non_micro\s9_n3\image112316.bmp|C:\Users\iRoti\Desktop\tt\SMIC\SMIC_all_raw\HS\s9\non_micro\s9_n3\image112317.bmp|C:\Users\iRoti\Desktop\tt\SMIC\SMIC_all_raw\HS\s9\non_micro\s9_n3\image112318.bmp|C:\Users\iRoti\Desktop\tt\SMIC\SMIC_all_raw\HS\s9\non_micro\s9_n3\image112319.bmp|C:\Users\iRoti\Desktop\tt\SMIC\SMIC_all_raw\HS\s9\non_micro\s9_n3\image112320.bmp|C:\Users\iRoti\Desktop\tt\SMIC\SMIC_all_raw\HS\s9\non_micro\s9_n3\image112321.bmp|C:\Users\iRoti\Desktop\tt\SMIC\SMIC_all_raw\HS\s9\non_micro\s9_n3\image112322.bmp|C:\Users\iRoti\Desktop\tt\SMIC\SMIC_all_raw\HS\s9\non_micro\s9_n3\image112323.bmp|C:\Users\iRoti\Desktop\tt\SMIC\SMIC_all_raw\HS\s9\non_micro\s9_n3\image112324.bmp|C:\Users\iRoti\Desktop\tt\SMIC\SMIC_all_raw\HS\s9\non_micro\s9_n3\image112325.bmp|C:\Users\iRoti\Desktop\tt\SMIC\SMIC_all_raw\HS\s9\non_micro\s9_n3\image112326.bmp|C:\Users\iRoti\Desktop\tt\SMIC\SMIC_all_raw\HS\s9\non_micro\s9_n3\image112327.bmp|C:\Users\iRoti\Desktop\tt\SMIC\SMIC_all_raw\HS\s9\non_micro\s9_n3\image112328.bmp|C:\Users\iRoti\Desktop\tt\SMIC\SMIC_all_raw\HS\s9\non_micro\s9_n3\image112329.bmp|C:\Users\iRoti\Desktop\tt\SMIC\SMIC_all_raw\HS\s9\non_micro\s9_n3\image112330.bmp|C:\Users\iRoti\Desktop\tt\SMIC\SMIC_all_raw\HS\s9\non_micro\s9_n3\image112331.bmp|C:\Users\iRoti\Desktop\tt\SMIC\SMIC_all_raw\HS\s9\non_micro\s9_n3\image112332.bmp|C:\Users\iRoti\Desktop\tt\SMIC\SMIC_all_raw\HS\s9\non_micro\s9_n3\image112333.bmp|C:\Users\iRoti\Desktop\tt\SMIC\SMIC_all_raw\HS\s9\non_micro\s9_n3\image112334.bmp|C:\Users\iRoti\Desktop\tt\SMIC\SMIC_all_raw\HS\s9\non_micro\s9_n3\image112335.bmp|C:\Users\iRoti\Desktop\tt\SMIC\SMIC_all_raw\HS\s9\non_micro\s9_n3\image112336.bmp|C:\Users\iRoti\Desktop\tt\SMIC\SMIC_all_raw\HS\s9\non_micro\s9_n3\image112337.bmp|C:\Users\iRoti\Desktop\tt\SMIC\SMIC_all_raw\HS\s9\non_micro\s9_n3\image112338.bmp|C:\Users\iRoti\Desktop\tt\SMIC\SMIC_all_raw\HS\s9\non_micro\s9_n3\image112339.bmp|C:\Users\iRoti\Desktop\tt\SMIC\SMIC_all_raw\HS\s9\non_micro\s9_n3\image112340.bmp|C:\Users\iRoti\Desktop\tt\SMIC\SMIC_all_raw\HS\s9\non_micro\s9_n3\image112341.bmp|C:\Users\iRoti\Desktop\tt\SMIC\SMIC_all_raw\HS\s9\non_micro\s9_n3\image112342.bmp|C:\Users\iRoti\Desktop\tt\SMIC\SMIC_all_raw\HS\s9\non_micro\s9_n3\image112343.bmp|C:\Users\iRoti\Desktop\tt\SMIC\SMIC_all_raw\HS\s9\non_micro\s9_n3\image112344.bmp|C:\Users\iRoti\Desktop\tt\SMIC\SMIC_all_raw\HS\s9\non_micro\s9_n3\image112345.bmp|C:\Users\iRoti\Desktop\tt\SMIC\SMIC_all_raw\HS\s9\non_micro\s9_n3\image112346.bmp|C:\Users\iRoti\Desktop\tt\SMIC\SMIC_all_raw\HS\s9\non_micro\s9_n3\image112347.bmp|C:\Users\iRoti\Desktop\tt\SMIC\SMIC_all_raw\HS\s9\non_micro\s9_n3\image112348.bmp|C:\Users\iRoti\Desktop\tt\SMIC\SMIC_all_raw\HS\s9\non_micro\s9_n3\image112349.bmp|C:\Users\iRoti\Desktop\tt\SMIC\SMIC_all_raw\HS\s9\non_micro\s9_n3\image112350.bmp|C:\Users\iRoti\Desktop\tt\SMIC\SMIC_all_raw\HS\s9\non_micro\s9_n3\image112351.bmp|C:\Users\iRoti\Desktop\tt\SMIC\SMIC_all_raw\HS\s9\non_micro\s9_n3\image112352.bmp|C:\Users\iRoti\Desktop\tt\SMIC\SMIC_all_raw\HS\s9\non_micro\s9_n3\image112353.bmp|C:\Users\iRoti\Desktop\tt\SMIC\SMIC_all_raw\HS\s9\non_micro\s9_n3\image112354.bmp|C:\Users\iRoti\Desktop\tt\SMIC\SMIC_all_raw\HS\s9\non_micro\s9_n3\image112355.bmp|C:\Users\iRoti\Desktop\tt\SMIC\SMIC_all_raw\HS\s9\non_micro\s9_n3\image112356.bmp|C:\Users\iRoti\Desktop\tt\SMIC\SMIC_all_raw\HS\s9\non_micro\s9_n3\image112357.bmp|C:\Users\iRoti\Desktop\tt\SMIC\SMIC_all_raw\HS\s9\non_micro\s9_n3\image112358.bmp
s9,HS_100fps,Neutral,C:\Users\iRoti\Desktop\tt\SMIC\SMIC_all_raw\HS\s9\non_micro\s9_n4\image180562.bmp|C:\Users\iRoti\Desktop\tt\SMIC\SMIC_all_raw\HS\s9\non_micro\s9_n4\image180563.bmp|C:\Users\iRoti\Desktop\tt\SMIC\SMIC_all_raw\HS\s9\non_micro\s9_n4\image180564.bmp|C:\Users\iRoti\Desktop\tt\SMIC\SMIC_all_raw\HS\s9\non_micro\s9_n4\image180565.bmp|C:\Users\iRoti\Desktop\tt\SMIC\SMIC_all_raw\HS\s9\non_micro\s9_n4\image180566.bmp|C:\Users\iRoti\Desktop\tt\SMIC\SMIC_all_raw\HS\s9\non_micro\s9_n4\image180567.bmp|C:\Users\iRoti\Desktop\tt\SMIC\SMIC_all_raw\HS\s9\non_micro\s9_n4\image180568.bmp|C:\Users\iRoti\Desktop\tt\SMIC\SMIC_all_raw\HS\s9\non_micro\s9_n4\image180569.bmp|C:\Users\iRoti\Desktop\tt\SMIC\SMIC_all_raw\HS\s9\non_micro\s9_n4\image180570.bmp|C:\Users\iRoti\Desktop\tt\SMIC\SMIC_all_raw\HS\s9\non_micro\s9_n4\image180571.bmp|C:\Users\iRoti\Desktop\tt\SMIC\SMIC_all_raw\HS\s9\non_micro\s9_n4\image180572.bmp|C:\Users\iRoti\Desktop\tt\SMIC\SMIC_all_raw\HS\s9\non_micro\s9_n4\image180573.bmp|C:\Users\iRoti\Desktop\tt\SMIC\SMIC_all_raw\HS\s9\non_micro\s9_n4\image180574.bmp|C:\Users\iRoti\Desktop\tt\SMIC\SMIC_all_raw\HS\s9\non_micro\s9_n4\image180575.bmp|C:\Users\iRoti\Desktop\tt\SMIC\SMIC_all_raw\HS\s9\non_micro\s9_n4\image180576.bmp|C:\Users\iRoti\Desktop\tt\SMIC\SMIC_all_raw\HS\s9\non_micro\s9_n4\image180577.bmp|C:\Users\iRoti\Desktop\tt\SMIC\SMIC_all_raw\HS\s9\non_micro\s9_n4\image180578.bmp|C:\Users\iRoti\Desktop\tt\SMIC\SMIC_all_raw\HS\s9\non_micro\s9_n4\image180579.bmp|C:\Users\iRoti\Desktop\tt\SMIC\SMIC_all_raw\HS\s9\non_micro\s9_n4\image180580.bmp|C:\Users\iRoti\Desktop\tt\SMIC\SMIC_all_raw\HS\s9\non_micro\s9_n4\image180581.bmp|C:\Users\iRoti\Desktop\tt\SMIC\SMIC_all_raw\HS\s9\non_micro\s9_n4\image180582.bmp|C:\Users\iRoti\Desktop\tt\SMIC\SMIC_all_raw\HS\s9\non_micro\s9_n4\image180583.bmp|C:\Users\iRoti\Desktop\tt\SMIC\SMIC_all_raw\HS\s9\non_micro\s9_n4\image180584.bmp|C:\Users\iRoti\Desktop\tt\SMIC\SMIC_all_raw\HS\s9\non_micro\s9_n4\image180585.bmp|C:\Users\iRoti\Desktop\tt\SMIC\SMIC_all_raw\HS\s9\non_micro\s9_n4\image180586.bmp|C:\Users\iRoti\Desktop\tt\SMIC\SMIC_all_raw\HS\s9\non_micro\s9_n4\image180587.bmp|C:\Users\iRoti\Desktop\tt\SMIC\SMIC_all_raw\HS\s9\non_micro\s9_n4\image180588.bmp|C:\Users\iRoti\Desktop\tt\SMIC\SMIC_all_raw\HS\s9\non_micro\s9_n4\image180589.bmp
