persona,camara,emocion,feature_path
p003,camaraInfrarroja,Asco,C:\Users\cruzt\Downloads\features_tt2_escom\features\p003_camaraInfrarroja_Asco_000006.npy
p003,camaraInfrarroja,Enojo,C:\Users\cruzt\Downloads\features_tt2_escom\features\p003_camaraInfrarroja_Enojo_000007.npy
p003,camaraInfrarroja,Felicidad,C:\Users\cruzt\Downloads\features_tt2_escom\features\p003_camaraInfrarroja_Felicidad_000008.npy
p003,camaraInfrarroja,Neutral,C:\Users\cruzt\Downloads\features_tt2_escom\features\p003_camaraInfrarroja_Neutral_000009.npy
p003,camaraInfrarroja,Sorpresa,C:\Users\cruzt\Downloads\features_tt2_escom\features\p003_camaraInfrarroja_Sorpresa_000010.npy
p003,camaraInfrarroja,Tristeza,C:\Users\cruzt\Downloads\features_tt2_escom\features\p003_camaraInfrarroja_Tristeza_000011.npy
p003,camaraWeb,Asco,C:\Users\cruzt\Downloads\features_tt2_escom\features\p003_camaraWeb_Asco_000000.npy
p003,camaraWeb,Enojo,C:\Users\cruzt\Downloads\features_tt2_escom\features\p003_camaraWeb_Enojo_000001.npy
p003,camaraWeb,Felicidad,C:\Users\cruzt\Downloads\features_tt2_escom\features\p003_camaraWeb_Felicidad_000002.npy
p003,camaraWeb,Neutral,C:\Users\cruzt\Downloads\features_tt2_escom\features\p003_camaraWeb_Neutral_000003.npy
p003,camaraWeb,Sorpresa,C:\Users\cruzt\Downloads\features_tt2_escom\features\p003_camaraWeb_Sorpresa_000004.npy
p003,camaraWeb,Tristeza,C:\Users\cruzt\Downloads\features_tt2_escom\features\p003_camaraWeb_Tristeza_000005.npy
p004,camaraInfrarroja,Asco,C:\Users\cruzt\Downloads\features_tt2_escom\features\p004_camaraInfrarroja_Asco_000018.npy
p004,camaraInfrarroja,Enojo,C:\Users\cruzt\Downloads\features_tt2_escom\features\p004_camaraInfrarroja_Enojo_000019.npy
p004,camaraInfrarroja,Felicidad,C:\Users\cruzt\Downloads\features_tt2_escom\features\p004_camaraInfrarroja_Felicidad_000020.npy
p004,camaraInfrarroja,Miedo,C:\Users\cruzt\Downloads\features_tt2_escom\features\p004_camaraInfrarroja_Miedo_000021.npy
p004,camaraInfrarroja,Neutral,C:\Users\cruzt\Downloads\features_tt2_escom\features\p004_camaraInfrarroja_Neutral_000022.npy
p004,camaraInfrarroja,Sorpresa,C:\Users\cruzt\Downloads\features_tt2_escom\features\p004_camaraInfrarroja_Sorpresa_000023.npy
p004,camaraInfrarroja,Tristeza,C:\Users\cruzt\Downloads\features_tt2_escom\features\p004_camaraInfrarroja_Tristeza_000024.npy
p004,camaraWeb,Asco,C:\Users\cruzt\Downloads\features_tt2_escom\features\p004_camaraWeb_Asco_000012.npy
p004,camaraWeb,Enojo,C:\Users\cruzt\Downloads\features_tt2_escom\features\p004_camaraWeb_Enojo_000013.npy
p004,camaraWeb,Felicidad,C:\Users\cruzt\Downloads\features_tt2_escom\features\p004_camaraWeb_Felicidad_000014.npy
p004,camaraWeb,Miedo,C:\Users\cruzt\Downloads\features_tt2_escom\features\p004_camaraWeb_Miedo_000015.npy
p004,camaraWeb,Sorpresa,C:\Users\cruzt\Downloads\features_tt2_escom\features\p004_camaraWeb_Sorpresa_000016.npy
p004,camaraWeb,Tristeza,C:\Users\cruzt\Downloads\features_tt2_escom\features\p004_camaraWeb_Tristeza_000017.npy
p005,camaraInfrarroja,Asco,C:\Users\cruzt\Downloads\features_tt2_escom\features\p005_camaraInfrarroja_Asco_000031.npy
p005,camaraInfrarroja,Enojo,C:\Users\cruzt\Downloads\features_tt2_escom\features\p005_camaraInfrarroja_Enojo_000032.npy
p005,camaraInfrarroja,Miedo,C:\Users\cruzt\Downloads\features_tt2_escom\features\p005_camaraInfrarroja_Miedo_000033.npy
p005,camaraInfrarroja,Neutral,C:\Users\cruzt\Downloads\features_tt2_escom\features\p005_camaraInfrarroja_Neutral_000034.npy
p005,camaraInfrarroja,Sorpresa,C:\Users\cruzt\Downloads\features_tt2_escom\features\p005_camaraInfrarroja_Sorpresa_000035.npy
p005,camaraInfrarroja,Tristeza,C:\Users\cruzt\Downloads\features_tt2_escom\features\p005_camaraInfrarroja_Tristeza_000036.npy
p005,camaraWeb,Asco,C:\Users\cruzt\Downloads\features_tt2_escom\features\p005_camaraWeb_Asco_000025.npy
p005,camaraWeb,Enojo,C:\Users\cruzt\Downloads\features_tt2_escom\features\p005_camaraWeb_Enojo_000026.npy
p005,camaraWeb,Miedo,C:\Users\cruzt\Downloads\features_tt2_escom\features\p005_camaraWeb_Miedo_000027.npy
p005,camaraWeb,Neutral,C:\Users\cruzt\Downloads\features_tt2_escom\features\p005_camaraWeb_Neutral_000028.npy
p005,camaraWeb,Sorpresa,C:\Users\cruzt\Downloads\features_tt2_escom\features\p005_camaraWeb_Sorpresa_000029.npy
p005,camaraWeb,Tristeza,C:\Users\cruzt\Downloads\features_tt2_escom\features\p005_camaraWeb_Tristeza_000030.npy
p006,camaraInfrarroja,Asco,C:\Users\cruzt\Downloads\features_tt2_escom\features\p006_camaraInfrarroja_Asco_000043.npy
p006,camaraInfrarroja,Enojo,C:\Users\cruzt\Downloads\features_tt2_escom\features\p006_camaraInfrarroja_Enojo_000044.npy
p006,camaraInfrarroja,Felicidad,C:\Users\cruzt\Downloads\features_tt2_escom\features\p006_camaraInfrarroja_Felicidad_000045.npy
p006,camaraInfrarroja,Miedo,C:\Users\cruzt\Downloads\features_tt2_escom\features\p006_camaraInfrarroja_Miedo_000046.npy
p006,camaraInfrarroja,Neutral,C:\Users\cruzt\Downloads\features_tt2_escom\features\p006_camaraInfrarroja_Neutral_000047.npy
p006,camaraInfrarroja,Tristeza,C:\Users\cruzt\Downloads\features_tt2_escom\features\p006_camaraInfrarroja_Tristeza_000048.npy
p006,camaraWeb,Asco,C:\Users\cruzt\Downloads\features_tt2_escom\features\p006_camaraWeb_Asco_000037.npy
p006,camaraWeb,Enojo,C:\Users\cruzt\Downloads\features_tt2_escom\features\p006_camaraWeb_Enojo_000038.npy
p006,camaraWeb,Felicidad,C:\Users\cruzt\Downloads\features_tt2_escom\features\p006_camaraWeb_Felicidad_000039.npy
p006,camaraWeb,Miedo,C:\Users\cruzt\Downloads\features_tt2_escom\features\p006_camaraWeb_Miedo_000040.npy
p006,camaraWeb,Neutral,C:\Users\cruzt\Downloads\features_tt2_escom\features\p006_camaraWeb_Neutral_000041.npy
p006,camaraWeb,Tristeza,C:\Users\cruzt\Downloads\features_tt2_escom\features\p006_camaraWeb_Tristeza_000042.npy
p007,camaraInfrarroja,Asco,C:\Users\cruzt\Downloads\features_tt2_escom\features\p007_camaraInfrarroja_Asco_000056.npy
p007,camaraInfrarroja,Enojo,C:\Users\cruzt\Downloads\features_tt2_escom\features\p007_camaraInfrarroja_Enojo_000057.npy
p007,camaraInfrarroja,Felicidad,C:\Users\cruzt\Downloads\features_tt2_escom\features\p007_camaraInfrarroja_Felicidad_000058.npy
p007,camaraInfrarroja,Miedo,C:\Users\cruzt\Downloads\features_tt2_escom\features\p007_camaraInfrarroja_Miedo_000059.npy
p007,camaraInfrarroja,Neutral,C:\Users\cruzt\Downloads\features_tt2_escom\features\p007_camaraInfrarroja_Neutral_000060.npy
p007,camaraInfrarroja,Sorpresa,C:\Users\cruzt\Downloads\features_tt2_escom\features\p007_camaraInfrarroja_Sorpresa_000061.npy
p007,camaraInfrarroja,Tristeza,C:\Users\cruzt\Downloads\features_tt2_escom\features\p007_camaraInfrarroja_Tristeza_000062.npy
p007,camaraWeb,Asco,C:\Users\cruzt\Downloads\features_tt2_escom\features\p007_camaraWeb_Asco_000049.npy
p007,camaraWeb,Enojo,C:\Users\cruzt\Downloads\features_tt2_escom\features\p007_camaraWeb_Enojo_000050.npy
p007,camaraWeb,Felicidad,C:\Users\cruzt\Downloads\features_tt2_escom\features\p007_camaraWeb_Felicidad_000051.npy
p007,camaraWeb,Miedo,C:\Users\cruzt\Downloads\features_tt2_escom\features\p007_camaraWeb_Miedo_000052.npy
p007,camaraWeb,Neutral,C:\Users\cruzt\Downloads\features_tt2_escom\features\p007_camaraWeb_Neutral_000053.npy
p007,camaraWeb,Sorpresa,C:\Users\cruzt\Downloads\features_tt2_escom\features\p007_camaraWeb_Sorpresa_000054.npy
p007,camaraWeb,Tristeza,C:\Users\cruzt\Downloads\features_tt2_escom\features\p007_camaraWeb_Tristeza_000055.npy
p008,camaraInfrarroja,Asco,C:\Users\cruzt\Downloads\features_tt2_escom\features\p008_camaraInfrarroja_Asco_000070.npy
p008,camaraInfrarroja,Enojo,C:\Users\cruzt\Downloads\features_tt2_escom\features\p008_camaraInfrarroja_Enojo_000071.npy
p008,camaraInfrarroja,Felicidad,C:\Users\cruzt\Downloads\features_tt2_escom\features\p008_camaraInfrarroja_Felicidad_000072.npy
p008,camaraInfrarroja,Miedo,C:\Users\cruzt\Downloads\features_tt2_escom\features\p008_camaraInfrarroja_Miedo_000073.npy
p008,camaraInfrarroja,Neutral,C:\Users\cruzt\Downloads\features_tt2_escom\features\p008_camaraInfrarroja_Neutral_000074.npy
p008,camaraInfrarroja,Sorpresa,C:\Users\cruzt\Downloads\features_tt2_escom\features\p008_camaraInfrarroja_Sorpresa_000075.npy
p008,camaraInfrarroja,Tristeza,C:\Users\cruzt\Downloads\features_tt2_escom\features\p008_camaraInfrarroja_Tristeza_000076.npy
p008,camaraWeb,Asco,C:\Users\cruzt\Downloads\features_tt2_escom\features\p008_camaraWeb_Asco_000063.npy
p008,camaraWeb,Enojo,C:\Users\cruzt\Downloads\features_tt2_escom\features\p008_camaraWeb_Enojo_000064.npy
p008,camaraWeb,Felicidad,C:\Users\cruzt\Downloads\features_tt2_escom\features\p008_camaraWeb_Felicidad_000065.npy
p008,camaraWeb,Miedo,C:\Users\cruzt\Downloads\features_tt2_escom\features\p008_camaraWeb_Miedo_000066.npy
p008,camaraWeb,Neutral,C:\Users\cruzt\Downloads\features_tt2_escom\features\p008_camaraWeb_Neutral_000067.npy
p008,camaraWeb,Sorpresa,C:\Users\cruzt\Downloads\features_tt2_escom\features\p008_camaraWeb_Sorpresa_000068.npy
p008,camaraWeb,Tristeza,C:\Users\cruzt\Downloads\features_tt2_escom\features\p008_camaraWeb_Tristeza_000069.npy
p009,camaraInfrarroja,Asco,C:\Users\cruzt\Downloads\features_tt2_escom\features\p009_camaraInfrarroja_Asco_000083.npy
p009,camaraInfrarroja,Enojo,C:\Users\cruzt\Downloads\features_tt2_escom\features\p009_camaraInfrarroja_Enojo_000084.npy
p009,camaraInfrarroja,Felicidad,C:\Users\cruzt\Downloads\features_tt2_escom\features\p009_camaraInfrarroja_Felicidad_000085.npy
p009,camaraInfrarroja,Neutral,C:\Users\cruzt\Downloads\features_tt2_escom\features\p009_camaraInfrarroja_Neutral_000086.npy
p009,camaraInfrarroja,Sorpresa,C:\Users\cruzt\Downloads\features_tt2_escom\features\p009_camaraInfrarroja_Sorpresa_000087.npy
p009,camaraInfrarroja,Tristeza,C:\Users\cruzt\Downloads\features_tt2_escom\features\p009_camaraInfrarroja_Tristeza_000088.npy
p009,camaraWeb,Asco,C:\Users\cruzt\Downloads\features_tt2_escom\features\p009_camaraWeb_Asco_000077.npy
p009,camaraWeb,Enojo,C:\Users\cruzt\Downloads\features_tt2_escom\features\p009_camaraWeb_Enojo_000078.npy
p009,camaraWeb,Felicidad,C:\Users\cruzt\Downloads\features_tt2_escom\features\p009_camaraWeb_Felicidad_000079.npy
p009,camaraWeb,Neutral,C:\Users\cruzt\Downloads\features_tt2_escom\features\p009_camaraWeb_Neutral_000080.npy
p009,camaraWeb,Sorpresa,C:\Users\cruzt\Downloads\features_tt2_escom\features\p009_camaraWeb_Sorpresa_000081.npy
p009,camaraWeb,Tristeza,C:\Users\cruzt\Downloads\features_tt2_escom\features\p009_camaraWeb_Tristeza_000082.npy
p011,camaraInfrarroja,Asco,C:\Users\cruzt\Downloads\features_tt2_escom\features\p011_camaraInfrarroja_Asco_000095.npy
p011,camaraInfrarroja,Enojo,C:\Users\cruzt\Downloads\features_tt2_escom\features\p011_camaraInfrarroja_Enojo_000096.npy
p011,camaraInfrarroja,Felicidad,C:\Users\cruzt\Downloads\features_tt2_escom\features\p011_camaraInfrarroja_Felicidad_000097.npy
p011,camaraInfrarroja,Neutral,C:\Users\cruzt\Downloads\features_tt2_escom\features\p011_camaraInfrarroja_Neutral_000098.npy
p011,camaraInfrarroja,Sorpresa,C:\Users\cruzt\Downloads\features_tt2_escom\features\p011_camaraInfrarroja_Sorpresa_000099.npy
p011,camaraInfrarroja,Tristeza,C:\Users\cruzt\Downloads\features_tt2_escom\features\p011_camaraInfrarroja_Tristeza_000100.npy
p011,camaraWeb,Asco,C:\Users\cruzt\Downloads\features_tt2_escom\features\p011_camaraWeb_Asco_000089.npy
p011,camaraWeb,Enojo,C:\Users\cruzt\Downloads\features_tt2_escom\features\p011_camaraWeb_Enojo_000090.npy
p011,camaraWeb,Felicidad,C:\Users\cruzt\Downloads\features_tt2_escom\features\p011_camaraWeb_Felicidad_000091.npy
p011,camaraWeb,Neutral,C:\Users\cruzt\Downloads\features_tt2_escom\features\p011_camaraWeb_Neutral_000092.npy
p011,camaraWeb,Sorpresa,C:\Users\cruzt\Downloads\features_tt2_escom\features\p011_camaraWeb_Sorpresa_000093.npy
p011,camaraWeb,Tristeza,C:\Users\cruzt\Downloads\features_tt2_escom\features\p011_camaraWeb_Tristeza_000094.npy
p014,camaraInfrarroja,Asco,C:\Users\cruzt\Downloads\features_tt2_escom\features\p014_camaraInfrarroja_Asco_000107.npy
p014,camaraInfrarroja,Enojo,C:\Users\cruzt\Downloads\features_tt2_escom\features\p014_camaraInfrarroja_Enojo_000108.npy
p014,camaraInfrarroja,Felicidad,C:\Users\cruzt\Downloads\features_tt2_escom\features\p014_camaraInfrarroja_Felicidad_000109.npy
p014,camaraInfrarroja,Neutral,C:\Users\cruzt\Downloads\features_tt2_escom\features\p014_camaraInfrarroja_Neutral_000110.npy
p014,camaraInfrarroja,Sorpresa,C:\Users\cruzt\Downloads\features_tt2_escom\features\p014_camaraInfrarroja_Sorpresa_000111.npy
p014,camaraInfrarroja,Tristeza,C:\Users\cruzt\Downloads\features_tt2_escom\features\p014_camaraInfrarroja_Tristeza_000112.npy
p014,camaraWeb,Asco,C:\Users\cruzt\Downloads\features_tt2_escom\features\p014_camaraWeb_Asco_000101.npy
p014,camaraWeb,Enojo,C:\Users\cruzt\Downloads\features_tt2_escom\features\p014_camaraWeb_Enojo_000102.npy
p014,camaraWeb,Felicidad,C:\Users\cruzt\Downloads\features_tt2_escom\features\p014_camaraWeb_Felicidad_000103.npy
p014,camaraWeb,Neutral,C:\Users\cruzt\Downloads\features_tt2_escom\features\p014_camaraWeb_Neutral_000104.npy
p014,camaraWeb,Sorpresa,C:\Users\cruzt\Downloads\features_tt2_escom\features\p014_camaraWeb_Sorpresa_000105.npy
p014,camaraWeb,Tristeza,C:\Users\cruzt\Downloads\features_tt2_escom\features\p014_camaraWeb_Tristeza_000106.npy
p015,camaraInfrarroja,Asco,C:\Users\cruzt\Downloads\features_tt2_escom\features\p015_camaraInfrarroja_Asco_000119.npy
p015,camaraInfrarroja,Enojo,C:\Users\cruzt\Downloads\features_tt2_escom\features\p015_camaraInfrarroja_Enojo_000120.npy
p015,camaraInfrarroja,Felicidad,C:\Users\cruzt\Downloads\features_tt2_escom\features\p015_camaraInfrarroja_Felicidad_000121.npy
p015,camaraInfrarroja,Miedo,C:\Users\cruzt\Downloads\features_tt2_escom\features\p015_camaraInfrarroja_Miedo_000122.npy
p015,camaraInfrarroja,Neutral,C:\Users\cruzt\Downloads\features_tt2_escom\features\p015_camaraInfrarroja_Neutral_000123.npy
p015,camaraInfrarroja,Tristeza,C:\Users\cruzt\Downloads\features_tt2_escom\features\p015_camaraInfrarroja_Tristeza_000124.npy
p015,camaraWeb,Asco,C:\Users\cruzt\Downloads\features_tt2_escom\features\p015_camaraWeb_Asco_000113.npy
p015,camaraWeb,Enojo,C:\Users\cruzt\Downloads\features_tt2_escom\features\p015_camaraWeb_Enojo_000114.npy
p015,camaraWeb,Felicidad,C:\Users\cruzt\Downloads\features_tt2_escom\features\p015_camaraWeb_Felicidad_000115.npy
p015,camaraWeb,Miedo,C:\Users\cruzt\Downloads\features_tt2_escom\features\p015_camaraWeb_Miedo_000116.npy
p015,camaraWeb,Neutral,C:\Users\cruzt\Downloads\features_tt2_escom\features\p015_camaraWeb_Neutral_000117.npy
p015,camaraWeb,Tristeza,C:\Users\cruzt\Downloads\features_tt2_escom\features\p015_camaraWeb_Tristeza_000118.npy
p016,camaraInfrarroja,Asco,C:\Users\cruzt\Downloads\features_tt2_escom\features\p016_camaraInfrarroja_Asco_000131.npy
p016,camaraInfrarroja,Enojo,C:\Users\cruzt\Downloads\features_tt2_escom\features\p016_camaraInfrarroja_Enojo_000132.npy
p016,camaraInfrarroja,Felicidad,C:\Users\cruzt\Downloads\features_tt2_escom\features\p016_camaraInfrarroja_Felicidad_000133.npy
p016,camaraInfrarroja,Neutral,C:\Users\cruzt\Downloads\features_tt2_escom\features\p016_camaraInfrarroja_Neutral_000134.npy
p016,camaraInfrarroja,Sorpresa,C:\Users\cruzt\Downloads\features_tt2_escom\features\p016_camaraInfrarroja_Sorpresa_000135.npy
p016,camaraInfrarroja,Tristeza,C:\Users\cruzt\Downloads\features_tt2_escom\features\p016_camaraInfrarroja_Tristeza_000136.npy
p016,camaraWeb,Asco,C:\Users\cruzt\Downloads\features_tt2_escom\features\p016_camaraWeb_Asco_000125.npy
p016,camaraWeb,Enojo,C:\Users\cruzt\Downloads\features_tt2_escom\features\p016_camaraWeb_Enojo_000126.npy
p016,camaraWeb,Felicidad,C:\Users\cruzt\Downloads\features_tt2_escom\features\p016_camaraWeb_Felicidad_000127.npy
p016,camaraWeb,Neutral,C:\Users\cruzt\Downloads\features_tt2_escom\features\p016_camaraWeb_Neutral_000128.npy
p016,camaraWeb,Sorpresa,C:\Users\cruzt\Downloads\features_tt2_escom\features\p016_camaraWeb_Sorpresa_000129.npy
p016,camaraWeb,Tristeza,C:\Users\cruzt\Downloads\features_tt2_escom\features\p016_camaraWeb_Tristeza_000130.npy
p017,camaraInfrarroja,Asco,C:\Users\cruzt\Downloads\features_tt2_escom\features\p017_camaraInfrarroja_Asco_000144.npy
p017,camaraInfrarroja,Enojo,C:\Users\cruzt\Downloads\features_tt2_escom\features\p017_camaraInfrarroja_Enojo_000145.npy
p017,camaraInfrarroja,Felicidad,C:\Users\cruzt\Downloads\features_tt2_escom\features\p017_camaraInfrarroja_Felicidad_000146.npy
p017,camaraInfrarroja,Miedo,C:\Users\cruzt\Downloads\features_tt2_escom\features\p017_camaraInfrarroja_Miedo_000147.npy
p017,camaraInfrarroja,Neutral,C:\Users\cruzt\Downloads\features_tt2_escom\features\p017_camaraInfrarroja_Neutral_000148.npy
p017,camaraInfrarroja,Sorpresa,C:\Users\cruzt\Downloads\features_tt2_escom\features\p017_camaraInfrarroja_Sorpresa_000149.npy
p017,camaraInfrarroja,Tristeza,C:\Users\cruzt\Downloads\features_tt2_escom\features\p017_camaraInfrarroja_Tristeza_000150.npy
p017,camaraWeb,Asco,C:\Users\cruzt\Downloads\features_tt2_escom\features\p017_camaraWeb_Asco_000137.npy
p017,camaraWeb,Enojo,C:\Users\cruzt\Downloads\features_tt2_escom\features\p017_camaraWeb_Enojo_000138.npy
p017,camaraWeb,Felicidad,C:\Users\cruzt\Downloads\features_tt2_escom\features\p017_camaraWeb_Felicidad_000139.npy
p017,camaraWeb,Miedo,C:\Users\cruzt\Downloads\features_tt2_escom\features\p017_camaraWeb_Miedo_000140.npy
p017,camaraWeb,Neutral,C:\Users\cruzt\Downloads\features_tt2_escom\features\p017_camaraWeb_Neutral_000141.npy
p017,camaraWeb,Sorpresa,C:\Users\cruzt\Downloads\features_tt2_escom\features\p017_camaraWeb_Sorpresa_000142.npy
p017,camaraWeb,Tristeza,C:\Users\cruzt\Downloads\features_tt2_escom\features\p017_camaraWeb_Tristeza_000143.npy
p018,camaraInfrarroja,Asco,C:\Users\cruzt\Downloads\features_tt2_escom\features\p018_camaraInfrarroja_Asco_000157.npy
p018,camaraInfrarroja,Enojo,C:\Users\cruzt\Downloads\features_tt2_escom\features\p018_camaraInfrarroja_Enojo_000158.npy
p018,camaraInfrarroja,Felicidad,C:\Users\cruzt\Downloads\features_tt2_escom\features\p018_camaraInfrarroja_Felicidad_000159.npy
p018,camaraInfrarroja,Neutral,C:\Users\cruzt\Downloads\features_tt2_escom\features\p018_camaraInfrarroja_Neutral_000160.npy
p018,camaraInfrarroja,Sorpresa,C:\Users\cruzt\Downloads\features_tt2_escom\features\p018_camaraInfrarroja_Sorpresa_000161.npy
p018,camaraInfrarroja,Tristeza,C:\Users\cruzt\Downloads\features_tt2_escom\features\p018_camaraInfrarroja_Tristeza_000162.npy
p018,camaraWeb,Asco,C:\Users\cruzt\Downloads\features_tt2_escom\features\p018_camaraWeb_Asco_000151.npy
p018,camaraWeb,Enojo,C:\Users\cruzt\Downloads\features_tt2_escom\features\p018_camaraWeb_Enojo_000152.npy
p018,camaraWeb,Felicidad,C:\Users\cruzt\Downloads\features_tt2_escom\features\p018_camaraWeb_Felicidad_000153.npy
p018,camaraWeb,Neutral,C:\Users\cruzt\Downloads\features_tt2_escom\features\p018_camaraWeb_Neutral_000154.npy
p018,camaraWeb,Sorpresa,C:\Users\cruzt\Downloads\features_tt2_escom\features\p018_camaraWeb_Sorpresa_000155.npy
p018,camaraWeb,Tristeza,C:\Users\cruzt\Downloads\features_tt2_escom\features\p018_camaraWeb_Tristeza_000156.npy
p019,camaraInfrarroja,Asco,C:\Users\cruzt\Downloads\features_tt2_escom\features\p019_camaraInfrarroja_Asco_000169.npy
p019,camaraInfrarroja,Enojo,C:\Users\cruzt\Downloads\features_tt2_escom\features\p019_camaraInfrarroja_Enojo_000170.npy
p019,camaraInfrarroja,Felicidad,C:\Users\cruzt\Downloads\features_tt2_escom\features\p019_camaraInfrarroja_Felicidad_000171.npy
p019,camaraInfrarroja,Neutral,C:\Users\cruzt\Downloads\features_tt2_escom\features\p019_camaraInfrarroja_Neutral_000172.npy
p019,camaraInfrarroja,Sorpresa,C:\Users\cruzt\Downloads\features_tt2_escom\features\p019_camaraInfrarroja_Sorpresa_000173.npy
p019,camaraWeb,Asco,C:\Users\cruzt\Downloads\features_tt2_escom\features\p019_camaraWeb_Asco_000163.npy
p019,camaraWeb,Enojo,C:\Users\cruzt\Downloads\features_tt2_escom\features\p019_camaraWeb_Enojo_000164.npy
p019,camaraWeb,Felicidad,C:\Users\cruzt\Downloads\features_tt2_escom\features\p019_camaraWeb_Felicidad_000165.npy
p019,camaraWeb,Neutral,C:\Users\cruzt\Downloads\features_tt2_escom\features\p019_camaraWeb_Neutral_000166.npy
p019,camaraWeb,Sorpresa,C:\Users\cruzt\Downloads\features_tt2_escom\features\p019_camaraWeb_Sorpresa_000167.npy
p019,camaraWeb,Tristeza,C:\Users\cruzt\Downloads\features_tt2_escom\features\p019_camaraWeb_Tristeza_000168.npy
p020,camaraInfrarroja,Enojo,C:\Users\cruzt\Downloads\features_tt2_escom\features\p020_camaraInfrarroja_Enojo_000180.npy
p020,camaraInfrarroja,Felicidad,C:\Users\cruzt\Downloads\features_tt2_escom\features\p020_camaraInfrarroja_Felicidad_000181.npy
p020,camaraInfrarroja,Miedo,C:\Users\cruzt\Downloads\features_tt2_escom\features\p020_camaraInfrarroja_Miedo_000182.npy
p020,camaraInfrarroja,Neutral,C:\Users\cruzt\Downloads\features_tt2_escom\features\p020_camaraInfrarroja_Neutral_000183.npy
p020,camaraInfrarroja,Tristeza,C:\Users\cruzt\Downloads\features_tt2_escom\features\p020_camaraInfrarroja_Tristeza_000184.npy
p020,camaraWeb,Enojo,C:\Users\cruzt\Downloads\features_tt2_escom\features\p020_camaraWeb_Enojo_000175.npy
p020,camaraWeb,Felicidad,C:\Users\cruzt\Downloads\features_tt2_escom\features\p020_camaraWeb_Felicidad_000176.npy
p020,camaraWeb,Miedo,C:\Users\cruzt\Downloads\features_tt2_escom\features\p020_camaraWeb_Miedo_000177.npy
p020,camaraWeb,Neutral,C:\Users\cruzt\Downloads\features_tt2_escom\features\p020_camaraWeb_Neutral_000178.npy
p020,camaraWeb,Tristeza,C:\Users\cruzt\Downloads\features_tt2_escom\features\p020_camaraWeb_Tristeza_000179.npy
p021,camaraInfrarroja,Asco,C:\Users\cruzt\Downloads\features_tt2_escom\features\p021_camaraInfrarroja_Asco_000192.npy
p021,camaraInfrarroja,Enojo,C:\Users\cruzt\Downloads\features_tt2_escom\features\p021_camaraInfrarroja_Enojo_000193.npy
p021,camaraInfrarroja,Felicidad,C:\Users\cruzt\Downloads\features_tt2_escom\features\p021_camaraInfrarroja_Felicidad_000194.npy
p021,camaraInfrarroja,Miedo,C:\Users\cruzt\Downloads\features_tt2_escom\features\p021_camaraInfrarroja_Miedo_000195.npy
p021,camaraInfrarroja,Neutral,C:\Users\cruzt\Downloads\features_tt2_escom\features\p021_camaraInfrarroja_Neutral_000196.npy
p021,camaraInfrarroja,Sorpresa,C:\Users\cruzt\Downloads\features_tt2_escom\features\p021_camaraInfrarroja_Sorpresa_000197.npy
p021,camaraInfrarroja,Tristeza,C:\Users\cruzt\Downloads\features_tt2_escom\features\p021_camaraInfrarroja_Tristeza_000198.npy
p021,camaraWeb,Asco,C:\Users\cruzt\Downloads\features_tt2_escom\features\p021_camaraWeb_Asco_000185.npy
p021,camaraWeb,Enojo,C:\Users\cruzt\Downloads\features_tt2_escom\features\p021_camaraWeb_Enojo_000186.npy
p021,camaraWeb,Felicidad,C:\Users\cruzt\Downloads\features_tt2_escom\features\p021_camaraWeb_Felicidad_000187.npy
p021,camaraWeb,Miedo,C:\Users\cruzt\Downloads\features_tt2_escom\features\p021_camaraWeb_Miedo_000188.npy
p021,camaraWeb,Neutral,C:\Users\cruzt\Downloads\features_tt2_escom\features\p021_camaraWeb_Neutral_000189.npy
p021,camaraWeb,Sorpresa,C:\Users\cruzt\Downloads\features_tt2_escom\features\p021_camaraWeb_Sorpresa_000190.npy
p021,camaraWeb,Tristeza,C:\Users\cruzt\Downloads\features_tt2_escom\features\p021_camaraWeb_Tristeza_000191.npy
p022,camaraInfrarroja,Asco,C:\Users\cruzt\Downloads\features_tt2_escom\features\p022_camaraInfrarroja_Asco_000203.npy
p022,camaraInfrarroja,Enojo,C:\Users\cruzt\Downloads\features_tt2_escom\features\p022_camaraInfrarroja_Enojo_000204.npy
p022,camaraInfrarroja,Neutral,C:\Users\cruzt\Downloads\features_tt2_escom\features\p022_camaraInfrarroja_Neutral_000205.npy
p022,camaraInfrarroja,Tristeza,C:\Users\cruzt\Downloads\features_tt2_escom\features\p022_camaraInfrarroja_Tristeza_000206.npy
p022,camaraWeb,Asco,C:\Users\cruzt\Downloads\features_tt2_escom\features\p022_camaraWeb_Asco_000199.npy
p022,camaraWeb,Enojo,C:\Users\cruzt\Downloads\features_tt2_escom\features\p022_camaraWeb_Enojo_000200.npy
p022,camaraWeb,Neutral,C:\Users\cruzt\Downloads\features_tt2_escom\features\p022_camaraWeb_Neutral_000201.npy
p022,camaraWeb,Tristeza,C:\Users\cruzt\Downloads\features_tt2_escom\features\p022_camaraWeb_Tristeza_000202.npy
p023,camaraInfrarroja,Asco,C:\Users\cruzt\Downloads\features_tt2_escom\features\p023_camaraInfrarroja_Asco_000212.npy
p023,camaraInfrarroja,Felicidad,C:\Users\cruzt\Downloads\features_tt2_escom\features\p023_camaraInfrarroja_Felicidad_000213.npy
p023,camaraInfrarroja,Neutral,C:\Users\cruzt\Downloads\features_tt2_escom\features\p023_camaraInfrarroja_Neutral_000214.npy
p023,camaraInfrarroja,Sorpresa,C:\Users\cruzt\Downloads\features_tt2_escom\features\p023_camaraInfrarroja_Sorpresa_000215.npy
p023,camaraInfrarroja,Tristeza,C:\Users\cruzt\Downloads\features_tt2_escom\features\p023_camaraInfrarroja_Tristeza_000216.npy
p023,camaraWeb,Asco,C:\Users\cruzt\Downloads\features_tt2_escom\features\p023_camaraWeb_Asco_000207.npy
p023,camaraWeb,Felicidad,C:\Users\cruzt\Downloads\features_tt2_escom\features\p023_camaraWeb_Felicidad_000208.npy
p023,camaraWeb,Neutral,C:\Users\cruzt\Downloads\features_tt2_escom\features\p023_camaraWeb_Neutral_000209.npy
p023,camaraWeb,Sorpresa,C:\Users\cruzt\Downloads\features_tt2_escom\features\p023_camaraWeb_Sorpresa_000210.npy
p023,camaraWeb,Tristeza,C:\Users\cruzt\Downloads\features_tt2_escom\features\p023_camaraWeb_Tristeza_000211.npy
p024,camaraInfrarroja,Asco,C:\Users\cruzt\Downloads\features_tt2_escom\features\p024_camaraInfrarroja_Asco_000224.npy
p024,camaraInfrarroja,Enojo,C:\Users\cruzt\Downloads\features_tt2_escom\features\p024_camaraInfrarroja_Enojo_000225.npy
p024,camaraInfrarroja,Felicidad,C:\Users\cruzt\Downloads\features_tt2_escom\features\p024_camaraInfrarroja_Felicidad_000226.npy
p024,camaraInfrarroja,Miedo,C:\Users\cruzt\Downloads\features_tt2_escom\features\p024_camaraInfrarroja_Miedo_000227.npy
p024,camaraInfrarroja,Neutral,C:\Users\cruzt\Downloads\features_tt2_escom\features\p024_camaraInfrarroja_Neutral_000228.npy
p024,camaraInfrarroja,Sorpresa,C:\Users\cruzt\Downloads\features_tt2_escom\features\p024_camaraInfrarroja_Sorpresa_000229.npy
p024,camaraInfrarroja,Tristeza,C:\Users\cruzt\Downloads\features_tt2_escom\features\p024_camaraInfrarroja_Tristeza_000230.npy
p024,camaraWeb,Asco,C:\Users\cruzt\Downloads\features_tt2_escom\features\p024_camaraWeb_Asco_000217.npy
p024,camaraWeb,Enojo,C:\Users\cruzt\Downloads\features_tt2_escom\features\p024_camaraWeb_Enojo_000218.npy
p024,camaraWeb,Felicidad,C:\Users\cruzt\Downloads\features_tt2_escom\features\p024_camaraWeb_Felicidad_000219.npy
p024,camaraWeb,Miedo,C:\Users\cruzt\Downloads\features_tt2_escom\features\p024_camaraWeb_Miedo_000220.npy
p024,camaraWeb,Neutral,C:\Users\cruzt\Downloads\features_tt2_escom\features\p024_camaraWeb_Neutral_000221.npy
p024,camaraWeb,Sorpresa,C:\Users\cruzt\Downloads\features_tt2_escom\features\p024_camaraWeb_Sorpresa_000222.npy
p024,camaraWeb,Tristeza,C:\Users\cruzt\Downloads\features_tt2_escom\features\p024_camaraWeb_Tristeza_000223.npy
p025,camaraWeb,Felicidad,C:\Users\cruzt\Downloads\features_tt2_escom\features\p025_camaraWeb_Felicidad_000231.npy
p025,camaraWeb,Neutral,C:\Users\cruzt\Downloads\features_tt2_escom\features\p025_camaraWeb_Neutral_000232.npy
p025,camaraWeb,Tristeza,C:\Users\cruzt\Downloads\features_tt2_escom\features\p025_camaraWeb_Tristeza_000234.npy
p026,camaraInfrarroja,Felicidad,C:\Users\cruzt\Downloads\features_tt2_escom\features\p026_camaraInfrarroja_Felicidad_000244.npy
p026,camaraInfrarroja,Miedo,C:\Users\cruzt\Downloads\features_tt2_escom\features\p026_camaraInfrarroja_Miedo_000245.npy
p026,camaraInfrarroja,Neutral,C:\Users\cruzt\Downloads\features_tt2_escom\features\p026_camaraInfrarroja_Neutral_000246.npy
p026,camaraInfrarroja,Sorpresa,C:\Users\cruzt\Downloads\features_tt2_escom\features\p026_camaraInfrarroja_Sorpresa_000247.npy
p026,camaraInfrarroja,Tristeza,C:\Users\cruzt\Downloads\features_tt2_escom\features\p026_camaraInfrarroja_Tristeza_000248.npy
p026,camaraWeb,Felicidad,C:\Users\cruzt\Downloads\features_tt2_escom\features\p026_camaraWeb_Felicidad_000239.npy
p026,camaraWeb,Miedo,C:\Users\cruzt\Downloads\features_tt2_escom\features\p026_camaraWeb_Miedo_000240.npy
p026,camaraWeb,Neutral,C:\Users\cruzt\Downloads\features_tt2_escom\features\p026_camaraWeb_Neutral_000241.npy
p026,camaraWeb,Sorpresa,C:\Users\cruzt\Downloads\features_tt2_escom\features\p026_camaraWeb_Sorpresa_000242.npy
p026,camaraWeb,Tristeza,C:\Users\cruzt\Downloads\features_tt2_escom\features\p026_camaraWeb_Tristeza_000243.npy
p027,camaraInfrarroja,Asco,C:\Users\cruzt\Downloads\features_tt2_escom\features\p027_camaraInfrarroja_Asco_000254.npy
p027,camaraInfrarroja,Enojo,C:\Users\cruzt\Downloads\features_tt2_escom\features\p027_camaraInfrarroja_Enojo_000255.npy
p027,camaraInfrarroja,Felicidad,C:\Users\cruzt\Downloads\features_tt2_escom\features\p027_camaraInfrarroja_Felicidad_000256.npy
p027,camaraInfrarroja,Neutral,C:\Users\cruzt\Downloads\features_tt2_escom\features\p027_camaraInfrarroja_Neutral_000257.npy
p027,camaraInfrarroja,Tristeza,C:\Users\cruzt\Downloads\features_tt2_escom\features\p027_camaraInfrarroja_Tristeza_000258.npy
p027,camaraWeb,Asco,C:\Users\cruzt\Downloads\features_tt2_escom\features\p027_camaraWeb_Asco_000249.npy
p027,camaraWeb,Enojo,C:\Users\cruzt\Downloads\features_tt2_escom\features\p027_camaraWeb_Enojo_000250.npy
p027,camaraWeb,Felicidad,C:\Users\cruzt\Downloads\features_tt2_escom\features\p027_camaraWeb_Felicidad_000251.npy
p027,camaraWeb,Neutral,C:\Users\cruzt\Downloads\features_tt2_escom\features\p027_camaraWeb_Neutral_000252.npy
p027,camaraWeb,Tristeza,C:\Users\cruzt\Downloads\features_tt2_escom\features\p027_camaraWeb_Tristeza_000253.npy
p028,camaraInfrarroja,Asco,C:\Users\cruzt\Downloads\features_tt2_escom\features\p028_camaraInfrarroja_Asco_000265.npy
p028,camaraInfrarroja,Felicidad,C:\Users\cruzt\Downloads\features_tt2_escom\features\p028_camaraInfrarroja_Felicidad_000266.npy
p028,camaraInfrarroja,Miedo,C:\Users\cruzt\Downloads\features_tt2_escom\features\p028_camaraInfrarroja_Miedo_000267.npy
p028,camaraInfrarroja,Neutral,C:\Users\cruzt\Downloads\features_tt2_escom\features\p028_camaraInfrarroja_Neutral_000268.npy
p028,camaraInfrarroja,Sorpresa,C:\Users\cruzt\Downloads\features_tt2_escom\features\p028_camaraInfrarroja_Sorpresa_000269.npy
p028,camaraInfrarroja,Tristeza,C:\Users\cruzt\Downloads\features_tt2_escom\features\p028_camaraInfrarroja_Tristeza_000270.npy
p028,camaraWeb,Asco,C:\Users\cruzt\Downloads\features_tt2_escom\features\p028_camaraWeb_Asco_000259.npy
p028,camaraWeb,Felicidad,C:\Users\cruzt\Downloads\features_tt2_escom\features\p028_camaraWeb_Felicidad_000260.npy
p028,camaraWeb,Miedo,C:\Users\cruzt\Downloads\features_tt2_escom\features\p028_camaraWeb_Miedo_000261.npy
p028,camaraWeb,Neutral,C:\Users\cruzt\Downloads\features_tt2_escom\features\p028_camaraWeb_Neutral_000262.npy
p028,camaraWeb,Sorpresa,C:\Users\cruzt\Downloads\features_tt2_escom\features\p028_camaraWeb_Sorpresa_000263.npy
p028,camaraWeb,Tristeza,C:\Users\cruzt\Downloads\features_tt2_escom\features\p028_camaraWeb_Tristeza_000264.npy
p029,camaraInfrarroja,Asco,C:\Users\cruzt\Downloads\features_tt2_escom\features\p029_camaraInfrarroja_Asco_000275.npy
p029,camaraInfrarroja,Felicidad,C:\Users\cruzt\Downloads\features_tt2_escom\features\p029_camaraInfrarroja_Felicidad_000276.npy
p029,camaraInfrarroja,Neutral,C:\Users\cruzt\Downloads\features_tt2_escom\features\p029_camaraInfrarroja_Neutral_000277.npy
p029,camaraInfrarroja,Sorpresa,C:\Users\cruzt\Downloads\features_tt2_escom\features\p029_camaraInfrarroja_Sorpresa_000278.npy
p029,camaraInfrarroja,Tristeza,C:\Users\cruzt\Downloads\features_tt2_escom\features\p029_camaraInfrarroja_Tristeza_000279.npy
p029,camaraWeb,Asco,C:\Users\cruzt\Downloads\features_tt2_escom\features\p029_camaraWeb_Asco_000271.npy
p029,camaraWeb,Felicidad,C:\Users\cruzt\Downloads\features_tt2_escom\features\p029_camaraWeb_Felicidad_000272.npy
p029,camaraWeb,Neutral,C:\Users\cruzt\Downloads\features_tt2_escom\features\p029_camaraWeb_Neutral_000273.npy
p029,camaraWeb,Sorpresa,C:\Users\cruzt\Downloads\features_tt2_escom\features\p029_camaraWeb_Sorpresa_000274.npy
p030,camaraInfrarroja,Felicidad,C:\Users\cruzt\Downloads\features_tt2_escom\features\p030_camaraInfrarroja_Felicidad_000284.npy
p030,camaraInfrarroja,Neutral,C:\Users\cruzt\Downloads\features_tt2_escom\features\p030_camaraInfrarroja_Neutral_000285.npy
p030,camaraInfrarroja,Sorpresa,C:\Users\cruzt\Downloads\features_tt2_escom\features\p030_camaraInfrarroja_Sorpresa_000286.npy
p030,camaraInfrarroja,Tristeza,C:\Users\cruzt\Downloads\features_tt2_escom\features\p030_camaraInfrarroja_Tristeza_000287.npy
p030,camaraWeb,Felicidad,C:\Users\cruzt\Downloads\features_tt2_escom\features\p030_camaraWeb_Felicidad_000280.npy
p030,camaraWeb,Neutral,C:\Users\cruzt\Downloads\features_tt2_escom\features\p030_camaraWeb_Neutral_000281.npy
p030,camaraWeb,Sorpresa,C:\Users\cruzt\Downloads\features_tt2_escom\features\p030_camaraWeb_Sorpresa_000282.npy
p030,camaraWeb,Tristeza,C:\Users\cruzt\Downloads\features_tt2_escom\features\p030_camaraWeb_Tristeza_000283.npy
p031,camaraInfrarroja,Asco,C:\Users\cruzt\Downloads\features_tt2_escom\features\p031_camaraInfrarroja_Asco_000293.npy
p031,camaraInfrarroja,Enojo,C:\Users\cruzt\Downloads\features_tt2_escom\features\p031_camaraInfrarroja_Enojo_000294.npy
p031,camaraInfrarroja,Neutral,C:\Users\cruzt\Downloads\features_tt2_escom\features\p031_camaraInfrarroja_Neutral_000295.npy
p031,camaraInfrarroja,Sorpresa,C:\Users\cruzt\Downloads\features_tt2_escom\features\p031_camaraInfrarroja_Sorpresa_000296.npy
p031,camaraInfrarroja,Tristeza,C:\Users\cruzt\Downloads\features_tt2_escom\features\p031_camaraInfrarroja_Tristeza_000297.npy
p031,camaraWeb,Asco,C:\Users\cruzt\Downloads\features_tt2_escom\features\p031_camaraWeb_Asco_000288.npy
p031,camaraWeb,Enojo,C:\Users\cruzt\Downloads\features_tt2_escom\features\p031_camaraWeb_Enojo_000289.npy
p031,camaraWeb,Neutral,C:\Users\cruzt\Downloads\features_tt2_escom\features\p031_camaraWeb_Neutral_000290.npy
p031,camaraWeb,Sorpresa,C:\Users\cruzt\Downloads\features_tt2_escom\features\p031_camaraWeb_Sorpresa_000291.npy
p031,camaraWeb,Tristeza,C:\Users\cruzt\Downloads\features_tt2_escom\features\p031_camaraWeb_Tristeza_000292.npy
p032,camaraInfrarroja,Asco,C:\Users\cruzt\Downloads\features_tt2_escom\features\p032_camaraInfrarroja_Asco_000303.npy
p032,camaraInfrarroja,Felicidad,C:\Users\cruzt\Downloads\features_tt2_escom\features\p032_camaraInfrarroja_Felicidad_000304.npy
p032,camaraInfrarroja,Miedo,C:\Users\cruzt\Downloads\features_tt2_escom\features\p032_camaraInfrarroja_Miedo_000305.npy
p032,camaraInfrarroja,Neutral,C:\Users\cruzt\Downloads\features_tt2_escom\features\p032_camaraInfrarroja_Neutral_000306.npy
p032,camaraInfrarroja,Sorpresa,C:\Users\cruzt\Downloads\features_tt2_escom\features\p032_camaraInfrarroja_Sorpresa_000307.npy
p032,camaraWeb,Asco,C:\Users\cruzt\Downloads\features_tt2_escom\features\p032_camaraWeb_Asco_000298.npy
p032,camaraWeb,Felicidad,C:\Users\cruzt\Downloads\features_tt2_escom\features\p032_camaraWeb_Felicidad_000299.npy
p032,camaraWeb,Miedo,C:\Users\cruzt\Downloads\features_tt2_escom\features\p032_camaraWeb_Miedo_000300.npy
p032,camaraWeb,Neutral,C:\Users\cruzt\Downloads\features_tt2_escom\features\p032_camaraWeb_Neutral_000301.npy
p032,camaraWeb,Sorpresa,C:\Users\cruzt\Downloads\features_tt2_escom\features\p032_camaraWeb_Sorpresa_000302.npy
p033,camaraInfrarroja,Asco,C:\Users\cruzt\Downloads\features_tt2_escom\features\p033_camaraInfrarroja_Asco_000314.npy
p033,camaraInfrarroja,Enojo,C:\Users\cruzt\Downloads\features_tt2_escom\features\p033_camaraInfrarroja_Enojo_000315.npy
p033,camaraInfrarroja,Felicidad,C:\Users\cruzt\Downloads\features_tt2_escom\features\p033_camaraInfrarroja_Felicidad_000316.npy
p033,camaraInfrarroja,Neutral,C:\Users\cruzt\Downloads\features_tt2_escom\features\p033_camaraInfrarroja_Neutral_000317.npy
p033,camaraInfrarroja,Sorpresa,C:\Users\cruzt\Downloads\features_tt2_escom\features\p033_camaraInfrarroja_Sorpresa_000318.npy
p033,camaraInfrarroja,Tristeza,C:\Users\cruzt\Downloads\features_tt2_escom\features\p033_camaraInfrarroja_Tristeza_000319.npy
p033,camaraWeb,Asco,C:\Users\cruzt\Downloads\features_tt2_escom\features\p033_camaraWeb_Asco_000308.npy
p033,camaraWeb,Enojo,C:\Users\cruzt\Downloads\features_tt2_escom\features\p033_camaraWeb_Enojo_000309.npy
p033,camaraWeb,Felicidad,C:\Users\cruzt\Downloads\features_tt2_escom\features\p033_camaraWeb_Felicidad_000310.npy
p033,camaraWeb,Neutral,C:\Users\cruzt\Downloads\features_tt2_escom\features\p033_camaraWeb_Neutral_000311.npy
p033,camaraWeb,Sorpresa,C:\Users\cruzt\Downloads\features_tt2_escom\features\p033_camaraWeb_Sorpresa_000312.npy
p033,camaraWeb,Tristeza,C:\Users\cruzt\Downloads\features_tt2_escom\features\p033_camaraWeb_Tristeza_000313.npy
p034,camaraInfrarroja,Felicidad,C:\Users\cruzt\Downloads\features_tt2_escom\features\p034_camaraInfrarroja_Felicidad_000326.npy
p034,camaraInfrarroja,Neutral,C:\Users\cruzt\Downloads\features_tt2_escom\features\p034_camaraInfrarroja_Neutral_000328.npy
p034,camaraWeb,Asco,C:\Users\cruzt\Downloads\features_tt2_escom\features\p034_camaraWeb_Asco_000320.npy
p034,camaraWeb,Felicidad,C:\Users\cruzt\Downloads\features_tt2_escom\features\p034_camaraWeb_Felicidad_000321.npy
p034,camaraWeb,Miedo,C:\Users\cruzt\Downloads\features_tt2_escom\features\p034_camaraWeb_Miedo_000322.npy
p034,camaraWeb,Neutral,C:\Users\cruzt\Downloads\features_tt2_escom\features\p034_camaraWeb_Neutral_000323.npy
p034,camaraWeb,Sorpresa,C:\Users\cruzt\Downloads\features_tt2_escom\features\p034_camaraWeb_Sorpresa_000324.npy
p035,camaraInfrarroja,Asco,C:\Users\cruzt\Downloads\features_tt2_escom\features\p035_camaraInfrarroja_Asco_000337.npy
p035,camaraInfrarroja,Enojo,C:\Users\cruzt\Downloads\features_tt2_escom\features\p035_camaraInfrarroja_Enojo_000338.npy
p035,camaraInfrarroja,Felicidad,C:\Users\cruzt\Downloads\features_tt2_escom\features\p035_camaraInfrarroja_Felicidad_000339.npy
p035,camaraInfrarroja,Miedo,C:\Users\cruzt\Downloads\features_tt2_escom\features\p035_camaraInfrarroja_Miedo_000340.npy
p035,camaraInfrarroja,Neutral,C:\Users\cruzt\Downloads\features_tt2_escom\features\p035_camaraInfrarroja_Neutral_000341.npy
p035,camaraInfrarroja,Sorpresa,C:\Users\cruzt\Downloads\features_tt2_escom\features\p035_camaraInfrarroja_Sorpresa_000342.npy
p035,camaraInfrarroja,Tristeza,C:\Users\cruzt\Downloads\features_tt2_escom\features\p035_camaraInfrarroja_Tristeza_000343.npy
p035,camaraWeb,Asco,C:\Users\cruzt\Downloads\features_tt2_escom\features\p035_camaraWeb_Asco_000330.npy
p035,camaraWeb,Enojo,C:\Users\cruzt\Downloads\features_tt2_escom\features\p035_camaraWeb_Enojo_000331.npy
p035,camaraWeb,Felicidad,C:\Users\cruzt\Downloads\features_tt2_escom\features\p035_camaraWeb_Felicidad_000332.npy
p035,camaraWeb,Miedo,C:\Users\cruzt\Downloads\features_tt2_escom\features\p035_camaraWeb_Miedo_000333.npy
p035,camaraWeb,Neutral,C:\Users\cruzt\Downloads\features_tt2_escom\features\p035_camaraWeb_Neutral_000334.npy
p035,camaraWeb,Sorpresa,C:\Users\cruzt\Downloads\features_tt2_escom\features\p035_camaraWeb_Sorpresa_000335.npy
p035,camaraWeb,Tristeza,C:\Users\cruzt\Downloads\features_tt2_escom\features\p035_camaraWeb_Tristeza_000336.npy
p036,camaraInfrarroja,Felicidad,C:\Users\cruzt\Downloads\features_tt2_escom\features\p036_camaraInfrarroja_Felicidad_000349.npy
p036,camaraInfrarroja,Neutral,C:\Users\cruzt\Downloads\features_tt2_escom\features\p036_camaraInfrarroja_Neutral_000351.npy
p036,camaraInfrarroja,Sorpresa,C:\Users\cruzt\Downloads\features_tt2_escom\features\p036_camaraInfrarroja_Sorpresa_000352.npy
p036,camaraInfrarroja,Tristeza,C:\Users\cruzt\Downloads\features_tt2_escom\features\p036_camaraInfrarroja_Tristeza_000353.npy
p036,camaraWeb,Felicidad,C:\Users\cruzt\Downloads\features_tt2_escom\features\p036_camaraWeb_Felicidad_000344.npy
p036,camaraWeb,Miedo,C:\Users\cruzt\Downloads\features_tt2_escom\features\p036_camaraWeb_Miedo_000345.npy
p036,camaraWeb,Neutral,C:\Users\cruzt\Downloads\features_tt2_escom\features\p036_camaraWeb_Neutral_000346.npy
p036,camaraWeb,Sorpresa,C:\Users\cruzt\Downloads\features_tt2_escom\features\p036_camaraWeb_Sorpresa_000347.npy
p036,camaraWeb,Tristeza,C:\Users\cruzt\Downloads\features_tt2_escom\features\p036_camaraWeb_Tristeza_000348.npy
p037,camaraWeb,Asco,C:\Users\cruzt\Downloads\features_tt2_escom\features\p037_camaraWeb_Asco_000354.npy
p037,camaraWeb,Felicidad,C:\Users\cruzt\Downloads\features_tt2_escom\features\p037_camaraWeb_Felicidad_000355.npy
p037,camaraWeb,Neutral,C:\Users\cruzt\Downloads\features_tt2_escom\features\p037_camaraWeb_Neutral_000356.npy
p037,camaraWeb,Sorpresa,C:\Users\cruzt\Downloads\features_tt2_escom\features\p037_camaraWeb_Sorpresa_000357.npy
p038,camaraInfrarroja,Asco,C:\Users\cruzt\Downloads\features_tt2_escom\features\p038_camaraInfrarroja_Asco_000369.npy
p038,camaraInfrarroja,Enojo,C:\Users\cruzt\Downloads\features_tt2_escom\features\p038_camaraInfrarroja_Enojo_000370.npy
p038,camaraInfrarroja,Felicidad,C:\Users\cruzt\Downloads\features_tt2_escom\features\p038_camaraInfrarroja_Felicidad_000371.npy
p038,camaraInfrarroja,Miedo,C:\Users\cruzt\Downloads\features_tt2_escom\features\p038_camaraInfrarroja_Miedo_000372.npy
p038,camaraInfrarroja,Neutral,C:\Users\cruzt\Downloads\features_tt2_escom\features\p038_camaraInfrarroja_Neutral_000373.npy
p038,camaraInfrarroja,Sorpresa,C:\Users\cruzt\Downloads\features_tt2_escom\features\p038_camaraInfrarroja_Sorpresa_000374.npy
p038,camaraInfrarroja,Tristeza,C:\Users\cruzt\Downloads\features_tt2_escom\features\p038_camaraInfrarroja_Tristeza_000375.npy
p038,camaraWeb,Asco,C:\Users\cruzt\Downloads\features_tt2_escom\features\p038_camaraWeb_Asco_000362.npy
p038,camaraWeb,Enojo,C:\Users\cruzt\Downloads\features_tt2_escom\features\p038_camaraWeb_Enojo_000363.npy
p038,camaraWeb,Felicidad,C:\Users\cruzt\Downloads\features_tt2_escom\features\p038_camaraWeb_Felicidad_000364.npy
p038,camaraWeb,Miedo,C:\Users\cruzt\Downloads\features_tt2_escom\features\p038_camaraWeb_Miedo_000365.npy
p038,camaraWeb,Neutral,C:\Users\cruzt\Downloads\features_tt2_escom\features\p038_camaraWeb_Neutral_000366.npy
p038,camaraWeb,Sorpresa,C:\Users\cruzt\Downloads\features_tt2_escom\features\p038_camaraWeb_Sorpresa_000367.npy
p038,camaraWeb,Tristeza,C:\Users\cruzt\Downloads\features_tt2_escom\features\p038_camaraWeb_Tristeza_000368.npy
p040,camaraInfrarroja,Enojo,C:\Users\cruzt\Downloads\features_tt2_escom\features\p040_camaraInfrarroja_Enojo_000380.npy
p040,camaraInfrarroja,Neutral,C:\Users\cruzt\Downloads\features_tt2_escom\features\p040_camaraInfrarroja_Neutral_000381.npy
p040,camaraInfrarroja,Sorpresa,C:\Users\cruzt\Downloads\features_tt2_escom\features\p040_camaraInfrarroja_Sorpresa_000382.npy
p040,camaraInfrarroja,Tristeza,C:\Users\cruzt\Downloads\features_tt2_escom\features\p040_camaraInfrarroja_Tristeza_000383.npy
p040,camaraWeb,Enojo,C:\Users\cruzt\Downloads\features_tt2_escom\features\p040_camaraWeb_Enojo_000376.npy
p040,camaraWeb,Neutral,C:\Users\cruzt\Downloads\features_tt2_escom\features\p040_camaraWeb_Neutral_000377.npy
p040,camaraWeb,Sorpresa,C:\Users\cruzt\Downloads\features_tt2_escom\features\p040_camaraWeb_Sorpresa_000378.npy
p040,camaraWeb,Tristeza,C:\Users\cruzt\Downloads\features_tt2_escom\features\p040_camaraWeb_Tristeza_000379.npy
p041,camaraInfrarroja,Miedo,C:\Users\cruzt\Downloads\features_tt2_escom\features\p041_camaraInfrarroja_Miedo_000388.npy
p041,camaraInfrarroja,Neutral,C:\Users\cruzt\Downloads\features_tt2_escom\features\p041_camaraInfrarroja_Neutral_000389.npy
p041,camaraInfrarroja,Sorpresa,C:\Users\cruzt\Downloads\features_tt2_escom\features\p041_camaraInfrarroja_Sorpresa_000390.npy
p041,camaraInfrarroja,Tristeza,C:\Users\cruzt\Downloads\features_tt2_escom\features\p041_camaraInfrarroja_Tristeza_000391.npy
p041,camaraWeb,Miedo,C:\Users\cruzt\Downloads\features_tt2_escom\features\p041_camaraWeb_Miedo_000384.npy
p041,camaraWeb,Neutral,C:\Users\cruzt\Downloads\features_tt2_escom\features\p041_camaraWeb_Neutral_000385.npy
p041,camaraWeb,Sorpresa,C:\Users\cruzt\Downloads\features_tt2_escom\features\p041_camaraWeb_Sorpresa_000386.npy
p041,camaraWeb,Tristeza,C:\Users\cruzt\Downloads\features_tt2_escom\features\p041_camaraWeb_Tristeza_000387.npy
p042,camaraInfrarroja,Asco,C:\Users\cruzt\Downloads\features_tt2_escom\features\p042_camaraInfrarroja_Asco_000398.npy
p042,camaraInfrarroja,Enojo,C:\Users\cruzt\Downloads\features_tt2_escom\features\p042_camaraInfrarroja_Enojo_000399.npy
p042,camaraInfrarroja,Felicidad,C:\Users\cruzt\Downloads\features_tt2_escom\features\p042_camaraInfrarroja_Felicidad_000400.npy
p042,camaraInfrarroja,Neutral,C:\Users\cruzt\Downloads\features_tt2_escom\features\p042_camaraInfrarroja_Neutral_000401.npy
p042,camaraInfrarroja,Sorpresa,C:\Users\cruzt\Downloads\features_tt2_escom\features\p042_camaraInfrarroja_Sorpresa_000402.npy
p042,camaraInfrarroja,Tristeza,C:\Users\cruzt\Downloads\features_tt2_escom\features\p042_camaraInfrarroja_Tristeza_000403.npy
p042,camaraWeb,Asco,C:\Users\cruzt\Downloads\features_tt2_escom\features\p042_camaraWeb_Asco_000392.npy
p042,camaraWeb,Enojo,C:\Users\cruzt\Downloads\features_tt2_escom\features\p042_camaraWeb_Enojo_000393.npy
p042,camaraWeb,Felicidad,C:\Users\cruzt\Downloads\features_tt2_escom\features\p042_camaraWeb_Felicidad_000394.npy
p042,camaraWeb,Neutral,C:\Users\cruzt\Downloads\features_tt2_escom\features\p042_camaraWeb_Neutral_000395.npy
p042,camaraWeb,Sorpresa,C:\Users\cruzt\Downloads\features_tt2_escom\features\p042_camaraWeb_Sorpresa_000396.npy
p042,camaraWeb,Tristeza,C:\Users\cruzt\Downloads\features_tt2_escom\features\p042_camaraWeb_Tristeza_000397.npy
p043,camaraInfrarroja,Asco,C:\Users\cruzt\Downloads\features_tt2_escom\features\p043_camaraInfrarroja_Asco_000409.npy
p043,camaraInfrarroja,Felicidad,C:\Users\cruzt\Downloads\features_tt2_escom\features\p043_camaraInfrarroja_Felicidad_000410.npy
p043,camaraInfrarroja,Neutral,C:\Users\cruzt\Downloads\features_tt2_escom\features\p043_camaraInfrarroja_Neutral_000411.npy
p043,camaraInfrarroja,Sorpresa,C:\Users\cruzt\Downloads\features_tt2_escom\features\p043_camaraInfrarroja_Sorpresa_000412.npy
p043,camaraInfrarroja,Tristeza,C:\Users\cruzt\Downloads\features_tt2_escom\features\p043_camaraInfrarroja_Tristeza_000413.npy
p043,camaraWeb,Asco,C:\Users\cruzt\Downloads\features_tt2_escom\features\p043_camaraWeb_Asco_000404.npy
p043,camaraWeb,Felicidad,C:\Users\cruzt\Downloads\features_tt2_escom\features\p043_camaraWeb_Felicidad_000405.npy
p043,camaraWeb,Neutral,C:\Users\cruzt\Downloads\features_tt2_escom\features\p043_camaraWeb_Neutral_000406.npy
p043,camaraWeb,Sorpresa,C:\Users\cruzt\Downloads\features_tt2_escom\features\p043_camaraWeb_Sorpresa_000407.npy
p043,camaraWeb,Tristeza,C:\Users\cruzt\Downloads\features_tt2_escom\features\p043_camaraWeb_Tristeza_000408.npy
p044,camaraInfrarroja,Asco,C:\Users\cruzt\Downloads\features_tt2_escom\features\p044_camaraInfrarroja_Asco_000420.npy
p044,camaraInfrarroja,Enojo,C:\Users\cruzt\Downloads\features_tt2_escom\features\p044_camaraInfrarroja_Enojo_000421.npy
p044,camaraInfrarroja,Felicidad,C:\Users\cruzt\Downloads\features_tt2_escom\features\p044_camaraInfrarroja_Felicidad_000422.npy
p044,camaraInfrarroja,Miedo,C:\Users\cruzt\Downloads\features_tt2_escom\features\p044_camaraInfrarroja_Miedo_000423.npy
p044,camaraInfrarroja,Neutral,C:\Users\cruzt\Downloads\features_tt2_escom\features\p044_camaraInfrarroja_Neutral_000424.npy
p044,camaraInfrarroja,Tristeza,C:\Users\cruzt\Downloads\features_tt2_escom\features\p044_camaraInfrarroja_Tristeza_000425.npy
p044,camaraWeb,Asco,C:\Users\cruzt\Downloads\features_tt2_escom\features\p044_camaraWeb_Asco_000414.npy
p044,camaraWeb,Enojo,C:\Users\cruzt\Downloads\features_tt2_escom\features\p044_camaraWeb_Enojo_000415.npy
p044,camaraWeb,Felicidad,C:\Users\cruzt\Downloads\features_tt2_escom\features\p044_camaraWeb_Felicidad_000416.npy
p044,camaraWeb,Miedo,C:\Users\cruzt\Downloads\features_tt2_escom\features\p044_camaraWeb_Miedo_000417.npy
p044,camaraWeb,Neutral,C:\Users\cruzt\Downloads\features_tt2_escom\features\p044_camaraWeb_Neutral_000418.npy
p044,camaraWeb,Tristeza,C:\Users\cruzt\Downloads\features_tt2_escom\features\p044_camaraWeb_Tristeza_000419.npy
p045,camaraInfrarroja,Asco,C:\Users\cruzt\Downloads\features_tt2_escom\features\p045_camaraInfrarroja_Asco_000432.npy
p045,camaraInfrarroja,Felicidad,C:\Users\cruzt\Downloads\features_tt2_escom\features\p045_camaraInfrarroja_Felicidad_000433.npy
p045,camaraInfrarroja,Miedo,C:\Users\cruzt\Downloads\features_tt2_escom\features\p045_camaraInfrarroja_Miedo_000434.npy
p045,camaraInfrarroja,Neutral,C:\Users\cruzt\Downloads\features_tt2_escom\features\p045_camaraInfrarroja_Neutral_000435.npy
p045,camaraInfrarroja,Sorpresa,C:\Users\cruzt\Downloads\features_tt2_escom\features\p045_camaraInfrarroja_Sorpresa_000436.npy
p045,camaraInfrarroja,Tristeza,C:\Users\cruzt\Downloads\features_tt2_escom\features\p045_camaraInfrarroja_Tristeza_000437.npy
p045,camaraWeb,Asco,C:\Users\cruzt\Downloads\features_tt2_escom\features\p045_camaraWeb_Asco_000426.npy
p045,camaraWeb,Felicidad,C:\Users\cruzt\Downloads\features_tt2_escom\features\p045_camaraWeb_Felicidad_000427.npy
p045,camaraWeb,Miedo,C:\Users\cruzt\Downloads\features_tt2_escom\features\p045_camaraWeb_Miedo_000428.npy
p045,camaraWeb,Neutral,C:\Users\cruzt\Downloads\features_tt2_escom\features\p045_camaraWeb_Neutral_000429.npy
p045,camaraWeb,Sorpresa,C:\Users\cruzt\Downloads\features_tt2_escom\features\p045_camaraWeb_Sorpresa_000430.npy
p045,camaraWeb,Tristeza,C:\Users\cruzt\Downloads\features_tt2_escom\features\p045_camaraWeb_Tristeza_000431.npy
p046,camaraInfrarroja,Asco,C:\Users\cruzt\Downloads\features_tt2_escom\features\p046_camaraInfrarroja_Asco_000445.npy
p046,camaraInfrarroja,Enojo,C:\Users\cruzt\Downloads\features_tt2_escom\features\p046_camaraInfrarroja_Enojo_000446.npy
p046,camaraInfrarroja,Felicidad,C:\Users\cruzt\Downloads\features_tt2_escom\features\p046_camaraInfrarroja_Felicidad_000447.npy
p046,camaraInfrarroja,Miedo,C:\Users\cruzt\Downloads\features_tt2_escom\features\p046_camaraInfrarroja_Miedo_000448.npy
p046,camaraInfrarroja,Neutral,C:\Users\cruzt\Downloads\features_tt2_escom\features\p046_camaraInfrarroja_Neutral_000449.npy
p046,camaraInfrarroja,Sorpresa,C:\Users\cruzt\Downloads\features_tt2_escom\features\p046_camaraInfrarroja_Sorpresa_000450.npy
p046,camaraInfrarroja,Tristeza,C:\Users\cruzt\Downloads\features_tt2_escom\features\p046_camaraInfrarroja_Tristeza_000451.npy
p046,camaraWeb,Asco,C:\Users\cruzt\Downloads\features_tt2_escom\features\p046_camaraWeb_Asco_000438.npy
p046,camaraWeb,Enojo,C:\Users\cruzt\Downloads\features_tt2_escom\features\p046_camaraWeb_Enojo_000439.npy
p046,camaraWeb,Felicidad,C:\Users\cruzt\Downloads\features_tt2_escom\features\p046_camaraWeb_Felicidad_000440.npy
p046,camaraWeb,Miedo,C:\Users\cruzt\Downloads\features_tt2_escom\features\p046_camaraWeb_Miedo_000441.npy
p046,camaraWeb,Neutral,C:\Users\cruzt\Downloads\features_tt2_escom\features\p046_camaraWeb_Neutral_000442.npy
p046,camaraWeb,Sorpresa,C:\Users\cruzt\Downloads\features_tt2_escom\features\p046_camaraWeb_Sorpresa_000443.npy
p046,camaraWeb,Tristeza,C:\Users\cruzt\Downloads\features_tt2_escom\features\p046_camaraWeb_Tristeza_000444.npy
p047,camaraInfrarroja,Asco,C:\Users\cruzt\Downloads\features_tt2_escom\features\p047_camaraInfrarroja_Asco_000457.npy
p047,camaraInfrarroja,Enojo,C:\Users\cruzt\Downloads\features_tt2_escom\features\p047_camaraInfrarroja_Enojo_000458.npy
p047,camaraInfrarroja,Felicidad,C:\Users\cruzt\Downloads\features_tt2_escom\features\p047_camaraInfrarroja_Felicidad_000459.npy
p047,camaraInfrarroja,Neutral,C:\Users\cruzt\Downloads\features_tt2_escom\features\p047_camaraInfrarroja_Neutral_000460.npy
p047,camaraInfrarroja,Tristeza,C:\Users\cruzt\Downloads\features_tt2_escom\features\p047_camaraInfrarroja_Tristeza_000461.npy
p047,camaraWeb,Asco,C:\Users\cruzt\Downloads\features_tt2_escom\features\p047_camaraWeb_Asco_000452.npy
p047,camaraWeb,Enojo,C:\Users\cruzt\Downloads\features_tt2_escom\features\p047_camaraWeb_Enojo_000453.npy
p047,camaraWeb,Felicidad,C:\Users\cruzt\Downloads\features_tt2_escom\features\p047_camaraWeb_Felicidad_000454.npy
p047,camaraWeb,Neutral,C:\Users\cruzt\Downloads\features_tt2_escom\features\p047_camaraWeb_Neutral_000455.npy
p047,camaraWeb,Tristeza,C:\Users\cruzt\Downloads\features_tt2_escom\features\p047_camaraWeb_Tristeza_000456.npy
p048,camaraInfrarroja,Enojo,C:\Users\cruzt\Downloads\features_tt2_escom\features\p048_camaraInfrarroja_Enojo_000462.npy
p048,camaraInfrarroja,Felicidad,C:\Users\cruzt\Downloads\features_tt2_escom\features\p048_camaraInfrarroja_Felicidad_000463.npy
p048,camaraInfrarroja,Neutral,C:\Users\cruzt\Downloads\features_tt2_escom\features\p048_camaraInfrarroja_Neutral_000464.npy
p048,camaraInfrarroja,Sorpresa,C:\Users\cruzt\Downloads\features_tt2_escom\features\p048_camaraInfrarroja_Sorpresa_000465.npy
p049,camaraInfrarroja,Enojo,C:\Users\cruzt\Downloads\features_tt2_escom\features\p049_camaraInfrarroja_Enojo_000470.npy
p049,camaraInfrarroja,Felicidad,C:\Users\cruzt\Downloads\features_tt2_escom\features\p049_camaraInfrarroja_Felicidad_000471.npy
p049,camaraInfrarroja,Neutral,C:\Users\cruzt\Downloads\features_tt2_escom\features\p049_camaraInfrarroja_Neutral_000473.npy
p049,camaraWeb,Enojo,C:\Users\cruzt\Downloads\features_tt2_escom\features\p049_camaraWeb_Enojo_000466.npy
p049,camaraWeb,Felicidad,C:\Users\cruzt\Downloads\features_tt2_escom\features\p049_camaraWeb_Felicidad_000467.npy
p049,camaraWeb,Miedo,C:\Users\cruzt\Downloads\features_tt2_escom\features\p049_camaraWeb_Miedo_000468.npy
p049,camaraWeb,Neutral,C:\Users\cruzt\Downloads\features_tt2_escom\features\p049_camaraWeb_Neutral_000469.npy
p050,camaraInfrarroja,Asco,C:\Users\cruzt\Downloads\features_tt2_escom\features\p050_camaraInfrarroja_Asco_000481.npy
p050,camaraInfrarroja,Enojo,C:\Users\cruzt\Downloads\features_tt2_escom\features\p050_camaraInfrarroja_Enojo_000482.npy
p050,camaraInfrarroja,Felicidad,C:\Users\cruzt\Downloads\features_tt2_escom\features\p050_camaraInfrarroja_Felicidad_000483.npy
p050,camaraInfrarroja,Miedo,C:\Users\cruzt\Downloads\features_tt2_escom\features\p050_camaraInfrarroja_Miedo_000484.npy
p050,camaraInfrarroja,Neutral,C:\Users\cruzt\Downloads\features_tt2_escom\features\p050_camaraInfrarroja_Neutral_000485.npy
p050,camaraInfrarroja,Sorpresa,C:\Users\cruzt\Downloads\features_tt2_escom\features\p050_camaraInfrarroja_Sorpresa_000486.npy
p050,camaraInfrarroja,Tristeza,C:\Users\cruzt\Downloads\features_tt2_escom\features\p050_camaraInfrarroja_Tristeza_000487.npy
p050,camaraWeb,Asco,C:\Users\cruzt\Downloads\features_tt2_escom\features\p050_camaraWeb_Asco_000474.npy
p050,camaraWeb,Enojo,C:\Users\cruzt\Downloads\features_tt2_escom\features\p050_camaraWeb_Enojo_000475.npy
p050,camaraWeb,Felicidad,C:\Users\cruzt\Downloads\features_tt2_escom\features\p050_camaraWeb_Felicidad_000476.npy
p050,camaraWeb,Miedo,C:\Users\cruzt\Downloads\features_tt2_escom\features\p050_camaraWeb_Miedo_000477.npy
p050,camaraWeb,Neutral,C:\Users\cruzt\Downloads\features_tt2_escom\features\p050_camaraWeb_Neutral_000478.npy
p050,camaraWeb,Sorpresa,C:\Users\cruzt\Downloads\features_tt2_escom\features\p050_camaraWeb_Sorpresa_000479.npy
p050,camaraWeb,Tristeza,C:\Users\cruzt\Downloads\features_tt2_escom\features\p050_camaraWeb_Tristeza_000480.npy
p051,camaraInfrarroja,Asco,C:\Users\cruzt\Downloads\features_tt2_escom\features\p051_camaraInfrarroja_Asco_000494.npy
p051,camaraInfrarroja,Enojo,C:\Users\cruzt\Downloads\features_tt2_escom\features\p051_camaraInfrarroja_Enojo_000495.npy
p051,camaraInfrarroja,Felicidad,C:\Users\cruzt\Downloads\features_tt2_escom\features\p051_camaraInfrarroja_Felicidad_000496.npy
p051,camaraInfrarroja,Miedo,C:\Users\cruzt\Downloads\features_tt2_escom\features\p051_camaraInfrarroja_Miedo_000497.npy
p051,camaraInfrarroja,Neutral,C:\Users\cruzt\Downloads\features_tt2_escom\features\p051_camaraInfrarroja_Neutral_000498.npy
p051,camaraInfrarroja,Sorpresa,C:\Users\cruzt\Downloads\features_tt2_escom\features\p051_camaraInfrarroja_Sorpresa_000499.npy
p051,camaraWeb,Asco,C:\Users\cruzt\Downloads\features_tt2_escom\features\p051_camaraWeb_Asco_000488.npy
p051,camaraWeb,Enojo,C:\Users\cruzt\Downloads\features_tt2_escom\features\p051_camaraWeb_Enojo_000489.npy
p051,camaraWeb,Felicidad,C:\Users\cruzt\Downloads\features_tt2_escom\features\p051_camaraWeb_Felicidad_000490.npy
p051,camaraWeb,Miedo,C:\Users\cruzt\Downloads\features_tt2_escom\features\p051_camaraWeb_Miedo_000491.npy
p051,camaraWeb,Neutral,C:\Users\cruzt\Downloads\features_tt2_escom\features\p051_camaraWeb_Neutral_000492.npy
p051,camaraWeb,Sorpresa,C:\Users\cruzt\Downloads\features_tt2_escom\features\p051_camaraWeb_Sorpresa_000493.npy
p067,camaraInfrarroja,Asco,C:\Users\cruzt\Downloads\features_tt2_escom\features\p067_camaraInfrarroja_Asco_000506.npy
p067,camaraInfrarroja,Felicidad,C:\Users\cruzt\Downloads\features_tt2_escom\features\p067_camaraInfrarroja_Felicidad_000507.npy
p067,camaraInfrarroja,Miedo,C:\Users\cruzt\Downloads\features_tt2_escom\features\p067_camaraInfrarroja_Miedo_000508.npy
p067,camaraInfrarroja,Neutral,C:\Users\cruzt\Downloads\features_tt2_escom\features\p067_camaraInfrarroja_Neutral_000509.npy
p067,camaraInfrarroja,Sorpresa,C:\Users\cruzt\Downloads\features_tt2_escom\features\p067_camaraInfrarroja_Sorpresa_000510.npy
p067,camaraInfrarroja,Tristeza,C:\Users\cruzt\Downloads\features_tt2_escom\features\p067_camaraInfrarroja_Tristeza_000511.npy
p067,camaraWeb,Asco,C:\Users\cruzt\Downloads\features_tt2_escom\features\p067_camaraWeb_Asco_000500.npy
p067,camaraWeb,Felicidad,C:\Users\cruzt\Downloads\features_tt2_escom\features\p067_camaraWeb_Felicidad_000501.npy
p067,camaraWeb,Miedo,C:\Users\cruzt\Downloads\features_tt2_escom\features\p067_camaraWeb_Miedo_000502.npy
p067,camaraWeb,Neutral,C:\Users\cruzt\Downloads\features_tt2_escom\features\p067_camaraWeb_Neutral_000503.npy
p067,camaraWeb,Sorpresa,C:\Users\cruzt\Downloads\features_tt2_escom\features\p067_camaraWeb_Sorpresa_000504.npy
p067,camaraWeb,Tristeza,C:\Users\cruzt\Downloads\features_tt2_escom\features\p067_camaraWeb_Tristeza_000505.npy
p068,camaraInfrarroja,Felicidad,C:\Users\cruzt\Downloads\features_tt2_escom\features\p068_camaraInfrarroja_Felicidad_000515.npy
p068,camaraInfrarroja,Neutral,C:\Users\cruzt\Downloads\features_tt2_escom\features\p068_camaraInfrarroja_Neutral_000516.npy
p068,camaraInfrarroja,Tristeza,C:\Users\cruzt\Downloads\features_tt2_escom\features\p068_camaraInfrarroja_Tristeza_000517.npy
p068,camaraWeb,Felicidad,C:\Users\cruzt\Downloads\features_tt2_escom\features\p068_camaraWeb_Felicidad_000512.npy
p068,camaraWeb,Neutral,C:\Users\cruzt\Downloads\features_tt2_escom\features\p068_camaraWeb_Neutral_000513.npy
p068,camaraWeb,Tristeza,C:\Users\cruzt\Downloads\features_tt2_escom\features\p068_camaraWeb_Tristeza_000514.npy
p070,camaraInfrarroja,Enojo,C:\Users\cruzt\Downloads\features_tt2_escom\features\p070_camaraInfrarroja_Enojo_000522.npy
p070,camaraInfrarroja,Felicidad,C:\Users\cruzt\Downloads\features_tt2_escom\features\p070_camaraInfrarroja_Felicidad_000523.npy
p070,camaraInfrarroja,Miedo,C:\Users\cruzt\Downloads\features_tt2_escom\features\p070_camaraInfrarroja_Miedo_000524.npy
p070,camaraInfrarroja,Neutral,C:\Users\cruzt\Downloads\features_tt2_escom\features\p070_camaraInfrarroja_Neutral_000525.npy
p070,camaraWeb,Enojo,C:\Users\cruzt\Downloads\features_tt2_escom\features\p070_camaraWeb_Enojo_000518.npy
p070,camaraWeb,Felicidad,C:\Users\cruzt\Downloads\features_tt2_escom\features\p070_camaraWeb_Felicidad_000519.npy
p070,camaraWeb,Miedo,C:\Users\cruzt\Downloads\features_tt2_escom\features\p070_camaraWeb_Miedo_000520.npy
p070,camaraWeb,Neutral,C:\Users\cruzt\Downloads\features_tt2_escom\features\p070_camaraWeb_Neutral_000521.npy
p071,camaraInfrarroja,Enojo,C:\Users\cruzt\Downloads\features_tt2_escom\features\p071_camaraInfrarroja_Enojo_000529.npy
p071,camaraInfrarroja,Neutral,C:\Users\cruzt\Downloads\features_tt2_escom\features\p071_camaraInfrarroja_Neutral_000530.npy
p071,camaraInfrarroja,Tristeza,C:\Users\cruzt\Downloads\features_tt2_escom\features\p071_camaraInfrarroja_Tristeza_000531.npy
p071,camaraWeb,Enojo,C:\Users\cruzt\Downloads\features_tt2_escom\features\p071_camaraWeb_Enojo_000526.npy
p071,camaraWeb,Neutral,C:\Users\cruzt\Downloads\features_tt2_escom\features\p071_camaraWeb_Neutral_000527.npy
p071,camaraWeb,Tristeza,C:\Users\cruzt\Downloads\features_tt2_escom\features\p071_camaraWeb_Tristeza_000528.npy
p072,camaraInfrarroja,Asco,C:\Users\cruzt\Downloads\features_tt2_escom\features\p072_camaraInfrarroja_Asco_000538.npy
p072,camaraInfrarroja,Enojo,C:\Users\cruzt\Downloads\features_tt2_escom\features\p072_camaraInfrarroja_Enojo_000539.npy
p072,camaraInfrarroja,Felicidad,C:\Users\cruzt\Downloads\features_tt2_escom\features\p072_camaraInfrarroja_Felicidad_000540.npy
p072,camaraInfrarroja,Neutral,C:\Users\cruzt\Downloads\features_tt2_escom\features\p072_camaraInfrarroja_Neutral_000541.npy
p072,camaraInfrarroja,Sorpresa,C:\Users\cruzt\Downloads\features_tt2_escom\features\p072_camaraInfrarroja_Sorpresa_000542.npy
p072,camaraInfrarroja,Tristeza,C:\Users\cruzt\Downloads\features_tt2_escom\features\p072_camaraInfrarroja_Tristeza_000543.npy
p072,camaraWeb,Asco,C:\Users\cruzt\Downloads\features_tt2_escom\features\p072_camaraWeb_Asco_000532.npy
p072,camaraWeb,Enojo,C:\Users\cruzt\Downloads\features_tt2_escom\features\p072_camaraWeb_Enojo_000533.npy
p072,camaraWeb,Felicidad,C:\Users\cruzt\Downloads\features_tt2_escom\features\p072_camaraWeb_Felicidad_000534.npy
p072,camaraWeb,Neutral,C:\Users\cruzt\Downloads\features_tt2_escom\features\p072_camaraWeb_Neutral_000535.npy
p072,camaraWeb,Sorpresa,C:\Users\cruzt\Downloads\features_tt2_escom\features\p072_camaraWeb_Sorpresa_000536.npy
p072,camaraWeb,Tristeza,C:\Users\cruzt\Downloads\features_tt2_escom\features\p072_camaraWeb_Tristeza_000537.npy
p073,camaraInfrarroja,Enojo,C:\Users\cruzt\Downloads\features_tt2_escom\features\p073_camaraInfrarroja_Enojo_000550.npy
p073,camaraInfrarroja,Neutral,C:\Users\cruzt\Downloads\features_tt2_escom\features\p073_camaraInfrarroja_Neutral_000553.npy
p073,camaraInfrarroja,Tristeza,C:\Users\cruzt\Downloads\features_tt2_escom\features\p073_camaraInfrarroja_Tristeza_000555.npy
p073,camaraWeb,Enojo,C:\Users\cruzt\Downloads\features_tt2_escom\features\p073_camaraWeb_Enojo_000544.npy
p073,camaraWeb,Felicidad,C:\Users\cruzt\Downloads\features_tt2_escom\features\p073_camaraWeb_Felicidad_000545.npy
p073,camaraWeb,Miedo,C:\Users\cruzt\Downloads\features_tt2_escom\features\p073_camaraWeb_Miedo_000546.npy
p073,camaraWeb,Neutral,C:\Users\cruzt\Downloads\features_tt2_escom\features\p073_camaraWeb_Neutral_000547.npy
p073,camaraWeb,Sorpresa,C:\Users\cruzt\Downloads\features_tt2_escom\features\p073_camaraWeb_Sorpresa_000548.npy
p073,camaraWeb,Tristeza,C:\Users\cruzt\Downloads\features_tt2_escom\features\p073_camaraWeb_Tristeza_000549.npy
p081,camaraInfrarroja,Asco,C:\Users\cruzt\Downloads\features_tt2_escom\features\p081_camaraInfrarroja_Asco_000560.npy
p081,camaraInfrarroja,Felicidad,C:\Users\cruzt\Downloads\features_tt2_escom\features\p081_camaraInfrarroja_Felicidad_000561.npy
p081,camaraInfrarroja,Neutral,C:\Users\cruzt\Downloads\features_tt2_escom\features\p081_camaraInfrarroja_Neutral_000562.npy
p081,camaraInfrarroja,Sorpresa,C:\Users\cruzt\Downloads\features_tt2_escom\features\p081_camaraInfrarroja_Sorpresa_000563.npy
p081,camaraWeb,Asco,C:\Users\cruzt\Downloads\features_tt2_escom\features\p081_camaraWeb_Asco_000556.npy
p081,camaraWeb,Felicidad,C:\Users\cruzt\Downloads\features_tt2_escom\features\p081_camaraWeb_Felicidad_000557.npy
p081,camaraWeb,Neutral,C:\Users\cruzt\Downloads\features_tt2_escom\features\p081_camaraWeb_Neutral_000558.npy
p081,camaraWeb,Sorpresa,C:\Users\cruzt\Downloads\features_tt2_escom\features\p081_camaraWeb_Sorpresa_000559.npy
p082,camaraInfrarroja,Asco,C:\Users\cruzt\Downloads\features_tt2_escom\features\p082_camaraInfrarroja_Asco_000570.npy
p082,camaraInfrarroja,Enojo,C:\Users\cruzt\Downloads\features_tt2_escom\features\p082_camaraInfrarroja_Enojo_000571.npy
p082,camaraInfrarroja,Felicidad,C:\Users\cruzt\Downloads\features_tt2_escom\features\p082_camaraInfrarroja_Felicidad_000572.npy
p082,camaraInfrarroja,Neutral,C:\Users\cruzt\Downloads\features_tt2_escom\features\p082_camaraInfrarroja_Neutral_000573.npy
p082,camaraInfrarroja,Sorpresa,C:\Users\cruzt\Downloads\features_tt2_escom\features\p082_camaraInfrarroja_Sorpresa_000574.npy
p082,camaraInfrarroja,Tristeza,C:\Users\cruzt\Downloads\features_tt2_escom\features\p082_camaraInfrarroja_Tristeza_000575.npy
p082,camaraWeb,Asco,C:\Users\cruzt\Downloads\features_tt2_escom\features\p082_camaraWeb_Asco_000564.npy
p082,camaraWeb,Enojo,C:\Users\cruzt\Downloads\features_tt2_escom\features\p082_camaraWeb_Enojo_000565.npy
p082,camaraWeb,Felicidad,C:\Users\cruzt\Downloads\features_tt2_escom\features\p082_camaraWeb_Felicidad_000566.npy
p082,camaraWeb,Neutral,C:\Users\cruzt\Downloads\features_tt2_escom\features\p082_camaraWeb_Neutral_000567.npy
p082,camaraWeb,Sorpresa,C:\Users\cruzt\Downloads\features_tt2_escom\features\p082_camaraWeb_Sorpresa_000568.npy
p082,camaraWeb,Tristeza,C:\Users\cruzt\Downloads\features_tt2_escom\features\p082_camaraWeb_Tristeza_000569.npy
p083,camaraInfrarroja,Enojo,C:\Users\cruzt\Downloads\features_tt2_escom\features\p083_camaraInfrarroja_Enojo_000581.npy
p083,camaraInfrarroja,Felicidad,C:\Users\cruzt\Downloads\features_tt2_escom\features\p083_camaraInfrarroja_Felicidad_000582.npy
p083,camaraInfrarroja,Miedo,C:\Users\cruzt\Downloads\features_tt2_escom\features\p083_camaraInfrarroja_Miedo_000583.npy
p083,camaraInfrarroja,Neutral,C:\Users\cruzt\Downloads\features_tt2_escom\features\p083_camaraInfrarroja_Neutral_000584.npy
p083,camaraInfrarroja,Sorpresa,C:\Users\cruzt\Downloads\features_tt2_escom\features\p083_camaraInfrarroja_Sorpresa_000585.npy
p083,camaraWeb,Enojo,C:\Users\cruzt\Downloads\features_tt2_escom\features\p083_camaraWeb_Enojo_000576.npy
p083,camaraWeb,Felicidad,C:\Users\cruzt\Downloads\features_tt2_escom\features\p083_camaraWeb_Felicidad_000577.npy
p083,camaraWeb,Miedo,C:\Users\cruzt\Downloads\features_tt2_escom\features\p083_camaraWeb_Miedo_000578.npy
p083,camaraWeb,Neutral,C:\Users\cruzt\Downloads\features_tt2_escom\features\p083_camaraWeb_Neutral_000579.npy
p083,camaraWeb,Sorpresa,C:\Users\cruzt\Downloads\features_tt2_escom\features\p083_camaraWeb_Sorpresa_000580.npy
p084,camaraInfrarroja,Asco,C:\Users\cruzt\Downloads\features_tt2_escom\features\p084_camaraInfrarroja_Asco_000590.npy
p084,camaraInfrarroja,Neutral,C:\Users\cruzt\Downloads\features_tt2_escom\features\p084_camaraInfrarroja_Neutral_000591.npy
p084,camaraInfrarroja,Tristeza,C:\Users\cruzt\Downloads\features_tt2_escom\features\p084_camaraInfrarroja_Tristeza_000593.npy
p084,camaraWeb,Asco,C:\Users\cruzt\Downloads\features_tt2_escom\features\p084_camaraWeb_Asco_000586.npy
p084,camaraWeb,Neutral,C:\Users\cruzt\Downloads\features_tt2_escom\features\p084_camaraWeb_Neutral_000587.npy
p084,camaraWeb,Sorpresa,C:\Users\cruzt\Downloads\features_tt2_escom\features\p084_camaraWeb_Sorpresa_000588.npy
p084,camaraWeb,Tristeza,C:\Users\cruzt\Downloads\features_tt2_escom\features\p084_camaraWeb_Tristeza_000589.npy
p086,camaraInfrarroja,Asco,C:\Users\cruzt\Downloads\features_tt2_escom\features\p086_camaraInfrarroja_Asco_000601.npy
p086,camaraInfrarroja,Enojo,C:\Users\cruzt\Downloads\features_tt2_escom\features\p086_camaraInfrarroja_Enojo_000602.npy
p086,camaraInfrarroja,Felicidad,C:\Users\cruzt\Downloads\features_tt2_escom\features\p086_camaraInfrarroja_Felicidad_000603.npy
p086,camaraInfrarroja,Miedo,C:\Users\cruzt\Downloads\features_tt2_escom\features\p086_camaraInfrarroja_Miedo_000604.npy
p086,camaraInfrarroja,Neutral,C:\Users\cruzt\Downloads\features_tt2_escom\features\p086_camaraInfrarroja_Neutral_000605.npy
p086,camaraInfrarroja,Sorpresa,C:\Users\cruzt\Downloads\features_tt2_escom\features\p086_camaraInfrarroja_Sorpresa_000606.npy
p086,camaraInfrarroja,Tristeza,C:\Users\cruzt\Downloads\features_tt2_escom\features\p086_camaraInfrarroja_Tristeza_000607.npy
p086,camaraWeb,Asco,C:\Users\cruzt\Downloads\features_tt2_escom\features\p086_camaraWeb_Asco_000594.npy
p086,camaraWeb,Enojo,C:\Users\cruzt\Downloads\features_tt2_escom\features\p086_camaraWeb_Enojo_000595.npy
p086,camaraWeb,Felicidad,C:\Users\cruzt\Downloads\features_tt2_escom\features\p086_camaraWeb_Felicidad_000596.npy
p086,camaraWeb,Miedo,C:\Users\cruzt\Downloads\features_tt2_escom\features\p086_camaraWeb_Miedo_000597.npy
p086,camaraWeb,Neutral,C:\Users\cruzt\Downloads\features_tt2_escom\features\p086_camaraWeb_Neutral_000598.npy
p086,camaraWeb,Sorpresa,C:\Users\cruzt\Downloads\features_tt2_escom\features\p086_camaraWeb_Sorpresa_000599.npy
p086,camaraWeb,Tristeza,C:\Users\cruzt\Downloads\features_tt2_escom\features\p086_camaraWeb_Tristeza_000600.npy
p087,camaraInfrarroja,Asco,C:\Users\cruzt\Downloads\features_tt2_escom\features\p087_camaraInfrarroja_Asco_000615.npy
p087,camaraInfrarroja,Enojo,C:\Users\cruzt\Downloads\features_tt2_escom\features\p087_camaraInfrarroja_Enojo_000616.npy
p087,camaraInfrarroja,Felicidad,C:\Users\cruzt\Downloads\features_tt2_escom\features\p087_camaraInfrarroja_Felicidad_000617.npy
p087,camaraInfrarroja,Miedo,C:\Users\cruzt\Downloads\features_tt2_escom\features\p087_camaraInfrarroja_Miedo_000618.npy
p087,camaraInfrarroja,Neutral,C:\Users\cruzt\Downloads\features_tt2_escom\features\p087_camaraInfrarroja_Neutral_000619.npy
p087,camaraInfrarroja,Sorpresa,C:\Users\cruzt\Downloads\features_tt2_escom\features\p087_camaraInfrarroja_Sorpresa_000620.npy
p087,camaraInfrarroja,Tristeza,C:\Users\cruzt\Downloads\features_tt2_escom\features\p087_camaraInfrarroja_Tristeza_000621.npy
p087,camaraWeb,Asco,C:\Users\cruzt\Downloads\features_tt2_escom\features\p087_camaraWeb_Asco_000608.npy
p087,camaraWeb,Enojo,C:\Users\cruzt\Downloads\features_tt2_escom\features\p087_camaraWeb_Enojo_000609.npy
p087,camaraWeb,Felicidad,C:\Users\cruzt\Downloads\features_tt2_escom\features\p087_camaraWeb_Felicidad_000610.npy
p087,camaraWeb,Miedo,C:\Users\cruzt\Downloads\features_tt2_escom\features\p087_camaraWeb_Miedo_000611.npy
p087,camaraWeb,Neutral,C:\Users\cruzt\Downloads\features_tt2_escom\features\p087_camaraWeb_Neutral_000612.npy
p087,camaraWeb,Sorpresa,C:\Users\cruzt\Downloads\features_tt2_escom\features\p087_camaraWeb_Sorpresa_000613.npy
p087,camaraWeb,Tristeza,C:\Users\cruzt\Downloads\features_tt2_escom\features\p087_camaraWeb_Tristeza_000614.npy
p088,camaraInfrarroja,Asco,C:\Users\cruzt\Downloads\features_tt2_escom\features\p088_camaraInfrarroja_Asco_000629.npy
p088,camaraInfrarroja,Enojo,C:\Users\cruzt\Downloads\features_tt2_escom\features\p088_camaraInfrarroja_Enojo_000630.npy
p088,camaraInfrarroja,Felicidad,C:\Users\cruzt\Downloads\features_tt2_escom\features\p088_camaraInfrarroja_Felicidad_000631.npy
p088,camaraInfrarroja,Miedo,C:\Users\cruzt\Downloads\features_tt2_escom\features\p088_camaraInfrarroja_Miedo_000632.npy
p088,camaraInfrarroja,Neutral,C:\Users\cruzt\Downloads\features_tt2_escom\features\p088_camaraInfrarroja_Neutral_000633.npy
p088,camaraInfrarroja,Sorpresa,C:\Users\cruzt\Downloads\features_tt2_escom\features\p088_camaraInfrarroja_Sorpresa_000634.npy
p088,camaraInfrarroja,Tristeza,C:\Users\cruzt\Downloads\features_tt2_escom\features\p088_camaraInfrarroja_Tristeza_000635.npy
p088,camaraWeb,Asco,C:\Users\cruzt\Downloads\features_tt2_escom\features\p088_camaraWeb_Asco_000622.npy
p088,camaraWeb,Enojo,C:\Users\cruzt\Downloads\features_tt2_escom\features\p088_camaraWeb_Enojo_000623.npy
p088,camaraWeb,Felicidad,C:\Users\cruzt\Downloads\features_tt2_escom\features\p088_camaraWeb_Felicidad_000624.npy
p088,camaraWeb,Miedo,C:\Users\cruzt\Downloads\features_tt2_escom\features\p088_camaraWeb_Miedo_000625.npy
p088,camaraWeb,Neutral,C:\Users\cruzt\Downloads\features_tt2_escom\features\p088_camaraWeb_Neutral_000626.npy
p088,camaraWeb,Sorpresa,C:\Users\cruzt\Downloads\features_tt2_escom\features\p088_camaraWeb_Sorpresa_000627.npy
p088,camaraWeb,Tristeza,C:\Users\cruzt\Downloads\features_tt2_escom\features\p088_camaraWeb_Tristeza_000628.npy
p090,camaraInfrarroja,Asco,C:\Users\cruzt\Downloads\features_tt2_escom\features\p090_camaraInfrarroja_Asco_000643.npy
p090,camaraInfrarroja,Enojo,C:\Users\cruzt\Downloads\features_tt2_escom\features\p090_camaraInfrarroja_Enojo_000644.npy
p090,camaraInfrarroja,Felicidad,C:\Users\cruzt\Downloads\features_tt2_escom\features\p090_camaraInfrarroja_Felicidad_000645.npy
p090,camaraInfrarroja,Miedo,C:\Users\cruzt\Downloads\features_tt2_escom\features\p090_camaraInfrarroja_Miedo_000646.npy
p090,camaraInfrarroja,Neutral,C:\Users\cruzt\Downloads\features_tt2_escom\features\p090_camaraInfrarroja_Neutral_000647.npy
p090,camaraInfrarroja,Sorpresa,C:\Users\cruzt\Downloads\features_tt2_escom\features\p090_camaraInfrarroja_Sorpresa_000648.npy
p090,camaraInfrarroja,Tristeza,C:\Users\cruzt\Downloads\features_tt2_escom\features\p090_camaraInfrarroja_Tristeza_000649.npy
p090,camaraWeb,Asco,C:\Users\cruzt\Downloads\features_tt2_escom\features\p090_camaraWeb_Asco_000636.npy
p090,camaraWeb,Enojo,C:\Users\cruzt\Downloads\features_tt2_escom\features\p090_camaraWeb_Enojo_000637.npy
p090,camaraWeb,Felicidad,C:\Users\cruzt\Downloads\features_tt2_escom\features\p090_camaraWeb_Felicidad_000638.npy
p090,camaraWeb,Miedo,C:\Users\cruzt\Downloads\features_tt2_escom\features\p090_camaraWeb_Miedo_000639.npy
p090,camaraWeb,Neutral,C:\Users\cruzt\Downloads\features_tt2_escom\features\p090_camaraWeb_Neutral_000640.npy
p090,camaraWeb,Sorpresa,C:\Users\cruzt\Downloads\features_tt2_escom\features\p090_camaraWeb_Sorpresa_000641.npy
p090,camaraWeb,Tristeza,C:\Users\cruzt\Downloads\features_tt2_escom\features\p090_camaraWeb_Tristeza_000642.npy
p091,camaraWeb,Asco,C:\Users\cruzt\Downloads\features_tt2_escom\features\p091_camaraWeb_Asco_000650.npy
p091,camaraWeb,Enojo,C:\Users\cruzt\Downloads\features_tt2_escom\features\p091_camaraWeb_Enojo_000651.npy
p091,camaraWeb,Felicidad,C:\Users\cruzt\Downloads\features_tt2_escom\features\p091_camaraWeb_Felicidad_000652.npy
p091,camaraWeb,Miedo,C:\Users\cruzt\Downloads\features_tt2_escom\features\p091_camaraWeb_Miedo_000653.npy
p091,camaraWeb,Neutral,C:\Users\cruzt\Downloads\features_tt2_escom\features\p091_camaraWeb_Neutral_000654.npy
p091,camaraWeb,Sorpresa,C:\Users\cruzt\Downloads\features_tt2_escom\features\p091_camaraWeb_Sorpresa_000655.npy
p091,camaraWeb,Tristeza,C:\Users\cruzt\Downloads\features_tt2_escom\features\p091_camaraWeb_Tristeza_000656.npy
p093,camaraInfrarroja,Asco,C:\Users\cruzt\Downloads\features_tt2_escom\features\p093_camaraInfrarroja_Asco_000671.npy
p093,camaraInfrarroja,Enojo,C:\Users\cruzt\Downloads\features_tt2_escom\features\p093_camaraInfrarroja_Enojo_000672.npy
p093,camaraInfrarroja,Felicidad,C:\Users\cruzt\Downloads\features_tt2_escom\features\p093_camaraInfrarroja_Felicidad_000673.npy
p093,camaraInfrarroja,Miedo,C:\Users\cruzt\Downloads\features_tt2_escom\features\p093_camaraInfrarroja_Miedo_000674.npy
p093,camaraInfrarroja,Neutral,C:\Users\cruzt\Downloads\features_tt2_escom\features\p093_camaraInfrarroja_Neutral_000675.npy
p093,camaraInfrarroja,Sorpresa,C:\Users\cruzt\Downloads\features_tt2_escom\features\p093_camaraInfrarroja_Sorpresa_000676.npy
p093,camaraInfrarroja,Tristeza,C:\Users\cruzt\Downloads\features_tt2_escom\features\p093_camaraInfrarroja_Tristeza_000677.npy
p093,camaraWeb,Asco,C:\Users\cruzt\Downloads\features_tt2_escom\features\p093_camaraWeb_Asco_000664.npy
p093,camaraWeb,Enojo,C:\Users\cruzt\Downloads\features_tt2_escom\features\p093_camaraWeb_Enojo_000665.npy
p093,camaraWeb,Felicidad,C:\Users\cruzt\Downloads\features_tt2_escom\features\p093_camaraWeb_Felicidad_000666.npy
p093,camaraWeb,Miedo,C:\Users\cruzt\Downloads\features_tt2_escom\features\p093_camaraWeb_Miedo_000667.npy
p093,camaraWeb,Neutral,C:\Users\cruzt\Downloads\features_tt2_escom\features\p093_camaraWeb_Neutral_000668.npy
p093,camaraWeb,Sorpresa,C:\Users\cruzt\Downloads\features_tt2_escom\features\p093_camaraWeb_Sorpresa_000669.npy
p093,camaraWeb,Tristeza,C:\Users\cruzt\Downloads\features_tt2_escom\features\p093_camaraWeb_Tristeza_000670.npy
p094,camaraInfrarroja,Asco,C:\Users\cruzt\Downloads\features_tt2_escom\features\p094_camaraInfrarroja_Asco_000685.npy
p094,camaraInfrarroja,Enojo,C:\Users\cruzt\Downloads\features_tt2_escom\features\p094_camaraInfrarroja_Enojo_000686.npy
p094,camaraInfrarroja,Felicidad,C:\Users\cruzt\Downloads\features_tt2_escom\features\p094_camaraInfrarroja_Felicidad_000687.npy
p094,camaraInfrarroja,Miedo,C:\Users\cruzt\Downloads\features_tt2_escom\features\p094_camaraInfrarroja_Miedo_000688.npy
p094,camaraInfrarroja,Neutral,C:\Users\cruzt\Downloads\features_tt2_escom\features\p094_camaraInfrarroja_Neutral_000689.npy
p094,camaraInfrarroja,Sorpresa,C:\Users\cruzt\Downloads\features_tt2_escom\features\p094_camaraInfrarroja_Sorpresa_000690.npy
p094,camaraInfrarroja,Tristeza,C:\Users\cruzt\Downloads\features_tt2_escom\features\p094_camaraInfrarroja_Tristeza_000691.npy
p094,camaraWeb,Asco,C:\Users\cruzt\Downloads\features_tt2_escom\features\p094_camaraWeb_Asco_000678.npy
p094,camaraWeb,Enojo,C:\Users\cruzt\Downloads\features_tt2_escom\features\p094_camaraWeb_Enojo_000679.npy
p094,camaraWeb,Felicidad,C:\Users\cruzt\Downloads\features_tt2_escom\features\p094_camaraWeb_Felicidad_000680.npy
p094,camaraWeb,Miedo,C:\Users\cruzt\Downloads\features_tt2_escom\features\p094_camaraWeb_Miedo_000681.npy
p094,camaraWeb,Neutral,C:\Users\cruzt\Downloads\features_tt2_escom\features\p094_camaraWeb_Neutral_000682.npy
p094,camaraWeb,Sorpresa,C:\Users\cruzt\Downloads\features_tt2_escom\features\p094_camaraWeb_Sorpresa_000683.npy
p094,camaraWeb,Tristeza,C:\Users\cruzt\Downloads\features_tt2_escom\features\p094_camaraWeb_Tristeza_000684.npy
p095,camaraInfrarroja,Asco,C:\Users\cruzt\Downloads\features_tt2_escom\features\p095_camaraInfrarroja_Asco_000699.npy
p095,camaraInfrarroja,Enojo,C:\Users\cruzt\Downloads\features_tt2_escom\features\p095_camaraInfrarroja_Enojo_000700.npy
p095,camaraInfrarroja,Felicidad,C:\Users\cruzt\Downloads\features_tt2_escom\features\p095_camaraInfrarroja_Felicidad_000701.npy
p095,camaraInfrarroja,Miedo,C:\Users\cruzt\Downloads\features_tt2_escom\features\p095_camaraInfrarroja_Miedo_000702.npy
p095,camaraInfrarroja,Sorpresa,C:\Users\cruzt\Downloads\features_tt2_escom\features\p095_camaraInfrarroja_Sorpresa_000704.npy
p095,camaraInfrarroja,Tristeza,C:\Users\cruzt\Downloads\features_tt2_escom\features\p095_camaraInfrarroja_Tristeza_000705.npy
p095,camaraWeb,Asco,C:\Users\cruzt\Downloads\features_tt2_escom\features\p095_camaraWeb_Asco_000692.npy
p095,camaraWeb,Enojo,C:\Users\cruzt\Downloads\features_tt2_escom\features\p095_camaraWeb_Enojo_000693.npy
p095,camaraWeb,Felicidad,C:\Users\cruzt\Downloads\features_tt2_escom\features\p095_camaraWeb_Felicidad_000694.npy
p095,camaraWeb,Miedo,C:\Users\cruzt\Downloads\features_tt2_escom\features\p095_camaraWeb_Miedo_000695.npy
p095,camaraWeb,Neutral,C:\Users\cruzt\Downloads\features_tt2_escom\features\p095_camaraWeb_Neutral_000696.npy
p095,camaraWeb,Sorpresa,C:\Users\cruzt\Downloads\features_tt2_escom\features\p095_camaraWeb_Sorpresa_000697.npy
p095,camaraWeb,Tristeza,C:\Users\cruzt\Downloads\features_tt2_escom\features\p095_camaraWeb_Tristeza_000698.npy
p097,camaraInfrarroja,Asco,C:\Users\cruzt\Downloads\features_tt2_escom\features\p097_camaraInfrarroja_Asco_000706.npy
p097,camaraInfrarroja,Enojo,C:\Users\cruzt\Downloads\features_tt2_escom\features\p097_camaraInfrarroja_Enojo_000707.npy
p097,camaraInfrarroja,Felicidad,C:\Users\cruzt\Downloads\features_tt2_escom\features\p097_camaraInfrarroja_Felicidad_000708.npy
p097,camaraInfrarroja,Miedo,C:\Users\cruzt\Downloads\features_tt2_escom\features\p097_camaraInfrarroja_Miedo_000709.npy
p097,camaraInfrarroja,Neutral,C:\Users\cruzt\Downloads\features_tt2_escom\features\p097_camaraInfrarroja_Neutral_000710.npy
p097,camaraInfrarroja,Sorpresa,C:\Users\cruzt\Downloads\features_tt2_escom\features\p097_camaraInfrarroja_Sorpresa_000711.npy
p097,camaraInfrarroja,Tristeza,C:\Users\cruzt\Downloads\features_tt2_escom\features\p097_camaraInfrarroja_Tristeza_000712.npy
p098,camaraInfrarroja,Asco,C:\Users\cruzt\Downloads\features_tt2_escom\features\p098_camaraInfrarroja_Asco_000720.npy
p098,camaraInfrarroja,Enojo,C:\Users\cruzt\Downloads\features_tt2_escom\features\p098_camaraInfrarroja_Enojo_000721.npy
p098,camaraInfrarroja,Felicidad,C:\Users\cruzt\Downloads\features_tt2_escom\features\p098_camaraInfrarroja_Felicidad_000722.npy
p098,camaraInfrarroja,Miedo,C:\Users\cruzt\Downloads\features_tt2_escom\features\p098_camaraInfrarroja_Miedo_000723.npy
p098,camaraInfrarroja,Neutral,C:\Users\cruzt\Downloads\features_tt2_escom\features\p098_camaraInfrarroja_Neutral_000724.npy
p098,camaraInfrarroja,Sorpresa,C:\Users\cruzt\Downloads\features_tt2_escom\features\p098_camaraInfrarroja_Sorpresa_000725.npy
p098,camaraInfrarroja,Tristeza,C:\Users\cruzt\Downloads\features_tt2_escom\features\p098_camaraInfrarroja_Tristeza_000726.npy
p098,camaraWeb,Asco,C:\Users\cruzt\Downloads\features_tt2_escom\features\p098_camaraWeb_Asco_000713.npy
p098,camaraWeb,Enojo,C:\Users\cruzt\Downloads\features_tt2_escom\features\p098_camaraWeb_Enojo_000714.npy
p098,camaraWeb,Felicidad,C:\Users\cruzt\Downloads\features_tt2_escom\features\p098_camaraWeb_Felicidad_000715.npy
p098,camaraWeb,Miedo,C:\Users\cruzt\Downloads\features_tt2_escom\features\p098_camaraWeb_Miedo_000716.npy
p098,camaraWeb,Neutral,C:\Users\cruzt\Downloads\features_tt2_escom\features\p098_camaraWeb_Neutral_000717.npy
p098,camaraWeb,Sorpresa,C:\Users\cruzt\Downloads\features_tt2_escom\features\p098_camaraWeb_Sorpresa_000718.npy
p098,camaraWeb,Tristeza,C:\Users\cruzt\Downloads\features_tt2_escom\features\p098_camaraWeb_Tristeza_000719.npy
p099,camaraInfrarroja,Asco,C:\Users\cruzt\Downloads\features_tt2_escom\features\p099_camaraInfrarroja_Asco_000734.npy
p099,camaraInfrarroja,Enojo,C:\Users\cruzt\Downloads\features_tt2_escom\features\p099_camaraInfrarroja_Enojo_000735.npy
p099,camaraInfrarroja,Felicidad,C:\Users\cruzt\Downloads\features_tt2_escom\features\p099_camaraInfrarroja_Felicidad_000736.npy
p099,camaraInfrarroja,Miedo,C:\Users\cruzt\Downloads\features_tt2_escom\features\p099_camaraInfrarroja_Miedo_000737.npy
p099,camaraInfrarroja,Neutral,C:\Users\cruzt\Downloads\features_tt2_escom\features\p099_camaraInfrarroja_Neutral_000738.npy
p099,camaraInfrarroja,Sorpresa,C:\Users\cruzt\Downloads\features_tt2_escom\features\p099_camaraInfrarroja_Sorpresa_000739.npy
p099,camaraInfrarroja,Tristeza,C:\Users\cruzt\Downloads\features_tt2_escom\features\p099_camaraInfrarroja_Tristeza_000740.npy
p099,camaraWeb,Asco,C:\Users\cruzt\Downloads\features_tt2_escom\features\p099_camaraWeb_Asco_000727.npy
p099,camaraWeb,Enojo,C:\Users\cruzt\Downloads\features_tt2_escom\features\p099_camaraWeb_Enojo_000728.npy
p099,camaraWeb,Felicidad,C:\Users\cruzt\Downloads\features_tt2_escom\features\p099_camaraWeb_Felicidad_000729.npy
p099,camaraWeb,Miedo,C:\Users\cruzt\Downloads\features_tt2_escom\features\p099_camaraWeb_Miedo_000730.npy
p099,camaraWeb,Neutral,C:\Users\cruzt\Downloads\features_tt2_escom\features\p099_camaraWeb_Neutral_000731.npy
p099,camaraWeb,Sorpresa,C:\Users\cruzt\Downloads\features_tt2_escom\features\p099_camaraWeb_Sorpresa_000732.npy
p099,camaraWeb,Tristeza,C:\Users\cruzt\Downloads\features_tt2_escom\features\p099_camaraWeb_Tristeza_000733.npy
p100,camaraInfrarroja,Asco,C:\Users\cruzt\Downloads\features_tt2_escom\features\p100_camaraInfrarroja_Asco_000748.npy
p100,camaraInfrarroja,Enojo,C:\Users\cruzt\Downloads\features_tt2_escom\features\p100_camaraInfrarroja_Enojo_000749.npy
p100,camaraInfrarroja,Felicidad,C:\Users\cruzt\Downloads\features_tt2_escom\features\p100_camaraInfrarroja_Felicidad_000750.npy
p100,camaraInfrarroja,Miedo,C:\Users\cruzt\Downloads\features_tt2_escom\features\p100_camaraInfrarroja_Miedo_000751.npy
p100,camaraInfrarroja,Neutral,C:\Users\cruzt\Downloads\features_tt2_escom\features\p100_camaraInfrarroja_Neutral_000752.npy
p100,camaraInfrarroja,Sorpresa,C:\Users\cruzt\Downloads\features_tt2_escom\features\p100_camaraInfrarroja_Sorpresa_000753.npy
p100,camaraInfrarroja,Tristeza,C:\Users\cruzt\Downloads\features_tt2_escom\features\p100_camaraInfrarroja_Tristeza_000754.npy
p100,camaraWeb,Asco,C:\Users\cruzt\Downloads\features_tt2_escom\features\p100_camaraWeb_Asco_000741.npy
p100,camaraWeb,Enojo,C:\Users\cruzt\Downloads\features_tt2_escom\features\p100_camaraWeb_Enojo_000742.npy
p100,camaraWeb,Felicidad,C:\Users\cruzt\Downloads\features_tt2_escom\features\p100_camaraWeb_Felicidad_000743.npy
p100,camaraWeb,Miedo,C:\Users\cruzt\Downloads\features_tt2_escom\features\p100_camaraWeb_Miedo_000744.npy
p100,camaraWeb,Neutral,C:\Users\cruzt\Downloads\features_tt2_escom\features\p100_camaraWeb_Neutral_000745.npy
p100,camaraWeb,Sorpresa,C:\Users\cruzt\Downloads\features_tt2_escom\features\p100_camaraWeb_Sorpresa_000746.npy
p100,camaraWeb,Tristeza,C:\Users\cruzt\Downloads\features_tt2_escom\features\p100_camaraWeb_Tristeza_000747.npy
p101,camaraInfrarroja,Enojo,C:\Users\cruzt\Downloads\features_tt2_escom\features\p101_camaraInfrarroja_Enojo_000763.npy
p101,camaraInfrarroja,Felicidad,C:\Users\cruzt\Downloads\features_tt2_escom\features\p101_camaraInfrarroja_Felicidad_000764.npy
p101,camaraInfrarroja,Miedo,C:\Users\cruzt\Downloads\features_tt2_escom\features\p101_camaraInfrarroja_Miedo_000765.npy
p101,camaraInfrarroja,Neutral,C:\Users\cruzt\Downloads\features_tt2_escom\features\p101_camaraInfrarroja_Neutral_000766.npy
p101,camaraInfrarroja,Sorpresa,C:\Users\cruzt\Downloads\features_tt2_escom\features\p101_camaraInfrarroja_Sorpresa_000767.npy
p101,camaraInfrarroja,Tristeza,C:\Users\cruzt\Downloads\features_tt2_escom\features\p101_camaraInfrarroja_Tristeza_000768.npy
p101,camaraWeb,Asco,C:\Users\cruzt\Downloads\features_tt2_escom\features\p101_camaraWeb_Asco_000755.npy
p101,camaraWeb,Enojo,C:\Users\cruzt\Downloads\features_tt2_escom\features\p101_camaraWeb_Enojo_000756.npy
p101,camaraWeb,Felicidad,C:\Users\cruzt\Downloads\features_tt2_escom\features\p101_camaraWeb_Felicidad_000757.npy
p101,camaraWeb,Miedo,C:\Users\cruzt\Downloads\features_tt2_escom\features\p101_camaraWeb_Miedo_000758.npy
p101,camaraWeb,Neutral,C:\Users\cruzt\Downloads\features_tt2_escom\features\p101_camaraWeb_Neutral_000759.npy
p101,camaraWeb,Sorpresa,C:\Users\cruzt\Downloads\features_tt2_escom\features\p101_camaraWeb_Sorpresa_000760.npy
p101,camaraWeb,Tristeza,C:\Users\cruzt\Downloads\features_tt2_escom\features\p101_camaraWeb_Tristeza_000761.npy
p102,camaraWeb,Asco,C:\Users\cruzt\Downloads\features_tt2_escom\features\p102_camaraWeb_Asco_000769.npy
p102,camaraWeb,Enojo,C:\Users\cruzt\Downloads\features_tt2_escom\features\p102_camaraWeb_Enojo_000770.npy
p102,camaraWeb,Felicidad,C:\Users\cruzt\Downloads\features_tt2_escom\features\p102_camaraWeb_Felicidad_000771.npy
p102,camaraWeb,Miedo,C:\Users\cruzt\Downloads\features_tt2_escom\features\p102_camaraWeb_Miedo_000772.npy
p102,camaraWeb,Neutral,C:\Users\cruzt\Downloads\features_tt2_escom\features\p102_camaraWeb_Neutral_000773.npy
p102,camaraWeb,Sorpresa,C:\Users\cruzt\Downloads\features_tt2_escom\features\p102_camaraWeb_Sorpresa_000774.npy
p102,camaraWeb,Tristeza,C:\Users\cruzt\Downloads\features_tt2_escom\features\p102_camaraWeb_Tristeza_000775.npy
p103,camaraWeb,Asco,C:\Users\cruzt\Downloads\features_tt2_escom\features\p103_camaraWeb_Asco_000783.npy
p103,camaraWeb,Enojo,C:\Users\cruzt\Downloads\features_tt2_escom\features\p103_camaraWeb_Enojo_000784.npy
p103,camaraWeb,Felicidad,C:\Users\cruzt\Downloads\features_tt2_escom\features\p103_camaraWeb_Felicidad_000785.npy
p103,camaraWeb,Miedo,C:\Users\cruzt\Downloads\features_tt2_escom\features\p103_camaraWeb_Miedo_000786.npy
p103,camaraWeb,Neutral,C:\Users\cruzt\Downloads\features_tt2_escom\features\p103_camaraWeb_Neutral_000787.npy
p103,camaraWeb,Sorpresa,C:\Users\cruzt\Downloads\features_tt2_escom\features\p103_camaraWeb_Sorpresa_000788.npy
p103,camaraWeb,Tristeza,C:\Users\cruzt\Downloads\features_tt2_escom\features\p103_camaraWeb_Tristeza_000789.npy
p104,camaraWeb,Asco,C:\Users\cruzt\Downloads\features_tt2_escom\features\p104_camaraWeb_Asco_000797.npy
p104,camaraWeb,Enojo,C:\Users\cruzt\Downloads\features_tt2_escom\features\p104_camaraWeb_Enojo_000798.npy
p104,camaraWeb,Felicidad,C:\Users\cruzt\Downloads\features_tt2_escom\features\p104_camaraWeb_Felicidad_000799.npy
p104,camaraWeb,Miedo,C:\Users\cruzt\Downloads\features_tt2_escom\features\p104_camaraWeb_Miedo_000800.npy
p104,camaraWeb,Neutral,C:\Users\cruzt\Downloads\features_tt2_escom\features\p104_camaraWeb_Neutral_000801.npy
p104,camaraWeb,Sorpresa,C:\Users\cruzt\Downloads\features_tt2_escom\features\p104_camaraWeb_Sorpresa_000802.npy
p104,camaraWeb,Tristeza,C:\Users\cruzt\Downloads\features_tt2_escom\features\p104_camaraWeb_Tristeza_000803.npy
p105,camaraWeb,Asco,C:\Users\cruzt\Downloads\features_tt2_escom\features\p105_camaraWeb_Asco_000811.npy
p105,camaraWeb,Enojo,C:\Users\cruzt\Downloads\features_tt2_escom\features\p105_camaraWeb_Enojo_000812.npy
p105,camaraWeb,Felicidad,C:\Users\cruzt\Downloads\features_tt2_escom\features\p105_camaraWeb_Felicidad_000813.npy
p105,camaraWeb,Miedo,C:\Users\cruzt\Downloads\features_tt2_escom\features\p105_camaraWeb_Miedo_000814.npy
p105,camaraWeb,Neutral,C:\Users\cruzt\Downloads\features_tt2_escom\features\p105_camaraWeb_Neutral_000815.npy
p105,camaraWeb,Sorpresa,C:\Users\cruzt\Downloads\features_tt2_escom\features\p105_camaraWeb_Sorpresa_000816.npy
p105,camaraWeb,Tristeza,C:\Users\cruzt\Downloads\features_tt2_escom\features\p105_camaraWeb_Tristeza_000817.npy
p106,camaraWeb,Asco,C:\Users\cruzt\Downloads\features_tt2_escom\features\p106_camaraWeb_Asco_000825.npy
p106,camaraWeb,Enojo,C:\Users\cruzt\Downloads\features_tt2_escom\features\p106_camaraWeb_Enojo_000826.npy
p106,camaraWeb,Felicidad,C:\Users\cruzt\Downloads\features_tt2_escom\features\p106_camaraWeb_Felicidad_000827.npy
p106,camaraWeb,Miedo,C:\Users\cruzt\Downloads\features_tt2_escom\features\p106_camaraWeb_Miedo_000828.npy
p106,camaraWeb,Neutral,C:\Users\cruzt\Downloads\features_tt2_escom\features\p106_camaraWeb_Neutral_000829.npy
p106,camaraWeb,Sorpresa,C:\Users\cruzt\Downloads\features_tt2_escom\features\p106_camaraWeb_Sorpresa_000830.npy
p106,camaraWeb,Tristeza,C:\Users\cruzt\Downloads\features_tt2_escom\features\p106_camaraWeb_Tristeza_000831.npy
p107,camaraWeb,Asco,C:\Users\cruzt\Downloads\features_tt2_escom\features\p107_camaraWeb_Asco_000839.npy
p107,camaraWeb,Enojo,C:\Users\cruzt\Downloads\features_tt2_escom\features\p107_camaraWeb_Enojo_000840.npy
p107,camaraWeb,Felicidad,C:\Users\cruzt\Downloads\features_tt2_escom\features\p107_camaraWeb_Felicidad_000841.npy
p107,camaraWeb,Miedo,C:\Users\cruzt\Downloads\features_tt2_escom\features\p107_camaraWeb_Miedo_000842.npy
p107,camaraWeb,Neutral,C:\Users\cruzt\Downloads\features_tt2_escom\features\p107_camaraWeb_Neutral_000843.npy
p107,camaraWeb,Sorpresa,C:\Users\cruzt\Downloads\features_tt2_escom\features\p107_camaraWeb_Sorpresa_000844.npy
p107,camaraWeb,Tristeza,C:\Users\cruzt\Downloads\features_tt2_escom\features\p107_camaraWeb_Tristeza_000845.npy
p108,camaraWeb,Asco,C:\Users\cruzt\Downloads\features_tt2_escom\features\p108_camaraWeb_Asco_000853.npy
p108,camaraWeb,Enojo,C:\Users\cruzt\Downloads\features_tt2_escom\features\p108_camaraWeb_Enojo_000854.npy
p108,camaraWeb,Felicidad,C:\Users\cruzt\Downloads\features_tt2_escom\features\p108_camaraWeb_Felicidad_000855.npy
p108,camaraWeb,Miedo,C:\Users\cruzt\Downloads\features_tt2_escom\features\p108_camaraWeb_Miedo_000856.npy
p108,camaraWeb,Neutral,C:\Users\cruzt\Downloads\features_tt2_escom\features\p108_camaraWeb_Neutral_000857.npy
p108,camaraWeb,Sorpresa,C:\Users\cruzt\Downloads\features_tt2_escom\features\p108_camaraWeb_Sorpresa_000858.npy
p108,camaraWeb,Tristeza,C:\Users\cruzt\Downloads\features_tt2_escom\features\p108_camaraWeb_Tristeza_000859.npy
p109,camaraWeb,Asco,C:\Users\cruzt\Downloads\features_tt2_escom\features\p109_camaraWeb_Asco_000867.npy
p109,camaraWeb,Enojo,C:\Users\cruzt\Downloads\features_tt2_escom\features\p109_camaraWeb_Enojo_000868.npy
p109,camaraWeb,Felicidad,C:\Users\cruzt\Downloads\features_tt2_escom\features\p109_camaraWeb_Felicidad_000869.npy
p109,camaraWeb,Miedo,C:\Users\cruzt\Downloads\features_tt2_escom\features\p109_camaraWeb_Miedo_000870.npy
p109,camaraWeb,Neutral,C:\Users\cruzt\Downloads\features_tt2_escom\features\p109_camaraWeb_Neutral_000871.npy
p109,camaraWeb,Sorpresa,C:\Users\cruzt\Downloads\features_tt2_escom\features\p109_camaraWeb_Sorpresa_000872.npy
p109,camaraWeb,Tristeza,C:\Users\cruzt\Downloads\features_tt2_escom\features\p109_camaraWeb_Tristeza_000873.npy
p110,camaraWeb,Asco,C:\Users\cruzt\Downloads\features_tt2_escom\features\p110_camaraWeb_Asco_000881.npy
p110,camaraWeb,Enojo,C:\Users\cruzt\Downloads\features_tt2_escom\features\p110_camaraWeb_Enojo_000882.npy
p110,camaraWeb,Felicidad,C:\Users\cruzt\Downloads\features_tt2_escom\features\p110_camaraWeb_Felicidad_000883.npy
p110,camaraWeb,Miedo,C:\Users\cruzt\Downloads\features_tt2_escom\features\p110_camaraWeb_Miedo_000884.npy
p110,camaraWeb,Neutral,C:\Users\cruzt\Downloads\features_tt2_escom\features\p110_camaraWeb_Neutral_000885.npy
p110,camaraWeb,Sorpresa,C:\Users\cruzt\Downloads\features_tt2_escom\features\p110_camaraWeb_Sorpresa_000886.npy
p110,camaraWeb,Tristeza,C:\Users\cruzt\Downloads\features_tt2_escom\features\p110_camaraWeb_Tristeza_000887.npy
p111,camaraWeb,Asco,C:\Users\cruzt\Downloads\features_tt2_escom\features\p111_camaraWeb_Asco_000895.npy
p111,camaraWeb,Enojo,C:\Users\cruzt\Downloads\features_tt2_escom\features\p111_camaraWeb_Enojo_000896.npy
p111,camaraWeb,Felicidad,C:\Users\cruzt\Downloads\features_tt2_escom\features\p111_camaraWeb_Felicidad_000897.npy
p111,camaraWeb,Miedo,C:\Users\cruzt\Downloads\features_tt2_escom\features\p111_camaraWeb_Miedo_000898.npy
p111,camaraWeb,Neutral,C:\Users\cruzt\Downloads\features_tt2_escom\features\p111_camaraWeb_Neutral_000899.npy
p111,camaraWeb,Sorpresa,C:\Users\cruzt\Downloads\features_tt2_escom\features\p111_camaraWeb_Sorpresa_000900.npy
p111,camaraWeb,Tristeza,C:\Users\cruzt\Downloads\features_tt2_escom\features\p111_camaraWeb_Tristeza_000901.npy
p112,camaraInfrarroja,Asco,C:\Users\cruzt\Downloads\features_tt2_escom\features\p112_camaraInfrarroja_Asco_000916.npy
p112,camaraInfrarroja,Miedo,C:\Users\cruzt\Downloads\features_tt2_escom\features\p112_camaraInfrarroja_Miedo_000919.npy
p112,camaraInfrarroja,Neutral,C:\Users\cruzt\Downloads\features_tt2_escom\features\p112_camaraInfrarroja_Neutral_000920.npy
p112,camaraInfrarroja,Sorpresa,C:\Users\cruzt\Downloads\features_tt2_escom\features\p112_camaraInfrarroja_Sorpresa_000921.npy
p112,camaraInfrarroja,Tristeza,C:\Users\cruzt\Downloads\features_tt2_escom\features\p112_camaraInfrarroja_Tristeza_000922.npy
p112,camaraWeb,Asco,C:\Users\cruzt\Downloads\features_tt2_escom\features\p112_camaraWeb_Asco_000909.npy
p112,camaraWeb,Enojo,C:\Users\cruzt\Downloads\features_tt2_escom\features\p112_camaraWeb_Enojo_000910.npy
p112,camaraWeb,Felicidad,C:\Users\cruzt\Downloads\features_tt2_escom\features\p112_camaraWeb_Felicidad_000911.npy
p112,camaraWeb,Miedo,C:\Users\cruzt\Downloads\features_tt2_escom\features\p112_camaraWeb_Miedo_000912.npy
p112,camaraWeb,Neutral,C:\Users\cruzt\Downloads\features_tt2_escom\features\p112_camaraWeb_Neutral_000913.npy
p112,camaraWeb,Sorpresa,C:\Users\cruzt\Downloads\features_tt2_escom\features\p112_camaraWeb_Sorpresa_000914.npy
p112,camaraWeb,Tristeza,C:\Users\cruzt\Downloads\features_tt2_escom\features\p112_camaraWeb_Tristeza_000915.npy
p113,camaraInfrarroja,Asco,C:\Users\cruzt\Downloads\features_tt2_escom\features\p113_camaraInfrarroja_Asco_000930.npy
p113,camaraInfrarroja,Enojo,C:\Users\cruzt\Downloads\features_tt2_escom\features\p113_camaraInfrarroja_Enojo_000931.npy
p113,camaraWeb,Asco,C:\Users\cruzt\Downloads\features_tt2_escom\features\p113_camaraWeb_Asco_000923.npy
p113,camaraWeb,Enojo,C:\Users\cruzt\Downloads\features_tt2_escom\features\p113_camaraWeb_Enojo_000924.npy
p113,camaraWeb,Felicidad,C:\Users\cruzt\Downloads\features_tt2_escom\features\p113_camaraWeb_Felicidad_000925.npy
p113,camaraWeb,Miedo,C:\Users\cruzt\Downloads\features_tt2_escom\features\p113_camaraWeb_Miedo_000926.npy
p113,camaraWeb,Neutral,C:\Users\cruzt\Downloads\features_tt2_escom\features\p113_camaraWeb_Neutral_000927.npy
p113,camaraWeb,Sorpresa,C:\Users\cruzt\Downloads\features_tt2_escom\features\p113_camaraWeb_Sorpresa_000928.npy
p113,camaraWeb,Tristeza,C:\Users\cruzt\Downloads\features_tt2_escom\features\p113_camaraWeb_Tristeza_000929.npy
p114,camaraWeb,Asco,C:\Users\cruzt\Downloads\features_tt2_escom\features\p114_camaraWeb_Asco_000937.npy
p114,camaraWeb,Enojo,C:\Users\cruzt\Downloads\features_tt2_escom\features\p114_camaraWeb_Enojo_000938.npy
p114,camaraWeb,Felicidad,C:\Users\cruzt\Downloads\features_tt2_escom\features\p114_camaraWeb_Felicidad_000939.npy
p114,camaraWeb,Miedo,C:\Users\cruzt\Downloads\features_tt2_escom\features\p114_camaraWeb_Miedo_000940.npy
p114,camaraWeb,Neutral,C:\Users\cruzt\Downloads\features_tt2_escom\features\p114_camaraWeb_Neutral_000941.npy
p114,camaraWeb,Sorpresa,C:\Users\cruzt\Downloads\features_tt2_escom\features\p114_camaraWeb_Sorpresa_000942.npy
p114,camaraWeb,Tristeza,C:\Users\cruzt\Downloads\features_tt2_escom\features\p114_camaraWeb_Tristeza_000943.npy
p115,camaraWeb,Asco,C:\Users\cruzt\Downloads\features_tt2_escom\features\p115_camaraWeb_Asco_000951.npy
p115,camaraWeb,Enojo,C:\Users\cruzt\Downloads\features_tt2_escom\features\p115_camaraWeb_Enojo_000952.npy
p115,camaraWeb,Felicidad,C:\Users\cruzt\Downloads\features_tt2_escom\features\p115_camaraWeb_Felicidad_000953.npy
p115,camaraWeb,Miedo,C:\Users\cruzt\Downloads\features_tt2_escom\features\p115_camaraWeb_Miedo_000954.npy
p115,camaraWeb,Neutral,C:\Users\cruzt\Downloads\features_tt2_escom\features\p115_camaraWeb_Neutral_000955.npy
p115,camaraWeb,Sorpresa,C:\Users\cruzt\Downloads\features_tt2_escom\features\p115_camaraWeb_Sorpresa_000956.npy
p115,camaraWeb,Tristeza,C:\Users\cruzt\Downloads\features_tt2_escom\features\p115_camaraWeb_Tristeza_000957.npy
p116,camaraInfrarroja,Asco,C:\Users\cruzt\Downloads\features_tt2_escom\features\p116_camaraInfrarroja_Asco_000972.npy
p116,camaraInfrarroja,Enojo,C:\Users\cruzt\Downloads\features_tt2_escom\features\p116_camaraInfrarroja_Enojo_000973.npy
p116,camaraInfrarroja,Felicidad,C:\Users\cruzt\Downloads\features_tt2_escom\features\p116_camaraInfrarroja_Felicidad_000974.npy
p116,camaraInfrarroja,Miedo,C:\Users\cruzt\Downloads\features_tt2_escom\features\p116_camaraInfrarroja_Miedo_000975.npy
p116,camaraInfrarroja,Neutral,C:\Users\cruzt\Downloads\features_tt2_escom\features\p116_camaraInfrarroja_Neutral_000976.npy
p116,camaraInfrarroja,Sorpresa,C:\Users\cruzt\Downloads\features_tt2_escom\features\p116_camaraInfrarroja_Sorpresa_000977.npy
p116,camaraInfrarroja,Tristeza,C:\Users\cruzt\Downloads\features_tt2_escom\features\p116_camaraInfrarroja_Tristeza_000978.npy
p116,camaraWeb,Asco,C:\Users\cruzt\Downloads\features_tt2_escom\features\p116_camaraWeb_Asco_000965.npy
p116,camaraWeb,Enojo,C:\Users\cruzt\Downloads\features_tt2_escom\features\p116_camaraWeb_Enojo_000966.npy
p116,camaraWeb,Felicidad,C:\Users\cruzt\Downloads\features_tt2_escom\features\p116_camaraWeb_Felicidad_000967.npy
p116,camaraWeb,Miedo,C:\Users\cruzt\Downloads\features_tt2_escom\features\p116_camaraWeb_Miedo_000968.npy
p116,camaraWeb,Neutral,C:\Users\cruzt\Downloads\features_tt2_escom\features\p116_camaraWeb_Neutral_000969.npy
p116,camaraWeb,Sorpresa,C:\Users\cruzt\Downloads\features_tt2_escom\features\p116_camaraWeb_Sorpresa_000970.npy
p116,camaraWeb,Tristeza,C:\Users\cruzt\Downloads\features_tt2_escom\features\p116_camaraWeb_Tristeza_000971.npy
p117,camaraInfrarroja,Asco,C:\Users\cruzt\Downloads\features_tt2_escom\features\p117_camaraInfrarroja_Asco_000985.npy
p117,camaraInfrarroja,Felicidad,C:\Users\cruzt\Downloads\features_tt2_escom\features\p117_camaraInfrarroja_Felicidad_000986.npy
p117,camaraInfrarroja,Miedo,C:\Users\cruzt\Downloads\features_tt2_escom\features\p117_camaraInfrarroja_Miedo_000987.npy
p117,camaraInfrarroja,Neutral,C:\Users\cruzt\Downloads\features_tt2_escom\features\p117_camaraInfrarroja_Neutral_000988.npy
p117,camaraInfrarroja,Sorpresa,C:\Users\cruzt\Downloads\features_tt2_escom\features\p117_camaraInfrarroja_Sorpresa_000989.npy
p117,camaraInfrarroja,Tristeza,C:\Users\cruzt\Downloads\features_tt2_escom\features\p117_camaraInfrarroja_Tristeza_000990.npy
p117,camaraWeb,Asco,C:\Users\cruzt\Downloads\features_tt2_escom\features\p117_camaraWeb_Asco_000979.npy
p117,camaraWeb,Felicidad,C:\Users\cruzt\Downloads\features_tt2_escom\features\p117_camaraWeb_Felicidad_000980.npy
p117,camaraWeb,Miedo,C:\Users\cruzt\Downloads\features_tt2_escom\features\p117_camaraWeb_Miedo_000981.npy
p117,camaraWeb,Neutral,C:\Users\cruzt\Downloads\features_tt2_escom\features\p117_camaraWeb_Neutral_000982.npy
p117,camaraWeb,Sorpresa,C:\Users\cruzt\Downloads\features_tt2_escom\features\p117_camaraWeb_Sorpresa_000983.npy
p117,camaraWeb,Tristeza,C:\Users\cruzt\Downloads\features_tt2_escom\features\p117_camaraWeb_Tristeza_000984.npy
p118,camaraInfrarroja,Asco,C:\Users\cruzt\Downloads\features_tt2_escom\features\p118_camaraInfrarroja_Asco_000995.npy
p118,camaraInfrarroja,Felicidad,C:\Users\cruzt\Downloads\features_tt2_escom\features\p118_camaraInfrarroja_Felicidad_000996.npy
p118,camaraInfrarroja,Neutral,C:\Users\cruzt\Downloads\features_tt2_escom\features\p118_camaraInfrarroja_Neutral_000997.npy
p118,camaraInfrarroja,Tristeza,C:\Users\cruzt\Downloads\features_tt2_escom\features\p118_camaraInfrarroja_Tristeza_000998.npy
p118,camaraWeb,Asco,C:\Users\cruzt\Downloads\features_tt2_escom\features\p118_camaraWeb_Asco_000991.npy
p118,camaraWeb,Felicidad,C:\Users\cruzt\Downloads\features_tt2_escom\features\p118_camaraWeb_Felicidad_000992.npy
p118,camaraWeb,Neutral,C:\Users\cruzt\Downloads\features_tt2_escom\features\p118_camaraWeb_Neutral_000993.npy
p118,camaraWeb,Tristeza,C:\Users\cruzt\Downloads\features_tt2_escom\features\p118_camaraWeb_Tristeza_000994.npy
p119,camaraInfrarroja,Enojo,C:\Users\cruzt\Downloads\features_tt2_escom\features\p119_camaraInfrarroja_Enojo_001004.npy
p119,camaraInfrarroja,Miedo,C:\Users\cruzt\Downloads\features_tt2_escom\features\p119_camaraInfrarroja_Miedo_001005.npy
p119,camaraInfrarroja,Neutral,C:\Users\cruzt\Downloads\features_tt2_escom\features\p119_camaraInfrarroja_Neutral_001006.npy
p119,camaraInfrarroja,Sorpresa,C:\Users\cruzt\Downloads\features_tt2_escom\features\p119_camaraInfrarroja_Sorpresa_001007.npy
p119,camaraInfrarroja,Tristeza,C:\Users\cruzt\Downloads\features_tt2_escom\features\p119_camaraInfrarroja_Tristeza_001008.npy
p119,camaraWeb,Enojo,C:\Users\cruzt\Downloads\features_tt2_escom\features\p119_camaraWeb_Enojo_000999.npy
p119,camaraWeb,Miedo,C:\Users\cruzt\Downloads\features_tt2_escom\features\p119_camaraWeb_Miedo_001000.npy
p119,camaraWeb,Neutral,C:\Users\cruzt\Downloads\features_tt2_escom\features\p119_camaraWeb_Neutral_001001.npy
p119,camaraWeb,Sorpresa,C:\Users\cruzt\Downloads\features_tt2_escom\features\p119_camaraWeb_Sorpresa_001002.npy
p119,camaraWeb,Tristeza,C:\Users\cruzt\Downloads\features_tt2_escom\features\p119_camaraWeb_Tristeza_001003.npy
p120,camaraInfrarroja,Asco,C:\Users\cruzt\Downloads\features_tt2_escom\features\p120_camaraInfrarroja_Asco_001015.npy
p120,camaraInfrarroja,Enojo,C:\Users\cruzt\Downloads\features_tt2_escom\features\p120_camaraInfrarroja_Enojo_001016.npy
p120,camaraInfrarroja,Felicidad,C:\Users\cruzt\Downloads\features_tt2_escom\features\p120_camaraInfrarroja_Felicidad_001017.npy
p120,camaraInfrarroja,Neutral,C:\Users\cruzt\Downloads\features_tt2_escom\features\p120_camaraInfrarroja_Neutral_001018.npy
p120,camaraInfrarroja,Sorpresa,C:\Users\cruzt\Downloads\features_tt2_escom\features\p120_camaraInfrarroja_Sorpresa_001019.npy
p120,camaraInfrarroja,Tristeza,C:\Users\cruzt\Downloads\features_tt2_escom\features\p120_camaraInfrarroja_Tristeza_001020.npy
p120,camaraWeb,Asco,C:\Users\cruzt\Downloads\features_tt2_escom\features\p120_camaraWeb_Asco_001009.npy
p120,camaraWeb,Enojo,C:\Users\cruzt\Downloads\features_tt2_escom\features\p120_camaraWeb_Enojo_001010.npy
p120,camaraWeb,Felicidad,C:\Users\cruzt\Downloads\features_tt2_escom\features\p120_camaraWeb_Felicidad_001011.npy
p120,camaraWeb,Neutral,C:\Users\cruzt\Downloads\features_tt2_escom\features\p120_camaraWeb_Neutral_001012.npy
p120,camaraWeb,Sorpresa,C:\Users\cruzt\Downloads\features_tt2_escom\features\p120_camaraWeb_Sorpresa_001013.npy
p120,camaraWeb,Tristeza,C:\Users\cruzt\Downloads\features_tt2_escom\features\p120_camaraWeb_Tristeza_001014.npy
p121,camaraInfrarroja,Neutral,C:\Users\cruzt\Downloads\features_tt2_escom\features\p121_camaraInfrarroja_Neutral_001023.npy
p121,camaraInfrarroja,Tristeza,C:\Users\cruzt\Downloads\features_tt2_escom\features\p121_camaraInfrarroja_Tristeza_001024.npy
p121,camaraWeb,Neutral,C:\Users\cruzt\Downloads\features_tt2_escom\features\p121_camaraWeb_Neutral_001021.npy
p121,camaraWeb,Tristeza,C:\Users\cruzt\Downloads\features_tt2_escom\features\p121_camaraWeb_Tristeza_001022.npy
p122,camaraInfrarroja,Asco,C:\Users\cruzt\Downloads\features_tt2_escom\features\p122_camaraInfrarroja_Asco_001030.npy
p122,camaraInfrarroja,Enojo,C:\Users\cruzt\Downloads\features_tt2_escom\features\p122_camaraInfrarroja_Enojo_001031.npy
p122,camaraInfrarroja,Miedo,C:\Users\cruzt\Downloads\features_tt2_escom\features\p122_camaraInfrarroja_Miedo_001032.npy
p122,camaraInfrarroja,Neutral,C:\Users\cruzt\Downloads\features_tt2_escom\features\p122_camaraInfrarroja_Neutral_001033.npy
p122,camaraInfrarroja,Sorpresa,C:\Users\cruzt\Downloads\features_tt2_escom\features\p122_camaraInfrarroja_Sorpresa_001034.npy
p122,camaraWeb,Asco,C:\Users\cruzt\Downloads\features_tt2_escom\features\p122_camaraWeb_Asco_001025.npy
p122,camaraWeb,Enojo,C:\Users\cruzt\Downloads\features_tt2_escom\features\p122_camaraWeb_Enojo_001026.npy
p122,camaraWeb,Miedo,C:\Users\cruzt\Downloads\features_tt2_escom\features\p122_camaraWeb_Miedo_001027.npy
p122,camaraWeb,Neutral,C:\Users\cruzt\Downloads\features_tt2_escom\features\p122_camaraWeb_Neutral_001028.npy
p122,camaraWeb,Sorpresa,C:\Users\cruzt\Downloads\features_tt2_escom\features\p122_camaraWeb_Sorpresa_001029.npy
p123,camaraInfrarroja,Felicidad,C:\Users\cruzt\Downloads\features_tt2_escom\features\p123_camaraInfrarroja_Felicidad_001037.npy
p123,camaraInfrarroja,Neutral,C:\Users\cruzt\Downloads\features_tt2_escom\features\p123_camaraInfrarroja_Neutral_001038.npy
p123,camaraWeb,Felicidad,C:\Users\cruzt\Downloads\features_tt2_escom\features\p123_camaraWeb_Felicidad_001035.npy
p123,camaraWeb,Neutral,C:\Users\cruzt\Downloads\features_tt2_escom\features\p123_camaraWeb_Neutral_001036.npy
p124,camaraInfrarroja,Asco,C:\Users\cruzt\Downloads\features_tt2_escom\features\p124_camaraInfrarroja_Asco_001044.npy
p124,camaraInfrarroja,Enojo,C:\Users\cruzt\Downloads\features_tt2_escom\features\p124_camaraInfrarroja_Enojo_001045.npy
p124,camaraInfrarroja,Miedo,C:\Users\cruzt\Downloads\features_tt2_escom\features\p124_camaraInfrarroja_Miedo_001046.npy
p124,camaraInfrarroja,Neutral,C:\Users\cruzt\Downloads\features_tt2_escom\features\p124_camaraInfrarroja_Neutral_001047.npy
p124,camaraInfrarroja,Sorpresa,C:\Users\cruzt\Downloads\features_tt2_escom\features\p124_camaraInfrarroja_Sorpresa_001048.npy
p124,camaraWeb,Asco,C:\Users\cruzt\Downloads\features_tt2_escom\features\p124_camaraWeb_Asco_001039.npy
p124,camaraWeb,Enojo,C:\Users\cruzt\Downloads\features_tt2_escom\features\p124_camaraWeb_Enojo_001040.npy
p124,camaraWeb,Miedo,C:\Users\cruzt\Downloads\features_tt2_escom\features\p124_camaraWeb_Miedo_001041.npy
p124,camaraWeb,Neutral,C:\Users\cruzt\Downloads\features_tt2_escom\features\p124_camaraWeb_Neutral_001042.npy
p124,camaraWeb,Sorpresa,C:\Users\cruzt\Downloads\features_tt2_escom\features\p124_camaraWeb_Sorpresa_001043.npy
p125,camaraInfrarroja,Asco,C:\Users\cruzt\Downloads\features_tt2_escom\features\p125_camaraInfrarroja_Asco_001056.npy
p125,camaraInfrarroja,Enojo,C:\Users\cruzt\Downloads\features_tt2_escom\features\p125_camaraInfrarroja_Enojo_001057.npy
p125,camaraInfrarroja,Felicidad,C:\Users\cruzt\Downloads\features_tt2_escom\features\p125_camaraInfrarroja_Felicidad_001058.npy
p125,camaraInfrarroja,Miedo,C:\Users\cruzt\Downloads\features_tt2_escom\features\p125_camaraInfrarroja_Miedo_001059.npy
p125,camaraInfrarroja,Neutral,C:\Users\cruzt\Downloads\features_tt2_escom\features\p125_camaraInfrarroja_Neutral_001060.npy
p125,camaraInfrarroja,Sorpresa,C:\Users\cruzt\Downloads\features_tt2_escom\features\p125_camaraInfrarroja_Sorpresa_001061.npy
p125,camaraInfrarroja,Tristeza,C:\Users\cruzt\Downloads\features_tt2_escom\features\p125_camaraInfrarroja_Tristeza_001062.npy
p125,camaraWeb,Asco,C:\Users\cruzt\Downloads\features_tt2_escom\features\p125_camaraWeb_Asco_001049.npy
p125,camaraWeb,Enojo,C:\Users\cruzt\Downloads\features_tt2_escom\features\p125_camaraWeb_Enojo_001050.npy
p125,camaraWeb,Felicidad,C:\Users\cruzt\Downloads\features_tt2_escom\features\p125_camaraWeb_Felicidad_001051.npy
p125,camaraWeb,Miedo,C:\Users\cruzt\Downloads\features_tt2_escom\features\p125_camaraWeb_Miedo_001052.npy
p125,camaraWeb,Neutral,C:\Users\cruzt\Downloads\features_tt2_escom\features\p125_camaraWeb_Neutral_001053.npy
p125,camaraWeb,Sorpresa,C:\Users\cruzt\Downloads\features_tt2_escom\features\p125_camaraWeb_Sorpresa_001054.npy
p125,camaraWeb,Tristeza,C:\Users\cruzt\Downloads\features_tt2_escom\features\p125_camaraWeb_Tristeza_001055.npy
p126,camaraInfrarroja,Asco,C:\Users\cruzt\Downloads\features_tt2_escom\features\p126_camaraInfrarroja_Asco_001063.npy
p126,camaraInfrarroja,Miedo,C:\Users\cruzt\Downloads\features_tt2_escom\features\p126_camaraInfrarroja_Miedo_001066.npy
p126,camaraInfrarroja,Neutral,C:\Users\cruzt\Downloads\features_tt2_escom\features\p126_camaraInfrarroja_Neutral_001067.npy
p126,camaraInfrarroja,Sorpresa,C:\Users\cruzt\Downloads\features_tt2_escom\features\p126_camaraInfrarroja_Sorpresa_001068.npy
p126,camaraInfrarroja,Tristeza,C:\Users\cruzt\Downloads\features_tt2_escom\features\p126_camaraInfrarroja_Tristeza_001069.npy
p127,camaraInfrarroja,Asco,C:\Users\cruzt\Downloads\features_tt2_escom\features\p127_camaraInfrarroja_Asco_001070.npy
p127,camaraInfrarroja,Enojo,C:\Users\cruzt\Downloads\features_tt2_escom\features\p127_camaraInfrarroja_Enojo_001071.npy
p127,camaraInfrarroja,Felicidad,C:\Users\cruzt\Downloads\features_tt2_escom\features\p127_camaraInfrarroja_Felicidad_001072.npy
p127,camaraInfrarroja,Miedo,C:\Users\cruzt\Downloads\features_tt2_escom\features\p127_camaraInfrarroja_Miedo_001073.npy
p127,camaraInfrarroja,Neutral,C:\Users\cruzt\Downloads\features_tt2_escom\features\p127_camaraInfrarroja_Neutral_001074.npy
p127,camaraInfrarroja,Sorpresa,C:\Users\cruzt\Downloads\features_tt2_escom\features\p127_camaraInfrarroja_Sorpresa_001075.npy
p127,camaraInfrarroja,Tristeza,C:\Users\cruzt\Downloads\features_tt2_escom\features\p127_camaraInfrarroja_Tristeza_001076.npy
p128,camaraInfrarroja,Asco,C:\Users\cruzt\Downloads\features_tt2_escom\features\p128_camaraInfrarroja_Asco_001083.npy
p128,camaraInfrarroja,Enojo,C:\Users\cruzt\Downloads\features_tt2_escom\features\p128_camaraInfrarroja_Enojo_001084.npy
p128,camaraInfrarroja,Felicidad,C:\Users\cruzt\Downloads\features_tt2_escom\features\p128_camaraInfrarroja_Felicidad_001085.npy
p128,camaraInfrarroja,Miedo,C:\Users\cruzt\Downloads\features_tt2_escom\features\p128_camaraInfrarroja_Miedo_001086.npy
p128,camaraInfrarroja,Neutral,C:\Users\cruzt\Downloads\features_tt2_escom\features\p128_camaraInfrarroja_Neutral_001087.npy
p128,camaraInfrarroja,Tristeza,C:\Users\cruzt\Downloads\features_tt2_escom\features\p128_camaraInfrarroja_Tristeza_001088.npy
p128,camaraWeb,Asco,C:\Users\cruzt\Downloads\features_tt2_escom\features\p128_camaraWeb_Asco_001077.npy
p128,camaraWeb,Enojo,C:\Users\cruzt\Downloads\features_tt2_escom\features\p128_camaraWeb_Enojo_001078.npy
p128,camaraWeb,Felicidad,C:\Users\cruzt\Downloads\features_tt2_escom\features\p128_camaraWeb_Felicidad_001079.npy
p128,camaraWeb,Miedo,C:\Users\cruzt\Downloads\features_tt2_escom\features\p128_camaraWeb_Miedo_001080.npy
p128,camaraWeb,Neutral,C:\Users\cruzt\Downloads\features_tt2_escom\features\p128_camaraWeb_Neutral_001081.npy
p128,camaraWeb,Tristeza,C:\Users\cruzt\Downloads\features_tt2_escom\features\p128_camaraWeb_Tristeza_001082.npy
p129,camaraInfrarroja,Neutral,C:\Users\cruzt\Downloads\features_tt2_escom\features\p129_camaraInfrarroja_Neutral_001091.npy
p129,camaraInfrarroja,Sorpresa,C:\Users\cruzt\Downloads\features_tt2_escom\features\p129_camaraInfrarroja_Sorpresa_001092.npy
p129,camaraWeb,Neutral,C:\Users\cruzt\Downloads\features_tt2_escom\features\p129_camaraWeb_Neutral_001089.npy
p129,camaraWeb,Sorpresa,C:\Users\cruzt\Downloads\features_tt2_escom\features\p129_camaraWeb_Sorpresa_001090.npy
p130,camaraInfrarroja,Asco,C:\Users\cruzt\Downloads\features_tt2_escom\features\p130_camaraInfrarroja_Asco_001098.npy
p130,camaraInfrarroja,Neutral,C:\Users\cruzt\Downloads\features_tt2_escom\features\p130_camaraInfrarroja_Neutral_001100.npy
p130,camaraWeb,Asco,C:\Users\cruzt\Downloads\features_tt2_escom\features\p130_camaraWeb_Asco_001093.npy
p130,camaraWeb,Enojo,C:\Users\cruzt\Downloads\features_tt2_escom\features\p130_camaraWeb_Enojo_001094.npy
p130,camaraWeb,Felicidad,C:\Users\cruzt\Downloads\features_tt2_escom\features\p130_camaraWeb_Felicidad_001095.npy
p130,camaraWeb,Neutral,C:\Users\cruzt\Downloads\features_tt2_escom\features\p130_camaraWeb_Neutral_001096.npy
p130,camaraWeb,Sorpresa,C:\Users\cruzt\Downloads\features_tt2_escom\features\p130_camaraWeb_Sorpresa_001097.npy
